product_id,category,price
41475073,Belleza,94.39
43279538,Deportes,336.2
31715598,Hogar,190.21
47880260,Deportes,101.08
44747002,Deportes,166.32
33739394,Ropa,150.53
46000191,Hogar,217.55
46881033,Hogar,372.28
44752779,Hogar,70.08
41882886,Deportes,326.28
8670770,Belleza,34.12
33914921,Hogar,135.73
46026447,Libros,37.47
3632762,Deportes,46.64
33218001,Ropa,15.0
5941180,Belleza,35.02
34631629,Libros,34.59
46675683,Libros,54.92
33276794,Ropa,170.82
7445901,Belleza,61.4
39475547,Deportes,34.08
42402177,Electronica,826.12
39058017,Belleza,86.05
43864701,Ropa,74.44
32356464,Libros,11.11
47007182,Deportes,125.86
35420610,Belleza,93.73
42522846,Electronica,559.3
43812675,Electronica,1227.37
48333960,Hogar,169.97
42478659,Hogar,94.32
1197926,Ropa,92.81
37145767,Belleza,57.01
37720451,Belleza,6.85
38221381,Libros,11.44
4131698,Libros,15.17
43357885,Libros,11.25
33028204,Hogar,180.64
51605574,Belleza,115.93
50615765,Belleza,63.56
40276068,Electronica,959.96
6568127,Hogar,187.85
46455283,Deportes,142.93
34366102,Hogar,26.23
40220752,Deportes,210.13
6844409,Electronica,751.23
2129027,Ropa,39.99
47608896,Belleza,92.9
38963117,Electronica,764.38
50416775,Belleza,43.98
47019441,Libros,13.08
47122587,Ropa,114.91
31508759,Ropa,153.04
37621862,Electronica,458.9
34944273,Ropa,51.57
44263141,Deportes,218.34
49953830,Ropa,39.52
31294046,Belleza,81.66
40276011,Belleza,74.61
49817430,Belleza,15.01
32556376,Belleza,9.2
35008370,Deportes,255.71
50041873,Hogar,157.73
48346739,Libros,9.75
33712748,Electronica,1151.17
1068944,Belleza,41.12
46500920,Ropa,97.32
6259159,Belleza,32.23
33875067,Ropa,129.19
32942036,Libros,21.58
31299289,Libros,58.24
31546667,Libros,43.66
46858785,Ropa,35.98
42723219,Belleza,52.92
926270,Libros,26.2
33506465,Deportes,223.01
33354168,Ropa,169.97
43314126,Ropa,120.85
47933392,Belleza,12.08
51821712,Ropa,134.53
47057070,Ropa,11.57
43902407,Libros,47.9
49693345,Belleza,81.66
1263722,Libros,21.98
51042056,Libros,21.08
339429,Belleza,96.8
3257032,Electronica,1185.84
39024454,Libros,24.38
3549934,Deportes,133.6
34927870,Deportes,232.73
43864288,Ropa,11.59
36308101,Deportes,51.41
31324877,Ropa,33.97
50350530,Electronica,318.85
2565792,Belleza,63.88
6102908,Belleza,119.11
50803208,Belleza,80.05
3125977,Deportes,43.29
43482185,Electronica,812.09
3714100,Deportes,208.73
46130148,Deportes,74.78
34981913,Electronica,1384.39
35167685,Electronica,689.11
53560311,Electronica,1492.11
50836009,Electronica,659.1
53035093,Belleza,74.92
50436075,Hogar,65.81
31780330,Hogar,235.3
2963490,Electronica,396.21
5995368,Hogar,420.25
46134461,Hogar,395.2
44767226,Electronica,1245.06
37215955,Hogar,365.95
35191492,Deportes,336.42
36481470,Ropa,48.16
86003,Ropa,95.89
39648211,Electronica,1053.18
50462654,Belleza,78.3
49226769,Electronica,1088.71
54592777,Belleza,30.79
32570198,Ropa,28.7
34642271,Electronica,1379.37
31540074,Libros,35.81
34081119,Deportes,78.45
47639646,Hogar,399.82
42244011,Belleza,110.22
49860049,Libros,14.33
35545522,Hogar,411.45
44146315,Hogar,467.61
44471280,Electronica,1410.62
38270608,Hogar,458.37
32586402,Deportes,227.64
32792042,Libros,24.59
44267470,Hogar,18.53
31884711,Electronica,138.32
38950239,Deportes,182.96
34035848,Ropa,85.87
33781223,Libros,15.16
33028936,Hogar,206.81
4915558,Electronica,303.24
2864832,Ropa,171.27
31614416,Ropa,66.66
5977588,Belleza,73.83
40455682,Deportes,211.08
46072637,Hogar,40.16
35810906,Electronica,1416.24
37758603,Belleza,65.63
50116869,Deportes,143.52
39845663,Belleza,23.18
34859104,Libros,23.62
34525548,Deportes,27.79
31541857,Deportes,158.15
46296421,Hogar,272.77
37356069,Deportes,351.31
26496209,Belleza,84.05
52238545,Deportes,62.4
42383131,Hogar,86.66
41883914,Hogar,222.64
44767258,Libros,15.76
51887498,Belleza,8.2
50231451,Ropa,162.95
458885,Ropa,13.71
51030750,Deportes,335.66
31125069,Libros,12.93
42780162,Electronica,1463.28
39684405,Deportes,249.47
34525502,Libros,45.42
34689678,Belleza,17.71
34441398,Belleza,104.14
6538172,Belleza,101.51
4451125,Belleza,80.09
51034595,Belleza,62.76
50596116,Libros,44.68
46364529,Libros,5.33
41144281,Hogar,302.33
35109012,Ropa,171.01
43524799,Belleza,46.04
32251825,Electronica,207.02
232285,Libros,28.15
31720319,Electronica,1104.3
6531200,Electronica,205.59
3213828,Electronica,348.77
39359897,Hogar,86.56
48964455,Libros,48.83
3937199,Electronica,141.19
4795856,Belleza,83.96
43332848,Deportes,159.25
32418640,Electronica,1145.9
42114320,Hogar,482.73
40736994,Libros,11.3
48726494,Hogar,167.48
31978880,Electronica,1224.68
44746811,Libros,19.64
41727481,Deportes,101.75
53669665,Electronica,1246.8
46692673,Hogar,493.73
35607765,Ropa,115.81
40594443,Belleza,36.98
52199862,Hogar,208.3
50891208,Libros,14.36
40760526,Electronica,1154.74
46167279,Belleza,93.95
48031618,Electronica,1318.93
39827537,Libros,6.46
41313598,Electronica,864.87
34407849,Ropa,50.71
51183379,Belleza,44.2
50601765,Belleza,95.27
40448251,Libros,15.56
40204599,Ropa,131.28
41381269,Hogar,332.46
35505100,Electronica,1433.44
43888529,Deportes,314.56
32282126,Electronica,1215.27
49650994,Electronica,820.82
50059355,Hogar,105.59
31573900,Electronica,667.07
32613496,Ropa,114.4
3177325,Ropa,138.9
3058908,Belleza,74.89
39543957,Libros,26.67
52403341,Deportes,120.82
48018509,Electronica,293.93
33109072,Electronica,1056.08
47047732,Hogar,328.02
52924977,Libros,42.81
40276077,Ropa,80.78
37078285,Deportes,119.71
38195391,Belleza,92.37
32242274,Ropa,156.99
49119444,Libros,30.06
6194478,Belleza,75.37
37674279,Hogar,196.16
46280444,Hogar,355.44
55445659,Electronica,1261.8
48051805,Libros,42.85
6911634,Deportes,214.78
51881932,Belleza,57.75
51981259,Ropa,132.04
50390402,Libros,42.39
46106748,Libros,35.73
3735903,Hogar,318.1
32128322,Electronica,190.05
32229707,Electronica,1430.06
31560347,Belleza,95.94
41771898,Hogar,196.36
34373617,Libros,35.95
48631902,Deportes,37.98
44076001,Hogar,35.0
47108940,Belleza,33.84
32397777,Belleza,84.32
1069267,Hogar,428.29
46040537,Belleza,69.31
42887442,Hogar,273.08
44167642,Ropa,86.44
32099744,Hogar,93.38
50784707,Hogar,72.4
1069456,Belleza,92.48
46876805,Belleza,111.66
2301364,Electronica,714.51
25458659,Electronica,1006.2
31288872,Ropa,183.75
47891714,Electronica,180.66
49047266,Hogar,388.68
51840644,Belleza,75.93
44749980,Electronica,918.02
6938963,Electronica,474.18
33855676,Ropa,139.94
47365687,Libros,48.71
33966228,Ropa,31.44
49267348,Hogar,273.76
51744192,Belleza,16.65
40946466,Ropa,175.79
46651068,Electronica,786.07
44289413,Belleza,97.92
48093124,Belleza,47.33
46264677,Electronica,231.36
1069969,Ropa,17.88
53610850,Electronica,458.19
46315448,Libros,18.43
6362696,Belleza,69.44
35504415,Deportes,28.26
50147514,Deportes,217.82
38656612,Hogar,205.01
51304424,Electronica,886.83
2174680,Electronica,1068.51
43518444,Hogar,322.53
46234841,Hogar,492.55
6687642,Hogar,82.06
36803109,Belleza,54.42
40275989,Libros,28.37
52784074,Electronica,654.73
31928645,Belleza,81.34
48339717,Hogar,252.57
50935511,Electronica,800.28
75827,Belleza,54.72
34743697,Libros,59.54
48498705,Belleza,111.67
41666127,Libros,21.92
31544299,Hogar,69.12
33259863,Libros,51.19
4359177,Electronica,1495.9
2486022,Hogar,156.92
40302663,Electronica,568.79
33059472,Deportes,377.82
51821518,Ropa,145.11
40573366,Libros,21.26
31074229,Ropa,120.4
33976946,Ropa,189.4
48660783,Libros,49.65
45607225,Hogar,374.79
36287318,Deportes,300.06
34759897,Electronica,308.13
51257148,Belleza,99.84
35490500,Electronica,450.37
43893061,Belleza,111.99
46275901,Electronica,578.73
42617386,Libros,52.17
33272213,Deportes,121.17
3373740,Belleza,64.17
51577916,Hogar,66.84
48161383,Electronica,1007.17
37214422,Electronica,1262.31
38272202,Belleza,87.62
34417305,Hogar,268.78
42366284,Hogar,36.88
35210234,Libros,56.34
1290866,Libros,43.8
43914080,Libros,46.02
2584954,Libros,48.71
41631706,Libros,46.13
50614243,Libros,29.26
2119554,Deportes,298.78
6071932,Hogar,318.14
42001725,Libros,51.97
45995859,Hogar,404.19
47498750,Hogar,35.07
31264988,Ropa,81.99
31929332,Deportes,33.19
32062664,Libros,10.61
49563351,Electronica,922.05
46882361,Belleza,105.49
31574046,Electronica,223.75
2389219,Deportes,191.41
33135320,Belleza,109.75
194476,Deportes,329.43
2037881,Hogar,267.04
52400203,Belleza,93.73
37119662,Hogar,268.51
1263668,Electronica,279.23
6057155,Electronica,230.87
44743774,Belleza,26.66
35606222,Belleza,45.36
37956563,Libros,56.18
39271497,Deportes,323.88
39429530,Libros,28.8
3373776,Deportes,207.37
31614873,Libros,19.61
33455785,Hogar,356.61
42804748,Belleza,97.32
35628135,Electronica,396.41
52100301,Deportes,35.89
37635455,Deportes,257.08
47103092,Electronica,865.64
46223058,Libros,27.12
36526014,Deportes,264.68
34325708,Hogar,282.05
36883703,Belleza,33.82
35714519,Electronica,626.71
42718843,Belleza,54.23
50144709,Deportes,354.49
32088797,Deportes,385.14
45867008,Electronica,1344.85
37138687,Hogar,363.8
48170286,Ropa,121.15
47480321,Electronica,1049.43
34758456,Ropa,188.43
44071680,Libros,18.75
47629632,Ropa,111.67
43547553,Hogar,349.46
32785847,Libros,42.36
31670163,Ropa,57.93
42204957,Libros,37.27
36262723,Ropa,161.22
49635300,Hogar,245.41
75982,Ropa,160.73
35574453,Ropa,78.38
37673669,Ropa,188.36
33855721,Electronica,824.2
48100893,Electronica,914.12
46265269,Electronica,95.47
49269021,Hogar,97.58
48726515,Libros,39.81
37867230,Deportes,179.55
26619559,Ropa,106.55
2574017,Ropa,21.96
5937271,Hogar,419.56
39897558,Ropa,159.06
50808810,Electronica,318.76
41248653,Deportes,261.05
49072861,Belleza,99.11
2119180,Ropa,131.76
52599106,Electronica,500.08
45608891,Belleza,80.45
46819379,Deportes,99.98
52814926,Belleza,41.6
40189771,Electronica,398.1
45521272,Libros,35.63
53646587,Libros,10.95
47590184,Belleza,112.33
48798489,Hogar,176.75
36367433,Belleza,30.18
32282141,Ropa,104.34
31539844,Ropa,62.63
43807033,Libros,34.42
51890468,Hogar,184.03
44246310,Electronica,241.5
50791389,Ropa,60.52
46190992,Libros,29.11
41494469,Deportes,31.51
38429796,Libros,47.39
40570017,Ropa,128.15
39860130,Ropa,124.26
34861166,Libros,35.03
43447584,Electronica,905.95
2901279,Belleza,112.48
48472946,Ropa,11.63
31264088,Libros,7.63
35564684,Libros,15.53
32044498,Hogar,96.14
2269240,Belleza,25.84
42378988,Deportes,275.34
35667782,Electronica,716.25
35461777,Deportes,396.88
38075718,Belleza,31.09
35412812,Belleza,40.75
49049060,Belleza,118.19
4134720,Deportes,336.07
1762367,Belleza,59.03
49072850,Libros,35.5
3305158,Deportes,340.41
6887765,Belleza,60.31
35208525,Libros,16.33
30584059,Hogar,416.8
34169047,Belleza,66.84
42888848,Deportes,78.16
32449568,Ropa,106.06
5808231,Belleza,52.52
5218021,Ropa,176.6
41192576,Libros,11.93
3579675,Hogar,439.48
46021583,Electronica,792.71
33362780,Hogar,211.12
46893636,Belleza,23.63
52636823,Ropa,143.16
39050105,Ropa,186.09
46933789,Deportes,162.64
42712581,Ropa,55.9
42466586,Deportes,230.85
34683768,Libros,48.79
35140433,Electronica,55.46
31708695,Belleza,77.61
47348594,Deportes,246.68
46197367,Electronica,511.32
51789135,Ropa,95.77
47851883,Ropa,56.92
3169147,Electronica,1195.33
38268878,Ropa,130.56
39577246,Libros,34.3
37206583,Libros,26.59
51436245,Electronica,472.51
35093214,Deportes,332.64
33277800,Deportes,191.53
53560303,Electronica,777.1
27104159,Deportes,217.91
44615244,Deportes,190.38
6967678,Libros,19.08
26038409,Deportes,65.73
46212951,Hogar,62.79
31760428,Belleza,92.11
49613083,Ropa,52.47
42051826,Hogar,42.0
41884885,Deportes,323.06
47939117,Libros,13.47
37789891,Electronica,956.46
51872774,Deportes,148.68
32229572,Libros,11.96
31909620,Belleza,52.67
35526884,Deportes,25.63
50600656,Electronica,1269.52
39627247,Libros,33.24
34013459,Libros,12.65
49227282,Libros,18.03
31675406,Belleza,56.52
6790877,Deportes,91.77
49518400,Belleza,35.89
926057,Ropa,111.53
46402233,Ropa,168.2
37504935,Deportes,172.7
46983348,Belleza,87.45
32271331,Electronica,1321.19
35104494,Libros,16.9
46344914,Libros,49.4
42585086,Deportes,307.81
6710132,Ropa,77.82
35446681,Ropa,198.01
1817899,Libros,19.44
42267693,Deportes,116.83
41916311,Belleza,93.81
36464485,Ropa,92.58
46753009,Belleza,43.04
46395494,Ropa,43.95
47864493,Ropa,155.41
35157226,Hogar,396.37
34643094,Ropa,117.65
42680059,Electronica,1438.1
32242160,Deportes,140.9
7163202,Deportes,103.46
40148176,Belleza,82.91
4038698,Ropa,154.1
41666105,Electronica,376.11
40737726,Belleza,13.81
34231804,Hogar,408.1
2926387,Belleza,117.3
41955736,Belleza,79.14
48412037,Ropa,62.79
32729157,Hogar,498.39
2590086,Belleza,107.73
35542817,Electronica,794.4
47065021,Electronica,1246.72
45542737,Deportes,330.01
43843236,Hogar,468.38
2516917,Hogar,422.85
41055706,Deportes,264.6
48180382,Belleza,75.07
42717473,Hogar,241.67
32193947,Electronica,958.4
50830370,Electronica,1203.06
38300838,Ropa,194.12
49536881,Hogar,241.63
35815433,Belleza,70.97
35455205,Deportes,189.03
6772765,Deportes,274.03
5771528,Belleza,77.44
2525349,Libros,5.98
31436706,Ropa,112.82
46265830,Deportes,53.63
32613412,Hogar,27.8
14626909,Ropa,160.33
46399218,Hogar,140.45
48662959,Electronica,543.95
41518248,Ropa,22.18
2205258,Deportes,88.21
39932740,Ropa,155.46
36524491,Ropa,103.77
42738485,Ropa,177.33
31302953,Libros,26.85
49244342,Ropa,61.05
47882506,Hogar,183.59
1069992,Electronica,1083.52
41695418,Belleza,68.83
51657194,Ropa,181.8
32881677,Deportes,248.82
37619876,Ropa,103.67
36460533,Deportes,318.59
42709284,Hogar,474.55
34935878,Deportes,155.22
37282152,Belleza,33.74
3721117,Electronica,943.52
46948784,Deportes,209.57
579438,Deportes,395.89
46296993,Electronica,720.42
49833636,Belleza,13.55
36921717,Ropa,195.7
31731709,Deportes,340.56
42793827,Electronica,308.46
50153105,Hogar,453.73
38451951,Electronica,543.97
41017861,Hogar,197.9
44742433,Belleza,109.24
34937153,Ropa,110.72
44439082,Electronica,249.76
46608628,Libros,25.3
34641601,Deportes,294.4
3177311,Belleza,25.03
43454321,Electronica,905.84
38659252,Deportes,284.2
33914175,Electronica,548.59
47918282,Hogar,351.53
36882826,Electronica,1332.1
34709106,Libros,30.97
42276302,Electronica,605.22
46286574,Electronica,414.18
32054321,Libros,38.23
40576144,Belleza,106.18
44704486,Electronica,520.76
39782810,Libros,26.79
31698629,Deportes,174.52
38137406,Hogar,286.99
51400039,Hogar,125.78
45789049,Electronica,1242.21
32921059,Belleza,38.99
47993173,Belleza,86.12
38633681,Deportes,215.02
32184467,Electronica,899.55
36514103,Hogar,102.11
44199847,Belleza,89.53
46719101,Electronica,323.5
34999480,Belleza,18.05
2676242,Libros,35.07
5043529,Belleza,86.57
50317552,Hogar,39.27
39118761,Ropa,23.19
46223762,Deportes,325.02
7080239,Deportes,327.43
49989019,Hogar,133.97
3542132,Belleza,75.75
42585510,Electronica,692.61
35778574,Belleza,77.76
33893185,Hogar,433.5
7066841,Deportes,50.35
32113030,Belleza,94.47
7082068,Deportes,207.35
40972875,Electronica,867.98
46828105,Deportes,268.49
2747816,Deportes,370.6
45326600,Ropa,20.78
31620511,Ropa,15.6
880282,Libros,14.8
1768618,Ropa,197.43
37303198,Deportes,291.73
202408,Hogar,313.1
33269884,Deportes,37.87
3030968,Hogar,441.37
48215499,Hogar,409.19
41709071,Ropa,136.31
47127535,Belleza,44.0
45999574,Electronica,152.23
31301485,Ropa,120.21
50079883,Ropa,146.74
43247927,Belleza,15.84
49839188,Electronica,968.96
33449287,Deportes,128.82
35598700,Libros,47.03
46876583,Libros,34.68
37734171,Deportes,69.03
38335548,Ropa,110.04
38775500,Electronica,623.82
35636968,Ropa,44.27
35134949,Hogar,423.14
48383749,Ropa,12.1
32921290,Ropa,69.3
4174663,Deportes,24.79
6053776,Deportes,56.48
47425520,Deportes,132.9
33519120,Libros,7.98
47094884,Hogar,304.37
40218885,Deportes,53.01
11299809,Electronica,1067.48
35907590,Libros,7.9
4370161,Belleza,11.82
3405285,Electronica,492.72
38338503,Electronica,1350.03
34046086,Deportes,263.73
40276001,Belleza,93.57
38115727,Belleza,21.28
31818893,Libros,50.88
40384315,Belleza,5.94
42154778,Hogar,118.33
35434277,Deportes,254.12
3539880,Belleza,48.15
43532156,Libros,59.13
6638151,Hogar,29.71
32586840,Ropa,199.73
43798368,Ropa,128.49
156060,Hogar,285.97
32283579,Libros,8.27
40945068,Hogar,147.56
34426437,Deportes,371.37
3633284,Deportes,154.61
50539304,Ropa,135.71
35187319,Belleza,119.94
28741509,Libros,19.47
6519992,Ropa,119.46
38330333,Belleza,85.09
35146653,Belleza,23.93
32046918,Deportes,76.5
6052272,Electronica,711.65
33781233,Electronica,609.43
43411921,Hogar,361.39
47150866,Deportes,46.41
31648894,Belleza,116.8
35196289,Libros,5.79
45296133,Electronica,921.91
36764403,Belleza,69.7
40293805,Electronica,245.34
7023155,Electronica,268.83
1058234,Electronica,1199.38
49946923,Libros,53.82
50615221,Deportes,127.55
45815236,Libros,29.09
43785097,Ropa,77.45
35504413,Belleza,13.34
46478416,Deportes,275.82
3680857,Deportes,333.57
42654367,Deportes,135.85
37077821,Deportes,396.27
4737355,Libros,9.17
49269590,Deportes,271.48
4593965,Hogar,232.39
5747437,Belleza,56.36
44781584,Deportes,193.91
32251206,Belleza,34.75
34759937,Hogar,362.05
32566957,Hogar,364.96
22749259,Belleza,37.48
38510384,Electronica,1261.19
47166736,Ropa,70.2
3714465,Electronica,1101.39
43483315,Electronica,225.45
35144038,Libros,14.28
50602115,Electronica,507.9
2626776,Deportes,245.67
3242033,Libros,40.5
51365661,Libros,26.8
173365,Hogar,52.75
36346809,Electronica,591.77
44165438,Hogar,349.05
45706937,Belleza,82.16
6363562,Ropa,40.44
39161275,Libros,5.43
31944543,Belleza,91.59
40275993,Belleza,17.23
46374496,Deportes,51.29
43305867,Ropa,10.51
6586222,Belleza,54.75
35470355,Belleza,62.88
32657547,Ropa,131.16
6682401,Ropa,66.25
47495987,Belleza,86.7
42724158,Ropa,42.17
750891,Belleza,100.68
45363433,Belleza,70.76
6041792,Deportes,241.88
2485933,Electronica,354.17
3038693,Belleza,13.52
34316799,Hogar,240.39
36519206,Libros,38.86
3624193,Electronica,187.82
35814321,Electronica,1428.27
46701022,Electronica,1471.6
50853412,Deportes,227.27
3245761,Belleza,114.26
32079069,Deportes,88.19
28023609,Belleza,7.92
51581945,Deportes,34.98
33739431,Deportes,243.25
4155810,Libros,8.39
47842323,Hogar,479.89
50585392,Deportes,73.93
33518288,Libros,21.76
50826217,Ropa,166.28
33088688,Hogar,121.09
52655320,Deportes,112.33
43345548,Electronica,981.35
2798347,Ropa,62.46
42466415,Ropa,51.32
40450069,Libros,18.98
34371958,Ropa,103.22
43474411,Hogar,483.56
34417079,Deportes,336.25
31504655,Deportes,128.15
47952339,Electronica,576.89
34938258,Libros,30.55
46930331,Electronica,1469.45
47774234,Ropa,42.75
26577159,Electronica,568.35
44307118,Hogar,368.77
24833459,Deportes,386.3
37761853,Ropa,39.58
42215762,Electronica,379.7
6750720,Libros,17.41
32893894,Hogar,25.15
49628660,Hogar,308.0
883456,Electronica,1022.52
6391857,Deportes,248.96
32670341,Electronica,153.42
36937177,Ropa,23.15
6670172,Electronica,355.06
33518017,Hogar,155.79
50311545,Electronica,1190.49
6643460,Deportes,80.57
239538,Libros,7.43
31298885,Belleza,50.31
34425885,Electronica,653.77
45711325,Deportes,191.34
36903805,Deportes,334.22
37436515,Libros,10.39
1754907,Hogar,356.41
1008370,Deportes,148.42
34182343,Deportes,137.79
33500792,Deportes,374.37
31451211,Deportes,114.42
39050102,Ropa,132.08
6585194,Ropa,62.27
4464718,Hogar,260.96
47870628,Electronica,1190.12
49248410,Deportes,355.05
36433493,Libros,51.13
34454150,Electronica,894.16
47641645,Libros,18.68
46245857,Electronica,1008.79
33997719,Hogar,359.3
44127459,Deportes,24.06
7155911,Deportes,186.9
39430857,Belleza,101.98
41889981,Libros,31.93
2847625,Electronica,501.49
3735920,Electronica,1314.11
33649434,Ropa,39.62
6574784,Belleza,28.74
40429748,Ropa,140.6
37967330,Ropa,76.96
36841980,Ropa,145.47
47972692,Libros,13.67
76286,Libros,18.87
44449997,Hogar,90.97
4901982,Hogar,477.16
33868376,Ropa,87.03
46404392,Belleza,43.78
49538823,Electronica,70.59
54691630,Libros,13.44
50394038,Belleza,53.43
50787829,Deportes,46.03
40750887,Libros,33.09
47894539,Libros,30.03
47887693,Hogar,387.08
36555872,Electronica,1006.71
51735128,Electronica,696.62
34968228,Deportes,105.37
43923458,Deportes,296.21
50851304,Libros,43.93
31364098,Ropa,39.13
49378380,Hogar,458.65
4903605,Hogar,46.24
41089768,Libros,8.03
32071800,Belleza,26.55
50907412,Ropa,182.8
1069292,Libros,33.6
37355634,Ropa,159.71
53746144,Ropa,53.29
44456048,Ropa,103.14
45343084,Libros,24.71
37297508,Hogar,416.5
36983534,Hogar,25.96
33131910,Ropa,56.33
43891378,Belleza,22.55
49482458,Electronica,1295.82
76223,Libros,30.71
52513472,Electronica,636.12
52408825,Belleza,56.69
42351027,Libros,58.46
47122526,Ropa,171.55
31710106,Hogar,357.59
2871413,Electronica,471.19
51246640,Deportes,82.77
51905926,Deportes,370.14
14434109,Belleza,53.65
42555784,Ropa,62.96
43912470,Electronica,732.84
42112967,Ropa,184.39
44309995,Electronica,611.25
6896783,Belleza,69.7
51045675,Belleza,97.34
6938959,Deportes,182.31
31267737,Ropa,54.37
48975369,Libros,59.7
35820257,Deportes,383.5
49161698,Ropa,170.26
32978498,Deportes,281.58
36380637,Libros,21.22
32571183,Hogar,458.01
34414883,Hogar,148.64
52363295,Hogar,403.39
45979153,Hogar,460.36
8696787,Electronica,924.36
41230734,Hogar,404.48
33943328,Libros,48.54
25593409,Belleza,27.21
47049966,Belleza,81.81
7376357,Electronica,185.53
2700270,Hogar,261.31
54949010,Hogar,93.68
6531154,Hogar,216.93
47952359,Deportes,336.53
43340235,Ropa,197.56
39272555,Deportes,140.82
35186914,Ropa,111.07
1768530,Hogar,262.98
53719341,Hogar,477.88
52344641,Deportes,201.86
31558912,Deportes,285.66
48380690,Ropa,185.14
31846019,Belleza,47.94
47174041,Ropa,181.4
42913512,Deportes,368.63
42572217,Libros,56.19
33827262,Deportes,122.77
32596215,Libros,27.02
50919914,Electronica,1312.07
34277785,Deportes,156.48
36414007,Electronica,920.37
48002535,Belleza,18.58
43406441,Ropa,20.69
38403611,Libros,27.66
44200509,Ropa,119.99
37309281,Electronica,619.41
39720249,Libros,36.78
46254218,Ropa,107.87
47890941,Deportes,280.57
39145511,Hogar,330.02
32687162,Electronica,665.16
51582308,Ropa,90.75
36955981,Electronica,254.13
43742193,Electronica,794.2
2277155,Libros,37.29
25776859,Libros,31.21
25562109,Hogar,172.97
46276806,Deportes,294.23
34440185,Electronica,158.26
2455026,Ropa,183.74
50772887,Belleza,7.37
34259428,Electronica,1445.41
41705223,Electronica,720.42
2553520,Hogar,215.14
2986678,Deportes,117.45
49653502,Belleza,6.16
37696100,Libros,20.11
37035135,Libros,11.02
51788149,Ropa,135.37
33810557,Belleza,41.69
31124575,Libros,47.19
35209282,Ropa,49.31
2037909,Deportes,362.09
47103212,Ropa,109.37
43518441,Libros,11.3
52598564,Hogar,209.41
42390408,Hogar,115.28
32056118,Hogar,111.85
42500967,Libros,32.85
50947774,Hogar,340.87
53612630,Belleza,109.84
33362924,Deportes,210.82
52797720,Ropa,193.51
41476812,Ropa,188.91
4133784,Libros,52.58
47424687,Hogar,257.49
2917833,Hogar,83.34
41505324,Electronica,365.96
34754933,Deportes,266.11
47648205,Belleza,53.5
32884569,Ropa,37.89
32014623,Electronica,744.54
4124605,Electronica,75.27
2573132,Libros,45.36
32088677,Ropa,23.98
32122021,Libros,39.6
6085903,Belleza,96.2
32712423,Electronica,242.33
52328017,Electronica,802.03
48919032,Deportes,316.05
48803990,Belleza,34.97
33857948,Electronica,286.23
34454502,Belleza,43.73
42490820,Ropa,115.39
6455162,Hogar,294.01
44601853,Electronica,239.77
54850171,Deportes,193.88
2301712,Ropa,60.97
42613889,Belleza,101.83
31722314,Libros,22.25
6267828,Ropa,169.35
2455007,Electronica,671.42
42739426,Belleza,88.56
46369038,Hogar,262.38
35468703,Ropa,128.17
47239789,Electronica,623.27
52363600,Deportes,311.92
47975848,Libros,28.39
39320856,Belleza,57.61
7127291,Ropa,108.36
35560007,Ropa,168.05
7105634,Hogar,334.8
43332781,Hogar,184.34
31081513,Deportes,274.72
6952432,Libros,40.33
44764712,Deportes,373.79
32194719,Electronica,1270.05
31688680,Electronica,988.8
47881138,Deportes,149.77
48715799,Libros,47.88
49524137,Deportes,238.58
14734509,Libros,59.19
7065769,Libros,18.61
37558575,Belleza,14.16
46373363,Libros,8.84
2140704,Hogar,325.41
42493263,Libros,56.66
25548359,Libros,5.11
4231185,Libros,44.92
46676576,Electronica,1002.74
4362644,Hogar,370.17
31451577,Hogar,187.37
39728721,Deportes,331.79
42690298,Belleza,10.14
34462021,Libros,46.55
32168568,Ropa,60.74
43759529,Belleza,59.84
4801690,Belleza,99.6
39651963,Hogar,146.61
32138405,Belleza,26.3
31835250,Libros,42.47
31298888,Libros,34.34
4661334,Electronica,795.89
35429187,Libros,19.12
42578232,Libros,6.92
43886086,Hogar,213.98
42712496,Libros,10.86
39381353,Electronica,1363.68
39140933,Ropa,17.84
4231724,Hogar,224.35
2783299,Ropa,19.93
35406479,Hogar,61.34
48559495,Deportes,270.37
48946689,Belleza,79.42
47937778,Deportes,32.56
32377627,Libros,5.06
6903087,Ropa,24.98
46871024,Libros,46.96
31511824,Belleza,72.23
1263037,Hogar,33.49
34396106,Belleza,61.13
4663688,Electronica,1082.44
146550,Belleza,104.93
32398500,Electronica,1404.35
40982561,Belleza,42.66
31544940,Electronica,246.96
36705433,Ropa,55.02
76604,Libros,47.69
35009451,Libros,58.43
35071412,Deportes,197.23
36841802,Libros,21.79
46208906,Hogar,223.16
35419740,Belleza,40.05
47960681,Deportes,117.47
36882538,Hogar,302.97
33194356,Hogar,22.63
50141553,Electronica,426.35
50097611,Libros,41.38
42653037,Ropa,16.09
105967,Ropa,25.81
32919787,Deportes,131.49
47571887,Ropa,176.78
42489997,Belleza,92.96
37726876,Ropa,14.21
40207371,Deportes,210.65
50837436,Ropa,62.19
47634556,Belleza,79.59
43433378,Electronica,1096.25
45597846,Deportes,347.89
41857537,Electronica,739.35
46911124,Electronica,1491.95
2715144,Electronica,1470.98
7587271,Hogar,442.85
36255564,Libros,36.62
36796435,Hogar,208.03
7066099,Libros,25.04
2842220,Electronica,67.58
32320768,Deportes,114.69
39809430,Libros,44.53
4094320,Belleza,74.42
34926785,Belleza,110.39
47592732,Ropa,19.5
46086335,Libros,13.54
4524872,Deportes,319.91
46951185,Hogar,188.88
34162879,Electronica,221.6
39050110,Ropa,199.33
34318639,Belleza,95.53
6677373,Hogar,213.24
35127697,Hogar,414.32
33400128,Electronica,1036.88
43406096,Libros,48.45
31705489,Belleza,98.75
27784159,Deportes,52.2
50810963,Hogar,317.14
31355722,Electronica,59.84
39795534,Deportes,36.51
46283080,Libros,54.72
40164949,Belleza,65.67
47864483,Libros,45.47
32870982,Hogar,421.67
51120477,Deportes,380.84
37044352,Deportes,350.35
42196152,Deportes,203.66
45733180,Hogar,177.95
27116209,Hogar,89.93
35403561,Libros,27.02
43808022,Ropa,79.63
36971955,Libros,35.78
4583302,Belleza,81.53
35177008,Electronica,1468.57
32647255,Deportes,296.79
40454583,Ropa,132.31
42042754,Electronica,535.88
6624405,Ropa,16.56
46722711,Libros,20.85
42913991,Hogar,387.7
2364132,Deportes,98.0
50428354,Libros,44.17
31180150,Electronica,890.68
42748326,Electronica,299.19
31274067,Electronica,429.36
4221065,Electronica,769.64
32687090,Electronica,656.64
6471162,Ropa,157.93
6896809,Libros,45.39
2197765,Deportes,238.34
43338472,Hogar,413.8
42409889,Hogar,287.89
4360906,Libros,58.04
44032002,Libros,16.95
33048440,Hogar,361.35
44388165,Hogar,194.42
43761410,Ropa,63.0
40315792,Belleza,25.74
48398537,Deportes,229.95
34732088,Electronica,362.43
45293149,Belleza,28.04
4140455,Libros,59.48
38074292,Hogar,403.85
50602114,Belleza,91.05
3616454,Deportes,321.74
32410119,Libros,58.29
42714618,Electronica,881.25
43435932,Electronica,369.35
33458008,Deportes,347.64
42371733,Deportes,302.24
40997975,Hogar,215.94
31077029,Electronica,736.68
49934567,Libros,27.62
39577585,Belleza,111.94
31131242,Libros,23.89
37279776,Ropa,193.06
6367614,Ropa,182.95
6806251,Deportes,259.6
35664605,Hogar,296.21
42671282,Ropa,80.32
32960004,Electronica,76.59
24832959,Libros,12.02
38578121,Libros,46.48
4930641,Deportes,199.19
4483351,Belleza,22.23
43737910,Deportes,120.31
4188491,Belleza,114.0
31511816,Deportes,159.51
40536182,Deportes,364.92
7115906,Deportes,135.76
31718359,Belleza,67.47
34145004,Belleza,7.35
44074857,Deportes,218.31
39245496,Ropa,131.02
6370653,Hogar,128.64
34177265,Hogar,295.78
39407642,Hogar,328.88
34932353,Belleza,83.99
34920963,Belleza,94.29
46691654,Ropa,69.15
3110564,Hogar,290.37
35134963,Hogar,491.07
36826274,Deportes,361.29
3383821,Belleza,114.56
41788832,Hogar,202.28
50947485,Libros,48.28
50223418,Ropa,127.78
3334288,Libros,9.55
43839023,Libros,50.32
34722316,Ropa,138.65
36368519,Libros,15.94
31716626,Hogar,53.67
35655338,Belleza,101.26
35741017,Ropa,24.99
42712499,Deportes,54.71
3872637,Libros,28.51
3969024,Ropa,35.61
46026966,Electronica,1374.82
43868948,Electronica,731.91
34739498,Belleza,70.45
327909,Hogar,465.13
38317766,Belleza,65.98
34633244,Belleza,45.66
33881038,Belleza,96.67
36827963,Belleza,55.93
76448,Deportes,141.02
30561109,Deportes,294.83
33010428,Ropa,162.31
31611215,Electronica,1197.99
41805493,Belleza,117.43
49513236,Ropa,159.47
36513980,Electronica,1166.4
38299666,Libros,52.16
48975739,Hogar,15.09
42579375,Deportes,157.72
1207147,Libros,45.57
46869643,Electronica,919.59
38813631,Libros,14.77
48283010,Hogar,162.31
49594554,Electronica,538.35
31432931,Libros,36.23
41077947,Deportes,336.01
46049593,Deportes,374.35
39049592,Ropa,152.52
43122034,Libros,51.36
2037826,Belleza,59.06
37603384,Libros,26.44
48967979,Electronica,619.43
4630494,Electronica,943.26
2196378,Libros,11.83
32549621,Hogar,296.05
2315492,Deportes,272.75
32886600,Electronica,686.42
6819607,Deportes,382.2
7087297,Electronica,931.91
46285159,Ropa,51.8
46702793,Belleza,60.11
3980530,Electronica,1029.34
34390949,Deportes,142.98
35638743,Ropa,25.13
49151172,Electronica,895.98
39882612,Hogar,474.72
75954,Belleza,60.78
39849310,Electronica,1363.86
43727900,Ropa,168.65
41878135,Hogar,86.5
4948178,Libros,43.95
32889372,Ropa,92.74
50237190,Ropa,57.55
33306037,Hogar,348.17
3945792,Ropa,151.11
47436826,Hogar,102.25
34605685,Electronica,1375.94
37720366,Hogar,379.31
46727707,Hogar,467.69
34877790,Belleza,41.46
2886204,Hogar,470.58
38405770,Hogar,193.73
32976203,Libros,7.97
35709009,Electronica,1156.31
33130418,Belleza,85.9
32601715,Libros,37.89
36364469,Deportes,206.16
7485021,Electronica,96.64
4051285,Electronica,955.67
45315066,Deportes,178.4
4451160,Hogar,286.7
36704483,Libros,28.61
50416539,Ropa,193.55
42110668,Belleza,74.47
34757710,Ropa,152.35
31167356,Deportes,375.81
32418636,Electronica,907.82
47780988,Electronica,67.49
35270948,Belleza,8.94
48622455,Electronica,1068.39
47881742,Electronica,454.67
2837844,Belleza,71.63
36398182,Libros,16.13
511377,Libros,19.86
2523968,Belleza,63.03
49607045,Deportes,390.72
1768649,Electronica,943.59
47093725,Electronica,1407.41
37727001,Deportes,384.56
42795844,Libros,16.45
40247771,Hogar,165.93
31768887,Hogar,388.45
40147853,Hogar,435.38
42432324,Libros,33.56
39928880,Libros,59.63
42695469,Deportes,24.4
4147533,Electronica,484.41
31631647,Deportes,256.8
46171276,Deportes,198.33
7046157,Libros,11.41
32119184,Hogar,193.38
44353692,Ropa,14.83
2011081,Electronica,981.98
35740805,Libros,54.1
44280379,Hogar,444.16
46484509,Ropa,142.91
2079962,Ropa,98.5
32194799,Libros,33.16
32741650,Belleza,20.75
46431806,Electronica,544.47
37949789,Ropa,45.67
42473921,Libros,50.17
47309624,Libros,55.31
9386247,Hogar,275.41
44065814,Belleza,88.69
49709964,Electronica,226.12
2422579,Deportes,251.24
38496372,Hogar,355.85
46471082,Ropa,96.03
34179525,Ropa,56.22
6395620,Hogar,440.53
4524965,Libros,45.86
35228053,Ropa,180.97
50376699,Belleza,99.12
49637673,Electronica,1486.04
976889,Belleza,27.1
36712333,Ropa,26.48
43909995,Deportes,148.06
1767704,Electronica,237.06
35780213,Electronica,808.54
41775797,Hogar,322.02
46514441,Hogar,295.47
44834239,Deportes,118.51
39049980,Libros,54.99
3453136,Electronica,80.7
50416301,Deportes,152.25
42766304,Hogar,363.71
48470958,Hogar,386.96
46163491,Electronica,653.37
42451890,Belleza,6.94
735423,Ropa,127.43
37934595,Hogar,45.6
46958801,Libros,10.93
47138490,Libros,40.76
4387006,Hogar,166.56
35775774,Belleza,45.02
46049093,Belleza,60.98
37299285,Deportes,391.86
31233639,Libros,58.1
34197896,Deportes,178.18
46473123,Libros,19.6
5900331,Ropa,67.49
12475609,Ropa,61.07
2499936,Electronica,821.76
34005173,Deportes,250.61
42055134,Hogar,252.06
41200372,Deportes,175.04
46469415,Hogar,117.47
35037268,Belleza,60.49
34006985,Deportes,149.62
49630862,Belleza,67.28
3464223,Ropa,138.29
6953567,Ropa,130.33
33876261,Electronica,720.61
50114788,Deportes,231.3
48064796,Belleza,37.76
37176500,Hogar,26.76
35845996,Ropa,128.75
48980499,Ropa,57.99
32246733,Hogar,339.44
48489311,Belleza,90.91
39833031,Belleza,110.33
37005055,Deportes,384.09
3061178,Deportes,24.0
3458806,Libros,59.47
6585371,Libros,42.57
49722958,Electronica,983.11
6873700,Ropa,12.89
6349963,Deportes,347.27
44334989,Belleza,21.73
31257195,Hogar,421.11
6786412,Belleza,6.79
34476213,Ropa,132.73
4689247,Libros,28.91
41229923,Belleza,28.09
45284165,Electronica,205.96
4915292,Ropa,93.62
36301193,Libros,11.78
42468814,Hogar,250.93
38277941,Libros,39.39
34032302,Electronica,1249.71
42339717,Ropa,138.94
34804524,Hogar,46.62
40316430,Electronica,495.78
2184641,Libros,20.84
34416570,Electronica,1376.8
46156185,Ropa,174.88
34536122,Deportes,160.66
50164549,Electronica,153.18
39036915,Electronica,1346.46
31140186,Libros,53.85
47325027,Libros,52.01
32193358,Hogar,424.86
6045574,Libros,31.41
43504439,Belleza,25.4
46787107,Ropa,100.72
7749113,Ropa,103.97
6010594,Deportes,206.17
35432374,Deportes,224.73
76581,Ropa,58.95
37455479,Deportes,159.17
4063284,Hogar,225.58
7105683,Libros,12.21
49135103,Ropa,96.52
42889622,Deportes,327.98
46473551,Ropa,167.33
41766331,Belleza,52.33
47119026,Electronica,802.27
7149479,Libros,6.85
32791623,Ropa,138.14
33711548,Electronica,636.68
48204700,Deportes,189.28
31063484,Electronica,1316.83
1263681,Libros,30.4
6477267,Ropa,14.03
4033618,Belleza,31.16
44741612,Deportes,200.74
35794602,Ropa,90.64
48534720,Libros,52.32
31711882,Deportes,226.01
42436311,Hogar,349.47
41510750,Electronica,730.52
41990208,Libros,29.18
6080090,Hogar,231.45
46836633,Ropa,88.08
39787531,Belleza,66.94
37629764,Deportes,115.17
711758,Electronica,1342.03
3985534,Deportes,146.57
33340784,Ropa,38.03
31518130,Deportes,56.69
43375185,Electronica,69.46
31114171,Ropa,90.34
50749498,Deportes,91.29
43290368,Belleza,7.49
31348540,Libros,33.6
5777096,Ropa,139.2
39400060,Libros,9.72
40608339,Ropa,97.57
226618,Belleza,90.52
4265388,Libros,59.22
37967578,Hogar,338.59
50416669,Electronica,405.02
36891932,Hogar,362.53
35104525,Deportes,247.21
46372721,Belleza,29.36
32056127,Hogar,427.79
42264276,Ropa,91.21
3383828,Deportes,385.55
35527737,Deportes,294.7
49155854,Hogar,327.61
48881338,Hogar,368.25
146857,Belleza,59.98
35105486,Electronica,782.58
7129427,Hogar,427.84
48298708,Hogar,345.25
37597051,Libros,54.35
47048592,Ropa,179.26
42221589,Libros,58.71
48789933,Libros,43.51
6807899,Deportes,210.87
3660753,Electronica,291.15
42194794,Ropa,144.02
36288174,Belleza,38.53
32056124,Belleza,37.54
46147586,Hogar,130.57
3793297,Hogar,439.43
33332746,Belleza,104.82
32956222,Hogar,321.02
873669,Electronica,735.82
33935288,Libros,41.97
41120945,Hogar,309.51
13145709,Deportes,177.98
1956827,Hogar,199.12
45042962,Ropa,82.73
40276058,Electronica,904.24
6881254,Ropa,133.06
40156852,Ropa,95.83
2631556,Deportes,388.1
44200616,Electronica,171.58
32968907,Electronica,553.22
7082112,Electronica,657.66
5777221,Electronica,74.54
4063083,Electronica,579.19
35028330,Deportes,124.01
4460832,Hogar,260.43
44166664,Ropa,73.92
36708498,Electronica,1102.96
47095974,Hogar,262.32
3969656,Hogar,77.93
36486172,Ropa,152.51
50738202,Deportes,57.71
47136102,Belleza,101.49
37997925,Belleza,112.11
6800940,Hogar,171.39
3624966,Libros,55.94
50825040,Libros,48.62
34764196,Ropa,185.26
36508422,Belleza,81.62
32434229,Hogar,129.29
31678671,Deportes,359.92
44630848,Belleza,26.19
42510266,Hogar,118.33
39229673,Hogar,146.47
36302875,Electronica,491.16
39433099,Deportes,215.5
2970491,Electronica,1084.51
34547779,Ropa,185.98
34389629,Electronica,178.23
46152203,Electronica,1433.84
2524303,Belleza,110.95
46122166,Libros,7.97
36520149,Hogar,189.76
47295729,Deportes,328.99
42040772,Electronica,936.79
49119585,Deportes,316.06
42932685,Libros,44.55
2583207,Libros,32.32
37038497,Electronica,109.77
49365189,Ropa,121.01
3621831,Electronica,120.42
4466914,Belleza,74.43
36514118,Hogar,403.2
33125756,Ropa,121.15
32727385,Electronica,1495.68
45046107,Deportes,193.23
32037743,Ropa,152.28
38132891,Ropa,136.77
39605783,Electronica,1487.58
34638633,Ropa,145.51
36540872,Deportes,82.33
49262935,Libros,57.55
44745471,Ropa,136.88
4951150,Libros,8.26
6736398,Deportes,269.88
43895902,Electronica,1330.52
35004790,Hogar,294.87
4458626,Ropa,77.26
34620920,Hogar,413.14
34394184,Deportes,317.35
34307570,Ropa,113.39
1263002,Libros,13.49
43650313,Belleza,33.86
38514829,Hogar,373.16
3671339,Ropa,163.16
46364485,Hogar,150.44
44073613,Ropa,79.92
43693326,Electronica,162.57
33455748,Libros,44.24
43218367,Hogar,16.74
42790452,Belleza,10.35
6687610,Belleza,5.5
43869835,Deportes,265.22
4919542,Ropa,89.3
43550531,Hogar,159.31
41899396,Deportes,366.83
42486205,Hogar,108.51
32242550,Ropa,83.98
40656915,Belleza,113.14
46212638,Electronica,669.3
44803750,Belleza,68.79
4228102,Deportes,50.53
43003956,Libros,48.46
43711265,Electronica,663.0
4707589,Deportes,324.2
36430532,Ropa,58.22
2690807,Electronica,662.59
48749081,Deportes,318.89
41504105,Ropa,195.04
49338606,Belleza,11.86
6091397,Libros,49.69
48975370,Ropa,67.13
6579959,Hogar,282.11
43455578,Ropa,65.12
4361002,Ropa,126.55
48833549,Libros,24.46
36371121,Hogar,176.8
46414313,Deportes,34.42
44265875,Deportes,75.84
4154195,Ropa,184.24
42922932,Hogar,499.16
32712470,Hogar,393.55
6619953,Libros,20.77
37805099,Belleza,51.28
34218537,Deportes,301.01
41880573,Libros,58.27
4710890,Electronica,710.43
44130126,Deportes,335.22
42426051,Libros,58.63
35813312,Deportes,351.92
4411122,Belleza,31.12
35293444,Electronica,61.65
32933848,Belleza,61.59
48037852,Electronica,820.47
42586216,Ropa,48.24
46870318,Libros,20.66
2147071,Electronica,1159.47
4941319,Belleza,59.09
38960369,Deportes,140.59
42213553,Electronica,952.81
49532955,Libros,40.9
44744340,Electronica,1165.62
31732430,Hogar,91.0
39147215,Deportes,301.78
46119825,Libros,37.97
31678456,Libros,8.17
49928795,Ropa,157.71
42711917,Belleza,49.05
48128701,Ropa,72.77
32094154,Libros,29.64
32121244,Deportes,151.55
35619131,Electronica,540.51
43258068,Electronica,1221.71
35494509,Deportes,67.31
6727597,Libros,58.38
47027579,Electronica,854.65
38341889,Electronica,315.24
928633,Electronica,240.26
3236709,Belleza,73.02
43276563,Belleza,77.79
31308597,Hogar,40.72
42671660,Ropa,56.17
31298353,Deportes,322.28
48915774,Deportes,38.86
4025499,Deportes,344.93
31705847,Hogar,334.21
34340471,Belleza,54.96
38366899,Libros,24.05
46817821,Libros,6.06
48869419,Hogar,415.23
34988267,Libros,12.85
954487,Deportes,137.63
42159672,Ropa,118.13
46506432,Electronica,406.69
894362,Belleza,62.17
40585259,Belleza,98.07
47938261,Hogar,243.21
35582237,Belleza,114.13
31081505,Deportes,342.05
36559747,Libros,23.32
46835366,Deportes,171.99
46661174,Hogar,220.31
48128786,Deportes,257.95
39813260,Libros,20.77
32085183,Ropa,194.16
36972175,Hogar,310.21
37859457,Ropa,85.89
39417118,Electronica,985.26
2499890,Ropa,85.13
4890977,Electronica,1235.8
32431245,Electronica,873.37
32997857,Ropa,17.97
2479515,Hogar,100.73
44460326,Libros,52.57
41977515,Deportes,233.9
32586854,Deportes,381.13
6706885,Libros,8.98
6124885,Electronica,478.13
39130261,Electronica,330.64
33110070,Hogar,283.61
4362450,Belleza,49.02
36413475,Ropa,39.88
34941021,Electronica,981.99
49776595,Deportes,223.79
32202902,Hogar,148.25
45288638,Ropa,101.16
46278585,Hogar,376.68
193167,Ropa,49.0
51060873,Ropa,65.65
35125363,Libros,24.04
46088683,Electronica,1132.75
3579905,Hogar,425.76
44336752,Hogar,197.55
31814683,Libros,21.31
51907384,Deportes,357.99
50390381,Deportes,399.76
52216710,Electronica,1022.01
42572212,Electronica,1485.47
52515247,Belleza,80.9
48887300,Libros,45.34
6501525,Deportes,167.69
42717477,Ropa,92.26
2843584,Hogar,84.91
43873319,Electronica,1242.99
47114807,Hogar,466.56
46722437,Hogar,317.37
44861817,Belleza,44.52
4314849,Deportes,78.53
39341940,Electronica,434.48
44295302,Hogar,138.87
41632752,Electronica,939.62
33140033,Ropa,189.56
49225663,Belleza,10.55
51677924,Ropa,10.19
32056115,Electronica,920.26
44839257,Electronica,461.89
35052140,Deportes,354.61
48392908,Hogar,173.72
86906,Hogar,155.52
51022658,Ropa,61.21
51821595,Belleza,21.66
31474149,Libros,36.98
50380648,Hogar,96.58
51725554,Deportes,181.36
51642209,Ropa,97.58
35547487,Ropa,13.89
4214786,Libros,5.92
52204749,Deportes,217.68
35197290,Belleza,85.04
31450389,Deportes,378.01
34450430,Belleza,25.6
46202913,Deportes,59.24
6036126,Deportes,39.79
33058643,Electronica,682.26
44079263,Ropa,128.4
48019702,Deportes,339.41
48112615,Libros,42.55
31064269,Deportes,99.18
47345812,Hogar,238.96
48804269,Ropa,182.97
2677490,Hogar,173.47
51246652,Ropa,104.76
2866602,Hogar,479.9
48829558,Deportes,299.19
33061423,Deportes,304.14
46416833,Electronica,415.88
48707926,Libros,27.81
50787927,Hogar,54.94
1760216,Belleza,74.75
44470719,Electronica,200.41
36496034,Hogar,420.42
31545414,Hogar,410.06
47468265,Electronica,823.73
6267830,Deportes,73.64
36396487,Hogar,27.41
36754474,Deportes,322.75
34415513,Electronica,920.2
52890267,Deportes,290.15
41669702,Ropa,67.72
34764142,Belleza,63.59
34055818,Hogar,377.38
4263258,Libros,30.44
35483720,Belleza,74.16
48460054,Deportes,320.1
3688135,Hogar,119.38
33402209,Deportes,45.05
38928001,Ropa,111.05
51931724,Electronica,140.08
6643979,Hogar,386.78
48195440,Ropa,146.65
35538148,Ropa,177.53
34277995,Hogar,325.19
6810172,Deportes,45.54
50593835,Libros,18.92
6014663,Ropa,163.51
48295809,Belleza,24.22
48350657,Ropa,142.71
46932029,Libros,47.91
44445814,Deportes,145.44
4314248,Deportes,142.47
37549125,Belleza,69.15
53567984,Ropa,173.64
6402362,Deportes,105.08
52416120,Libros,56.77
46484381,Hogar,305.57
31843261,Electronica,1488.58
3544053,Electronica,179.94
49601741,Electronica,233.52
6741231,Ropa,167.06
42325676,Belleza,104.45
31526689,Deportes,189.27
31759841,Hogar,361.32
35532005,Libros,52.72
35478402,Hogar,35.92
47609027,Libros,36.57
46400151,Ropa,172.16
48420698,Electronica,627.32
46063092,Ropa,67.45
31963481,Belleza,96.51
50446283,Belleza,43.62
33156767,Libros,5.17
36945311,Deportes,384.64
48021351,Deportes,245.01
3616115,Libros,50.07
39495364,Belleza,99.91
4693892,Belleza,12.64
33121158,Belleza,24.65
31929728,Ropa,69.11
3540226,Belleza,41.88
36859537,Hogar,334.51
4079048,Electronica,953.54
46309414,Belleza,61.88
31991199,Libros,16.62
3279999,Electronica,603.88
50772918,Ropa,113.28
3521581,Libros,30.74
42165365,Electronica,234.57
48569790,Libros,40.72
39608923,Ropa,23.88
35005081,Hogar,198.42
50416406,Ropa,144.91
3103398,Ropa,13.8
25593359,Libros,36.35
35700694,Deportes,147.12
42277101,Belleza,6.02
31819102,Belleza,26.89
52777950,Hogar,471.36
42437376,Hogar,267.76
32336593,Belleza,119.68
44490736,Deportes,219.43
52864199,Belleza,67.55
37038339,Deportes,168.9
3375679,Hogar,165.37
53678481,Electronica,414.74
49619949,Libros,23.89
35877556,Hogar,238.03
976859,Hogar,108.12
32563393,Ropa,52.73
35426607,Ropa,61.59
31632425,Ropa,95.36
52456522,Libros,40.9
44472163,Ropa,172.67
48469043,Deportes,129.11
25569509,Belleza,26.13
37770372,Electronica,599.33
49570818,Hogar,448.78
3728190,Deportes,23.75
41692762,Electronica,1032.91
45690031,Deportes,201.32
2818501,Deportes,81.2
2458791,Hogar,170.7
31987613,Belleza,30.87
46404151,Ropa,176.79
44751326,Libros,31.5
48276704,Belleza,69.76
42360766,Libros,37.65
7014746,Hogar,325.21
51134076,Hogar,255.34
52871249,Hogar,23.67
47090825,Electronica,535.35
34738364,Libros,15.11
46285461,Belleza,83.22
32229581,Belleza,11.52
47881093,Deportes,234.25
44745789,Deportes,100.04
44174908,Deportes,380.56
3878132,Hogar,177.74
49699433,Belleza,42.4
4006267,Libros,55.79
49155897,Hogar,217.41
50802332,Electronica,1446.15
4085003,Deportes,29.18
3177036,Hogar,163.58
44125001,Hogar,338.1
41771859,Electronica,1341.74
34443784,Ropa,58.72
47487530,Belleza,112.0
51422419,Libros,37.68
49340943,Ropa,162.19
47952351,Deportes,170.94
50067830,Hogar,117.91
44575889,Electronica,1371.29
33191164,Electronica,1403.05
35784557,Belleza,62.22
49791401,Ropa,11.23
6053778,Belleza,17.63
40983438,Hogar,292.92
33123090,Belleza,7.73
47043723,Libros,26.83
6930201,Electronica,489.89
42409195,Electronica,1085.8
41687212,Deportes,41.12
50026100,Deportes,205.72
1137937,Hogar,295.87
45025287,Libros,38.95
438094,Ropa,86.98
32904733,Belleza,40.0
8673949,Hogar,346.01
1246849,Deportes,342.08
47021939,Belleza,84.77
3947621,Deportes,374.2
46211346,Belleza,87.49
42741553,Ropa,155.28
8159197,Hogar,96.43
2917807,Belleza,53.25
25729659,Libros,31.68
2202787,Electronica,421.63
16154809,Libros,34.07
39632648,Libros,20.99
37171413,Electronica,1046.88
42674996,Libros,30.87
31243389,Belleza,57.76
44597979,Belleza,118.12
51681831,Belleza,50.13
51044669,Electronica,575.33
52204623,Libros,22.52
50773670,Electronica,1347.39
31888987,Belleza,62.12
3242956,Libros,38.0
47346901,Libros,14.95
31948308,Deportes,225.56
48405471,Deportes,124.37
31720878,Ropa,148.82
1791445,Hogar,418.78
3999480,Deportes,291.63
2891467,Electronica,1108.85
34706438,Deportes,214.74
6539611,Ropa,145.3
25699809,Libros,28.25
6795734,Ropa,133.78
47295712,Libros,19.25
3765973,Libros,8.84
47239639,Hogar,215.53
47001713,Deportes,195.48
46107363,Electronica,421.79
37826233,Electronica,1105.18
46836021,Belleza,13.46
38371004,Libros,17.25
35775198,Electronica,1135.42
3213654,Hogar,227.01
47099282,Libros,43.79
36978294,Hogar,290.23
43142839,Electronica,1428.53
33017813,Electronica,916.8
43773547,Belleza,6.71
2165957,Electronica,561.67
43355578,Libros,12.87
46254660,Libros,55.85
6767772,Libros,10.72
34239311,Belleza,49.59
38073291,Belleza,31.0
46119719,Electronica,1277.75
32956610,Ropa,68.63
45276860,Ropa,198.46
53502677,Belleza,9.44
40950357,Electronica,236.0
36344588,Ropa,52.68
4257535,Electronica,1226.1
47475280,Electronica,1323.85
49269852,Electronica,153.6
39152470,Deportes,32.33
33114047,Libros,45.95
32750625,Electronica,243.36
32547345,Deportes,70.54
50416355,Belleza,7.57
4330903,Ropa,19.46
4579281,Libros,19.5
42102274,Ropa,22.35
40511760,Libros,25.29
50609989,Ropa,168.23
35859477,Libros,22.95
6455237,Ropa,148.29
42662467,Ropa,27.84
47449936,Ropa,135.28
35629123,Ropa,70.18
7098752,Belleza,91.22
39761994,Electronica,247.57
43151008,Hogar,450.47
40219535,Deportes,112.18
32107706,Hogar,186.27
51288131,Hogar,475.84
32282122,Libros,36.82
40444668,Electronica,580.37
45712371,Libros,57.23
34688466,Electronica,527.16
41027546,Electronica,187.56
31688677,Ropa,199.4
1791672,Belleza,35.8
46572998,Ropa,171.74
51116694,Belleza,24.04
34321773,Libros,45.22
48734671,Belleza,65.31
34971943,Libros,58.95
4923966,Hogar,283.12
49534769,Hogar,27.13
47952322,Belleza,74.45
6728937,Belleza,21.71
4915475,Libros,48.92
3323886,Ropa,172.75
52864185,Libros,31.52
3532346,Ropa,158.81
35127634,Hogar,85.38
49740819,Electronica,763.51
3929806,Belleza,50.3
2267084,Ropa,126.15
35469124,Libros,7.45
232453,Hogar,379.78
46231064,Ropa,25.03
42561102,Libros,41.11
2158944,Belleza,7.12
42360560,Belleza,100.67
4410218,Deportes,86.39
31116980,Electronica,797.47
48655183,Deportes,119.37
42943053,Hogar,365.48
32801973,Ropa,71.06
48284314,Hogar,366.44
52312934,Libros,20.67
45567867,Belleza,91.53
52864119,Deportes,31.63
31516269,Deportes,127.66
45982434,Deportes,209.48
34748904,Hogar,36.85
36965916,Belleza,26.39
31325762,Ropa,187.56
36307703,Libros,58.73
44826481,Ropa,150.55
51242323,Hogar,137.32
38882076,Libros,19.33
41942013,Deportes,265.4
33477261,Electronica,220.52
39442545,Hogar,474.93
36353471,Hogar,124.03
32036187,Belleza,119.96
34556798,Ropa,104.19
51662500,Hogar,389.14
43804369,Hogar,16.06
46618932,Deportes,357.72
48432924,Deportes,122.6
49215525,Libros,41.74
32799505,Electronica,1219.22
3257870,Belleza,23.88
42739787,Electronica,691.64
32434752,Libros,32.16
50436531,Deportes,138.61
45333837,Ropa,101.53
46571691,Deportes,140.67
39283093,Belleza,46.49
43375324,Deportes,274.35
51900997,Belleza,77.75
508644,Belleza,31.71
48961304,Belleza,108.21
33662276,Libros,52.45
46990835,Belleza,63.54
37078638,Belleza,54.82
49705340,Ropa,81.6
33666185,Electronica,1075.54
45563963,Hogar,340.76
4316003,Electronica,334.46
41492694,Belleza,82.22
47558444,Ropa,57.96
50253062,Deportes,27.05
45599274,Ropa,142.85
1064523,Belleza,79.15
3545942,Ropa,88.05
5960628,Ropa,109.88
51155051,Belleza,113.92
50229184,Libros,37.74
39496402,Ropa,135.0
42695391,Hogar,46.0
47647542,Hogar,95.51
35041211,Ropa,67.18
51962503,Libros,34.67
47752713,Deportes,315.1
51677783,Belleza,41.94
3488956,Hogar,187.85
5820488,Deportes,117.34
46982812,Ropa,58.38
42520900,Deportes,380.57
49139927,Electronica,971.41
4890837,Hogar,90.61
32303947,Ropa,147.23
34371334,Belleza,88.03
49551924,Libros,41.66
40523917,Ropa,35.6
2724424,Belleza,51.92
49812637,Libros,10.87
39225302,Libros,49.91
34108867,Ropa,134.48
33505302,Deportes,212.74
50742138,Deportes,150.35
38132813,Libros,15.13
46911125,Deportes,60.45
32113275,Electronica,1455.4
46955124,Libros,15.98
43566207,Libros,8.29
51056371,Belleza,115.59
47437665,Deportes,228.6
34062683,Libros,48.82
43124190,Electronica,113.46
49537022,Belleza,70.2
7159372,Ropa,85.66
32625106,Libros,47.46
52080035,Electronica,105.72
4831066,Hogar,209.82
31274190,Electronica,1208.66
4048636,Electronica,807.91
6861373,Belleza,68.25
42001667,Ropa,28.46
51616018,Hogar,79.18
5995325,Deportes,277.26
43911635,Deportes,276.52
35109029,Electronica,1469.7
6102936,Belleza,86.87
7145069,Belleza,61.72
43573509,Deportes,345.78
36320488,Hogar,65.67
52701800,Ropa,95.37
41184431,Hogar,154.25
50495264,Libros,10.76
42904758,Libros,46.99
46431355,Ropa,107.05
36504486,Deportes,231.57
43508900,Ropa,88.14
32663032,Belleza,57.94
34234421,Libros,11.38
33875432,Electronica,1025.73
2695041,Electronica,677.05
34253184,Deportes,330.37
46764451,Belleza,27.57
44606222,Hogar,114.45
38871132,Belleza,79.26
4483187,Electronica,1276.7
51077735,Electronica,734.69
47754758,Libros,44.98
1816344,Belleza,119.92
40792317,Belleza,118.88
2301946,Electronica,1129.29
44606894,Hogar,373.7
52312263,Deportes,114.1
6470069,Deportes,336.75
41920009,Belleza,51.59
43451791,Deportes,385.56
35645143,Electronica,168.07
46825489,Electronica,681.97
35547452,Belleza,68.92
3213693,Belleza,51.59
1918771,Libros,16.58
33674084,Belleza,73.19
39879528,Hogar,381.62
6038575,Deportes,265.04
31243569,Belleza,31.96
40741114,Ropa,149.01
4183957,Libros,19.13
32715118,Ropa,43.29
46737133,Electronica,1051.47
44596908,Deportes,340.26
43220837,Belleza,60.38
35025467,Ropa,110.96
47836696,Deportes,135.04
46703679,Electronica,767.2
46310894,Hogar,79.01
34913531,Libros,57.57
43385398,Deportes,324.14
42405048,Deportes,273.83
34708573,Hogar,276.02
46108135,Deportes,321.02
126662,Electronica,767.4
46369303,Electronica,484.96
32864034,Hogar,92.78
31716419,Libros,40.62
42613144,Belleza,111.88
48098216,Ropa,39.19
6048231,Belleza,25.7
42742237,Deportes,184.77
31715978,Ropa,163.31
40275997,Hogar,157.55
31773673,Hogar,138.15
44270583,Libros,39.1
35528784,Ropa,111.77
31247209,Electronica,137.32
42406057,Ropa,25.48
46894474,Deportes,264.34
42449393,Electronica,724.43
44396958,Hogar,485.92
32717236,Ropa,138.92
31685188,Belleza,6.16
5477259,Libros,31.46
46847094,Belleza,52.66
49396471,Libros,10.87
49989490,Deportes,370.82
34732094,Belleza,97.58
34758562,Ropa,53.72
51258745,Ropa,58.64
25139909,Belleza,8.68
31297427,Ropa,66.38
40498216,Deportes,242.16
33824631,Electronica,660.22
35433254,Deportes,388.32
47066286,Libros,8.08
48756068,Deportes,244.74
42511820,Libros,52.21
35745697,Ropa,101.34
47898050,Electronica,54.3
33858368,Ropa,56.13
37355435,Hogar,172.03
42594864,Ropa,193.54
43468393,Libros,55.15
46057112,Ropa,190.34
48247931,Ropa,166.89
46736322,Electronica,559.89
50581408,Ropa,182.12
34393007,Electronica,1473.44
51427361,Belleza,45.26
44749739,Hogar,141.37
39685404,Electronica,843.03
48688106,Libros,15.29
39467625,Belleza,8.75
4409939,Electronica,1421.46
6069751,Electronica,1392.32
41985930,Hogar,93.89
2517555,Libros,27.43
49645771,Deportes,335.79
42747914,Deportes,271.18
40121955,Electronica,622.44
49619881,Ropa,151.39
46702228,Libros,54.34
48013553,Belleza,111.51
36907858,Ropa,81.98
42694589,Ropa,42.98
31374330,Libros,55.21
1070104,Electronica,184.21
3563399,Electronica,1096.45
39214141,Electronica,253.72
38969825,Electronica,614.61
52204803,Deportes,176.39
50436425,Electronica,280.2
4596800,Deportes,370.62
32620197,Deportes,21.01
42706359,Electronica,1346.02
32938872,Hogar,443.66
4329542,Belleza,41.45
41090289,Ropa,143.81
35498029,Deportes,116.07
4473351,Libros,46.73
47048407,Libros,35.86
112352,Belleza,39.53
35559045,Libros,27.01
3775491,Hogar,349.6
6423109,Libros,54.84
50356994,Ropa,34.84
31639073,Ropa,118.56
42658819,Deportes,116.42
48227185,Electronica,1211.99
37144332,Hogar,49.07
48228406,Deportes,281.8
32908442,Hogar,99.85
40747801,Electronica,914.76
42867019,Libros,50.96
35375120,Libros,46.53
48598198,Electronica,1141.77
47077678,Deportes,216.78
32993830,Electronica,1341.58
31716765,Belleza,72.63
50947802,Ropa,184.33
32568010,Deportes,227.68
42355797,Hogar,260.39
37356701,Belleza,30.57
41690975,Deportes,227.02
852318,Electronica,253.85
3480404,Electronica,1311.05
35717795,Electronica,1030.04
6427917,Electronica,1490.77
36504214,Hogar,59.67
40297410,Belleza,32.68
49540623,Libros,53.24
32056128,Ropa,85.1
1069623,Hogar,241.16
2585437,Hogar,432.42
6636354,Libros,33.7
33185776,Libros,15.64
44577672,Ropa,179.49
35361547,Ropa,15.9
43524724,Libros,54.25
47893365,Electronica,123.25
35627526,Hogar,337.94
1069266,Deportes,47.24
1069868,Ropa,144.18
6306170,Ropa,16.45
45342771,Libros,51.34
5977586,Belleza,58.58
42334702,Deportes,55.51
47314546,Deportes,288.59
46574064,Ropa,102.97
43592805,Electronica,326.88
46708411,Belleza,6.8
48397922,Deportes,178.84
37935150,Ropa,26.27
41695547,Deportes,55.78
32031654,Belleza,35.74
48973579,Belleza,77.5
39646280,Hogar,272.01
43294577,Libros,8.79
36508488,Libros,58.26
44048838,Ropa,178.56
511199,Belleza,34.81
50773673,Hogar,74.33
48705107,Hogar,472.07
48895802,Deportes,195.23
48011405,Deportes,138.24
51303761,Hogar,252.82
39217639,Deportes,313.64
49640758,Belleza,24.36
48678548,Electronica,1162.87
48919631,Belleza,91.19
34975579,Hogar,276.58
48974802,Hogar,434.93
31442655,Belleza,20.2
31276757,Deportes,246.28
31150300,Deportes,190.75
46191008,Libros,28.23
44605761,Hogar,137.49
724506,Ropa,80.73
39446867,Libros,10.95
34214476,Deportes,115.61
31342126,Belleza,36.28
48790839,Deportes,293.85
48554457,Belleza,10.58
49932129,Libros,40.82
43258073,Hogar,122.38
47081476,Deportes,51.11
1869259,Belleza,39.59
45642431,Hogar,123.87
36323811,Ropa,114.89
46808776,Belleza,46.1
42033035,Libros,58.13
50672516,Ropa,193.07
31308598,Ropa,94.31
32241530,Electronica,1202.88
49221081,Deportes,25.04
46485146,Belleza,68.0
48493312,Ropa,151.23
44926968,Electronica,364.57
31256173,Libros,8.36
4134939,Hogar,90.62
51844347,Belleza,55.81
38628358,Ropa,106.21
875129,Deportes,164.74
40936681,Electronica,687.96
49306573,Ropa,99.34
38426344,Deportes,312.39
420512,Ropa,30.0
40567474,Belleza,93.43
44602425,Belleza,84.19
31692133,Belleza,90.29
1069826,Libros,45.4
48675707,Libros,30.88
32098818,Electronica,356.53
32283589,Belleza,66.71
48247654,Deportes,384.03
51369224,Ropa,121.82
34720132,Hogar,20.36
50416679,Deportes,42.69
34585783,Libros,59.61
31316696,Libros,8.96
35713996,Deportes,37.5
31114445,Libros,24.42
41520088,Belleza,116.47
35382499,Electronica,512.08
3154407,Ropa,87.88
42671449,Electronica,969.41
42695503,Ropa,14.58
4234731,Ropa,180.58
34827275,Electronica,803.19
33750021,Deportes,197.39
37180076,Ropa,173.54
44863918,Electronica,1431.96
86593,Ropa,90.45
48410660,Hogar,98.63
43737432,Deportes,329.97
41048238,Belleza,51.37
46575015,Ropa,187.75
6862788,Hogar,475.7
34203129,Belleza,18.21
39338391,Belleza,115.0
32354400,Ropa,79.97
49542664,Electronica,987.07
6027014,Ropa,16.6
41188619,Hogar,446.11
6873705,Belleza,78.78
46551829,Ropa,132.28
49652048,Electronica,1358.16
31570695,Ropa,106.59
31780328,Deportes,176.0
42014043,Electronica,1305.89
85702,Hogar,375.07
41831855,Belleza,114.13
46478520,Ropa,188.62
37961684,Electronica,604.37
34633765,Deportes,189.85
35609101,Electronica,421.18
37197658,Libros,41.34
46386350,Deportes,158.53
41775102,Hogar,396.26
43504302,Belleza,18.98
40929119,Hogar,71.46
34397758,Ropa,48.85
36947592,Electronica,172.22
31948259,Libros,39.1
32024144,Deportes,75.99
51168928,Deportes,80.79
32735605,Electronica,70.63
47898435,Libros,48.01
33698052,Electronica,1227.83
3735259,Ropa,40.78
31671481,Hogar,373.67
34792459,Deportes,184.75
49002975,Ropa,55.52
50866317,Hogar,316.37
40557267,Ropa,43.91
50031943,Libros,46.63
50477352,Deportes,38.09
38230301,Electronica,1440.74
50799022,Electronica,154.22
51242329,Hogar,296.03
32195697,Belleza,108.75
42576544,Libros,5.65
48504580,Hogar,256.78
42695475,Belleza,45.25
6896416,Ropa,120.26
6990730,Libros,17.4
34392696,Ropa,22.33
34688892,Deportes,257.85
31784306,Libros,27.93
38661664,Belleza,76.59
32717593,Deportes,100.0
46278586,Electronica,541.17
4430282,Belleza,69.59
3962709,Hogar,302.66
48383845,Electronica,589.86
42137785,Electronica,456.08
37610661,Hogar,147.74
36803493,Libros,14.61
46724287,Electronica,521.84
39314377,Belleza,27.94
34766722,Deportes,260.85
37447574,Electronica,875.15
38040259,Belleza,49.0
35745189,Ropa,71.91
748384,Belleza,32.33
31435283,Deportes,223.47
45734123,Belleza,110.67
44177402,Hogar,347.57
46169213,Deportes,302.88
2582200,Libros,50.89
46232882,Ropa,76.81
2689633,Hogar,45.49
35276005,Libros,39.24
7157608,Belleza,26.7
4014545,Deportes,236.24
40195659,Ropa,150.51
43332828,Hogar,395.06
47270589,Libros,21.6
34471085,Libros,33.18
46211285,Ropa,127.98
31616603,Belleza,99.24
4344478,Ropa,154.66
42909193,Libros,59.34
39204763,Electronica,61.72
35110105,Hogar,227.18
40195796,Ropa,58.65
43901185,Libros,11.59
2899065,Belleza,109.82
43302449,Libros,59.89
38312381,Belleza,25.77
36484976,Ropa,17.3
86241,Belleza,36.63
49890201,Deportes,337.25
46279019,Deportes,131.68
5898575,Deportes,41.62
3042378,Electronica,126.11
44210013,Ropa,91.21
39040976,Libros,56.25
44741621,Libros,20.73
35733846,Electronica,669.38
48229721,Belleza,16.72
32078558,Electronica,765.68
39505997,Belleza,85.1
38060626,Belleza,36.18
7009715,Hogar,158.9
41277806,Libros,51.31
32395233,Deportes,23.94
47344415,Belleza,78.19
48307637,Hogar,206.03
6296160,Libros,21.41
34912478,Deportes,269.89
42456577,Belleza,100.99
35470354,Belleza,69.22
34343012,Electronica,95.09
2690913,Electronica,719.03
3172126,Libros,30.45
51831921,Deportes,226.64
35289134,Belleza,82.16
31921926,Libros,6.06
34909244,Libros,32.61
42415840,Ropa,121.78
34683732,Electronica,547.86
44570010,Deportes,273.98
48548011,Belleza,31.24
46921014,Libros,22.46
41866246,Belleza,115.72
45288084,Ropa,76.13
37533087,Deportes,151.67
47952451,Libros,37.76
48074731,Belleza,116.66
4276672,Electronica,1475.47
33190349,Ropa,120.14
35234760,Deportes,20.41
32358950,Ropa,181.12
42566053,Electronica,876.85
46370878,Deportes,159.08
2032179,Ropa,167.55
34145470,Hogar,208.92
31775225,Electronica,99.36
6537354,Electronica,1240.55
38343319,Electronica,841.5
43803233,Hogar,179.0
39013973,Hogar,136.68
31966583,Belleza,73.29
35755631,Libros,16.44
31276752,Ropa,71.53
38033298,Belleza,78.2
1295450,Ropa,177.49
51641440,Libros,34.31
3735906,Hogar,383.17
355455,Libros,46.97
48229290,Hogar,337.21
47299376,Libros,18.52
43510813,Belleza,104.68
37301881,Deportes,185.78
31712038,Belleza,10.08
5985070,Ropa,56.48
46088269,Belleza,93.04
4570575,Electronica,150.24
36263458,Ropa,38.0
31298154,Libros,43.18
2379120,Ropa,179.59
50026079,Deportes,260.82
37231084,Hogar,122.81
36869057,Libros,7.94
50748367,Ropa,126.87
33005638,Libros,7.61
26619859,Libros,38.7
46394286,Libros,17.41
4474604,Hogar,453.76
32309999,Belleza,59.64
4780315,Libros,17.32
48456940,Electronica,1287.06
48449119,Deportes,116.53
48076015,Hogar,163.7
47390654,Ropa,168.51
44310637,Hogar,164.76
39615954,Ropa,87.93
32282794,Hogar,183.62
6783291,Ropa,32.12
37838523,Libros,7.14
6693395,Belleza,88.32
3284638,Ropa,132.58
50909026,Ropa,63.65
33998558,Electronica,478.62
44165314,Ropa,189.55
33813984,Electronica,1482.12
6549518,Deportes,199.91
46296994,Libros,49.13
3255471,Electronica,1118.19
48955664,Belleza,39.19
39241149,Libros,8.22
31249293,Electronica,256.71
4772498,Libros,51.11
31298151,Libros,45.22
46283042,Libros,41.54
4025500,Deportes,69.65
50771651,Belleza,78.59
51325962,Hogar,389.49
46481464,Hogar,432.39
48359844,Electronica,69.19
37667130,Libros,42.65
2595496,Electronica,77.69
7103776,Deportes,288.61
37339420,Deportes,261.54
42695426,Ropa,38.19
40967281,Deportes,311.13
32584896,Ropa,22.99
44450633,Belleza,100.04
36511904,Electronica,429.8
33410739,Belleza,84.22
42339509,Deportes,371.0
35557482,Belleza,44.08
5794118,Belleza,62.83
42466588,Belleza,58.26
40219231,Deportes,79.89
4552938,Libros,37.47
40276034,Belleza,90.45
46346443,Ropa,184.21
44294313,Deportes,343.3
50079916,Belleza,63.65
43221710,Libros,44.55
37614481,Deportes,324.3
40651619,Hogar,254.34
50514752,Libros,11.35
4919746,Ropa,93.21
32653423,Belleza,101.88
46549901,Hogar,304.37
558346,Hogar,366.36
2848578,Deportes,90.4
46521236,Hogar,482.7
36942047,Ropa,86.78
31308592,Ropa,134.19
37667607,Electronica,77.36
43503997,Ropa,34.19
33076219,Libros,48.01
43155001,Hogar,484.47
43506699,Ropa,70.81
36296332,Deportes,34.13
36398241,Electronica,573.26
39043924,Hogar,23.47
40265147,Electronica,328.94
1068805,Hogar,379.95
49921066,Deportes,376.09
43488886,Electronica,176.8
34853374,Belleza,69.16
1751385,Libros,18.96
44042998,Libros,12.65
33868730,Hogar,121.21
36887907,Belleza,71.44
6296161,Electronica,144.45
6896403,Belleza,54.94
7036103,Belleza,20.55
31737186,Electronica,445.38
36545277,Deportes,92.49
47853249,Belleza,106.54
31296869,Belleza,86.42
46475653,Deportes,350.02
40262308,Belleza,49.1
47864485,Belleza,41.04
36485426,Belleza,48.77
50416668,Libros,6.02
47957763,Ropa,147.69
51087229,Deportes,152.91
40428551,Belleza,41.03
36898328,Libros,37.9
47377885,Deportes,185.77
2026122,Hogar,490.71
35432381,Hogar,187.78
156608,Belleza,75.6
33333841,Libros,22.14
34707274,Libros,59.48
36534317,Deportes,189.14
42624931,Deportes,260.97
3282032,Libros,11.97
37749000,Deportes,298.55
173440,Libros,19.81
40774766,Ropa,95.24
48598431,Libros,53.57
34548648,Hogar,485.72
41186372,Deportes,181.34
46272726,Libros,50.91
42120341,Libros,7.93
5778187,Deportes,342.08
33091396,Ropa,129.61
34424388,Ropa,102.85
35625461,Deportes,358.19
32193425,Electronica,1275.74
32329369,Deportes,132.84
40293799,Deportes,320.77
34093155,Ropa,28.9
34985914,Ropa,166.33
38127333,Deportes,276.67
48799627,Deportes,53.39
3340765,Deportes,279.57
45281816,Ropa,120.3
47005302,Deportes,245.93
36435060,Deportes,130.53
42280476,Belleza,35.65
6682418,Electronica,1155.68
6029435,Hogar,139.55
43532127,Electronica,697.08
41913693,Belleza,84.9
32151680,Hogar,53.61
3901904,Deportes,245.93
4836530,Belleza,72.78
39750018,Deportes,280.01
42881841,Ropa,80.29
31223027,Libros,29.69
38638759,Belleza,42.95
47086276,Ropa,163.55
6391604,Belleza,20.02
46792635,Belleza,115.74
46304670,Ropa,130.62
50376778,Hogar,445.15
32879191,Electronica,668.04
6590770,Deportes,146.27
48814089,Belleza,108.58
35042075,Deportes,57.57
31632755,Libros,11.44
49162514,Ropa,66.88
44700993,Deportes,384.71
47985629,Ropa,130.28
3466380,Deportes,230.59
1008436,Electronica,1072.77
31578176,Electronica,655.34
35616441,Electronica,1149.21
31906880,Electronica,620.18
3597752,Electronica,1248.23
32283598,Electronica,437.58
40153668,Ropa,62.73
3763676,Belleza,65.07
35080946,Deportes,183.69
39429759,Electronica,989.77
47704965,Ropa,79.22
36289070,Ropa,53.8
35491300,Ropa,99.26
2523398,Belleza,69.51
34250048,Deportes,74.19
38765699,Belleza,69.02
43332766,Hogar,169.84
7000759,Ropa,84.57
44184492,Hogar,150.47
33916868,Libros,56.23
42622430,Electronica,1040.84
5773689,Electronica,430.57
2415085,Belleza,79.18
46165070,Deportes,342.46
51173038,Hogar,209.79
31838746,Deportes,335.38
43548228,Belleza,22.76
35238706,Electronica,1243.03
34544566,Deportes,225.31
50073515,Deportes,104.73
47939173,Electronica,640.36
7047323,Hogar,494.18
47120871,Electronica,1186.16
7144923,Deportes,238.53
35606228,Hogar,70.85
34936403,Hogar,217.64
3542000,Electronica,431.42
32887155,Deportes,46.98
6896392,Belleza,67.35
35753443,Deportes,357.89
25593309,Ropa,138.36
3489081,Libros,18.73
32027794,Belleza,70.96
37145753,Hogar,472.47
36682160,Belleza,88.14
44596163,Hogar,349.39
31517256,Hogar,484.56
32988462,Belleza,96.87
4659951,Hogar,81.26
34504448,Hogar,183.6
36402096,Ropa,193.38
3704365,Deportes,206.09
1069960,Deportes,62.42
37285334,Libros,30.22
37738021,Libros,43.33
46627730,Ropa,199.53
37221868,Libros,22.81
42614538,Belleza,64.12
32202928,Electronica,1325.54
31168273,Electronica,565.14
4050478,Electronica,208.43
36904549,Ropa,190.3
50743820,Ropa,102.8
39926490,Hogar,258.85
3253486,Electronica,950.74
31816789,Belleza,5.41
5808221,Libros,56.21
51421237,Belleza,46.57
1008343,Libros,26.83
31871057,Electronica,302.46
45995862,Electronica,598.32
34611954,Electronica,1215.72
4367346,Ropa,162.0
33028883,Libros,56.47
3939601,Ropa,86.61
47440132,Ropa,144.66
101086,Deportes,212.75
37206782,Belleza,97.46
46916949,Belleza,86.94
39340965,Hogar,193.43
31225976,Ropa,73.97
34807224,Libros,18.88
47745765,Deportes,239.08
36877232,Deportes,386.26
42105793,Belleza,28.01
41697824,Ropa,28.1
6636355,Hogar,72.91
11742359,Ropa,158.79
44588465,Electronica,557.65
35168766,Ropa,52.63
47062762,Electronica,561.62
4617345,Electronica,985.73
6979844,Hogar,280.19
41875608,Libros,45.9
1069664,Belleza,43.99
34732051,Ropa,95.89
44747295,Electronica,197.85
34467645,Ropa,23.88
45192866,Libros,30.42
46453298,Belleza,39.68
48798563,Libros,38.7
37244082,Belleza,9.95
43510983,Deportes,66.27
47215304,Belleza,104.5
48501966,Hogar,289.66
6280997,Libros,44.16
34968764,Electronica,1270.86
42138282,Deportes,196.26
43468545,Hogar,384.11
32098882,Ropa,109.67
42944026,Libros,17.25
48072551,Electronica,539.6
48833859,Belleza,61.39
35343962,Electronica,509.48
42494789,Ropa,73.75
3989601,Deportes,148.21
35892406,Deportes,66.68
7103581,Libros,9.66
7154380,Deportes,37.67
39709118,Libros,11.1
49462893,Libros,23.9
36417815,Libros,37.66
38509725,Belleza,26.64
33873318,Hogar,445.68
31081439,Libros,49.46
46887357,Libros,33.63
47872897,Hogar,366.24
6411072,Electronica,581.18
46862924,Libros,7.02
44484483,Belleza,109.0
36856566,Deportes,68.56
44805180,Deportes,380.22
47627803,Ropa,118.66
3401510,Ropa,68.06
35267082,Deportes,208.3
37232798,Deportes,210.62
40776911,Belleza,7.68
1953398,Hogar,187.4
42567302,Ropa,150.57
33028208,Hogar,262.38
2342407,Belleza,33.09
12726709,Deportes,147.34
42695504,Libros,52.47
32915026,Hogar,269.89
35469135,Deportes,220.77
6931260,Deportes,385.36
32193659,Electronica,515.28
44744303,Hogar,247.58
4909535,Libros,49.64
43757870,Hogar,383.07
46023228,Deportes,121.0
42659641,Libros,13.31
36518121,Belleza,85.58
43457693,Electronica,423.6
33056893,Deportes,370.62
38074854,Ropa,34.56
47478745,Ropa,70.48
47930583,Electronica,129.44
34235637,Belleza,85.88
48222316,Deportes,358.68
31247885,Hogar,323.4
53238,Electronica,1409.74
4367617,Belleza,19.78
50728715,Hogar,57.55
31274129,Ropa,169.3
35134821,Ropa,172.55
32055878,Hogar,418.05
6190983,Electronica,1208.5
37405916,Ropa,78.82
4460703,Deportes,102.64
42602971,Libros,56.08
38034728,Hogar,163.9
4132844,Hogar,208.23
1207259,Ropa,142.92
48025913,Electronica,475.37
35679648,Deportes,331.27
42671309,Electronica,151.55
33858679,Belleza,95.99
3675585,Belleza,74.21
47107285,Libros,36.51
4661104,Ropa,97.09
46240521,Ropa,62.64
33527950,Ropa,98.17
36802810,Libros,29.75
7141684,Belleza,72.13
47750473,Electronica,458.28
42695372,Libros,9.27
39696016,Libros,12.98
40591736,Electronica,1063.81
7075921,Ropa,14.27
47058415,Deportes,345.45
44742767,Electronica,1056.88
34532397,Belleza,93.33
36254072,Hogar,420.45
35305806,Hogar,74.51
4780625,Libros,50.23
46065345,Hogar,259.75
41659818,Deportes,356.5
31160380,Ropa,178.45
2585577,Belleza,7.78
40485246,Deportes,165.49
50770682,Belleza,65.54
46401919,Belleza,83.01
44131003,Ropa,64.38
37716002,Libros,18.87
39774713,Hogar,199.91
51028256,Ropa,105.18
6896803,Deportes,381.44
31160978,Libros,46.92
44290069,Deportes,183.14
6256840,Libros,7.99
6806733,Deportes,84.04
35588955,Ropa,96.63
32640519,Libros,49.76
40512295,Libros,25.94
46252692,Belleza,66.93
32590742,Belleza,107.56
2573715,Electronica,1375.0
40575423,Deportes,101.99
7035620,Belleza,10.01
7026229,Electronica,492.85
47592357,Belleza,85.02
39916664,Deportes,381.42
42403563,Libros,9.24
713995,Hogar,28.81
33334128,Deportes,355.98
4011203,Ropa,152.15
42804691,Belleza,119.11
47314718,Belleza,50.63
49095264,Libros,27.88
45637553,Ropa,42.74
33826378,Libros,11.37
43468642,Ropa,119.96
46301938,Hogar,191.68
6300991,Belleza,14.24
37309993,Belleza,107.0
1263120,Hogar,111.2
3036232,Electronica,1135.45
32970068,Libros,20.52
50602161,Hogar,409.26
33712505,Libros,11.51
50602118,Deportes,307.31
36922347,Belleza,16.28
34244790,Libros,29.58
36354228,Ropa,149.46
34473666,Libros,14.53
7155818,Deportes,128.55
46939597,Belleza,104.45
2573745,Hogar,444.28
35863689,Deportes,37.08
35188772,Belleza,24.33
46159421,Libros,11.46
50711152,Electronica,310.55
4033617,Electronica,1456.77
41632914,Ropa,114.81
50184024,Belleza,58.83
48084134,Electronica,1477.48
31342134,Hogar,285.12
2573579,Belleza,81.03
2582192,Hogar,176.39
39761024,Hogar,200.33
33649803,Electronica,911.89
4746276,Belleza,13.03
35540899,Libros,19.07
35429146,Deportes,94.79
43138854,Electronica,73.05
5213601,Electronica,828.51
6477004,Libros,35.86
38781622,Belleza,49.15
40452386,Belleza,35.9
49744783,Hogar,331.25
48963095,Libros,12.41
34432818,Libros,33.52
52515200,Belleza,93.33
53622909,Hogar,94.68
42382405,Electronica,1142.23
4904749,Ropa,154.55
34415088,Deportes,42.77
43873315,Electronica,77.24
41505393,Belleza,117.0
32335350,Deportes,93.49
2580509,Ropa,166.21
34770906,Ropa,116.75
6055152,Hogar,143.27
42008299,Deportes,69.39
3949764,Hogar,255.89
44616562,Electronica,640.66
43340357,Libros,43.44
34244779,Libros,54.73
43355749,Libros,49.29
36788551,Deportes,124.29
25134259,Libros,53.34
50127865,Electronica,1258.42
4519368,Hogar,465.63
42512860,Deportes,194.29
40316477,Hogar,387.76
2480140,Deportes,244.83
31717234,Hogar,165.59
3573268,Ropa,198.94
44808832,Hogar,33.58
37452269,Libros,13.92
48875493,Ropa,179.58
48529652,Hogar,44.37
50303557,Deportes,356.99
4643611,Deportes,291.78
54253465,Deportes,33.94
33445420,Belleza,54.37
39195675,Electronica,1143.98
665199,Deportes,241.58
50932114,Ropa,187.82
2667672,Deportes,349.7
4972735,Belleza,43.25
48754907,Libros,9.65
7149684,Ropa,189.41
32089192,Belleza,64.49
36983897,Libros,9.09
6814705,Ropa,165.15
260796,Hogar,436.23
7145714,Electronica,977.17
33828170,Electronica,698.89
40381348,Belleza,81.15
41733111,Libros,43.87
47215847,Electronica,1344.89
40070157,Libros,57.57
38675187,Libros,33.29
31688664,Belleza,96.83
33745199,Belleza,115.92
51413941,Belleza,22.39
44272084,Electronica,76.49
36765107,Belleza,104.93
4828305,Electronica,333.15
47931242,Belleza,9.89
35666288,Deportes,80.84
6756652,Libros,26.13
53582375,Belleza,30.22
42695403,Ropa,68.0
35168764,Libros,58.64
47739821,Libros,43.74
36865953,Belleza,86.9
49538825,Hogar,60.92
35130546,Belleza,89.19
6743517,Libros,45.66
47150040,Ropa,135.35
52312255,Libros,17.56
33611275,Ropa,90.38
159134,Electronica,1277.1
41718699,Deportes,274.68
32590279,Libros,45.3
34319868,Belleza,72.55
40770004,Electronica,701.9
5937858,Deportes,308.44
45193361,Belleza,12.81
6716694,Hogar,341.48
3992176,Belleza,119.68
46736309,Ropa,158.24
39936587,Ropa,65.21
36959226,Hogar,149.74
46726815,Electronica,1017.47
52638855,Deportes,360.42
35752847,Belleza,71.46
37861909,Ropa,110.21
37043787,Electronica,282.56
52821408,Hogar,362.0
43809581,Libros,43.63
49541237,Ropa,193.72
45726394,Hogar,160.59
50787947,Belleza,91.99
48030327,Deportes,184.94
39838002,Ropa,116.11
3633997,Ropa,165.13
37989359,Belleza,30.53
7158860,Libros,23.86
6032005,Electronica,1171.3
39764134,Deportes,236.77
42742253,Ropa,27.56
49510352,Deportes,183.47
3485790,Ropa,121.46
48225963,Deportes,365.62
45719981,Hogar,106.42
35722328,Ropa,163.13
40966446,Deportes,69.64
6632112,Electronica,401.24
47047636,Hogar,133.02
14275059,Hogar,440.58
33306574,Electronica,338.58
6493606,Deportes,319.05
39664781,Belleza,58.11
32703460,Electronica,1498.68
49160202,Deportes,338.85
4661992,Electronica,1122.57
37754439,Electronica,1312.55
50813676,Ropa,130.47
2092248,Deportes,340.59
32054773,Belleza,35.03
40510918,Ropa,28.56
50942106,Electronica,943.1
31161647,Libros,28.91
43840163,Electronica,668.34
32724299,Electronica,813.78
321309,Deportes,157.33
32179162,Deportes,257.9
40988229,Ropa,15.81
6821980,Belleza,116.54
46067583,Ropa,185.69
53550559,Hogar,468.61
47733412,Electronica,579.26
32099678,Libros,34.25
35319971,Electronica,1433.49
2118283,Electronica,1358.4
48018504,Ropa,160.15
48468006,Libros,27.4
42406537,Libros,36.04
31523533,Libros,48.61
43306649,Ropa,61.87
48923620,Electronica,958.35
39664791,Ropa,167.31
44764718,Deportes,288.83
34912845,Deportes,202.2
43377463,Ropa,121.08
3750593,Libros,59.38
6045530,Electronica,922.88
35221896,Ropa,159.27
45969168,Ropa,148.05
43873689,Ropa,143.28
48230911,Hogar,362.44
32743687,Deportes,192.68
46280552,Libros,31.08
33924155,Belleza,58.8
39274956,Libros,6.83
50317145,Belleza,32.72
35509246,Hogar,89.96
34711015,Ropa,178.42
46656389,Hogar,148.36
2516939,Hogar,82.14
35173061,Electronica,223.66
53620941,Deportes,286.0
32717530,Belleza,5.7
34335671,Ropa,99.55
39730809,Belleza,18.67
31060407,Libros,51.73
46185001,Belleza,115.22
1069705,Libros,57.73
2710370,Deportes,187.95
49218301,Libros,40.45
48619819,Belleza,73.97
45733829,Belleza,45.25
2119551,Libros,29.42
2302223,Hogar,46.2
42750285,Deportes,322.37
38057915,Electronica,399.17
50595983,Ropa,97.5
34732104,Belleza,60.27
45995863,Ropa,116.54
5891689,Electronica,1235.92
6471122,Ropa,141.46
46475304,Electronica,1011.44
35908115,Libros,33.97
33277808,Hogar,61.54
35166317,Belleza,51.23
50810900,Electronica,1438.11
46234376,Ropa,199.15
1197450,Belleza,89.01
42724307,Hogar,125.34
31439505,Libros,10.6
25700159,Belleza,52.7
31380675,Electronica,1292.03
350087,Hogar,365.1
5742542,Ropa,177.94
3967933,Hogar,313.65
47939139,Hogar,78.21
41693956,Deportes,63.62
43255852,Hogar,38.28
32317438,Hogar,290.03
33918132,Belleza,32.93
6295368,Ropa,149.53
584255,Belleza,83.92
38050317,Belleza,41.58
5777659,Electronica,306.36
50903895,Belleza,16.78
31163490,Deportes,300.18
42655468,Deportes,191.17
3567611,Electronica,519.12
6953117,Libros,52.12
40192368,Ropa,122.79
32367421,Ropa,108.42
38930333,Belleza,90.49
34981683,Belleza,98.79
48965554,Libros,42.73
50842548,Belleza,55.6
35206530,Ropa,82.07
42746271,Hogar,389.26
43861979,Deportes,216.8
110731,Hogar,356.63
6026906,Hogar,446.84
33124098,Ropa,184.02
34350040,Hogar,149.69
239691,Libros,15.33
38778802,Electronica,428.87
47498748,Belleza,91.41
4316655,Electronica,586.58
42887542,Deportes,85.89
32241630,Belleza,16.31
1995484,Hogar,173.75
6699532,Deportes,71.73
1124287,Belleza,22.98
31225974,Libros,42.61
4236814,Libros,6.09
38509598,Libros,11.47
48319943,Libros,51.44
31511822,Hogar,424.78
193001,Electronica,527.4
6896816,Belleza,15.11
46986997,Hogar,356.91
2544370,Libros,24.81
34205988,Electronica,115.92
31298106,Deportes,79.97
40377934,Deportes,72.14
47159001,Deportes,243.86
43708366,Libros,54.4
42512085,Deportes,321.37
32317060,Ropa,113.84
729554,Belleza,53.55
34410056,Belleza,76.15
35543900,Libros,29.41
4522789,Ropa,56.76
47866714,Hogar,344.41
47856146,Hogar,438.52
44817325,Deportes,161.69
42758194,Electronica,1270.23
41684406,Hogar,224.07
47120966,Electronica,631.94
3623182,Belleza,8.26
31676585,Electronica,1058.15
51043869,Belleza,97.86
44629915,Ropa,136.08
46280573,Ropa,38.76
42921232,Libros,10.68
39328149,Libros,36.51
39002820,Deportes,172.58
4661031,Hogar,223.11
42921231,Deportes,387.76
37575721,Belleza,88.25
50317141,Deportes,176.48
34877878,Electronica,77.69
31994148,Belleza,8.92
14192659,Libros,42.66
52105972,Ropa,169.17
39608405,Libros,43.92
32054292,Hogar,211.86
50050722,Belleza,8.58
49223986,Belleza,116.25
49109082,Electronica,1480.19
43257979,Hogar,281.44
46651260,Ropa,23.43
2023888,Belleza,67.21
49378356,Belleza,107.62
35540679,Electronica,1035.98
2954060,Deportes,293.6
31556485,Ropa,26.14
6531649,Libros,10.86
3766390,Hogar,76.76
35133963,Belleza,109.0
85550,Belleza,65.47
33906448,Libros,48.54
3786810,Ropa,31.91
36353678,Deportes,372.5
50355214,Belleza,99.43
45790852,Ropa,52.71
51108806,Libros,53.08
48298418,Electronica,431.99
7105676,Deportes,98.03
4368330,Hogar,143.16
31060453,Belleza,109.64
52993217,Ropa,183.96
35034417,Electronica,527.04
46639586,Hogar,357.14
40797011,Ropa,138.39
49153353,Ropa,163.25
33033623,Hogar,158.81
50317669,Electronica,789.7
42459286,Libros,41.72
34363427,Electronica,88.07
44615413,Deportes,163.16
51420509,Belleza,85.03
51645774,Hogar,137.51
42110591,Libros,57.67
41055992,Hogar,29.63
48307601,Hogar,479.67
48347864,Electronica,364.31
7127055,Belleza,10.61
37283291,Deportes,131.14
52204807,Ropa,159.39
4040369,Ropa,152.96
34955863,Hogar,116.29
51797669,Belleza,27.63
35484560,Libros,40.34
4733376,Electronica,714.22
34247816,Belleza,96.11
31450303,Belleza,7.78
7115926,Electronica,935.1
45194543,Hogar,369.38
46478611,Belleza,119.24
3660451,Ropa,138.97
32322419,Electronica,386.18
36597514,Libros,10.95
31713669,Deportes,263.55
6275588,Hogar,268.74
4533505,Electronica,1353.76
3329336,Deportes,296.11
6638188,Deportes,213.7
44749851,Libros,27.2
31539253,Belleza,51.5
32401286,Libros,17.45
32239828,Belleza,6.99
42760757,Belleza,71.11
32229818,Electronica,358.0
33200807,Electronica,352.07
2277168,Hogar,75.81
34661645,Belleza,26.8
2543802,Deportes,32.08
31619873,Ropa,138.1
46288052,Hogar,209.68
51559206,Electronica,864.21
35628157,Libros,40.03
40275998,Hogar,486.66
6930687,Hogar,48.11
46481487,Hogar,217.69
40654507,Hogar,134.26
46300673,Ropa,100.58
36545164,Libros,55.63
44637911,Libros,44.82
4695836,Libros,41.41
31715882,Belleza,55.74
4702768,Deportes,275.02
46904192,Libros,6.78
35248304,Hogar,299.33
47227913,Hogar,283.58
2696608,Libros,24.07
50451904,Libros,16.08
47143131,Hogar,406.66
2119360,Belleza,11.19
42714422,Electronica,151.03
5915915,Electronica,688.76
37635890,Libros,18.89
2507296,Ropa,151.64
48335081,Libros,39.88
35887265,Libros,47.49
40507756,Electronica,520.78
31290352,Hogar,374.15
35355916,Libros,52.43
6986002,Hogar,182.46
4359147,Hogar,179.85
40985297,Ropa,180.99
44612391,Hogar,39.15
45569411,Electronica,557.77
34018126,Belleza,18.65
34438834,Belleza,8.33
46981182,Deportes,62.89
38411109,Libros,28.72
36898940,Electronica,1046.09
32401531,Hogar,155.3
47161220,Belleza,102.71
39300327,Electronica,684.54
34576335,Belleza,116.35
43855557,Hogar,477.77
34315678,Belleza,93.93
2379247,Libros,56.28
46417467,Libros,43.89
31574977,Deportes,360.32
40315222,Deportes,109.86
39828909,Belleza,44.72
34907559,Electronica,1141.75
50135172,Libros,28.35
31994873,Electronica,1264.12
34396019,Electronica,1322.58
35499363,Belleza,39.47
4215003,Electronica,1244.0
2488755,Libros,13.48
44747655,Hogar,177.09
16763509,Deportes,216.83
1816759,Hogar,124.83
2677833,Electronica,889.94
47634493,Hogar,295.67
34565547,Libros,16.38
42887876,Libros,48.76
31807325,Electronica,965.88
34886765,Belleza,41.54
47552013,Hogar,127.61
51751037,Belleza,106.06
2223978,Belleza,101.11
37374271,Ropa,53.65
49338600,Electronica,101.63
46781550,Deportes,325.72
50099331,Libros,38.85
38968298,Libros,10.55
41140295,Electronica,901.67
35248427,Deportes,191.83
41268594,Libros,47.6
44223894,Electronica,353.17
35628131,Libros,29.92
36326322,Belleza,22.97
6194475,Hogar,479.4
34727100,Hogar,392.69
48936217,Libros,45.52
33039212,Ropa,141.14
4936185,Deportes,180.87
4423829,Deportes,370.85
37632806,Deportes,47.71
42698334,Belleza,97.37
6579968,Deportes,101.79
4519364,Hogar,172.15
31272328,Belleza,64.73
32020221,Electronica,1184.85
40651620,Deportes,338.64
53093,Deportes,241.82
45291264,Electronica,634.4
31276869,Deportes,379.67
3415401,Electronica,407.46
43486730,Belleza,97.36
35404898,Hogar,311.84
48798948,Electronica,596.5
3305857,Ropa,10.26
49519343,Electronica,697.57
34844527,Deportes,125.15
33655813,Belleza,17.0
6533530,Libros,9.13
3078778,Belleza,44.97
368558,Libros,38.81
4473362,Electronica,1264.4
410840,Hogar,104.03
48189076,Ropa,90.68
39247294,Belleza,50.07
38883653,Deportes,215.09
31298095,Libros,49.53
42572213,Deportes,230.39
40664206,Hogar,425.63
37181486,Libros,33.52
31254762,Belleza,74.44
42054809,Electronica,684.21
42656227,Deportes,332.78
49261258,Hogar,463.06
46200701,Belleza,78.5
42712498,Belleza,99.39
49237141,Belleza,11.79
3443721,Belleza,109.2
3320807,Libros,15.39
49622984,Belleza,34.5
1207393,Deportes,40.27
46705490,Hogar,483.22
39193638,Libros,51.86
43916238,Belleza,110.02
46008250,Ropa,170.97
46211255,Ropa,101.11
42197642,Hogar,463.18
44326398,Electronica,1455.74
36433289,Electronica,778.72
35641401,Libros,14.66
49550986,Libros,41.22
34919344,Libros,58.65
50900566,Electronica,1314.61
31704053,Ropa,173.74
45637581,Electronica,1404.04
40597564,Deportes,359.7
31447490,Belleza,94.27
3169389,Libros,44.51
37567190,Ropa,60.31
38900210,Hogar,316.35
31290348,Hogar,267.92
33201097,Belleza,104.12
6019666,Ropa,103.43
47380218,Electronica,235.23
36367669,Electronica,57.21
34635102,Deportes,277.59
50449419,Deportes,228.97
46025868,Electronica,529.9
31651829,Hogar,96.95
37072652,Libros,30.67
14838459,Hogar,63.64
42882267,Deportes,147.72
39761965,Belleza,48.61
3427040,Electronica,725.15
41880635,Deportes,197.32
37312218,Deportes,117.66
49581998,Libros,51.76
39943662,Electronica,565.54
49623332,Libros,17.63
32071890,Electronica,304.92
46843184,Libros,22.74
31185436,Hogar,47.76
35737545,Belleza,8.78
48122945,Belleza,74.59
42828975,Electronica,947.76
31509028,Ropa,110.62
42622154,Deportes,309.67
48598240,Deportes,34.88
35782248,Electronica,1407.16
40977398,Libros,10.23
2301680,Ropa,138.06
37164441,Hogar,79.7
31737169,Libros,53.39
39699587,Libros,33.09
35489113,Electronica,169.33
3154076,Electronica,944.25
33077454,Deportes,23.46
33687387,Electronica,1175.23
33511579,Electronica,993.35
44346511,Electronica,358.31
2772501,Deportes,162.41
50678235,Hogar,18.79
4014582,Hogar,351.44
3042613,Electronica,517.87
48755817,Deportes,237.2
49055718,Hogar,479.01
38425742,Libros,21.47
49619845,Hogar,495.27
47295642,Hogar,321.87
35224961,Deportes,111.99
5888134,Libros,29.02
1069647,Deportes,301.37
6257690,Electronica,697.39
35662403,Belleza,12.88
42423091,Hogar,96.77
4051178,Belleza,96.0
42656983,Deportes,266.38
33017980,Deportes,236.53
41782531,Deportes,83.7
46015113,Belleza,101.34
51277328,Deportes,385.08
46358751,Electronica,109.29
51491322,Deportes,49.65
33906453,Ropa,178.1
2302249,Belleza,98.79
3939603,Ropa,127.41
6581161,Deportes,379.09
45548052,Electronica,987.32
46323442,Hogar,119.75
36513305,Libros,45.08
50839037,Libros,40.51
32280256,Deportes,394.58
42451913,Electronica,360.15
51006574,Belleza,73.76
38132694,Ropa,158.23
34044543,Ropa,74.41
51664679,Ropa,82.14
37214578,Belleza,107.11
37287142,Libros,27.23
31265018,Electronica,955.86
32746434,Belleza,107.26
38557587,Ropa,49.87
41094778,Deportes,393.11
51468376,Hogar,355.45
31325549,Belleza,62.05
36315496,Belleza,54.56
6716859,Electronica,1433.83
4923332,Electronica,348.3
41723136,Belleza,40.84
4360492,Ropa,68.48
7736899,Hogar,155.17
46313636,Electronica,729.38
37960055,Ropa,197.94
42737743,Deportes,357.74
36526002,Electronica,525.53
4570553,Ropa,90.35
38614758,Ropa,137.2
571158,Hogar,23.32
31882981,Hogar,412.77
40119690,Deportes,354.32
41880577,Ropa,172.87
9512377,Libros,25.63
3069769,Ropa,97.78
6531339,Hogar,21.01
39172438,Libros,26.97
85735,Electronica,717.62
5897700,Electronica,1365.11
43936060,Belleza,107.81
48872975,Hogar,483.56
38924448,Belleza,106.79
3447344,Libros,5.45
4695869,Hogar,326.11
105977,Deportes,45.93
50845577,Ropa,61.79
46463478,Deportes,239.76
4906481,Libros,43.53
50416138,Hogar,332.5
33673901,Libros,7.7
18659759,Ropa,29.68
2475546,Electronica,236.45
35183597,Electronica,182.55
46144228,Libros,14.8
46524972,Belleza,84.18
43856011,Hogar,417.96
31743170,Hogar,213.27
38416886,Electronica,1054.53
32492841,Deportes,96.01
47479809,Ropa,194.92
34453775,Deportes,153.0
35540301,Deportes,341.43
51013218,Libros,57.0
4050847,Electronica,1303.84
35608497,Electronica,147.25
47383084,Electronica,992.95
48176314,Libros,11.6
41653705,Belleza,5.65
13180609,Deportes,39.68
41180239,Libros,55.39
32228068,Hogar,455.6
42131718,Ropa,52.91
38503915,Belleza,67.91
2077587,Hogar,478.19
3024984,Deportes,208.75
6516727,Electronica,620.69
32605169,Deportes,203.63
41967998,Libros,48.46
34610476,Ropa,100.68
4832753,Libros,48.08
39562951,Belleza,54.65
45585831,Belleza,33.98
5054638,Ropa,72.03
44166880,Hogar,52.74
31061813,Hogar,256.23
50250417,Belleza,22.03
50454047,Belleza,98.33
6988267,Electronica,659.86
32551489,Hogar,386.03
32284248,Ropa,191.35
46252686,Hogar,427.0
46708454,Electronica,1429.62
51168945,Libros,36.24
47026154,Belleza,24.01
48261703,Belleza,112.57
42254522,Electronica,1309.33
40185916,Ropa,174.24
37114352,Belleza,84.73
37038502,Deportes,257.47
4769688,Belleza,6.69
36765150,Deportes,304.26
37723938,Electronica,182.73
32077799,Electronica,426.64
33012520,Belleza,68.42
5939047,Hogar,234.09
43876701,Deportes,25.99
38792104,Ropa,166.56
46282394,Belleza,106.06
42588963,Ropa,139.56
35168767,Belleza,67.22
2279899,Hogar,480.96
44280159,Hogar,73.18
37380515,Hogar,372.89
43538705,Libros,12.06
44142159,Hogar,200.19
41172453,Electronica,898.95
37635531,Electronica,1118.78
3900661,Libros,5.2
35499759,Deportes,119.03
36481475,Ropa,112.26
2364978,Belleza,66.28
4437094,Belleza,78.33
35628134,Libros,21.71
44184954,Electronica,833.77
34970454,Belleza,26.83
41766157,Electronica,320.96
45999515,Deportes,239.09
33115452,Ropa,140.24
6631401,Deportes,65.75
4153993,Libros,11.75
2036591,Hogar,289.17
6337777,Hogar,146.0
6269758,Hogar,205.31
5057613,Deportes,172.28
35858085,Belleza,25.53
1751676,Ropa,10.25
32170207,Hogar,428.78
36304720,Libros,44.33
35163523,Libros,42.98
32146979,Hogar,280.05
49698538,Hogar,354.97
44172268,Ropa,187.78
7145018,Hogar,337.85
48502085,Ropa,60.37
45023678,Libros,36.38
31276754,Hogar,229.53
4354511,Deportes,231.44
44051794,Deportes,216.69
36874547,Libros,52.23
47314666,Ropa,133.84
50408435,Deportes,91.73
32040164,Ropa,21.97
34924546,Deportes,181.26
46783005,Deportes,25.93
31110621,Ropa,70.48
6703545,Belleza,47.32
50274223,Deportes,162.72
39283113,Hogar,489.98
44193724,Libros,21.71
31479909,Belleza,35.5
51028660,Ropa,34.58
37254324,Belleza,63.77
6354297,Electronica,272.83
46485752,Electronica,943.63
46665597,Deportes,78.96
49014121,Deportes,239.14
46812091,Hogar,415.74
42648243,Libros,7.34
42042615,Belleza,53.27
41117501,Electronica,718.52
46285162,Deportes,320.61
1008384,Libros,30.74
38170502,Belleza,70.27
49998804,Deportes,320.66
32638196,Deportes,232.71
40194875,Electronica,569.53
43263988,Electronica,174.47
43827996,Deportes,297.37
39790917,Ropa,175.52
6904337,Deportes,388.62
31973784,Libros,55.96
31069435,Deportes,323.02
32213498,Hogar,327.08
33700603,Hogar,394.01
33946299,Hogar,224.56
48597277,Ropa,123.01
50947797,Ropa,76.25
34609650,Deportes,144.15
34473675,Hogar,382.0
32078379,Ropa,96.25
50542369,Electronica,357.63
36482254,Deportes,96.74
49752960,Libros,52.25
31161394,Belleza,82.94
44770047,Deportes,227.5
43154971,Belleza,51.11
37127683,Hogar,223.95
6928954,Belleza,11.61
32661226,Hogar,235.63
36503135,Electronica,1203.41
47975737,Belleza,49.62
31646798,Deportes,165.76
42382028,Hogar,22.62
47225448,Deportes,193.98
32194595,Ropa,14.81
38563409,Hogar,291.62
36531989,Belleza,63.28
32125793,Hogar,422.4
31736706,Deportes,241.08
44752762,Electronica,518.97
35701275,Hogar,265.37
37144490,Belleza,85.47
3302852,Ropa,27.85
48526663,Libros,39.16
36733980,Electronica,1379.11
3872791,Ropa,66.83
5563539,Hogar,318.91
3332813,Deportes,332.11
32977867,Deportes,214.49
4782121,Belleza,87.57
42423220,Deportes,138.18
39770457,Electronica,493.78
3131859,Deportes,273.68
35194790,Belleza,86.12
5054214,Libros,56.54
3338298,Hogar,124.05
45981265,Hogar,242.09
2865438,Deportes,115.2
6977819,Ropa,25.22
46313411,Hogar,210.57
4025502,Libros,25.57
32959300,Deportes,122.76
41723100,Belleza,39.15
47210215,Libros,24.82
48018522,Deportes,395.76
40404789,Libros,48.06
43802766,Hogar,49.63
41657105,Belleza,105.33
6755385,Deportes,260.66
39646130,Electronica,1341.36
44305258,Belleza,44.3
35592873,Electronica,723.55
879004,Libros,54.29
50228705,Ropa,61.79
35717151,Belleza,110.28
39410677,Libros,50.57
1306770,Electronica,1471.81
32750103,Hogar,172.26
40101719,Hogar,129.34
3048923,Ropa,72.86
40439223,Belleza,114.78
42469225,Belleza,43.3
44486509,Belleza,70.0
3905435,Libros,27.2
49967480,Ropa,85.28
2803837,Belleza,27.24
6361591,Libros,34.54
46002669,Hogar,426.96
49303336,Electronica,121.75
38650635,Libros,53.91
31278768,Hogar,337.75
39544762,Hogar,314.12
1246684,Electronica,957.56
32242277,Hogar,158.69
47296184,Ropa,88.88
31086015,Electronica,1208.97
46568193,Hogar,163.59
31575822,Deportes,198.61
33644430,Libros,6.08
6540298,Hogar,370.78
50328174,Ropa,89.36
37637915,Belleza,65.42
3373718,Hogar,70.62
38132688,Belleza,119.05
47952323,Deportes,134.94
47933669,Hogar,322.97
42740552,Electronica,892.79
6415539,Belleza,95.29
41656830,Deportes,131.66
45607550,Electronica,1146.09
4129569,Electronica,604.63
43472220,Electronica,646.18
33524174,Electronica,1025.43
3175140,Hogar,395.38
6992526,Libros,41.68
3565582,Hogar,451.44
44143896,Hogar,153.3
36308140,Deportes,362.23
34635405,Deportes,69.73
3945560,Libros,41.27
38916533,Deportes,228.1
36865937,Ropa,103.98
32056111,Libros,22.1
50974714,Deportes,211.42
76600,Libros,13.9
31283972,Hogar,194.12
38036371,Hogar,62.86
32240189,Libros,36.45
47084177,Ropa,28.2
32444788,Ropa,40.47
41666979,Libros,9.7
49542670,Deportes,164.9
37174690,Belleza,101.83
32798508,Ropa,182.31
146563,Electronica,154.24
42358163,Hogar,322.76
37342960,Libros,42.64
41712019,Electronica,823.97
35087757,Libros,41.68
37128504,Hogar,128.34
45735710,Hogar,252.48
42553820,Ropa,84.27
34704971,Ropa,27.04
36460471,Electronica,957.06
34711018,Libros,32.24
38929749,Hogar,148.46
46365911,Electronica,736.84
31225223,Belleza,94.16
35157566,Electronica,1212.4
36519198,Deportes,266.82
7264351,Electronica,728.23
35543824,Deportes,238.78
4974057,Deportes,166.31
34582740,Deportes,68.09
44414863,Belleza,49.35
47314743,Electronica,818.98
44597205,Electronica,918.31
31768649,Belleza,112.62
48417123,Hogar,392.01
31906734,Ropa,38.88
48974409,Electronica,302.56
47241606,Ropa,29.09
31298889,Libros,45.6
32575785,Libros,43.84
47360283,Belleza,118.43
50885737,Libros,33.71
37235026,Libros,50.45
33197084,Hogar,294.57
41259193,Hogar,438.93
750537,Hogar,364.7
50752925,Libros,40.36
37794576,Belleza,69.99
34397791,Deportes,294.73
4231035,Deportes,179.47
37622013,Ropa,28.35
38231619,Deportes,35.19
40926885,Deportes,202.03
35041061,Hogar,305.66
35298438,Hogar,53.24
35879578,Libros,20.78
41124486,Ropa,71.19
43235926,Electronica,866.05
6976447,Ropa,62.91
41027588,Ropa,28.17
33926864,Belleza,23.96
3970048,Libros,14.57
37710520,Belleza,101.91
6898142,Ropa,64.02
34250185,Ropa,145.79
7158790,Ropa,117.89
3088242,Deportes,391.27
31077710,Belleza,36.37
37020595,Ropa,40.09
38327113,Hogar,40.24
31140103,Libros,18.25
48045239,Libros,42.62
39014826,Hogar,56.35
44640453,Libros,18.46
2486081,Deportes,345.02
49581565,Deportes,241.52
1207136,Electronica,150.81
46287402,Electronica,119.14
41700112,Electronica,138.63
44309914,Libros,56.8
44311916,Deportes,342.95
33411721,Deportes,341.08
46415410,Deportes,371.2
42940412,Hogar,260.05
48229798,Deportes,113.99
50383451,Hogar,209.65
36514310,Electronica,1092.35
2485932,Electronica,1320.25
42762721,Libros,28.93
43322494,Electronica,826.3
33755525,Libros,56.25
49417345,Ropa,30.42
42267588,Ropa,173.84
34308356,Belleza,23.32
46255716,Libros,31.61
3327096,Belleza,30.12
38896301,Belleza,74.34
4709441,Ropa,116.13
46478339,Libros,25.9
45035040,Ropa,174.03
6634723,Belleza,80.88
38271801,Libros,44.67
192926,Belleza,22.33
3896300,Deportes,355.6
32993859,Libros,14.19
39942269,Libros,17.25
43325267,Belleza,19.73
31069882,Deportes,187.34
2516938,Hogar,445.54
33732278,Ropa,57.97
4102021,Belleza,47.98
37595678,Libros,51.53
35137021,Ropa,127.38
39635392,Ropa,152.81
36873551,Ropa,50.66
41794817,Hogar,362.5
33700324,Electronica,380.04
39589633,Belleza,118.54
4238038,Electronica,861.83
33923716,Electronica,1058.68
6335900,Electronica,221.68
31702141,Ropa,57.62
35615600,Deportes,73.1
45266601,Ropa,84.13
40528857,Ropa,63.99
34984668,Libros,45.31
44490321,Libros,10.98
3786949,Electronica,1140.49
47452318,Ropa,18.68
42920167,Electronica,342.93
36256339,Libros,48.56
47042251,Deportes,302.26
49640977,Belleza,59.78
2197691,Electronica,122.47
34827101,Deportes,251.76
41275154,Belleza,51.77
42714358,Hogar,168.52
42236666,Electronica,978.6
42767082,Electronica,683.09
45194565,Hogar,59.82
39561545,Hogar,459.24
35531350,Electronica,1178.81
33369785,Hogar,42.34
45607399,Ropa,109.76
48382783,Belleza,14.59
41173063,Belleza,101.29
49413518,Belleza,75.5
1764239,Ropa,42.77
44597761,Hogar,25.06
31771078,Deportes,32.0
32948234,Hogar,261.07
46653459,Electronica,1114.84
6337513,Libros,11.65
36524490,Belleza,30.45
3820025,Hogar,173.72
31245128,Deportes,102.87
4245772,Electronica,617.44
36861441,Ropa,116.33
48304164,Ropa,140.14
38873594,Deportes,386.23
3284993,Electronica,1399.72
7066663,Belleza,70.56
42748786,Hogar,371.06
46773351,Electronica,1428.76
42887818,Ropa,25.86
9558017,Deportes,22.14
6137175,Deportes,31.32
43413177,Hogar,288.22
46834574,Deportes,309.88
48351472,Deportes,159.49
4522345,Electronica,840.6
33660825,Belleza,64.38
46958902,Hogar,60.96
4442514,Electronica,516.3
38780299,Belleza,7.24
41922228,Electronica,210.52
25729159,Libros,49.65
1763713,Electronica,1252.65
35634050,Deportes,324.74
6383194,Belleza,88.58
50257790,Hogar,399.76
44606852,Hogar,340.43
6531457,Belleza,82.03
33911250,Deportes,273.6
4102300,Ropa,107.67
31436599,Electronica,576.85
31290130,Deportes,297.47
32065337,Libros,21.43
32692195,Belleza,67.43
40656200,Electronica,678.37
2486129,Hogar,149.16
39181341,Ropa,195.19
49136847,Libros,19.23
31724835,Hogar,165.01
47729502,Belleza,23.58
42626448,Electronica,1243.32
35251694,Belleza,72.46
39363074,Electronica,938.91
37115277,Deportes,331.81
48405586,Ropa,75.15
5058679,Deportes,93.58
1787025,Deportes,95.39
31557817,Belleza,89.25
4230894,Ropa,126.68
39097398,Electronica,349.19
38303051,Electronica,260.34
48890182,Libros,11.64
46703172,Hogar,319.48
47153294,Libros,5.01
49863408,Libros,6.01
5747132,Electronica,614.85
39045682,Belleza,84.51
49592995,Deportes,284.11
41767760,Deportes,183.44
40660539,Deportes,282.61
44206118,Ropa,109.01
3690648,Electronica,1466.55
45029305,Belleza,23.68
5898321,Ropa,124.13
44046385,Hogar,253.25
46703064,Belleza,27.36
48790111,Libros,46.25
47864484,Belleza,36.68
31283113,Belleza,48.9
45347785,Deportes,162.44
40443247,Belleza,33.08
6237993,Libros,28.69
40512068,Libros,31.03
42511979,Electronica,1129.12
46026074,Belleza,92.98
40302071,Deportes,80.25
45555884,Belleza,73.17
4910199,Hogar,449.66
37427393,Hogar,67.76
38922412,Deportes,199.71
49628688,Electronica,1138.01
33673449,Electronica,936.66
3304877,Libros,10.53
6411705,Libros,26.81
36834538,Ropa,106.38
47002179,Deportes,398.42
33976452,Belleza,25.54
46308081,Deportes,393.32
34833920,Ropa,81.47
31504277,Libros,16.02
6391715,Deportes,177.36
3786595,Deportes,253.32
45524227,Libros,16.74
38430156,Ropa,65.37
35542828,Libros,52.0
48890217,Electronica,1498.56
35665543,Belleza,41.59
31280029,Libros,13.19
31079503,Ropa,160.7
7050439,Hogar,306.22
35247597,Electronica,195.58
41059568,Hogar,474.18
49327378,Libros,9.29
41728243,Electronica,956.77
35248275,Belleza,53.75
36831594,Libros,35.61
34531744,Belleza,29.52
2341915,Deportes,281.48
46378036,Hogar,480.46
34584726,Electronica,714.72
44294367,Belleza,65.14
31677148,Ropa,55.56
39571212,Belleza,107.56
2747651,Ropa,194.52
43784720,Libros,48.25
4544118,Electronica,837.02
6861684,Belleza,115.03
37680616,Belleza,22.69
38342350,Electronica,743.81
39714400,Belleza,66.82
47170952,Ropa,103.46
35470357,Belleza,97.28
48045462,Hogar,340.15
35583354,Libros,11.97
36324194,Deportes,151.65
7050323,Ropa,74.42
48919951,Hogar,289.33
38332042,Libros,21.03
41666119,Electronica,220.04
44128500,Ropa,134.2
146475,Deportes,343.39
47314752,Libros,56.24
31124077,Deportes,389.58
35637001,Electronica,1182.62
34556575,Electronica,252.57
37706413,Ropa,172.09
6605779,Belleza,51.0
4405349,Electronica,1108.37
36865420,Libros,34.22
33172156,Belleza,100.29
2831673,Hogar,221.37
40385258,Deportes,43.48
32131160,Belleza,69.03
37635849,Deportes,85.09
6309624,Belleza,116.03
32510844,Hogar,270.58
6535860,Electronica,852.66
51905901,Hogar,455.02
38277966,Electronica,955.65
3259906,Electronica,488.96
1070391,Deportes,132.52
50712109,Libros,32.59
36486927,Hogar,435.3
35606231,Belleza,96.39
44138566,Hogar,481.93
3482535,Deportes,47.32
44142374,Electronica,439.07
35183487,Deportes,50.48
43460566,Ropa,152.71
37503886,Ropa,36.76
33094856,Belleza,16.49
35527360,Deportes,233.44
37760275,Belleza,52.32
55578837,Belleza,87.24
33167543,Ropa,102.53
40256975,Belleza,53.91
34576042,Ropa,90.85
31503181,Electronica,1314.22
6257871,Deportes,170.19
32071785,Belleza,43.34
1247589,Ropa,74.32
53486225,Hogar,110.35
35136467,Belleza,103.98
6520085,Libros,13.06
35639111,Electronica,1367.49
44601279,Electronica,461.03
35404368,Hogar,451.22
45742721,Ropa,160.26
42112890,Belleza,71.93
6406331,Ropa,137.2
32708305,Electronica,522.47
46416049,Ropa,119.1
34162428,Electronica,473.98
47416059,Ropa,86.43
48682394,Hogar,385.86
47668431,Deportes,112.69
6808807,Hogar,421.84
39950409,Hogar,197.3
46477489,Deportes,222.22
2574699,Deportes,377.94
32238589,Belleza,83.34
34427682,Belleza,79.24
51530385,Hogar,360.13
124142,Hogar,460.28
35568631,Electronica,410.34
48981755,Electronica,939.2
39200792,Belleza,51.05
46522697,Libros,5.65
43468130,Libros,11.89
33126649,Belleza,42.37
51000982,Electronica,869.25
51381703,Electronica,1328.14
36678785,Libros,48.51
47339314,Ropa,115.13
47168534,Ropa,24.04
44074420,Electronica,464.56
50833354,Ropa,79.67
46280091,Deportes,256.25
49055914,Belleza,12.47
43144585,Belleza,65.97
30156309,Electronica,1357.12
50248395,Hogar,357.13
46003896,Libros,48.84
34002955,Electronica,1038.43
6918590,Ropa,49.25
52864115,Libros,11.08
41973672,Hogar,417.3
6019665,Ropa,142.15
50801602,Deportes,238.52
52626357,Ropa,45.96
47471435,Deportes,249.27
42336231,Libros,6.72
47009067,Deportes,65.16
3131223,Libros,22.15
39678050,Libros,29.41
50345364,Libros,11.63
31169648,Libros,11.6
1263939,Libros,44.92
39769230,Ropa,118.25
30584109,Libros,34.36
31714034,Ropa,95.96
49307363,Libros,58.71
51288942,Deportes,38.92
42355263,Libros,14.93
42724210,Hogar,329.04
48726816,Libros,12.5
47944119,Libros,37.42
46316775,Deportes,235.75
52921471,Belleza,116.67
33961843,Deportes,355.69
7144251,Hogar,473.59
1147634,Belleza,18.06
31569001,Electronica,1308.82
37735467,Electronica,237.18
4364311,Hogar,321.97
1263098,Deportes,293.63
36308797,Ropa,40.56
46369384,Hogar,321.84
52801565,Belleza,11.03
41272647,Belleza,38.73
35109064,Libros,55.66
32396886,Electronica,299.01
36977598,Belleza,12.51
46534559,Hogar,230.18
33518262,Belleza,102.82
38230216,Hogar,52.19
52645903,Ropa,77.55
35461379,Libros,54.49
31972019,Electronica,221.33
3787475,Belleza,40.73
45540731,Hogar,392.53
45192804,Deportes,226.42
2265906,Electronica,1256.88
6251534,Ropa,31.2
49176173,Hogar,461.47
2729003,Libros,56.42
44377405,Libros,13.54
34764202,Ropa,16.44
34348570,Ropa,198.07
43428535,Libros,31.52
48343342,Belleza,70.79
7040343,Belleza,75.83
38321363,Hogar,397.99
47418656,Deportes,328.56
6694585,Hogar,109.05
49286985,Deportes,109.92
34090050,Ropa,176.6
50140934,Electronica,1238.3
36254517,Hogar,314.55
34978026,Hogar,497.43
52312239,Deportes,299.37
25939509,Ropa,51.01
32129949,Ropa,170.86
5218013,Deportes,177.6
48529651,Ropa,16.87
35708791,Libros,22.68
25337459,Belleza,92.81
6687830,Libros,57.81
34232320,Electronica,450.4
34395008,Hogar,134.56
42055877,Electronica,867.24
3334310,Hogar,408.67
50079980,Belleza,90.85
2763586,Ropa,116.39
52895710,Libros,39.73
50601811,Deportes,112.0
48468634,Libros,28.79
41475651,Belleza,34.37
4935205,Electronica,1332.41
40234419,Deportes,62.77
43333251,Ropa,139.15
41019718,Belleza,34.93
47006117,Deportes,200.72
33269834,Belleza,39.43
41075705,Belleza,42.17
42614151,Ropa,59.47
3988356,Hogar,380.1
32431297,Deportes,158.97
4361268,Ropa,148.01
34409893,Belleza,57.45
42745848,Ropa,113.98
47099110,Hogar,278.49
49522240,Libros,58.67
32778157,Deportes,159.48
42520535,Hogar,115.73
5772640,Electronica,1372.1
31929501,Deportes,86.44
38578551,Hogar,419.7
37279929,Belleza,22.27
33155724,Deportes,270.32
47480490,Deportes,77.21
52286907,Ropa,185.39
46374188,Belleza,69.98
55057177,Electronica,527.45
2831879,Libros,12.72
48318343,Hogar,195.03
51829995,Ropa,143.95
48317283,Hogar,201.7
31363964,Electronica,406.84
47047967,Electronica,887.24
2916326,Deportes,178.77
44426177,Electronica,290.42
28306909,Hogar,89.68
46282659,Belleza,86.36
42761800,Belleza,117.09
46759342,Deportes,108.58
37734166,Libros,47.52
39912562,Hogar,57.49
42357765,Hogar,200.06
4527737,Electronica,784.7
7064271,Hogar,145.34
31377755,Ropa,110.62
48659061,Libros,53.54
40058045,Electronica,1419.44
32755124,Ropa,29.11
46777969,Deportes,123.3
48885562,Belleza,117.6
4654369,Deportes,122.76
32864355,Belleza,84.66
46062890,Deportes,116.31
54291937,Hogar,187.84
40142124,Ropa,46.34
32031663,Belleza,103.47
32213451,Electronica,1329.84
48982566,Ropa,66.41
48595016,Electronica,1244.21
52155278,Ropa,78.07
32273787,Ropa,28.81
35772516,Deportes,308.07
36529946,Belleza,73.59
39711446,Belleza,36.55
37542386,Ropa,58.07
36513505,Hogar,488.18
47479626,Hogar,433.31
53035090,Electronica,1224.21
34435503,Electronica,235.63
32900868,Deportes,306.97
50030305,Ropa,50.76
43855204,Electronica,1467.21
39142651,Electronica,125.53
44598399,Libros,24.37
51806594,Ropa,91.44
48144027,Deportes,333.2
41513846,Electronica,1161.02
46080584,Deportes,162.5
46717963,Belleza,70.04
38633561,Deportes,337.53
31807445,Hogar,23.83
48705160,Hogar,404.06
1069269,Deportes,379.82
32033077,Hogar,30.55
38614424,Belleza,10.24
34339294,Ropa,75.46
41055753,Hogar,57.57
46292490,Hogar,247.45
35042121,Deportes,296.91
46248934,Belleza,70.19
6534679,Ropa,47.32
282476,Deportes,268.83
35470352,Deportes,280.24
48091683,Libros,56.28
25795609,Belleza,21.88
2832723,Ropa,141.54
36806645,Belleza,109.81
36556242,Ropa,105.3
6767648,Belleza,46.61
35413148,Deportes,84.88
3747688,Deportes,349.38
3735635,Electronica,621.66
49979524,Hogar,463.57
37144733,Libros,51.63
52767414,Belleza,48.31
46703616,Libros,36.57
48071385,Electronica,89.4
32161249,Hogar,142.66
38562726,Belleza,86.68
31763452,Ropa,138.8
53034657,Hogar,186.38
37701354,Deportes,327.27
3285326,Electronica,391.96
577589,Hogar,238.72
49940855,Hogar,244.18
2187962,Deportes,149.51
52654716,Belleza,114.79
37745272,Ropa,142.37
45615711,Deportes,224.9
36374892,Ropa,107.0
33279074,Belleza,23.32
50456267,Hogar,195.51
36433428,Ropa,137.83
50804174,Electronica,1390.63
31729374,Electronica,1233.87
34829644,Deportes,134.15
46658670,Belleza,54.91
37149963,Deportes,51.51
44138123,Deportes,58.83
44854231,Libros,30.86
44751030,Deportes,221.48
32050259,Libros,19.52
31714633,Electronica,982.03
32117723,Electronica,1069.9
32699421,Deportes,133.66
36810510,Electronica,1149.72
44821943,Belleza,28.64
36486621,Libros,34.93
47341784,Libros,49.24
32612523,Deportes,224.06
39288821,Electronica,1366.55
726194,Ropa,21.12
9502748,Libros,37.36
6019667,Deportes,233.47
37144354,Deportes,270.93
46516465,Belleza,100.84
37629243,Hogar,367.04
40376316,Hogar,398.29
2803890,Libros,20.88
46207224,Belleza,49.56
51063536,Belleza,77.08
36502443,Belleza,68.65
6008841,Libros,57.86
52991457,Hogar,105.61
52320066,Belleza,45.4
42729259,Electronica,880.5
52665415,Deportes,349.83
34408527,Deportes,373.15
34738286,Ropa,73.85
39094141,Ropa,22.75
39837792,Libros,28.19
35158448,Libros,26.69
41772856,Deportes,394.87
31948149,Electronica,675.04
2186706,Hogar,163.28
41692115,Hogar,192.21
34454481,Libros,26.83
4027570,Electronica,1241.23
31716873,Libros,9.46
48820045,Hogar,168.51
31972000,Libros,58.15
42678277,Belleza,22.61
2037852,Libros,45.84
32634581,Deportes,155.43
35169478,Libros,37.0
50392850,Deportes,57.83
46687755,Electronica,494.3
46738133,Hogar,257.92
46283255,Ropa,54.02
49616728,Ropa,112.96
38944437,Hogar,121.58
929794,Ropa,133.52
2606391,Libros,54.74
40570325,Electronica,173.96
50199181,Electronica,364.09
35558991,Hogar,424.55
45753524,Ropa,130.0
42731676,Libros,9.33
410485,Electronica,755.21
38618768,Electronica,354.15
43416718,Belleza,27.9
4447931,Belleza,113.17
48361638,Electronica,1154.24
49720426,Hogar,352.67
51159684,Deportes,110.79
35135965,Deportes,65.06
48919600,Libros,52.9
4479949,Electronica,58.53
51428639,Electronica,612.74
47149641,Electronica,452.54
2427015,Hogar,291.63
50724142,Belleza,33.81
32193217,Electronica,501.25
4050088,Electronica,1282.56
32721660,Ropa,124.61
49633045,Hogar,85.66
50083016,Libros,44.96
37834316,Electronica,350.82
7157050,Ropa,92.27
46747623,Deportes,265.71
48911838,Libros,19.96
51067064,Electronica,606.95
4490016,Electronica,1114.52
49334240,Ropa,188.2
47010764,Hogar,271.68
47025127,Electronica,64.46
47106495,Deportes,148.62
48521652,Electronica,628.02
2842232,Deportes,148.89
2827170,Libros,28.99
4623987,Libros,39.8
44042610,Belleza,18.93
51164206,Belleza,36.35
48074834,Deportes,212.91
37658126,Hogar,168.05
44615790,Electronica,1487.07
503391,Electronica,675.58
32120195,Belleza,105.03
47405909,Deportes,360.67
43214141,Electronica,1262.21
44077173,Electronica,118.0
6815830,Hogar,474.66
36398124,Ropa,34.46
51030252,Belleza,8.96
3230454,Belleza,52.65
39235735,Ropa,46.98
39733038,Electronica,317.08
48745840,Hogar,154.59
31507752,Hogar,135.48
49978682,Belleza,83.75
43556169,Hogar,105.59
3251285,Libros,34.87
40577180,Ropa,197.42
6483357,Electronica,676.95
47122586,Libros,40.3
2489693,Ropa,194.18
47959266,Deportes,72.3
45298157,Belleza,53.14
44140610,Hogar,427.34
51530051,Deportes,374.28
35451954,Hogar,306.6
49149298,Libros,12.89
24757459,Electronica,1357.13
5946904,Electronica,302.95
5473053,Electronica,561.67
47886976,Hogar,197.12
31703755,Deportes,189.97
46663539,Electronica,1195.74
49983902,Deportes,324.81
6063304,Hogar,364.03
3226416,Libros,6.22
38547962,Deportes,234.64
49366616,Libros,46.11
32309727,Hogar,230.64
48165679,Hogar,473.29
48013567,Belleza,99.74
36289019,Hogar,324.51
46656096,Hogar,45.28
35611684,Ropa,133.95
33955866,Electronica,1371.79
52315476,Belleza,48.64
44469406,Belleza,101.39
2585586,Belleza,41.01
37828640,Ropa,118.32
35539407,Libros,40.66
35813006,Hogar,343.83
5058226,Electronica,1329.7
49843862,Deportes,109.16
2005620,Libros,19.43
1234193,Hogar,356.46
49083292,Ropa,43.67
4491011,Hogar,240.17
46795320,Hogar,24.72
47647717,Ropa,36.79
5777916,Belleza,83.07
4922814,Belleza,90.96
50811290,Electronica,217.21
4955743,Electronica,380.18
44605134,Belleza,16.37
4821322,Libros,28.84
39727770,Deportes,67.92
47199655,Hogar,227.09
47324623,Deportes,298.2
41772566,Hogar,346.44
39601225,Belleza,37.25
48574245,Electronica,1026.96
31510660,Libros,56.02
40768230,Electronica,553.91
33041752,Deportes,145.07
37182630,Electronica,878.59
31571582,Belleza,33.23
6531654,Libros,40.84
43197958,Deportes,336.26
3383854,Libros,30.26
35241231,Hogar,344.56
46937455,Electronica,995.23
36524435,Libros,7.13
7075824,Ropa,44.85
8318172,Electronica,1345.62
35027825,Hogar,470.36
46848985,Libros,47.92
6019285,Deportes,370.07
50976582,Hogar,163.48
34687794,Ropa,57.07
40271046,Libros,26.14
34352827,Belleza,11.36
3900675,Electronica,1224.31
47959762,Deportes,393.99
35018539,Belleza,99.76
3177301,Libros,35.52
40304298,Libros,21.24
31069126,Hogar,110.88
34425648,Libros,25.02
52120718,Deportes,273.45
39170715,Belleza,56.41
1246725,Deportes,374.94
35741200,Ropa,172.3
45741529,Ropa,29.46
53091,Electronica,240.71
26628659,Electronica,1030.55
3485801,Ropa,53.85
750817,Libros,48.51
40294058,Deportes,244.72
48509355,Ropa,53.67
6109933,Electronica,744.1
47152905,Ropa,87.15
52204990,Libros,53.02
4515319,Ropa,16.11
6857833,Deportes,360.42
13875809,Belleza,79.99
32271572,Libros,45.56
50416227,Electronica,53.78
947657,Deportes,258.73
47458887,Ropa,121.81
39419438,Ropa,112.07
1804665,Belleza,95.37
32919889,Electronica,856.01
31303665,Electronica,1292.79
39890474,Hogar,127.83
38828055,Electronica,1218.67
33048683,Belleza,25.62
32815153,Hogar,409.36
34361016,Hogar,471.12
3879263,Ropa,73.78
36692370,Ropa,110.68
41674934,Electronica,1004.58
44463857,Hogar,53.54
49678759,Ropa,103.88
1839331,Belleza,46.47
44596786,Ropa,175.77
2864829,Libros,53.22
1069881,Libros,43.54
44737723,Ropa,134.59
47882541,Hogar,370.84
34414949,Hogar,192.5
49610947,Deportes,173.72
49720711,Libros,35.45
40601230,Belleza,112.87
38659507,Hogar,366.14
48973293,Electronica,848.93
42126630,Libros,47.37
42555439,Belleza,47.65
50016614,Belleza,89.0
1263244,Hogar,214.18
33855665,Belleza,37.16
44192421,Hogar,310.72
42660361,Ropa,140.51
33860321,Libros,30.26
32071790,Deportes,234.89
48889558,Ropa,141.87
6457241,Libros,47.22
46198518,Hogar,449.35
33208666,Libros,24.5
50625987,Hogar,476.47
46037469,Ropa,131.08
51065623,Electronica,1192.17
31459937,Electronica,1064.67
47610966,Libros,16.31
31991157,Electronica,153.59
133152,Hogar,367.25
33369795,Belleza,63.77
43222094,Hogar,355.57
45599083,Belleza,59.84
46430307,Ropa,69.32
37143122,Deportes,128.31
43497416,Belleza,89.01
598211,Electronica,451.33
47418297,Hogar,361.62
46004922,Ropa,82.95
46248838,Electronica,1167.8
36555462,Ropa,37.13
3953477,Deportes,97.89
49056803,Hogar,347.67
39066039,Libros,35.81
35612476,Hogar,113.88
49465153,Deportes,363.07
36360622,Hogar,148.83
34302214,Libros,28.16
3522150,Belleza,28.26
2148891,Ropa,83.73
41690878,Libros,32.04
32501550,Electronica,478.11
33614979,Deportes,312.26
32098737,Belleza,50.3
42238920,Electronica,1107.79
49505474,Electronica,350.25
32009856,Deportes,163.27
105868,Belleza,5.93
46029442,Electronica,1150.02
32811135,Electronica,957.54
44774030,Belleza,99.05
51034512,Hogar,235.97
35885861,Electronica,1209.62
6276842,Ropa,133.04
32289010,Belleza,5.42
51409201,Electronica,417.86
47469562,Deportes,207.68
43785109,Libros,39.03
45220018,Ropa,22.46
32194887,Libros,43.78
45362670,Libros,34.89
35892155,Electronica,812.38
35162165,Ropa,65.49
43914078,Ropa,123.02
48745022,Hogar,28.33
4921573,Libros,8.56
39869437,Ropa,149.44
2243509,Hogar,171.12
3286322,Belleza,44.9
47441085,Hogar,116.07
35628133,Deportes,189.34
37290425,Electronica,125.39
40732272,Belleza,39.54
47436799,Belleza,65.62
46127237,Deportes,196.94
48971313,Hogar,499.84
7149782,Electronica,613.71
33740484,Hogar,202.69
8370627,Ropa,105.68
35146723,Hogar,107.3
32447749,Belleza,105.78
51128802,Electronica,879.79
41639353,Hogar,108.17
47410684,Electronica,1200.49
35318397,Electronica,99.78
4054309,Ropa,196.69
7050193,Ropa,174.38
4263175,Belleza,71.66
49521814,Deportes,62.29
47310266,Electronica,362.15
39659199,Deportes,126.19
41936535,Belleza,32.72
7026437,Electronica,771.4
34321811,Electronica,1419.61
44602305,Libros,29.43
46484312,Deportes,271.39
47318357,Hogar,348.96
42763393,Ropa,175.6
42033033,Hogar,31.4
47373052,Deportes,173.65
34440832,Ropa,159.1
33649240,Hogar,410.21
31989393,Libros,56.0
39132157,Ropa,143.53
46948147,Electronica,405.47
5889245,Hogar,260.25
4077198,Ropa,16.15
42687454,Libros,40.58
35666753,Ropa,115.32
36802078,Ropa,136.7
44061670,Libros,56.16
31929775,Hogar,348.33
51256166,Belleza,41.85
41520628,Hogar,111.39
38185147,Deportes,344.76
43772471,Libros,15.69
42042607,Hogar,93.38
46708088,Ropa,49.26
6044953,Libros,32.99
31647537,Electronica,230.07
282655,Hogar,469.99
4793022,Libros,58.14
39419452,Hogar,487.29
46701144,Libros,7.15
51577294,Ropa,189.78
38853369,Electronica,1496.25
46364076,Electronica,1416.52
36417031,Deportes,274.96
33113487,Libros,43.57
39675926,Hogar,74.29
46514383,Electronica,1317.73
31709154,Electronica,136.48
46453526,Belleza,41.54
9076610,Belleza,118.98
32950064,Electronica,662.38
2959130,Libros,12.21
43905940,Deportes,388.33
39554686,Electronica,1477.0
34395209,Ropa,45.54
6031434,Hogar,434.43
42889637,Deportes,168.36
51120516,Ropa,82.46
2047208,Deportes,119.83
33684119,Ropa,18.49
22738659,Hogar,144.98
36419943,Hogar,41.08
39420236,Belleza,111.3
6127144,Libros,41.39
38430401,Ropa,178.46
48923335,Belleza,87.49
36357275,Ropa,34.94
41173478,Belleza,113.17
45909894,Hogar,451.45
32554190,Deportes,152.27
39760461,Belleza,17.83
40262049,Ropa,143.79
42076996,Ropa,148.39
34324697,Libros,54.33
42579328,Hogar,40.54
50002386,Ropa,36.92
6630843,Electronica,917.46
50032237,Deportes,255.27
6890783,Belleza,8.87
32056108,Libros,26.83
31083649,Deportes,241.98
40386604,Hogar,372.89
40725972,Libros,22.39
32647282,Belleza,60.65
48812801,Belleza,98.62
35884674,Electronica,1433.15
46693413,Hogar,126.7
49744240,Libros,18.92
49582477,Libros,56.69
43387595,Ropa,85.22
46948387,Electronica,1091.61
46067878,Electronica,937.78
35886244,Libros,20.71
34003520,Libros,40.95
47107038,Deportes,269.12
51257149,Deportes,245.13
50413505,Deportes,57.87
3445552,Electronica,1493.0
35750088,Ropa,86.08
44698885,Belleza,78.4
38670343,Deportes,356.59
47591527,Ropa,90.42
31730438,Hogar,390.35
46736307,Deportes,389.29
46863508,Belleza,46.28
32350937,Hogar,211.56
46552281,Hogar,454.2
36532287,Belleza,23.36
47082723,Deportes,30.87
39781174,Electronica,1367.89
48491398,Belleza,99.48
43475096,Belleza,116.85
31999762,Belleza,11.7
48229363,Hogar,90.75
6044350,Ropa,30.01
48376897,Electronica,1040.95
4036591,Deportes,250.28
35353070,Deportes,156.55
44767276,Ropa,20.91
31903266,Belleza,78.56
48996821,Electronica,876.67
48545625,Deportes,62.9
52204754,Libros,54.99
31526711,Deportes,95.6
40416396,Belleza,90.5
50769023,Libros,53.68
1265336,Ropa,120.1
37822925,Electronica,407.93
44305015,Ropa,68.76
35255701,Ropa,178.29
46719056,Electronica,482.47
46837430,Electronica,1131.98
50787237,Deportes,396.26
47323131,Deportes,399.93
46013132,Electronica,823.55
44773992,Libros,50.46
48315850,Hogar,495.27
46703750,Deportes,162.38
36705164,Hogar,137.42
50495455,Libros,11.28
47986100,Electronica,254.3
49857136,Libros,51.95
47841013,Deportes,243.71
43758647,Ropa,176.0
41817408,Electronica,1194.71
5906835,Belleza,82.48
35472886,Hogar,310.52
50674897,Libros,7.66
42603033,Electronica,1314.8
3131442,Libros,27.98
52810181,Electronica,861.69
6611375,Deportes,28.34
34134537,Deportes,375.71
41491597,Deportes,363.04
40558513,Libros,34.88
35808327,Belleza,71.39
34576028,Deportes,287.91
31254392,Electronica,433.81
2087452,Deportes,104.33
48727322,Ropa,138.06
31784124,Deportes,59.68
32939412,Libros,29.97
6316299,Belleza,61.67
42647310,Ropa,82.45
4734798,Libros,15.19
3172516,Libros,24.54
53693684,Libros,23.57
41893981,Electronica,773.94
37545148,Libros,42.11
46081993,Electronica,1453.94
31760535,Libros,12.93
50272969,Hogar,438.41
2852636,Ropa,63.99
33116088,Hogar,301.82
6143386,Libros,35.07
51701892,Ropa,115.82
653959,Ropa,147.44
6616058,Belleza,48.89
47064630,Hogar,169.76
31312767,Belleza,103.08
48480455,Ropa,51.82
47325813,Electronica,311.36
4079093,Ropa,12.97
37318304,Belleza,29.22
6129296,Hogar,266.49
47579398,Libros,34.62
48666737,Libros,18.99
6463407,Hogar,50.05
4904184,Libros,45.96
14182659,Libros,46.69
3283533,Belleza,119.75
34764200,Hogar,451.51
41510958,Deportes,371.9
31081516,Electronica,1207.4
43857968,Electronica,942.48
48666653,Libros,12.07
2304083,Electronica,952.35
32011043,Hogar,42.14
50066508,Hogar,444.37
47315353,Ropa,101.55
32795557,Ropa,142.52
3691333,Electronica,125.75
343384,Deportes,223.01
2876934,Ropa,67.24
2523510,Ropa,64.14
31884886,Hogar,203.98
51481727,Deportes,20.24
597866,Libros,30.67
50115229,Electronica,755.52
47319104,Ropa,173.99
31608496,Deportes,190.44
51307669,Deportes,158.15
32113901,Electronica,1492.38
49237774,Deportes,237.06
50831699,Deportes,199.59
50773671,Deportes,208.46
34426885,Ropa,163.74
47180886,Electronica,543.98
42450997,Deportes,167.88
50965348,Deportes,307.23
31449887,Ropa,23.87
43277408,Electronica,1304.5
32967167,Hogar,223.65
44165312,Ropa,120.45
3725029,Electronica,1148.34
31569468,Deportes,121.1
2798839,Electronica,1340.96
35752975,Electronica,1469.88
33114695,Libros,32.19
3327866,Electronica,1408.56
43178102,Hogar,15.55
3404070,Electronica,1346.64
40731013,Hogar,165.86
52864206,Deportes,138.37
7132664,Hogar,125.62
45603090,Deportes,140.47
40130256,Deportes,101.12
46262919,Hogar,454.35
1173704,Ropa,180.81
3901818,Belleza,16.75
47976276,Electronica,257.14
39035847,Libros,52.41
48632655,Belleza,50.88
32194833,Electronica,295.44
46741621,Electronica,790.47
36948570,Deportes,178.33
46833533,Electronica,367.78
36764991,Libros,44.64
46756788,Electronica,965.37
34455163,Hogar,63.34
50951798,Belleza,111.42
46421359,Hogar,285.86
6844322,Libros,18.76
31784480,Electronica,349.12
43337036,Libros,12.48
43214118,Deportes,181.36
49957069,Hogar,80.74
2783301,Hogar,216.67
31263963,Ropa,38.27
34455395,Electronica,1002.37
50270870,Deportes,318.39
37482229,Hogar,281.52
34553847,Hogar,344.83
35264828,Deportes,376.58
4661182,Libros,40.11
39300246,Libros,25.03
1387917,Electronica,701.75
31716556,Ropa,173.5
46634371,Hogar,78.4
42191139,Ropa,71.89
3900659,Libros,36.75
4582405,Libros,42.2
33009865,Belleza,92.8
48229465,Electronica,511.4
46887183,Belleza,21.77
48670173,Belleza,114.81
43135479,Belleza,13.79
31803352,Electronica,188.92
38420172,Electronica,767.67
39031317,Deportes,331.32
32096499,Ropa,157.16
31723189,Ropa,188.16
2157641,Deportes,73.81
38542073,Deportes,162.78
37261262,Libros,20.52
46677421,Belleza,104.0
32242542,Deportes,205.57
41908419,Hogar,28.02
42794733,Ropa,144.51
3170648,Deportes,167.71
51623653,Hogar,272.61
38862185,Hogar,448.49
76210,Hogar,139.52
47122574,Libros,18.21
50383694,Libros,19.48
36371341,Hogar,178.98
35032039,Libros,10.9
41849946,Belleza,85.18
32119201,Hogar,115.59
34068165,Belleza,111.51
46302453,Belleza,29.8
35651663,Hogar,138.99
38923576,Ropa,66.43
34960035,Hogar,387.74
51034226,Hogar,222.39
47498437,Libros,50.06
48690901,Hogar,395.65
36818199,Ropa,186.6
49871024,Libros,46.61
46668712,Electronica,125.27
38674388,Electronica,1264.06
40456171,Belleza,112.88
47038839,Belleza,119.27
44070768,Ropa,33.8
3260200,Deportes,253.04
42708508,Electronica,339.22
34582284,Belleza,35.19
1305390,Electronica,1131.1
38668252,Ropa,195.76
48228319,Ropa,123.02
34374182,Deportes,343.22
51455895,Deportes,23.38
2934377,Libros,7.01
48771125,Ropa,123.38
6540185,Belleza,49.73
50079966,Electronica,1340.15
38960574,Hogar,161.46
48727990,Deportes,184.18
37115311,Hogar,271.04
34543935,Belleza,36.4
45607551,Deportes,365.23
50993371,Hogar,240.3
41915280,Belleza,53.78
52236364,Electronica,1282.14
32194399,Belleza,40.88
6009715,Libros,49.96
27070159,Deportes,66.46
7721660,Ropa,44.73
47385199,Electronica,1428.72
46245800,Hogar,423.59
44621216,Deportes,167.4
48210597,Ropa,131.31
36821544,Belleza,113.44
47107292,Ropa,50.25
44348602,Deportes,42.42
18363259,Deportes,224.24
5855186,Libros,12.84
51594416,Libros,15.3
32121045,Ropa,179.39
35008722,Belleza,5.85
33349214,Ropa,165.2
40276009,Deportes,216.44
43863929,Deportes,232.53
50376713,Hogar,340.81
41722281,Libros,28.73
49775272,Hogar,71.07
45296128,Electronica,199.09
49641860,Deportes,306.66
37635505,Hogar,122.2
49709496,Ropa,15.34
37036328,Libros,58.88
34540000,Libros,58.92
39349787,Belleza,48.49
47369046,Ropa,14.85
41687640,Belleza,88.64
35299456,Hogar,418.04
3780865,Electronica,231.27
37857084,Ropa,35.74
46989925,Ropa,166.22
2151890,Ropa,185.16
45945462,Belleza,95.94
47122704,Hogar,112.36
3522295,Ropa,88.19
51762668,Ropa,124.16
2555856,Libros,13.82
1069431,Electronica,355.37
47705127,Libros,20.56
51119714,Libros,33.02
46098803,Electronica,790.67
41844012,Hogar,409.93
2702567,Libros,46.42
32044619,Hogar,458.16
35410694,Libros,50.81
42671596,Deportes,116.47
33112555,Electronica,530.38
47643134,Libros,32.52
29759259,Deportes,25.42
32604188,Belleza,108.95
3383716,Deportes,36.85
46645164,Ropa,71.26
51274794,Libros,36.3
76427,Deportes,216.78
43845804,Hogar,332.41
42485802,Belleza,65.66
39722128,Libros,17.6
47335709,Ropa,48.2
34265692,Deportes,364.75
35375805,Belleza,35.36
32284226,Libros,20.45
33914986,Belleza,52.49
49256872,Ropa,36.49
39641351,Deportes,212.76
3766981,Belleza,81.48
49363048,Belleza,95.39
47868704,Electronica,1081.61
4943893,Belleza,21.98
32724729,Electronica,711.3
38521532,Deportes,34.66
46393615,Libros,5.98
40177021,Libros,29.21
44154300,Deportes,116.12
5777203,Deportes,279.68
33371784,Hogar,366.26
35265986,Deportes,360.25
32027924,Belleza,92.48
46703161,Libros,7.65
50115994,Ropa,80.61
39850199,Libros,20.02
4820807,Electronica,609.89
43842580,Libros,13.8
1263853,Hogar,62.39
50079991,Deportes,217.97
47043689,Deportes,293.74
44296806,Libros,43.61
47295420,Ropa,95.68
40552062,Ropa,109.23
35819955,Hogar,265.42
46658875,Electronica,1052.78
41140045,Libros,7.64
50600754,Deportes,289.76
33862766,Libros,37.02
40769893,Hogar,111.08
6693796,Belleza,10.64
37519519,Belleza,17.48
32234726,Hogar,269.48
5770519,Deportes,308.2
7157790,Hogar,177.31
40570013,Deportes,164.07
39807966,Ropa,187.49
7035621,Hogar,118.31
34215447,Deportes,59.42
32630172,Hogar,181.55
51911510,Hogar,376.77
33306687,Deportes,257.91
25592309,Deportes,178.0
4434239,Electronica,1448.89
46195253,Hogar,371.47
45518090,Belleza,12.11
46231998,Hogar,376.15
6459172,Hogar,26.66
39861831,Deportes,267.12
31617354,Hogar,117.08
37815203,Libros,43.3
49325999,Hogar,165.24
40276023,Libros,53.02
6738109,Belleza,43.75
4334755,Deportes,255.48
41643462,Hogar,153.67
38155376,Libros,55.45
48210357,Libros,47.95
33174132,Libros,18.38
38607384,Ropa,190.27
37826707,Electronica,567.88
2747469,Belleza,79.96
32972038,Hogar,375.28
39040632,Ropa,14.35
41062326,Hogar,480.1
31450194,Hogar,182.05
31350381,Deportes,92.12
51134412,Deportes,343.27
33906449,Deportes,287.1
42538700,Ropa,26.48
2013818,Hogar,71.77
50891229,Electronica,1087.03
653961,Belleza,13.6
50416594,Deportes,368.53
32138371,Deportes,301.79
3864604,Hogar,177.71
34609783,Hogar,191.03
34690703,Ropa,106.23
43927924,Ropa,78.58
34754491,Deportes,317.72
50494101,Hogar,487.75
45349370,Electronica,897.56
47731385,Belleza,56.29
3059800,Hogar,123.05
2190212,Hogar,331.92
40568424,Libros,42.71
38233686,Ropa,140.19
32214670,Belleza,8.1
44705709,Deportes,361.67
44748662,Hogar,178.98
51103180,Deportes,302.78
598023,Hogar,383.51
45284805,Deportes,267.21
4713939,Belleza,50.41
42688825,Ropa,125.59
34213277,Belleza,9.62
42709119,Libros,46.9
111493,Electronica,194.4
50620472,Ropa,85.38
35182218,Belleza,16.92
47973140,Libros,51.04
32498257,Electronica,847.94
31186392,Libros,43.0
47196376,Hogar,346.05
48338790,Hogar,423.18
31521884,Deportes,70.38
34579154,Ropa,135.35
2517687,Hogar,293.94
40926787,Libros,6.7
44602600,Ropa,48.27
43885444,Hogar,144.77
33173773,Deportes,47.57
31373936,Belleza,45.79
40729041,Deportes,30.34
39216101,Electronica,852.12
43145167,Hogar,117.58
42022916,Electronica,466.15
31985000,Electronica,1370.18
35720258,Libros,32.65
31091696,Ropa,61.11
36404706,Libros,37.92
47485772,Hogar,112.81
7153067,Electronica,157.87
34807805,Belleza,7.4
33312723,Electronica,1429.72
50839012,Belleza,88.33
3425871,Libros,49.0
47884304,Libros,58.95
34731936,Ropa,187.01
44428649,Electronica,1118.52
36496457,Deportes,283.72
38859954,Libros,23.53
45670326,Libros,10.72
47426452,Ropa,119.01
8836853,Belleza,71.27
34429025,Ropa,190.93
37531459,Electronica,691.73
42249790,Hogar,350.04
35013093,Hogar,293.86
41003579,Belleza,25.33
5778292,Libros,37.56
37155575,Belleza,67.11
4411127,Libros,32.16
31651030,Libros,33.24
51242289,Hogar,94.53
31499215,Belleza,58.3
33753548,Ropa,125.07
2145739,Libros,31.92
2215961,Deportes,205.7
2951827,Deportes,49.46
42249721,Ropa,46.25
4227042,Deportes,141.97
32437051,Electronica,658.05
33614742,Libros,37.67
35323183,Ropa,174.04
48875307,Belleza,23.3
35907849,Libros,5.83
3170897,Ropa,95.36
36325973,Hogar,224.57
47417782,Belleza,68.47
50601830,Hogar,419.11
32018792,Libros,49.13
34544732,Belleza,16.5
49516142,Deportes,374.92
34067569,Ropa,30.98
33859185,Libros,39.9
39381939,Electronica,1024.99
46668464,Belleza,83.19
2585366,Belleza,35.52
6896300,Libros,23.17
32677141,Libros,35.18
6503436,Hogar,111.8
2300524,Deportes,27.72
45972411,Hogar,287.64
36749109,Hogar,240.66
46797453,Deportes,269.56
42362496,Electronica,262.72
32356918,Hogar,422.85
44245518,Hogar,85.92
48923369,Belleza,107.5
42856122,Deportes,190.82
36689328,Ropa,114.46
35819251,Electronica,1350.04
43185342,Electronica,484.87
39932747,Deportes,89.09
45402138,Libros,29.52
41743006,Libros,18.44
34318566,Belleza,65.7
37841675,Belleza,36.65
39329222,Deportes,348.51
47095979,Belleza,74.84
4277617,Electronica,50.35
336442,Electronica,1217.94
41697071,Ropa,72.74
3465385,Libros,22.61
46369267,Deportes,165.56
2260676,Hogar,320.68
46548509,Libros,29.31
44487337,Hogar,319.89
32091404,Ropa,37.89
41294204,Ropa,194.33
36833728,Belleza,88.9
51025491,Ropa,57.54
39224790,Ropa,147.59
34970147,Hogar,293.89
4124449,Belleza,17.56
35074130,Ropa,43.86
47047754,Libros,7.27
44818998,Ropa,163.76
48709620,Belleza,68.45
37674268,Deportes,140.36
42493603,Belleza,19.53
31440055,Hogar,249.76
3193021,Deportes,219.6
51018551,Libros,43.61
48687304,Electronica,1456.41
942107,Belleza,55.02
47013895,Hogar,211.93
31816411,Libros,25.35
35755650,Deportes,334.23
5891745,Libros,13.6
32528924,Belleza,44.54
6875441,Ropa,147.74
64894,Belleza,6.8
39748585,Electronica,469.6
32456360,Belleza,78.77
43240617,Deportes,90.66
35605608,Deportes,135.03
43747632,Belleza,60.9
3264396,Deportes,180.37
35335079,Ropa,30.15
2827196,Libros,56.6
44747955,Belleza,10.09
41169644,Ropa,152.45
47896333,Libros,8.93
42932904,Libros,30.7
35448543,Ropa,43.33
39424211,Hogar,83.43
6930472,Belleza,19.48
36347755,Libros,29.9
31278748,Libros,33.35
49567960,Deportes,70.69
41983462,Libros,58.87
3811954,Ropa,58.98
38557892,Libros,30.24
42712500,Hogar,119.89
910964,Belleza,61.8
36984016,Belleza,91.94
46473812,Libros,33.66
32267418,Electronica,464.19
42639946,Electronica,410.18
51366928,Ropa,154.2
37126710,Electronica,221.45
43392091,Ropa,80.29
36863000,Deportes,77.56
40404828,Ropa,59.02
4661596,Electronica,271.39
4232721,Libros,53.77
3174327,Deportes,298.12
47047223,Electronica,863.34
46377075,Ropa,52.64
50493033,Hogar,262.46
45988986,Belleza,64.9
37841129,Electronica,906.09
36769001,Ropa,21.42
34751863,Deportes,389.7
49833962,Electronica,724.89
39123947,Electronica,1393.47
48018507,Belleza,6.13
39173753,Ropa,57.04
6773149,Hogar,65.44
6521035,Deportes,312.45
1294667,Ropa,70.82
46623641,Deportes,339.39
24821459,Electronica,1256.96
33174572,Belleza,81.8
46555091,Belleza,81.56
40404826,Libros,43.51
7060005,Hogar,341.78
31299290,Belleza,49.49
51429744,Electronica,1040.1
39676359,Hogar,450.24
32948221,Ropa,73.19
6854639,Belleza,113.66
39779352,Hogar,21.59
4364318,Electronica,556.17
36412497,Libros,12.27
41728036,Deportes,68.12
39286337,Deportes,329.86
35115254,Electronica,1381.63
43127079,Electronica,1177.75
31926941,Deportes,391.11
7055195,Libros,16.9
36367782,Hogar,83.29
39867188,Deportes,217.87
34316442,Electronica,1252.1
48369001,Belleza,9.58
48308025,Ropa,199.16
43913996,Libros,38.12
49628201,Libros,58.84
47858777,Belleza,46.98
47752795,Belleza,57.67
37619328,Electronica,1140.92
31517837,Deportes,321.23
45539465,Hogar,128.02
6035727,Libros,56.14
6807612,Libros,52.71
3418069,Belleza,7.09
46087639,Deportes,68.86
31923060,Libros,32.29
34732071,Hogar,238.56
3950020,Belleza,86.46
2253449,Hogar,58.51
6751613,Deportes,265.05
35673984,Libros,38.9
32895709,Ropa,54.39
2079059,Libros,34.83
36848633,Deportes,104.44
2987195,Libros,13.08
34131002,Libros,36.52
47050575,Electronica,1467.34
31882785,Libros,18.03
35248417,Libros,24.54
3567810,Hogar,139.44
5953282,Ropa,60.63
3968898,Hogar,211.03
31986091,Hogar,355.4
38536166,Belleza,9.46
38349261,Electronica,1437.83
50376727,Hogar,37.45
45520023,Deportes,354.88
3735924,Deportes,359.86
35133328,Libros,33.85
42355092,Belleza,20.75
4780311,Electronica,869.46
6486943,Electronica,961.52
31994091,Libros,52.18
2823843,Deportes,229.34
3242146,Ropa,88.03
44130998,Belleza,101.4
2696060,Libros,58.95
35725375,Belleza,79.19
32938497,Deportes,352.27
42115250,Deportes,247.52
43894749,Ropa,141.06
39804321,Ropa,140.75
288526,Electronica,1071.94
50476975,Belleza,41.92
38550291,Belleza,71.2
46344557,Deportes,245.77
76652,Electronica,506.85
47599517,Libros,24.24
3932708,Belleza,92.66
1068885,Electronica,894.95
32193880,Electronica,266.36
44460181,Deportes,338.3
41084614,Electronica,1330.52
32447603,Ropa,98.57
32086320,Ropa,49.69
4640219,Hogar,474.59
4749698,Deportes,355.26
47022917,Libros,18.44
44300148,Hogar,61.36
39876725,Ropa,93.72
31818048,Hogar,343.05
31674955,Deportes,86.65
25874459,Deportes,215.02
37310081,Electronica,666.85
3168463,Belleza,107.41
47414375,Electronica,672.87
35305808,Deportes,222.84
3701626,Ropa,191.5
546024,Libros,21.48
36760215,Ropa,64.91
3577860,Electronica,1209.41
367972,Libros,20.26
3333210,Deportes,336.11
497697,Ropa,28.15
31682315,Deportes,62.28
32249975,Libros,54.57
38844871,Libros,34.74
35458622,Ropa,146.57
6881512,Deportes,105.61
40177194,Hogar,95.64
46528091,Deportes,337.28
4040258,Libros,24.72
34292458,Deportes,192.91
50094116,Electronica,90.56
46874406,Hogar,202.15
42595873,Belleza,93.6
50412148,Electronica,1240.85
34982166,Belleza,85.36
4419692,Ropa,141.51
49378026,Belleza,63.22
2054192,Deportes,224.57
32640525,Belleza,90.4
46843653,Libros,18.6
29333759,Electronica,385.7
33673262,Electronica,1427.39
50270500,Belleza,8.18
35105698,Electronica,252.22
49250416,Libros,36.37
41151787,Electronica,1119.86
35305799,Belleza,66.86
32069143,Hogar,187.21
33042203,Hogar,489.32
4418398,Ropa,143.73
46249438,Electronica,1255.52
36420714,Belleza,9.63
34634346,Electronica,392.08
40440168,Deportes,162.19
43145168,Libros,15.04
43687161,Electronica,155.7
43427026,Electronica,376.38
6486947,Hogar,273.81
44268320,Libros,43.27
34943485,Belleza,94.01
33960010,Electronica,112.26
48786750,Hogar,222.57
4245902,Ropa,33.22
42746899,Libros,28.72
50588277,Hogar,225.48
42660144,Hogar,256.63
34860875,Hogar,448.02
48031292,Electronica,1217.39
40237328,Electronica,973.25
31620959,Ropa,178.23
46133651,Deportes,277.82
31716882,Deportes,331.16
47940657,Deportes,234.24
39139886,Libros,33.89
2980441,Libros,44.83
35015988,Ropa,13.74
702874,Libros,42.97
46731128,Deportes,375.12
41742608,Deportes,291.3
46806461,Hogar,32.84
29333809,Libros,25.78
48082640,Electronica,1223.89
50105041,Electronica,1439.98
40167009,Hogar,194.53
7177902,Hogar,422.98
35649865,Hogar,433.95
42016630,Electronica,228.77
34586006,Deportes,341.4
35168759,Hogar,172.26
34422905,Ropa,122.72
46742768,Hogar,276.4
2307412,Belleza,81.25
50307134,Hogar,374.13
34575721,Electronica,689.28
39676712,Libros,53.86
41777177,Hogar,407.61
35628139,Libros,48.2
44184662,Belleza,57.7
49864308,Ropa,17.14
4560627,Libros,32.07
41475649,Deportes,361.41
5611268,Hogar,107.37
26863909,Belleza,118.0
1068867,Belleza,97.88
3767154,Libros,44.04
31718362,Ropa,138.66
49913420,Electronica,901.19
48641280,Hogar,364.53
50853399,Belleza,53.52
43775921,Ropa,170.6
31808027,Deportes,284.61
38797334,Belleza,93.69
39067858,Ropa,160.57
42143227,Electronica,183.5
6531641,Electronica,130.68
41900671,Belleza,97.11
49523534,Belleza,34.83
50416882,Libros,37.01
39055461,Hogar,230.2
31718361,Ropa,14.19
18363309,Belleza,9.63
35581654,Hogar,416.16
48482245,Libros,38.42
51007036,Hogar,269.06
6340768,Belleza,113.6
1265523,Electronica,301.02
5473867,Ropa,59.01
4447924,Ropa,153.78
50602116,Electronica,1174.09
31245130,Belleza,51.56
47702974,Ropa,190.69
48887369,Belleza,112.9
32533227,Libros,5.68
43849548,Belleza,24.82
43346260,Hogar,412.81
47952365,Electronica,536.06
44724098,Belleza,15.98
34913046,Libros,48.17
44699684,Deportes,192.74
34207482,Electronica,764.0
6646054,Ropa,45.41
31432449,Hogar,335.53
1891618,Ropa,114.74
33735752,Libros,16.37
4408422,Libros,23.72
37115326,Ropa,123.41
46540542,Electronica,1391.06
35033649,Ropa,184.87
34728822,Belleza,38.11
40955707,Ropa,149.77
40121409,Hogar,391.13
33194366,Hogar,407.28
40113868,Deportes,236.89
51480004,Hogar,20.1
43345923,Ropa,154.72
41989610,Hogar,66.7
34439507,Electronica,219.46
29127359,Hogar,308.73
34145308,Belleza,118.1
34014294,Electronica,401.68
32093850,Deportes,265.41
36403040,Belleza,39.92
126274,Ropa,180.76
49919877,Ropa,122.77
2650644,Ropa,49.42
32701269,Belleza,35.15
41061944,Belleza,54.74
47864481,Belleza,19.04
25866359,Electronica,164.16
3338035,Libros,42.4
6743182,Electronica,640.39
50472275,Ropa,147.98
31648861,Libros,11.05
47109731,Hogar,310.78
43828102,Ropa,94.23
3431046,Deportes,42.04
32370198,Electronica,839.96
2984382,Belleza,14.52
3174375,Electronica,1250.19
6829943,Belleza,77.68
814483,Libros,35.63
35135570,Deportes,70.72
45350717,Libros,20.81
46121586,Deportes,207.29
42128389,Electronica,968.26
49465124,Belleza,26.07
3748955,Libros,5.49
2722498,Deportes,151.01
35603164,Ropa,101.75
31294084,Ropa,45.04
3091616,Libros,32.07
3560758,Belleza,43.93
46002561,Libros,30.03
44837177,Electronica,553.81
45520885,Deportes,258.82
42349528,Electronica,112.2
46993020,Ropa,42.47
34459988,Deportes,184.45
8700120,Libros,24.6
36315421,Electronica,617.87
48974716,Hogar,404.82
47152468,Belleza,106.93
44749666,Belleza,33.6
34813650,Hogar,420.65
47752401,Ropa,97.17
45192887,Deportes,124.05
2677096,Belleza,118.33
49156643,Hogar,415.03
48986817,Libros,59.68
32028991,Hogar,96.57
33106576,Ropa,37.33
4409952,Ropa,105.64
36546495,Electronica,976.03
44165335,Belleza,24.67
32289222,Electronica,1297.62
32619738,Hogar,273.03
39192587,Deportes,176.16
46724290,Deportes,248.78
4667205,Ropa,130.64
36342422,Deportes,36.26
46287568,Deportes,399.96
2966984,Deportes,158.29
44073582,Hogar,44.85
51082557,Deportes,343.88
1068964,Libros,59.62
2053799,Deportes,330.22
3701451,Deportes,343.72
47773217,Electronica,957.61
46342500,Hogar,462.33
5794590,Ropa,16.79
34707585,Electronica,1161.75
47700497,Belleza,82.13
45994841,Hogar,39.05
1059993,Libros,34.92
44284761,Hogar,264.8
3420232,Belleza,84.53
37005551,Belleza,13.92
50266968,Belleza,97.61
45602946,Ropa,36.49
7074782,Deportes,179.09
6048145,Hogar,442.42
48727406,Deportes,233.0
51753603,Deportes,164.24
52650311,Libros,7.65
2199410,Belleza,82.31
1069865,Ropa,197.44
47591757,Libros,55.15
47595819,Electronica,1090.08
32990094,Ropa,30.01
52440189,Deportes,110.99
46287025,Ropa,45.5
33114882,Belleza,45.88
34956386,Electronica,391.5
1207451,Belleza,33.11
42673594,Electronica,944.26
45991609,Libros,22.53
33087161,Deportes,277.32
47107199,Electronica,1424.44
37627212,Electronica,975.79
43166644,Electronica,1139.9
42660596,Ropa,152.8
4028117,Libros,23.19
38494396,Ropa,12.84
42767574,Deportes,40.92
51386324,Electronica,458.99
47970810,Libros,42.92
50215740,Libros,54.87
51504992,Hogar,480.02
52856262,Deportes,29.82
41192827,Libros,59.45
4277225,Electronica,517.62
31375462,Electronica,1272.29
48309681,Libros,14.92
1263777,Ropa,21.95
51625599,Deportes,163.78
3423404,Electronica,1295.44
39790976,Libros,17.15
39342449,Electronica,273.24
48651464,Libros,55.04
36864745,Deportes,376.57
4945731,Libros,5.69
32646408,Hogar,367.81
35720230,Libros,22.01
50393817,Libros,25.61
36322518,Deportes,198.26
31715766,Libros,28.47
873699,Deportes,215.69
6712450,Hogar,297.45
37435109,Deportes,196.93
32752170,Electronica,1067.27
32518620,Deportes,293.07
39050107,Hogar,228.57
51862434,Belleza,21.38
47647556,Libros,40.24
37534174,Deportes,313.72
47727373,Libros,40.1
50002701,Ropa,121.73
36525929,Electronica,382.65
47167040,Electronica,985.45
37111586,Ropa,73.62
39483963,Ropa,184.72
42803991,Deportes,268.41
51607022,Ropa,62.85
37617241,Belleza,59.39
35615670,Libros,51.56
4362302,Libros,23.45
6918275,Hogar,269.84
2959890,Ropa,139.14
47928422,Ropa,153.36
104677,Belleza,25.0
43443394,Electronica,869.47
41494814,Electronica,1372.69
41214787,Libros,58.26
47939848,Libros,41.09
52515232,Deportes,393.79
50125260,Belleza,70.63
32771237,Hogar,229.66
42529450,Hogar,282.52
33368518,Belleza,18.31
3171592,Hogar,209.83
260733,Electronica,714.69
35470256,Hogar,426.58
4057956,Hogar,382.94
32181659,Belleza,74.16
32925810,Belleza,44.94
31161385,Hogar,105.71
45577359,Ropa,76.08
46226877,Belleza,83.18
31058980,Deportes,119.95
51025478,Deportes,182.22
46270667,Electronica,610.82
6861661,Hogar,386.31
48301592,Ropa,177.92
33653312,Electronica,1064.09
49865295,Hogar,180.68
49541121,Belleza,54.82
4346574,Deportes,74.47
3256800,Libros,14.25
52081833,Ropa,41.22
39472403,Libros,12.18
31116975,Deportes,88.24
43703552,Libros,16.15
48206338,Belleza,17.86
33277779,Hogar,325.53
41884589,Belleza,118.9
42882549,Libros,53.36
32089008,Belleza,10.24
32759897,Deportes,180.76
1809133,Ropa,173.27
47370023,Belleza,20.49
51715605,Deportes,342.11
52120368,Ropa,122.61
34867616,Hogar,466.68
39758552,Libros,53.18
49215524,Hogar,343.36
31477876,Electronica,1003.84
42573611,Deportes,101.0
36513665,Ropa,32.18
51277870,Belleza,52.77
37341710,Hogar,105.49
43184225,Ropa,29.46
32194190,Deportes,134.88
31837089,Electronica,1297.71
4645659,Hogar,23.32
34021716,Libros,21.1
33493192,Ropa,90.57
227692,Libros,33.08
46967784,Ropa,44.5
43915214,Ropa,193.2
32988126,Deportes,239.97
6909359,Deportes,218.4
41257212,Deportes,23.35
31451464,Belleza,60.86
45538092,Ropa,169.16
43266023,Hogar,121.53
41882859,Libros,24.32
76259,Deportes,27.82
49556931,Deportes,391.23
36508451,Libros,8.67
34548940,Libros,54.4
48629999,Ropa,69.47
36336784,Deportes,243.27
46825706,Libros,42.36
44587808,Belleza,21.2
4081070,Belleza,56.03
50976104,Deportes,143.68
34440240,Libros,8.11
3909612,Ropa,168.31
48909396,Ropa,18.58
43507388,Ropa,134.12
2114118,Electronica,505.41
54825897,Deportes,93.01
46234164,Ropa,136.75
36252539,Belleza,71.07
32054749,Libros,22.34
39144272,Hogar,263.79
50772497,Hogar,134.42
50810974,Ropa,174.1
38104911,Hogar,167.2
36903975,Hogar,133.9
35504416,Electronica,1140.16
28209709,Belleza,7.02
49833380,Belleza,35.82
34800983,Electronica,594.32
32713278,Electronica,1329.25
50287415,Hogar,475.96
48767751,Deportes,292.26
31870450,Libros,32.09
48120252,Libros,40.23
49485975,Hogar,215.79
47598561,Libros,21.44
41048356,Electronica,1428.5
37116258,Belleza,18.27
51880456,Libros,24.05
32719118,Hogar,451.06
44445825,Deportes,294.79
39493739,Hogar,29.11
44464499,Ropa,14.39
150419,Hogar,265.51
43690717,Electronica,752.17
49818617,Belleza,55.94
31317434,Belleza,39.77
39681455,Libros,59.27
3895625,Electronica,444.38
2197292,Ropa,103.11
45723259,Electronica,637.09
49626171,Hogar,97.57
42674872,Electronica,343.8
32056110,Electronica,1381.54
750898,Ropa,173.07
76692,Hogar,111.54
539546,Deportes,352.75
47973054,Deportes,99.49
51654452,Belleza,77.05
33842392,Libros,9.47
31810286,Electronica,1326.54
33980115,Belleza,10.92
32640545,Ropa,115.44
3947551,Deportes,316.29
43847859,Electronica,219.41
32142515,Ropa,86.85
46352493,Libros,7.31
3170092,Ropa,139.72
39353396,Electronica,495.8
42016407,Libros,35.77
41953082,Ropa,187.22
7090866,Libros,21.82
50958880,Electronica,120.51
52114747,Electronica,1029.66
2525548,Libros,48.28
32214507,Hogar,479.57
2079955,Belleza,23.15
41247457,Ropa,84.51
41853334,Ropa,170.39
39550918,Hogar,406.33
6471044,Hogar,318.03
6630943,Hogar,145.64
36360402,Deportes,127.93
38213270,Deportes,67.12
38670884,Libros,55.7
48169604,Deportes,85.71
47053104,Electronica,880.69
35899785,Libros,37.14
35135413,Ropa,80.23
2480503,Belleza,45.54
4695239,Electronica,1019.45
46996006,Ropa,83.78
49570899,Ropa,58.47
45536327,Libros,26.95
34334441,Hogar,406.72
50376708,Hogar,483.74
36457962,Electronica,972.13
31530005,Hogar,394.32
6545729,Ropa,111.24
38106555,Hogar,318.04
37261571,Deportes,395.47
4560234,Hogar,227.63
54486956,Ropa,22.59
34371299,Libros,57.64
51643588,Electronica,1199.94
26038359,Belleza,50.81
32902616,Hogar,491.46
49899381,Ropa,75.65
7065921,Belleza,47.79
49385524,Belleza,75.12
32913061,Deportes,124.25
2646045,Belleza,85.34
40243607,Libros,13.41
50476870,Ropa,30.52
38188331,Ropa,111.63
41008640,Hogar,284.41
43496100,Hogar,66.73
986793,Hogar,482.63
34709113,Libros,36.53
31172015,Belleza,22.37
52831514,Belleza,40.82
49594254,Deportes,324.09
34601369,Libros,33.78
4023287,Hogar,106.25
4684142,Electronica,199.13
27786059,Deportes,183.69
51792783,Electronica,539.25
47952444,Belleza,80.43
46003992,Deportes,371.59
44461822,Deportes,114.14
51925379,Ropa,172.49
47952404,Belleza,110.85
32712426,Belleza,108.73
31731865,Libros,57.36
2185898,Deportes,340.0
32605217,Belleza,73.25
4815880,Deportes,175.74
39689885,Libros,32.04
35374060,Libros,52.99
46576560,Ropa,67.27
31716215,Deportes,80.52
49592225,Belleza,21.19
3302117,Belleza,100.1
42690363,Deportes,309.36
35248249,Deportes,209.11
4560202,Deportes,124.45
31716940,Hogar,343.64
47053625,Belleza,9.42
45520884,Libros,36.25
41169597,Belleza,50.82
52204998,Hogar,489.26
31788136,Deportes,212.87
35166173,Ropa,114.93
6887094,Deportes,290.7
5478053,Deportes,204.12
40662722,Hogar,123.92
43547704,Belleza,66.79
6251624,Deportes,378.82
5041766,Belleza,52.14
34431889,Electronica,1035.48
32898706,Libros,58.79
51728187,Belleza,100.44
46923324,Ropa,135.22
6035638,Libros,45.48
2629471,Ropa,187.93
42336441,Deportes,384.71
46186291,Libros,58.29
6041667,Belleza,76.95
6455456,Libros,26.16
2478758,Deportes,70.6
32332795,Hogar,201.99
40122574,Ropa,189.16
1784621,Deportes,358.12
52239888,Hogar,268.97
47086583,Libros,34.54
38004332,Libros,21.99
36906023,Deportes,192.71
39573333,Belleza,87.16
42935503,Libros,27.13
570833,Belleza,26.62
35411056,Belleza,67.2
48891877,Belleza,30.91
44442637,Electronica,1462.72
34925525,Hogar,204.31
50753523,Hogar,456.19
47223838,Libros,17.41
37206906,Libros,15.41
44598599,Belleza,75.94
47084910,Electronica,1180.1
31784151,Belleza,70.18
39559659,Electronica,383.2
33855737,Belleza,9.36
43424225,Ropa,127.47
35375773,Ropa,34.9
40969642,Deportes,150.41
49230154,Belleza,82.72
4395523,Libros,10.39
52100667,Hogar,76.72
49072863,Deportes,43.43
4464729,Libros,59.78
52080019,Ropa,83.54
2517047,Belleza,109.17
6195120,Deportes,131.56
47030466,Belleza,91.62
44735195,Ropa,51.62
50913652,Deportes,209.36
41882189,Ropa,166.68
31556399,Electronica,1233.68
14260859,Ropa,160.91
48385978,Belleza,99.73
104409,Hogar,117.56
31694903,Ropa,101.62
32882831,Libros,31.67
48676119,Hogar,446.89
50838984,Electronica,480.49
31980788,Deportes,373.97
750540,Deportes,191.3
52625713,Hogar,339.85
33421279,Deportes,122.18
52204863,Ropa,87.96
50961646,Hogar,359.25
32443080,Belleza,63.97
34837223,Ropa,186.83
44266526,Ropa,150.05
33652651,Ropa,117.24
34901829,Belleza,106.97
47986863,Electronica,1015.06
31882991,Libros,40.6
46459816,Deportes,113.62
39885252,Hogar,206.51
31103712,Electronica,1040.79
35608102,Hogar,447.52
33465005,Deportes,139.91
49735159,Belleza,29.78
47886668,Ropa,122.8
37031427,Ropa,22.77
31715530,Belleza,87.17
36962582,Electronica,1069.55
41239302,Electronica,564.7
50834451,Hogar,447.95
46499473,Belleza,62.75
40175354,Electronica,986.36
4811711,Belleza,29.1
31844015,Deportes,178.59
46145831,Ropa,173.86
35286959,Ropa,50.46
48229300,Ropa,84.21
39102491,Belleza,41.58
38034070,Belleza,22.38
39659569,Hogar,155.51
50015699,Ropa,54.23
35424194,Hogar,462.94
42091294,Ropa,150.8
32253815,Hogar,168.31
43507617,Hogar,385.22
41952430,Deportes,28.41
48307490,Hogar,270.36
49592379,Belleza,33.79
6654114,Hogar,70.45
31743165,Ropa,177.91
48962676,Hogar,111.68
35611601,Electronica,1242.47
6483065,Libros,27.73
13058259,Ropa,12.72
47570995,Electronica,1112.17
2138025,Ropa,123.31
49480639,Belleza,44.58
40785093,Libros,20.49
43870329,Libros,9.05
50809072,Belleza,113.26
4624910,Libros,32.17
44283260,Belleza,14.84
49589021,Electronica,1309.59
43859749,Deportes,125.96
39116357,Ropa,48.68
36767104,Belleza,37.31
47043293,Ropa,117.27
49496625,Electronica,157.38
3256486,Deportes,203.07
48508054,Electronica,1348.83
50810869,Libros,15.35
37075317,Ropa,72.93
33028234,Deportes,170.53
47781001,Libros,37.24
39283106,Deportes,369.32
40558657,Libros,26.7
50416248,Electronica,150.27
48010725,Belleza,45.01
46202588,Ropa,46.12
36763178,Hogar,331.11
46849503,Hogar,29.19
31763131,Electronica,473.3
51032229,Ropa,113.58
52371147,Ropa,62.69
36776487,Electronica,848.94
51380352,Ropa,31.8
34876045,Belleza,113.42
33875821,Electronica,471.81
3599371,Belleza,111.15
37617113,Ropa,71.91
32354404,Electronica,1183.67
47941430,Ropa,56.78
3012311,Electronica,1021.16
47848471,Ropa,71.51
47495076,Belleza,63.55
32638866,Belleza,82.49
49539506,Ropa,121.89
48339258,Electronica,885.61
38185142,Hogar,46.86
36897442,Belleza,33.64
46260670,Belleza,70.76
32044483,Libros,6.01
51289553,Hogar,136.56
31065541,Ropa,53.55
34412650,Electronica,412.29
52790130,Libros,34.46
41724525,Ropa,120.57
6295025,Deportes,365.42
46606865,Belleza,49.39
44767161,Deportes,372.1
48358940,Belleza,79.97
6936016,Belleza,109.96
49613907,Deportes,336.72
3175521,Deportes,281.28
37082622,Ropa,77.66
3554189,Libros,18.26
33855767,Libros,17.23
52138815,Deportes,381.83
35903351,Ropa,192.13
4661890,Libros,44.87
4770691,Ropa,177.92
39835889,Ropa,184.61
50364979,Belleza,63.83
49177763,Libros,39.6
49073689,Libros,28.03
49220849,Belleza,53.13
41085847,Deportes,34.6
48072296,Belleza,54.89
42704591,Libros,42.04
47574373,Libros,28.21
39393779,Deportes,351.52
51616931,Belleza,43.24
45044763,Electronica,242.39
2934421,Electronica,1226.76
38133318,Deportes,276.1
42479291,Belleza,32.81
32056089,Belleza,66.69
52515166,Ropa,86.35
31946628,Libros,56.64
51892322,Hogar,309.56
41255872,Deportes,80.19
32066166,Hogar,258.54
43888800,Hogar,433.34
40408813,Deportes,275.17
38790575,Belleza,101.88
43448663,Deportes,115.15
50829598,Hogar,445.85
4714554,Libros,46.56
45987402,Libros,45.09
6717109,Libros,24.06
35802105,Belleza,107.08
31694849,Electronica,975.07
43902036,Deportes,343.7
47932726,Libros,24.85
2584488,Deportes,75.35
2683496,Libros,23.28
44730169,Belleza,57.36
32067826,Electronica,823.44
50780137,Electronica,790.67
34220710,Libros,35.03
8398892,Belleza,101.8
1008299,Ropa,42.32
37437416,Deportes,140.1
46703174,Deportes,357.67
49530022,Hogar,286.82
49619896,Belleza,72.09
6059114,Hogar,246.86
46035720,Libros,35.19
44131487,Hogar,111.07
50963746,Electronica,842.96
38814620,Deportes,398.93
35458632,Hogar,289.53
4922809,Electronica,114.38
36368564,Belleza,96.59
4409947,Hogar,207.29
5891666,Libros,13.45
33649387,Libros,52.44
47647005,Libros,15.89
6882090,Deportes,369.89
38361988,Hogar,229.27
41495831,Belleza,90.42
4410578,Hogar,280.29
42930680,Deportes,117.52
31257444,Electronica,1023.08
51111916,Deportes,384.01
46401926,Libros,47.33
39522407,Electronica,925.83
27124359,Libros,59.48
35018407,Ropa,60.41
3955675,Deportes,43.69
31497070,Deportes,32.21
1123971,Belleza,86.73
42204849,Hogar,417.66
50172810,Electronica,970.9
36961811,Electronica,1362.29
39224019,Belleza,85.27
33746344,Belleza,47.66
42748403,Hogar,102.91
42658800,Libros,55.86
49730806,Hogar,65.24
42934298,Deportes,226.34
42383687,Libros,22.27
34434931,Ropa,61.57
52203803,Hogar,328.23
46166327,Belleza,31.59
35304028,Libros,55.4
32092603,Hogar,211.93
47929685,Electronica,1032.19
40497202,Ropa,148.27
39745652,Deportes,279.52
36366279,Electronica,1359.93
52893705,Electronica,385.14
50440943,Ropa,26.35
52204144,Deportes,41.08
1140183,Belleza,105.95
37758601,Libros,58.53
31509022,Deportes,134.96
36396681,Hogar,351.35
40206906,Electronica,62.92
31903976,Hogar,106.49
34932733,Belleza,84.27
31511818,Hogar,46.96
47612008,Deportes,198.03
50917006,Hogar,336.35
41785903,Belleza,93.09
51361145,Belleza,57.19
193380,Belleza,77.48
4524800,Deportes,225.04
39747632,Belleza,11.02
6707770,Electronica,1127.07
39896472,Belleza,24.82
31462365,Hogar,30.43
51913957,Libros,29.81
34175633,Hogar,434.83
38504642,Libros,13.3
2947818,Hogar,21.24
38048720,Deportes,61.79
33272052,Hogar,191.37
42328040,Deportes,240.47
3767187,Deportes,93.34
6808535,Belleza,97.23
44764716,Electronica,1142.28
46472203,Libros,43.27
33354872,Belleza,61.06
985806,Belleza,47.0
44429953,Deportes,162.72
48972483,Deportes,211.17
43895176,Libros,9.25
52792972,Hogar,345.92
51329399,Hogar,185.48
2524965,Belleza,30.85
34555165,Ropa,62.88
4224043,Ropa,44.26
40247834,Hogar,452.26
4746327,Ropa,42.12
49056786,Hogar,443.22
36860217,Deportes,237.45
46855498,Belleza,104.76
6257874,Electronica,737.39
51317404,Belleza,111.68
3968934,Hogar,117.57
34246431,Hogar,284.03
35308712,Belleza,19.47
35041648,Libros,29.6
4972738,Hogar,291.4
40227080,Ropa,125.08
42436260,Ropa,79.45
41870414,Hogar,52.02
3453138,Hogar,332.83
112210,Libros,31.86
33809266,Ropa,36.01
47121401,Hogar,468.9
38844595,Hogar,478.5
45288138,Libros,52.11
4161211,Libros,51.41
1069650,Belleza,16.35
32127151,Libros,59.64
44279851,Electronica,630.55
46186071,Ropa,40.99
38503273,Belleza,98.39
38191816,Electronica,377.31
48747865,Hogar,270.2
2492600,Hogar,77.09
39766865,Belleza,59.58
49568855,Libros,35.7
3070782,Hogar,231.27
6786463,Deportes,46.4
6896504,Belleza,60.77
39762155,Electronica,729.97
46855878,Belleza,35.09
38209109,Ropa,185.1
42572819,Libros,27.98
51819799,Libros,52.53
1152915,Belleza,17.61
47087174,Hogar,169.66
38541966,Hogar,100.52
48128619,Deportes,175.2
35550187,Deportes,62.42
43259230,Libros,29.26
41906117,Deportes,154.47
34693878,Electronica,373.81
49553777,Deportes,264.03
35879093,Electronica,1428.82
4867506,Deportes,98.7
4471840,Libros,44.15
44593137,Libros,45.83
44731952,Electronica,772.27
6602294,Belleza,108.23
39902716,Libros,58.15
39475956,Belleza,46.66
31526135,Hogar,330.75
3969017,Electronica,1010.21
46930293,Libros,27.2
50016407,Ropa,70.19
49119155,Hogar,467.87
46364149,Belleza,95.85
31504630,Libros,11.3
39787530,Electronica,223.83
6295639,Deportes,370.57
33112440,Ropa,25.47
38454958,Belleza,84.17
36552490,Hogar,124.98
33446460,Electronica,101.02
6353218,Ropa,21.33
37198203,Electronica,591.61
50476981,Libros,9.27
36328171,Deportes,246.72
36827417,Hogar,328.92
47587421,Electronica,591.53
6901659,Belleza,90.43
46874741,Libros,31.95
42410381,Libros,28.66
34543081,Hogar,212.39
47899539,Libros,28.71
36779171,Belleza,116.31
3710762,Electronica,1038.04
36374035,Hogar,167.88
42352806,Libros,45.36
7157541,Libros,23.16
6139210,Belleza,19.46
51606257,Deportes,200.64
47413203,Deportes,305.39
4771088,Libros,25.77
4420278,Electronica,1310.3
47210920,Hogar,202.67
6517586,Libros,24.24
33844497,Ropa,199.67
35311883,Hogar,249.0
38270932,Deportes,325.98
46429232,Libros,49.27
7842366,Belleza,111.53
43147110,Ropa,26.13
37579906,Libros,19.92
3780077,Electronica,1163.23
35287490,Ropa,116.89
36693967,Libros,35.78
46481494,Electronica,291.01
1763040,Ropa,63.42
51879400,Electronica,805.93
3080187,Electronica,451.91
32921787,Ropa,49.95
2585334,Ropa,26.67
31451585,Electronica,275.8
46422880,Deportes,312.17
6243032,Ropa,146.57
32595491,Libros,7.52
43602716,Hogar,113.59
51249664,Belleza,69.45
38630690,Electronica,517.81
48746154,Electronica,1243.71
37861889,Belleza,95.27
49295335,Deportes,358.8
31322424,Belleza,69.74
3969412,Ropa,76.89
33844506,Belleza,74.7
48154787,Electronica,179.25
1021891,Belleza,6.1
6981757,Hogar,23.29
36320650,Libros,27.41
43448245,Ropa,53.33
32511327,Belleza,23.09
43900310,Electronica,942.22
43227018,Libros,59.73
44165068,Ropa,43.77
37216485,Electronica,842.31
38515894,Deportes,65.5
31081059,Hogar,468.1
43888359,Deportes,130.87
36511906,Hogar,440.99
51767094,Belleza,37.55
31508756,Ropa,163.15
34214826,Belleza,29.08
48035132,Hogar,157.0
3118179,Hogar,108.35
36812180,Hogar,143.17
33849019,Libros,50.92
51586299,Electronica,976.6
40598421,Ropa,87.12
37810716,Belleza,116.72
43373609,Belleza,58.46
34907175,Deportes,388.51
3799296,Hogar,110.34
50913862,Hogar,453.75
40818330,Hogar,21.7
51248847,Belleza,67.71
49522309,Deportes,180.76
50957789,Electronica,811.38
46086096,Libros,35.44
35891222,Ropa,83.92
46211109,Electronica,1497.39
51055428,Belleza,117.3
39170227,Libros,57.9
36711108,Libros,58.85
43446678,Libros,48.62
47220200,Hogar,494.47
32280005,Ropa,179.55
44892821,Belleza,52.83
40768247,Belleza,95.25
36511660,Libros,55.16
36502526,Belleza,86.95
41837098,Ropa,90.33
31811873,Ropa,22.5
36703536,Deportes,327.68
35033621,Deportes,382.04
42078016,Electronica,575.57
31111402,Ropa,38.86
4366597,Ropa,72.04
45827189,Ropa,120.7
35193989,Deportes,140.43
42621205,Libros,38.58
4349035,Libros,58.18
47745574,Belleza,82.13
32568008,Libros,24.95
34861413,Hogar,468.84
42727135,Deportes,234.94
47083102,Ropa,34.39
40507357,Libros,32.44
2884581,Deportes,268.38
34331663,Libros,51.1
49262730,Electronica,1407.89
31180949,Ropa,70.31
31162316,Electronica,275.49
3449802,Ropa,24.03
47145450,Deportes,300.57
38591604,Belleza,96.44
33623645,Libros,27.52
31267177,Libros,26.78
48228506,Hogar,477.8
31641496,Electronica,1379.19
31255558,Libros,17.83
39176034,Deportes,316.71
4695394,Belleza,76.61
52087211,Deportes,78.6
48752234,Electronica,567.32
48598354,Hogar,101.07
39919990,Libros,21.23
2925652,Deportes,253.81
2732450,Ropa,81.3
31559300,Belleza,50.32
52166340,Deportes,225.07
34933215,Belleza,15.03
35464891,Libros,45.63
625682,Ropa,86.32
50897410,Hogar,247.99
50302023,Hogar,487.54
49215520,Ropa,75.43
43161357,Belleza,79.55
42697748,Libros,26.59
40971632,Deportes,359.83
32640512,Ropa,170.88
5478844,Electronica,400.36
31637474,Belleza,84.55
34214027,Hogar,46.61
42779597,Ropa,193.01
47178327,Hogar,184.26
55464635,Belleza,100.66
39658451,Hogar,169.44
5774338,Ropa,130.23
48974046,Belleza,118.11
3295568,Electronica,1321.29
32984356,Ropa,40.47
48079368,Deportes,228.05
44709159,Libros,24.17
6023474,Ropa,92.52
49873011,Belleza,43.55
50601841,Libros,23.48
52617355,Ropa,113.09
49522283,Electronica,328.35
2486041,Electronica,829.22
46309765,Deportes,126.01
37827809,Hogar,155.16
35865180,Libros,45.63
52643742,Belleza,8.4
47552379,Belleza,48.81
31098425,Hogar,212.65
45166445,Electronica,753.41
32412156,Electronica,1020.07
46278101,Ropa,80.24
35133529,Deportes,100.99
36873526,Libros,53.67
34414884,Deportes,392.79
41085113,Deportes,27.61
46568051,Ropa,113.83
48596442,Deportes,149.85
44161955,Hogar,149.34
53031438,Ropa,73.78
31089336,Hogar,324.86
350193,Ropa,46.24
34454087,Deportes,366.89
47489240,Hogar,241.07
37444851,Hogar,172.9
37751680,Hogar,386.28
51066042,Ropa,13.11
43448366,Belleza,54.66
31124081,Deportes,155.02
3486058,Hogar,179.03
48248005,Libros,23.54
31374169,Belleza,8.6
44744318,Libros,13.37
42743720,Deportes,73.92
34231923,Deportes,395.67
46225186,Hogar,25.75
54687990,Hogar,96.03
50866323,Ropa,195.09
31889566,Belleza,77.25
32591275,Belleza,56.83
55521098,Hogar,53.2
42794056,Deportes,274.47
50589651,Hogar,81.83
49080292,Deportes,275.05
49226987,Deportes,392.09
51789407,Hogar,273.01
43375830,Electronica,360.42
42165097,Belleza,76.91
35847549,Libros,33.21
38110565,Deportes,222.59
31263744,Deportes,201.68
54322017,Electronica,1026.92
49560031,Libros,36.46
49922213,Ropa,197.53
3766251,Electronica,1247.5
32193349,Libros,19.56
52335364,Electronica,1102.35
40276017,Deportes,101.43
47296034,Belleza,94.97
1070014,Electronica,263.96
31081038,Ropa,99.98
34491162,Hogar,398.44
47008854,Libros,20.41
6396718,Electronica,1263.82
46557403,Electronica,984.02
31059168,Ropa,85.53
34350893,Belleza,53.69
32099011,Electronica,1392.69
43699107,Electronica,365.8
54310303,Belleza,84.74
49811850,Ropa,144.39
4066994,Libros,55.73
2032031,Libros,44.22
32139021,Electronica,897.48
40548175,Belleza,108.79
49472240,Electronica,1252.24
35449470,Hogar,362.64
35011030,Libros,6.79
43852687,Deportes,161.94
36711049,Hogar,321.47
37172575,Electronica,807.26
31060332,Ropa,70.67
35784275,Libros,12.94
14261309,Deportes,230.14
30243459,Hogar,153.67
32333785,Libros,17.82
46686580,Belleza,50.88
41697943,Ropa,159.24
42831960,Hogar,251.61
686787,Belleza,29.9
4193867,Electronica,219.51
31759379,Belleza,62.38
6318016,Hogar,400.27
36288162,Hogar,331.62
32099008,Electronica,386.62
2426844,Belleza,55.22
37482242,Belleza,103.35
50107998,Electronica,307.6
4724798,Belleza,66.19
2582512,Libros,24.59
3766775,Electronica,230.06
46295104,Ropa,19.48
31511819,Hogar,284.6
48411711,Ropa,13.94
47121003,Libros,10.69
50125240,Libros,24.12
44295837,Deportes,36.54
35604717,Deportes,172.17
39475980,Deportes,69.54
32718549,Electronica,557.32
5298692,Belleza,95.98
48377232,Libros,39.45
5914571,Ropa,94.63
4349063,Ropa,27.45
3328663,Ropa,127.64
37603156,Ropa,41.1
31798891,Deportes,49.1
35779708,Ropa,136.16
3125692,Belleza,109.89
39606519,Deportes,195.03
36947481,Ropa,17.79
33266900,Electronica,1326.43
4362378,Hogar,47.48
45969158,Hogar,435.74
31809421,Hogar,205.03
46744123,Deportes,158.85
13058709,Ropa,113.13
41160723,Libros,57.64
46413565,Libros,54.43
44695842,Libros,30.87
48664859,Deportes,284.41
46230452,Belleza,71.75
43228386,Electronica,1055.52
2053561,Electronica,1252.52
38383130,Hogar,31.73
32907793,Hogar,172.99
47593703,Libros,57.76
43302446,Libros,57.21
4785004,Hogar,20.44
35432042,Ropa,48.27
3554228,Belleza,119.28
4483481,Belleza,61.67
50853396,Belleza,70.88
1271909,Belleza,24.14
2974139,Hogar,448.75
6044223,Electronica,385.33
37790815,Hogar,106.98
42351026,Belleza,31.23
4056391,Hogar,461.02
33215802,Belleza,85.83
46301310,Deportes,312.07
35690010,Libros,25.74
3735288,Electronica,1368.31
46163256,Deportes,319.98
4587969,Ropa,152.61
7029269,Hogar,485.91
4399948,Ropa,79.58
33111364,Hogar,311.32
37975508,Libros,55.05
48249134,Deportes,320.54
39118910,Libros,35.99
31063311,Belleza,13.76
49604934,Libros,40.9
31140981,Libros,33.96
43547321,Belleza,26.18
45995773,Hogar,442.89
40376341,Belleza,44.47
36812451,Deportes,167.24
2456162,Libros,41.98
31683091,Belleza,61.21
3616971,Libros,9.91
46208934,Deportes,167.23
4276745,Ropa,27.95
38088050,Deportes,92.49
47086221,Electronica,60.4
32320762,Electronica,312.9
31714866,Electronica,529.15
32775978,Libros,34.6
47050843,Hogar,460.85
1246863,Hogar,277.06
44307125,Hogar,357.22
7044661,Libros,24.67
41024968,Deportes,305.62
38910529,Hogar,315.93
47321439,Ropa,97.36
33686526,Electronica,330.96
42695371,Deportes,135.35
35197019,Electronica,950.37
43774192,Hogar,221.64
2075487,Deportes,357.97
34947607,Belleza,32.01
1836835,Ropa,23.88
45732598,Hogar,300.83
47492999,Hogar,444.73
46398614,Ropa,79.3
31544504,Ropa,133.07
44610463,Belleza,31.61
3980174,Hogar,285.86
40591826,Libros,48.27
6370596,Hogar,435.51
40219229,Electronica,202.42
47466977,Deportes,155.42
3909610,Deportes,263.06
36256716,Electronica,100.35
31166639,Deportes,282.43
50364732,Ropa,110.33
44748408,Deportes,129.66
46111498,Deportes,329.57
43173978,Electronica,470.57
44161094,Belleza,119.01
48935781,Deportes,330.22
43837759,Libros,43.94
41223648,Deportes,43.31
49967604,Belleza,109.0
2021248,Electronica,1195.58
40780130,Belleza,31.34
49120949,Electronica,618.76
44695616,Ropa,61.04
48727667,Electronica,1477.4
4269015,Ropa,172.3
49956506,Ropa,186.74
39441794,Electronica,1193.72
32221319,Libros,30.1
45627895,Hogar,114.64
7081214,Electronica,351.72
5983196,Deportes,77.64
43453011,Libros,35.07
270717,Libros,55.6
44062470,Deportes,396.88
44745000,Hogar,154.34
35753673,Libros,43.35
6306498,Ropa,123.45
40208986,Hogar,252.13
3168264,Deportes,272.99
43756097,Hogar,195.11
48059558,Electronica,1419.5
4260327,Hogar,357.14
4462077,Ropa,153.3
3312104,Electronica,401.51
46463880,Belleza,24.39
34186474,Deportes,169.85
3339229,Deportes,311.34
46815957,Hogar,470.32
37440994,Libros,28.5
49479592,Electronica,1172.53
47333814,Belleza,59.1
35879577,Electronica,478.08
39194362,Deportes,300.92
49312873,Electronica,1207.39
48394305,Belleza,28.33
31713916,Libros,21.78
36423689,Hogar,254.97
39727271,Ropa,45.44
44132067,Electronica,1396.81
35495826,Ropa,122.35
50052194,Deportes,66.06
4693189,Hogar,104.25
49215510,Hogar,477.86
49267967,Electronica,1120.34
45734074,Libros,45.39
1069847,Hogar,50.16
40193645,Electronica,1348.18
6415377,Electronica,693.42
34869442,Ropa,135.35
49460889,Hogar,480.45
4446440,Electronica,195.02
37198092,Ropa,101.63
31557034,Belleza,10.71
33868512,Ropa,104.91
37251216,Ropa,57.93
6120421,Electronica,1371.05
32096611,Deportes,171.43
47622074,Deportes,260.87
36396714,Libros,52.32
38448771,Deportes,393.8
31470949,Ropa,105.73
6630838,Libros,30.07
41676102,Electronica,159.82
45290429,Hogar,21.18
4916074,Ropa,125.67
46555843,Ropa,22.44
32613590,Libros,25.92
40194107,Electronica,55.23
48835615,Belleza,75.75
46190987,Ropa,90.83
35784290,Belleza,19.61
47478794,Belleza,39.08
75816,Deportes,236.47
49706997,Electronica,1002.23
36353149,Belleza,58.17
39898664,Electronica,1215.74
40478015,Deportes,62.73
37851700,Electronica,172.59
42344980,Ropa,18.41
924387,Belleza,66.62
42545575,Electronica,1074.04
48710722,Hogar,78.3
41881971,Electronica,976.47
40066033,Belleza,59.85
34358085,Deportes,395.19
42744101,Deportes,292.64
41743155,Belleza,80.61
4213878,Ropa,118.39
34498873,Ropa,199.5
7105656,Deportes,392.57
6977893,Deportes,224.48
47417514,Belleza,57.35
34736729,Ropa,97.8
38274757,Deportes,182.77
1294854,Ropa,110.97
2240454,Deportes,123.96
52798,Electronica,1393.84
42725958,Hogar,252.76
46727639,Libros,51.31
46952244,Electronica,739.19
43121313,Libros,44.51
49542635,Deportes,148.02
46401103,Hogar,318.03
104281,Hogar,256.71
5747905,Deportes,159.5
35323185,Deportes,354.99
41830384,Ropa,31.42
43345728,Deportes,205.03
31076790,Belleza,27.35
39362740,Deportes,347.2
37473881,Belleza,34.15
39143451,Deportes,260.7
33269327,Ropa,41.46
6620691,Belleza,51.57
41519121,Electronica,1354.07
36545163,Belleza,24.1
48542377,Ropa,136.01
25592859,Libros,16.25
47311598,Belleza,52.81
31972236,Deportes,225.43
2784849,Deportes,239.38
34815982,Libros,38.14
3735215,Ropa,131.62
34471105,Hogar,146.81
32511263,Deportes,172.52
32787016,Electronica,104.11
2378650,Ropa,156.06
42040796,Belleza,101.27
40780545,Belleza,27.91
45520888,Electronica,342.09
44055508,Deportes,35.97
37490105,Ropa,194.37
658915,Electronica,1220.42
44597062,Deportes,157.07
41885318,Ropa,101.56
40193104,Belleza,38.58
43169194,Ropa,123.48
44598069,Libros,44.45
35304417,Hogar,231.97
43333275,Ropa,175.98
6368797,Hogar,265.76
2838102,Ropa,37.41
43821032,Hogar,316.81
43345384,Libros,30.42
4741116,Belleza,112.6
41009205,Deportes,168.92
31298630,Hogar,210.39
47552198,Libros,40.79
33679117,Hogar,270.59
954452,Belleza,48.06
44694778,Hogar,495.04
42695424,Libros,21.62
2491060,Libros,20.26
3992407,Electronica,1303.42
42405297,Belleza,5.39
35145546,Electronica,341.82
36322504,Belleza,72.9
46953147,Hogar,93.79
3282345,Libros,59.22
42940814,Electronica,723.08
7080318,Hogar,304.72
46655932,Libros,13.82
36377223,Belleza,38.28
36704178,Libros,38.8
39839904,Hogar,281.53
47943128,Electronica,1187.33
48833377,Electronica,440.39
46020196,Libros,40.94
46869486,Hogar,156.12
46011194,Ropa,121.48
37806541,Belleza,74.58
38035508,Belleza,19.01
41935664,Hogar,281.09
46275127,Ropa,12.27
6360665,Electronica,776.76
32280526,Deportes,285.06
44748679,Deportes,47.68
2655711,Hogar,470.27
36418716,Ropa,97.16
3287473,Ropa,188.3
7129879,Belleza,17.35
34628424,Electronica,1427.36
41932546,Libros,11.01
35920441,Ropa,97.68
2170770,Libros,56.59
46254271,Deportes,108.43
33123172,Libros,6.91
2058902,Electronica,1200.01
38923930,Electronica,914.03
48976265,Libros,33.27
46051409,Hogar,31.66
49215733,Ropa,134.11
37857528,Hogar,98.24
32444866,Libros,56.22
47869711,Ropa,140.29
6896378,Belleza,86.31
35770875,Hogar,127.8
47453564,Hogar,442.17
31381934,Libros,34.58
34982846,Deportes,345.69
31171214,Libros,19.9
47047032,Hogar,381.4
42042317,Ropa,119.17
1078949,Deportes,38.4
32032717,Libros,27.29
31354308,Libros,15.12
47047046,Hogar,189.2
31292542,Hogar,200.93
55790974,Belleza,59.62
46634347,Libros,38.02
35833844,Hogar,291.92
36524495,Electronica,106.54
39602935,Deportes,305.26
3807324,Electronica,1426.32
1845174,Deportes,152.5
35129179,Libros,14.89
34883332,Belleza,67.1
35253037,Hogar,356.88
47227529,Hogar,344.27
3540236,Hogar,311.87
49005509,Libros,13.04
4431242,Deportes,337.99
3036080,Hogar,221.43
32852144,Electronica,371.13
31373989,Hogar,56.84
33269445,Libros,27.92
54587603,Belleza,76.07
38132965,Electronica,1014.8
54173069,Hogar,481.93
42211212,Hogar,89.28
42249108,Ropa,197.3
42680617,Deportes,268.78
50267050,Electronica,708.63
46743111,Ropa,178.76
5898457,Belleza,84.87
54587893,Deportes,152.51
47417885,Electronica,1331.92
49927888,Hogar,338.31
46982479,Electronica,1063.31
32596720,Hogar,449.75
31873581,Deportes,190.4
48759710,Hogar,333.6
39036724,Belleza,90.64
39037099,Libros,29.97
5898322,Hogar,55.47
3607640,Belleza,93.72
46283904,Libros,7.63
34605768,Deportes,292.81
2301407,Deportes,366.13
40100903,Electronica,553.11
47644863,Belleza,16.74
35784881,Belleza,31.78
6827793,Ropa,116.83
42690546,Ropa,189.11
38347301,Libros,33.18
43802423,Libros,11.2
41638673,Ropa,129.28
42215883,Libros,45.31
35496075,Hogar,205.74
55399273,Ropa,147.09
4194932,Belleza,42.35
47086250,Hogar,397.71
4470345,Libros,23.76
5747559,Deportes,117.32
36294771,Electronica,1324.81
53580288,Ropa,114.21
32729495,Deportes,128.36
36503966,Libros,56.43
6685655,Belleza,84.45
2283822,Electronica,370.02
44849434,Deportes,253.56
41982582,Electronica,1312.02
39379248,Ropa,142.27
33973190,Libros,18.46
35213234,Belleza,79.62
43914395,Libros,39.05
36263781,Electronica,1240.22
47883721,Deportes,87.69
51915263,Ropa,142.93
6427926,Ropa,15.2
36942828,Libros,43.29
53622732,Deportes,384.97
50667338,Deportes,86.27
48018508,Electronica,501.38
49577203,Libros,37.06
3342900,Libros,45.28
43786395,Hogar,182.02
55385939,Libros,41.53
6043841,Ropa,180.86
46313443,Electronica,1103.51
32282850,Deportes,290.19
39916032,Libros,26.01
49556385,Electronica,1371.57
32069104,Libros,20.25
46296420,Deportes,98.01
54088106,Belleza,46.89
3790117,Deportes,267.06
32804808,Deportes,347.44
50317408,Deportes,70.19
35462471,Libros,49.76
3952198,Hogar,409.22
33827655,Deportes,243.03
32194395,Ropa,154.52
32889632,Ropa,44.56
35133243,Electronica,295.9
42678283,Hogar,433.46
7163984,Electronica,772.32
3711312,Ropa,56.73
41191028,Ropa,140.86
46015111,Belleza,107.57
35134221,Deportes,260.28
41259618,Ropa,76.0
44165330,Libros,31.58
31928883,Libros,46.37
48044387,Electronica,147.88
34359671,Electronica,364.89
31132771,Deportes,195.78
48937315,Deportes,249.61
53560299,Belleza,44.0
41696363,Hogar,159.72
42431004,Electronica,110.01
16190909,Deportes,32.39
46935756,Electronica,454.11
55246928,Deportes,221.59
39573460,Ropa,115.71
32125005,Electronica,766.34
31095253,Ropa,87.88
37809723,Electronica,415.82
31534892,Hogar,209.34
52204742,Belleza,20.96
31943139,Libros,11.34
40093570,Libros,21.5
45347934,Libros,59.74
48693764,Ropa,72.03
6744094,Deportes,375.85
45300919,Libros,26.57
6865276,Hogar,227.92
44596989,Libros,48.84
8384848,Electronica,185.78
2731307,Ropa,44.64
2627774,Electronica,1462.07
4244838,Electronica,783.58
6489348,Electronica,114.25
46923019,Belleza,10.45
46159393,Belleza,109.33
33511519,Deportes,351.88
3870583,Ropa,97.1
47865450,Hogar,94.16
50345086,Hogar,417.69
5775895,Hogar,172.43
6243280,Electronica,657.63
2580202,Belleza,83.48
31431913,Ropa,77.15
42520901,Electronica,961.57
43301770,Belleza,106.81
32055294,Belleza,96.7
51242285,Libros,25.99
3508879,Libros,20.84
46745557,Ropa,64.25
48389323,Ropa,76.23
7081487,Ropa,103.77
2047940,Electronica,654.07
44343992,Deportes,70.54
31068719,Ropa,41.06
38382770,Libros,23.86
42350213,Deportes,233.58
49012547,Electronica,909.36
45605516,Deportes,204.76
49266625,Hogar,373.31
36811739,Deportes,300.15
52140030,Ropa,91.25
42555479,Electronica,230.44
31124589,Ropa,110.73
46902277,Libros,25.98
43900263,Hogar,81.89
50728279,Libros,59.0
85559,Ropa,80.25
47164267,Ropa,128.9
51967607,Ropa,103.12
35134023,Belleza,21.43
33099340,Hogar,41.94
41995562,Ropa,128.9
39639033,Ropa,56.93
6420717,Libros,18.4
1265437,Libros,57.63
50835260,Ropa,97.74
50046403,Electronica,92.67
39392914,Belleza,44.08
49223746,Libros,37.15
36704249,Electronica,526.42
31674948,Belleza,8.09
4445642,Ropa,94.42
41897852,Hogar,66.36
46858790,Deportes,255.28
46210952,Deportes,255.44
33163670,Ropa,17.17
47022677,Libros,20.99
6076732,Electronica,649.85
513842,Hogar,281.88
37286567,Belleza,39.05
4349842,Ropa,64.67
31378732,Hogar,491.76
43547827,Hogar,35.3
4601958,Libros,59.4
33321392,Belleza,10.49
42781057,Hogar,154.85
47430747,Libros,32.15
50350644,Electronica,257.78
6019664,Libros,12.42
6477201,Electronica,421.65
43873658,Electronica,1461.59
34533249,Hogar,199.36
43209526,Libros,36.13
40574715,Electronica,1071.22
34026885,Belleza,90.36
3277966,Hogar,348.7
43646487,Libros,23.53
31092737,Libros,11.15
36359820,Deportes,127.05
41804650,Libros,16.57
37612920,Hogar,81.09
46773803,Belleza,7.82
37205444,Libros,56.46
50653629,Deportes,369.99
37485223,Hogar,39.45
929385,Electronica,300.97
51359956,Ropa,36.51
38213262,Ropa,63.43
32448268,Electronica,345.9
44712987,Libros,57.02
36408822,Ropa,25.99
41212668,Ropa,50.22
49128612,Electronica,167.05
49489184,Libros,58.92
47228759,Libros,55.51
32872142,Electronica,1089.12
44607611,Libros,28.43
50189651,Libros,15.46
38614387,Hogar,122.42
44713192,Hogar,229.87
25940109,Electronica,1163.92
47463137,Belleza,35.44
37491334,Ropa,69.05
37644262,Hogar,305.97
31279063,Ropa,55.17
36511935,Deportes,242.0
36794754,Electronica,611.34
50649709,Belleza,8.95
32521952,Deportes,173.03
3766388,Deportes,369.42
46107431,Libros,21.12
33133772,Deportes,142.68
42751589,Electronica,145.61
32596064,Hogar,313.3
50202040,Electronica,1281.4
40348743,Hogar,186.17
45244403,Deportes,111.29
46440459,Deportes,383.51
34926973,Belleza,90.68
35723165,Hogar,290.07
31475971,Deportes,136.1
33128249,Libros,17.14
47046703,Ropa,145.99
39900298,Belleza,65.01
31077951,Electronica,804.87
6537333,Belleza,13.48
2300916,Ropa,107.32
6517569,Hogar,414.03
47398585,Electronica,1422.86
3968273,Electronica,204.69
35133533,Hogar,321.12
42681931,Belleza,70.36
39091509,Deportes,358.32
52615905,Belleza,91.39
44184796,Ropa,193.4
46481411,Libros,57.8
1387952,Deportes,105.76
50115940,Belleza,88.42
3031139,Libros,34.18
34451685,Libros,16.8
50765966,Hogar,109.51
4025490,Ropa,25.41
46399759,Ropa,161.15
3775553,Ropa,71.66
49305034,Deportes,345.65
5783643,Electronica,932.06
31299527,Deportes,275.98
47931783,Belleza,38.54
37045647,Libros,30.15
34617914,Libros,27.68
32810770,Electronica,391.75
41690671,Belleza,100.74
212781,Electronica,952.02
38191114,Libros,7.06
31375882,Deportes,331.57
46113475,Ropa,30.15
3049278,Libros,27.2
4661793,Hogar,292.06
39402951,Ropa,11.45
1263941,Libros,40.91
47089304,Deportes,270.69
2378647,Electronica,996.16
50853422,Ropa,41.06
48503394,Deportes,117.18
1766124,Belleza,33.45
51360085,Hogar,480.63
15977059,Ropa,22.83
5934377,Electronica,671.7
32431325,Belleza,105.19
44804665,Deportes,312.4
31977381,Hogar,413.88
35586395,Electronica,1459.83
48497105,Deportes,167.16
31170890,Deportes,137.67
11766359,Ropa,15.83
34940833,Ropa,38.5
52204945,Electronica,864.92
39462001,Libros,13.67
31092739,Libros,45.5
3578298,Deportes,34.15
7094121,Ropa,59.3
42490509,Hogar,352.29
51717673,Hogar,138.92
3284675,Deportes,296.93
31714342,Ropa,199.21
49502819,Electronica,1205.77
42028703,Electronica,545.66
2891661,Electronica,1355.86
46558733,Hogar,39.82
40932959,Ropa,147.75
9518985,Ropa,14.43
37285991,Hogar,99.66
51298451,Electronica,1482.0
47159667,Electronica,573.28
2946864,Deportes,331.79
35028328,Libros,25.68
31097470,Belleza,101.6
37578671,Libros,58.1
33980343,Ropa,92.75
4687560,Ropa,116.28
49799229,Ropa,129.44
7143174,Libros,56.42
51804816,Belleza,34.53
33179526,Deportes,252.27
7062586,Libros,22.86
1979235,Belleza,29.95
36416722,Electronica,173.13
45731417,Electronica,950.03
40745378,Ropa,177.6
46715576,Hogar,185.43
44747695,Ropa,115.01
35429062,Hogar,326.43
49271824,Belleza,52.68
47376615,Electronica,1359.85
34841805,Libros,24.95
46156603,Hogar,75.63
47162004,Belleza,21.56
1008579,Electronica,1341.74
31763416,Libros,59.34
44350561,Hogar,155.13
36813646,Ropa,37.28
38132917,Ropa,101.62
3568840,Ropa,144.81
35154288,Belleza,75.43
40570617,Ropa,190.71
34329403,Deportes,330.76
31618854,Electronica,1310.01
31073782,Belleza,67.29
53560305,Libros,23.0
3566083,Ropa,143.33
46287627,Electronica,686.63
4033598,Hogar,154.56
45196041,Ropa,38.93
49709669,Electronica,815.42
44731860,Deportes,245.82
76602,Hogar,290.86
51148503,Deportes,64.29
33697243,Libros,36.35
51034521,Electronica,294.2
39581540,Deportes,272.21
49334324,Libros,28.62
6630858,Electronica,1280.74
49672016,Electronica,1178.49
39441452,Deportes,295.27
43885660,Electronica,1066.07
46702855,Ropa,116.49
4160913,Electronica,138.61
51591449,Belleza,80.38
43717728,Libros,30.68
37997900,Electronica,730.85
35351780,Belleza,48.59
39961177,Electronica,1397.15
7123252,Electronica,411.7
31790263,Deportes,140.31
38541988,Ropa,192.98
50382426,Libros,49.56
32626715,Ropa,12.68
32434613,Hogar,454.46
4906270,Deportes,106.13
31759979,Deportes,288.25
5865768,Ropa,115.08
3539213,Deportes,223.99
34830807,Ropa,146.41
4470109,Deportes,98.73
46655176,Electronica,280.59
31713754,Ropa,133.86
6035668,Ropa,65.21
42781060,Belleza,117.0
39727015,Deportes,191.57
31121286,Deportes,62.41
52597720,Ropa,140.3
32853556,Electronica,493.93
4741017,Electronica,265.45
2702409,Libros,28.26
53000125,Electronica,1448.12
45288702,Deportes,176.34
50003393,Belleza,44.94
40644780,Ropa,94.46
35188287,Hogar,20.88
6367983,Belleza,20.31
4426992,Hogar,427.09
35078857,Belleza,117.47
31535766,Electronica,279.02
6084832,Deportes,223.5
42386724,Hogar,483.67
7025343,Belleza,23.01
54949044,Deportes,90.8
53527225,Hogar,464.51
46119123,Ropa,144.08
51764142,Belleza,22.48
47023190,Ropa,84.76
51013128,Electronica,131.59
46232883,Ropa,92.21
33499756,Ropa,157.8
44597361,Libros,35.47
46296360,Belleza,79.46
46616424,Electronica,523.89
46128562,Ropa,40.67
41708376,Deportes,24.98
40280134,Hogar,413.34
42420172,Ropa,130.96
56078,Electronica,382.52
46184140,Ropa,89.5
33810481,Hogar,403.7
33130021,Electronica,831.12
2842371,Belleza,39.52
35146684,Electronica,437.42
52897518,Belleza,30.03
46527824,Electronica,1244.41
38281817,Hogar,297.2
35862249,Hogar,358.94
5886324,Electronica,1297.17
34437012,Ropa,197.5
42211915,Hogar,136.0
2763029,Belleza,25.8
46735418,Belleza,58.13
38828676,Deportes,33.33
857718,Libros,48.54
32048657,Libros,53.61
4815743,Libros,42.73
31162489,Belleza,35.82
49305126,Deportes,66.8
2497141,Libros,26.02
51606984,Libros,50.83
46296991,Electronica,554.35
47599065,Electronica,99.67
42353748,Electronica,447.71
51345382,Ropa,198.09
31058979,Libros,42.22
44349937,Ropa,181.16
39849165,Deportes,314.45
31534829,Belleza,67.07
48885673,Libros,13.18
33926502,Belleza,45.09
39785728,Electronica,896.42
46225421,Libros,52.88
31938700,Hogar,145.31
34544519,Ropa,33.03
34091923,Ropa,116.18
51725820,Libros,14.71
45040865,Electronica,935.02
32206823,Ropa,60.07
52215712,Electronica,384.9
34732070,Deportes,171.69
44055547,Belleza,73.22
2786618,Hogar,279.48
47952312,Belleza,33.14
43803246,Belleza,107.48
37653439,Deportes,61.76
35426950,Ropa,17.5
6320496,Hogar,307.31
32196981,Ropa,33.45
43901143,Libros,32.77
37776880,Belleza,114.45
49148453,Libros,43.42
37286426,Electronica,945.31
4490127,Belleza,71.1
4458222,Ropa,44.11
46464819,Belleza,54.75
6865188,Electronica,546.66
3248258,Deportes,382.17
7157041,Libros,18.33
32252271,Libros,30.93
46798946,Ropa,188.24
31688102,Belleza,95.76
14512759,Ropa,193.26
53542059,Deportes,251.17
47896891,Belleza,43.39
36419673,Belleza,100.06
34956243,Ropa,65.38
41007742,Ropa,41.31
35627305,Electronica,1074.12
42540513,Deportes,262.8
51275252,Electronica,1324.48
86130,Libros,57.91
35483631,Belleza,103.58
47944012,Ropa,21.4
31933743,Belleza,81.42
40780939,Belleza,95.24
38630906,Hogar,491.24
41481157,Libros,25.61
6808092,Hogar,97.39
43547395,Belleza,103.09
50062270,Ropa,70.32
50583960,Belleza,73.79
4636487,Libros,26.44
31373757,Hogar,210.13
32107401,Ropa,149.17
40314175,Belleza,46.57
32706939,Deportes,283.37
926076,Libros,5.79
39594891,Libros,22.86
42479233,Deportes,141.24
44695843,Belleza,91.12
3967383,Libros,22.3
2974144,Ropa,130.33
44832904,Belleza,84.18
48718746,Belleza,80.72
43685702,Hogar,307.6
44748036,Libros,27.75
33363219,Libros,25.53
41253099,Deportes,234.54
49363693,Hogar,45.9
4650446,Hogar,439.77
48221628,Libros,50.39
50885678,Belleza,44.83
3539232,Hogar,289.91
40317936,Deportes,374.25
31651887,Hogar,146.74
36870518,Deportes,302.13
3521319,Hogar,55.12
32686739,Deportes,218.88
35666287,Hogar,443.73
51731687,Hogar,282.58
48120251,Ropa,127.09
37119461,Deportes,364.9
49956964,Deportes,291.84
31451408,Deportes,284.43
7080378,Electronica,900.26
31298760,Hogar,322.0
37002023,Deportes,325.41
36855498,Libros,58.86
44478020,Electronica,1203.22
49501767,Ropa,144.43
52975057,Deportes,71.51
47083018,Deportes,330.49
2982008,Electronica,1117.19
31298843,Hogar,388.66
35631718,Libros,17.71
34220556,Ropa,181.65
39352209,Deportes,56.97
36545267,Hogar,138.0
48125839,Libros,41.47
37185230,Libros,42.05
42382316,Ropa,69.53
31716783,Belleza,85.67
43922106,Libros,26.34
47073705,Belleza,5.02
37990389,Libros,13.94
38783735,Ropa,177.7
34003894,Electronica,372.91
48275396,Ropa,31.45
39733498,Ropa,139.62
25123359,Electronica,689.02
36398226,Electronica,1205.06
48305310,Hogar,432.8
3867592,Libros,51.53
47585228,Hogar,166.81
43838791,Electronica,783.04
48312297,Belleza,79.77
41266391,Belleza,42.03
32062678,Ropa,17.81
3753815,Deportes,208.35
81527,Ropa,12.44
436888,Ropa,190.62
45534218,Deportes,322.74
4078993,Libros,15.56
49613896,Electronica,466.98
6981822,Belleza,118.03
35586688,Ropa,80.97
32142045,Deportes,317.81
32069814,Hogar,231.71
112304,Ropa,174.18
37815202,Belleza,85.93
44169688,Electronica,83.22
43514845,Ropa,65.93
33181428,Ropa,116.02
35886356,Libros,55.94
49469160,Deportes,58.77
41136735,Hogar,306.56
31712940,Hogar,161.56
43869785,Electronica,1339.53
47032433,Belleza,92.99
50235181,Electronica,586.07
46282457,Ropa,41.75
3175387,Ropa,12.18
37463252,Hogar,316.25
33988593,Belleza,51.7
47143312,Deportes,139.61
35217531,Belleza,118.33
37790993,Ropa,98.57
50826270,Deportes,304.94
45567870,Belleza,25.4
32082328,Belleza,6.55
6061771,Deportes,178.67
31999826,Ropa,136.48
37631630,Belleza,63.26
51087307,Deportes,358.38
2582848,Libros,28.87
44076636,Libros,22.11
6531608,Ropa,184.05
36513970,Deportes,174.58
43885796,Libros,19.83
51123329,Deportes,57.11
50493281,Belleza,96.23
32242237,Ropa,166.77
6280267,Libros,6.83
5215193,Belleza,46.24
32434759,Electronica,1137.32
37666690,Electronica,1422.25
50817342,Ropa,81.79
44748363,Libros,52.96
3905049,Libros,26.65
32271537,Libros,14.87
44484618,Deportes,21.31
39329175,Belleza,42.97
34777976,Libros,25.82
571366,Belleza,113.69
47135679,Ropa,49.15
3257232,Libros,26.02
6277358,Ropa,14.78
4051240,Libros,46.99
41483129,Electronica,1376.95
48380115,Hogar,130.34
35275798,Ropa,91.51
239786,Libros,11.72
3160392,Hogar,236.57
32088676,Ropa,35.34
31715545,Deportes,218.87
33042021,Libros,45.4
1263259,Deportes,230.27
6107171,Electronica,405.57
32567464,Libros,24.46
44221192,Electronica,975.93
31583919,Hogar,301.03
36895069,Ropa,35.99
4460483,Belleza,102.17
3556341,Electronica,739.02
41914862,Belleza,23.67
49427389,Belleza,19.13
769989,Ropa,193.45
48299581,Hogar,151.54
6687080,Ropa,182.63
49552756,Libros,27.58
31534894,Electronica,609.59
33048433,Belleza,85.61
32061657,Ropa,11.88
46624420,Ropa,74.24
47551306,Ropa,67.5
3738909,Electronica,1308.74
3118930,Hogar,271.62
36288075,Ropa,79.27
35248247,Electronica,435.81
6597234,Belleza,72.91
39397365,Libros,13.34
1069442,Deportes,113.56
45711940,Electronica,475.74
47552221,Deportes,251.01
43754290,Ropa,80.92
36432355,Ropa,106.1
31341540,Electronica,993.14
50035229,Deportes,383.38
36812623,Ropa,155.32
32052462,Belleza,51.6
42661632,Hogar,377.91
3257622,Hogar,475.6
42385874,Ropa,104.88
49553171,Deportes,175.99
33981221,Libros,9.29
48984262,Ropa,179.55
31769966,Libros,18.55
35470162,Libros,8.52
40556702,Deportes,224.14
46260535,Libros,51.52
47077960,Belleza,51.76
44220412,Deportes,317.57
1263702,Ropa,168.92
45607582,Belleza,57.26
35032590,Electronica,906.88
49836002,Hogar,273.95
3892937,Ropa,188.45
49801067,Ropa,147.85
32444850,Ropa,185.82
38404491,Belleza,30.3
2141817,Electronica,499.84
1060291,Deportes,46.95
45553756,Electronica,774.87
36425260,Belleza,105.5
33048523,Ropa,72.1
6127603,Hogar,77.22
46103066,Ropa,23.0
32686757,Deportes,190.05
42555391,Libros,14.02
40923296,Hogar,182.86
31947874,Ropa,165.8
39689729,Hogar,201.26
35434002,Libros,38.54
46283258,Electronica,778.13
1033620,Belleza,87.63
31496838,Ropa,39.67
40123717,Deportes,369.77
42350580,Electronica,983.27
42617235,Ropa,61.48
34440754,Electronica,228.72
49555017,Deportes,76.9
3570450,Ropa,158.71
159490,Libros,37.35
34472043,Libros,25.94
34743752,Deportes,146.5
44606415,Hogar,430.04
44746911,Deportes,352.41
6896543,Hogar,296.91
50246577,Ropa,109.66
48308572,Hogar,410.98
45742804,Ropa,152.37
34071472,Ropa,86.06
34532472,Belleza,14.51
43547943,Ropa,156.02
4033667,Hogar,96.82
48975188,Belleza,6.88
32752181,Belleza,101.98
45525744,Ropa,119.87
3404796,Deportes,358.83
49154005,Deportes,204.14
35908611,Libros,55.96
31167762,Belleza,45.71
43695891,Ropa,147.66
4461976,Deportes,134.37
38627421,Ropa,10.22
33207773,Ropa,82.15
50032230,Belleza,89.84
44292093,Libros,13.25
38995145,Belleza,63.05
34152971,Electronica,357.87
47225147,Deportes,48.36
33405313,Deportes,254.63
38783549,Deportes,381.75
35883061,Hogar,165.69
50476987,Ropa,120.32
33654889,Belleza,114.66
4368208,Deportes,267.18
42921787,Electronica,1026.01
45602974,Deportes,87.99
48229396,Libros,32.09
4483081,Ropa,79.75
376188,Ropa,99.48
49931778,Belleza,97.1
37111636,Hogar,238.44
31363973,Belleza,12.23
35821042,Deportes,364.11
36796360,Libros,34.96
32797063,Electronica,1390.52
31651793,Belleza,70.82
48968865,Hogar,48.77
45607481,Belleza,68.58
32590162,Ropa,119.39
46635591,Deportes,101.45
2430094,Deportes,198.99
39882222,Deportes,194.59
44747413,Deportes,256.69
42512072,Deportes,118.65
48352178,Deportes,241.06
36833901,Electronica,399.38
35650427,Hogar,231.53
45296127,Deportes,66.63
42510097,Hogar,33.09
43120726,Libros,22.63
38948544,Deportes,124.34
48727511,Belleza,51.8
37356282,Deportes,385.55
49782722,Ropa,109.22
83183,Electronica,852.11
47462740,Belleza,113.28
42676541,Belleza,110.93
34383719,Ropa,177.98
35243753,Deportes,57.24
4913103,Electronica,969.73
41225574,Belleza,97.93
43248749,Electronica,1261.58
6727155,Belleza,71.46
6950075,Deportes,26.65
39617850,Libros,58.55
3170989,Belleza,59.3
38115857,Libros,26.65
34289893,Belleza,50.42
47240423,Hogar,220.71
42040545,Deportes,112.03
7005775,Ropa,72.19
50287403,Libros,59.19
34586753,Ropa,79.95
36502438,Deportes,220.16
36813659,Ropa,171.18
3078815,Deportes,220.42
35140220,Ropa,71.65
35627510,Libros,33.81
42600424,Hogar,70.33
75786,Ropa,34.7
40264852,Libros,43.18
36825189,Belleza,110.51
47238955,Deportes,295.76
48114210,Electronica,158.19
42671750,Electronica,634.2
40211410,Deportes,20.97
31059203,Hogar,262.94
38034084,Ropa,46.71
35106449,Hogar,436.05
34424935,Electronica,201.29
37790515,Libros,5.08
36468634,Deportes,191.44
33296411,Deportes,79.06
802719,Hogar,372.92
4944835,Libros,55.6
2798517,Hogar,35.34
33429270,Ropa,85.16
1008559,Belleza,119.63
49370622,Libros,45.3
38329621,Belleza,114.62
37214614,Ropa,41.18
47709800,Belleza,30.46
42462880,Electronica,274.48
38489475,Belleza,39.77
42053724,Ropa,147.63
37855545,Belleza,23.97
2243424,Deportes,219.21
35110502,Hogar,145.57
36962620,Electronica,1252.33
3581690,Deportes,22.51
44596787,Deportes,104.78
32767450,Ropa,125.0
50010726,Hogar,61.9
1846471,Hogar,241.16
31138735,Libros,28.99
2871519,Electronica,1286.16
36307743,Ropa,128.83
36560230,Electronica,977.57
42613393,Libros,57.35
44620264,Belleza,117.97
37138360,Deportes,268.29
33030334,Electronica,806.9
42530775,Deportes,251.01
32119615,Ropa,82.66
6670110,Belleza,118.56
42803906,Ropa,143.95
39683360,Belleza,38.47
3747797,Belleza,11.64
39364801,Deportes,36.99
38491001,Ropa,48.93
49516118,Ropa,54.25
32616150,Electronica,651.82
38040708,Ropa,50.82
40437195,Electronica,964.82
36392871,Hogar,117.46
44077637,Hogar,106.12
36860936,Hogar,243.55
37734164,Libros,53.88
4973854,Ropa,98.98
48825463,Libros,27.76
2980442,Ropa,119.84
6930097,Electronica,422.96
42513354,Libros,24.44
6626510,Libros,16.76
35845960,Libros,36.45
32242646,Belleza,85.2
39862043,Electronica,1026.86
33655173,Hogar,138.59
48229442,Electronica,1180.49
3936326,Belleza,34.43
35172900,Ropa,38.56
35755798,Electronica,557.22
40978209,Libros,37.88
38266166,Hogar,83.87
4097007,Hogar,329.32
48979507,Ropa,173.98
34693648,Electronica,475.05
49292901,Belleza,56.77
4029314,Ropa,53.38
48010613,Electronica,573.83
47045484,Deportes,28.35
37349477,Hogar,477.58
45039079,Belleza,52.83
46472383,Libros,48.39
39004253,Belleza,21.4
31551837,Libros,49.68
40621071,Belleza,103.92
36691951,Hogar,362.01
421204,Libros,54.68
46265712,Electronica,292.44
45796926,Libros,31.21
50300762,Ropa,127.82
42170501,Electronica,914.48
40284012,Ropa,173.6
38512397,Belleza,29.8
32703299,Electronica,304.68
40286420,Belleza,34.14
37642202,Deportes,358.79
31586482,Belleza,113.22
49231203,Belleza,70.51
6827746,Ropa,105.26
33880888,Libros,38.3
37631175,Deportes,254.2
44195357,Belleza,24.59
42717271,Belleza,83.94
51361603,Deportes,191.89
39099489,Deportes,216.61
45922880,Electronica,93.96
3311095,Ropa,155.27
45197836,Deportes,337.46
45362179,Deportes,255.38
6806209,Hogar,378.13
6057188,Libros,33.75
47351002,Deportes,254.97
44074484,Ropa,84.97
35538105,Libros,48.55
34902769,Libros,30.75
37546648,Belleza,83.22
48047129,Belleza,76.46
43448921,Belleza,85.77
49863032,Belleza,95.3
6871594,Hogar,263.67
32657162,Deportes,328.97
51305109,Belleza,62.18
39311749,Electronica,1437.12
50398514,Belleza,91.56
958336,Deportes,85.03
31621106,Belleza,100.4
37856104,Hogar,282.52
1265249,Ropa,197.05
39349792,Ropa,146.58
2158942,Deportes,52.07
37254044,Ropa,85.04
51856300,Ropa,108.28
50892553,Electronica,1266.57
3172554,Deportes,297.15
24802059,Deportes,160.36
46860786,Ropa,134.15
3748951,Ropa,119.61
49499918,Ropa,33.95
35750460,Libros,17.92
37168590,Hogar,180.44
5904601,Belleza,27.48
48529737,Hogar,87.81
4654990,Deportes,42.12
51758636,Electronica,1316.0
2843107,Belleza,38.23
48456150,Electronica,470.96
32240880,Libros,16.34
51295798,Deportes,200.65
7076289,Libros,33.28
36949940,Deportes,99.15
47177839,Electronica,932.43
321315,Electronica,1098.35
6728356,Electronica,592.07
35828245,Deportes,242.47
49571017,Ropa,105.44
43872304,Electronica,333.55
35651278,Libros,45.15
32931488,Belleza,97.17
952997,Deportes,266.54
48004396,Libros,22.81
42110403,Hogar,464.49
47108176,Hogar,235.85
36949510,Belleza,35.58
3269538,Ropa,87.56
36326232,Electronica,1053.51
38911978,Deportes,341.45
47342559,Libros,24.61
35056027,Electronica,387.31
3814128,Libros,39.46
3135013,Deportes,370.06
1763269,Hogar,103.9
2899126,Electronica,1214.38
34250037,Belleza,59.81
47323854,Ropa,161.91
49967677,Belleza,63.14
50344360,Ropa,81.69
36955970,Libros,43.32
33073943,Electronica,1355.91
2145560,Electronica,514.37
6280076,Ropa,97.54
34932446,Hogar,126.26
48731895,Deportes,89.7
42834709,Belleza,94.46
51125663,Libros,16.04
3261451,Belleza,96.23
31225529,Belleza,54.36
31834432,Libros,59.73
35033613,Libros,15.85
45982906,Electronica,184.82
4258758,Belleza,13.67
4665509,Deportes,337.46
40089265,Deportes,186.35
32283621,Ropa,10.59
38610580,Libros,53.11
44597594,Electronica,1321.54
4080169,Deportes,326.44
32546896,Hogar,135.43
34867121,Electronica,590.49
5931026,Electronica,1130.14
6361936,Deportes,205.95
42211437,Hogar,89.61
35283869,Ropa,56.13
4137882,Deportes,389.58
7029516,Hogar,88.24
51365330,Electronica,1102.82
31272415,Hogar,246.84
31673290,Electronica,1135.47
3258487,Deportes,271.22
35168746,Libros,29.15
47605428,Deportes,154.49
43380529,Belleza,91.75
48275009,Belleza,42.16
4192411,Belleza,95.59
2286793,Deportes,278.34
31677136,Ropa,119.76
39593881,Deportes,160.14
31124039,Libros,16.28
45690594,Hogar,359.55
6715476,Deportes,54.71
5770510,Deportes,388.81
5987056,Electronica,1469.18
35646248,Electronica,238.82
32595982,Electronica,200.71
3257239,Deportes,176.83
49614349,Ropa,193.1
34985874,Hogar,209.15
35532300,Hogar,191.44
46385326,Libros,43.7
45734720,Ropa,43.96
34909633,Ropa,79.03
46817743,Hogar,156.28
47571181,Belleza,74.18
45708093,Electronica,285.99
37111513,Electronica,845.62
32630021,Hogar,430.91
41974259,Ropa,107.69
34388922,Libros,42.59
1069033,Belleza,13.65
51577301,Hogar,232.77
47465773,Electronica,187.6
48014651,Deportes,247.8
2530935,Ropa,63.4
46388860,Deportes,129.16
42572216,Libros,9.22
45310533,Hogar,165.47
33661794,Electronica,784.68
26710859,Belleza,72.24
48774635,Deportes,45.33
36506501,Belleza,79.92
7105535,Libros,31.89
51030801,Electronica,828.52
47460460,Deportes,336.46
38895959,Libros,23.82
42726293,Belleza,25.02
51173162,Belleza,68.46
33027793,Deportes,379.11
32882961,Electronica,800.91
6515655,Belleza,100.67
39106092,Hogar,382.16
41889042,Libros,33.51
38580133,Deportes,266.07
3059799,Ropa,87.27
43864680,Ropa,110.82
50416889,Electronica,785.56
42719119,Hogar,358.92
47418002,Belleza,52.15
4240392,Ropa,28.96
511359,Electronica,1193.63
43620023,Libros,42.67
4593913,Hogar,475.81
282558,Hogar,222.93
47002015,Electronica,163.4
32445246,Electronica,226.35
6929796,Belleza,93.93
6626407,Electronica,148.25
35568642,Belleza,109.4
38585547,Belleza,37.39
35537156,Deportes,361.57
48496000,Hogar,390.15
3720460,Libros,52.92
6316425,Hogar,118.81
6137194,Hogar,303.91
31631877,Deportes,55.56
47011231,Belleza,28.26
50105038,Belleza,40.64
46676144,Electronica,1124.18
40957751,Deportes,29.39
46357539,Electronica,1359.52
41265509,Deportes,46.91
31991356,Electronica,595.91
1078951,Ropa,25.41
6460080,Hogar,387.95
4909749,Hogar,83.54
42919877,Libros,53.66
46043519,Belleza,65.98
48833585,Libros,57.17
51449873,Ropa,65.17
4756583,Libros,29.99
44823612,Hogar,351.71
48670009,Belleza,100.67
1786375,Ropa,90.06
42236698,Hogar,447.83
37519582,Electronica,221.08
31235419,Deportes,289.3
35022615,Ropa,76.16
41086382,Belleza,16.65
40745993,Libros,26.27
36253688,Libros,53.41
48549177,Ropa,196.3
36863739,Belleza,50.17
40293793,Ropa,178.42
36992342,Belleza,63.61
4268892,Libros,44.44
48799664,Hogar,37.01
3764862,Electronica,858.1
35486013,Hogar,49.03
34709110,Electronica,439.5
45604178,Libros,36.17
45665859,Hogar,406.47
5989378,Hogar,287.03
38801021,Ropa,187.88
42767764,Deportes,327.93
3009451,Libros,13.59
32002411,Belleza,49.73
35559982,Libros,41.77
39242359,Belleza,112.92
2788400,Belleza,118.59
30243509,Electronica,1156.62
3309269,Belleza,70.98
38132918,Belleza,92.01
1008721,Ropa,61.91
35613743,Hogar,152.55
35351405,Libros,40.99
48472605,Libros,52.95
43818686,Belleza,116.53
42553585,Deportes,149.71
4660546,Libros,48.81
43279518,Belleza,102.93
47001854,Electronica,953.6
2206195,Electronica,554.01
33030316,Electronica,947.68
44309999,Belleza,72.21
47982208,Ropa,125.24
37610045,Deportes,255.32
32431286,Belleza,102.41
43333967,Ropa,42.32
48353915,Ropa,79.79
2724423,Libros,37.23
47086189,Belleza,37.58
35799968,Belleza,117.49
33246203,Ropa,60.0
32778280,Ropa,99.23
44764808,Ropa,176.7
2160245,Libros,9.4
35700956,Belleza,99.38
34960197,Ropa,118.49
34732115,Electronica,96.11
33695292,Belleza,108.83
41710423,Libros,7.16
76711,Electronica,797.07
36560193,Hogar,38.78
587837,Belleza,13.19
39310526,Hogar,445.29
44263134,Ropa,155.51
34614655,Libros,15.83
44044121,Ropa,127.89
7077194,Libros,48.71
36509987,Deportes,358.04
39069149,Ropa,98.98
34222543,Hogar,450.29
5812850,Libros,32.93
31832510,Ropa,140.76
45998088,Belleza,117.59
47795156,Libros,17.98
3534128,Libros,14.27
41295672,Ropa,74.98
47999853,Deportes,82.47
42595067,Ropa,63.99
34454085,Hogar,375.35
36488979,Hogar,246.6
1069607,Libros,25.63
46287431,Libros,25.28
50835449,Ropa,46.96
2174671,Hogar,231.99
35180550,Hogar,317.95
48326359,Deportes,72.88
33102587,Belleza,116.87
6518227,Deportes,188.45
40428463,Electronica,1424.54
44751010,Deportes,71.17
43522415,Ropa,155.77
38613737,Belleza,76.03
31970650,Ropa,165.81
37776012,Electronica,920.98
48238388,Belleza,115.73
42589685,Libros,39.48
4811685,Hogar,395.53
3409670,Deportes,353.48
42425865,Ropa,145.77
48944820,Electronica,810.14
32431196,Hogar,147.32
31168290,Deportes,344.71
34343050,Hogar,248.08
46038207,Deportes,255.87
2157842,Libros,9.36
34962929,Belleza,62.2
3043896,Hogar,353.61
2821165,Hogar,298.27
39392094,Hogar,232.55
38898376,Belleza,30.69
2747173,Electronica,499.02
48754365,Deportes,286.24
48316310,Libros,17.33
31339014,Hogar,316.54
6190987,Belleza,72.82
31933319,Electronica,1457.11
35040975,Deportes,43.1
31431751,Belleza,17.43
39688478,Libros,32.83
46394304,Libros,33.99
47702699,Deportes,35.17
35908108,Hogar,415.54
33870649,Libros,32.21
44630286,Electronica,552.63
31845818,Belleza,41.67
31073625,Electronica,1299.04
31162833,Hogar,110.42
34372945,Electronica,282.61
36802879,Electronica,359.11
37998157,Ropa,128.75
36327772,Electronica,1225.85
6859524,Deportes,145.77
44260553,Belleza,24.95
6194843,Ropa,49.75
44308594,Belleza,76.21
4897840,Belleza,33.29
6353002,Hogar,440.48
50376735,Hogar,65.39
36392612,Ropa,16.15
35810762,Libros,9.86
32646410,Hogar,425.14
3329303,Hogar,330.85
4973112,Hogar,479.51
4461972,Belleza,43.67
49263038,Ropa,50.41
1294584,Belleza,69.63
46125522,Deportes,224.37
32428797,Belleza,72.97
1891535,Deportes,152.06
893225,Electronica,58.55
48660675,Electronica,100.8
4075546,Deportes,272.25
31509518,Deportes,218.84
2142881,Belleza,99.42
35625169,Deportes,134.16
27138409,Ropa,164.94
4471642,Electronica,666.96
39395799,Electronica,190.21
3748948,Libros,58.79
4913171,Deportes,214.54
6258969,Hogar,320.3
49680809,Hogar,340.34
33730969,Deportes,157.72
39648548,Ropa,152.03
35434060,Hogar,437.08
44097055,Libros,26.3
43952971,Deportes,269.66
42116369,Ropa,153.85
50615592,Ropa,46.12
33833572,Belleza,43.25
32051480,Ropa,30.67
41317958,Hogar,307.07
48366636,Hogar,403.45
48499945,Deportes,252.12
40375348,Deportes,88.32
3404813,Ropa,113.81
32129324,Libros,50.92
46727223,Electronica,488.95
38116011,Belleza,100.75
43215606,Electronica,1187.7
46975781,Ropa,14.13
31808028,Ropa,55.5
39839586,Electronica,837.27
49639154,Belleza,87.53
31111033,Electronica,1326.77
1826823,Deportes,263.6
3291520,Hogar,199.47
3811948,Libros,15.15
46692328,Deportes,308.81
6699801,Hogar,115.29
5994846,Libros,43.25
38429630,Libros,14.97
1267570,Libros,10.01
4184026,Ropa,57.71
35164168,Libros,20.67
6052768,Belleza,79.43
49591097,Electronica,283.28
31810238,Belleza,111.99
6786628,Electronica,853.82
34732062,Deportes,206.55
36317937,Deportes,185.18
49755295,Electronica,871.57
6911654,Belleza,7.58
368535,Electronica,1485.63
48236286,Libros,35.66
34233849,Ropa,16.69
4931218,Deportes,244.19
46703192,Ropa,93.04
33028221,Libros,6.32
46409772,Libros,55.84
42189114,Deportes,24.02
49621769,Deportes,239.59
49244697,Libros,57.9
44323006,Hogar,130.24
577647,Ropa,58.29
42187883,Ropa,10.08
7954467,Hogar,47.18
45567869,Belleza,10.16
42521247,Ropa,166.3
47483324,Electronica,1263.27
40579137,Libros,44.97
3227529,Libros,24.4
6631261,Hogar,413.31
41768205,Ropa,112.56
6918700,Belleza,40.0
1069963,Ropa,93.08
46281185,Libros,8.62
32128325,Deportes,379.07
2479514,Electronica,947.72
35578766,Hogar,369.65
35845880,Deportes,277.1
2866605,Belleza,81.79
2836441,Deportes,26.56
48761146,Deportes,219.64
46283034,Belleza,99.5
39631879,Deportes,36.92
35814707,Hogar,478.74
47698628,Libros,28.33
6025643,Ropa,65.08
6717883,Deportes,222.09
40928632,Hogar,403.59
50891995,Ropa,100.2
6190998,Ropa,132.57
34227324,Deportes,209.97
3302862,Hogar,321.17
2803772,Libros,12.59
44210679,Deportes,34.69
40270435,Belleza,20.74
35716175,Ropa,64.31
48633899,Deportes,116.28
40725734,Ropa,126.88
41657191,Hogar,236.11
40785771,Electronica,106.28
46266547,Deportes,33.25
6779069,Libros,9.98
33699113,Deportes,154.17
5481578,Ropa,11.17
48727297,Hogar,254.58
40109343,Belleza,46.48
35783442,Libros,35.55
36835638,Hogar,364.6
32376332,Deportes,115.37
4491748,Belleza,23.06
36296895,Hogar,149.86
37527201,Electronica,52.56
6542665,Libros,11.6
2750620,Ropa,152.66
49983112,Hogar,123.06
35167136,Hogar,497.24
37565167,Electronica,293.36
36755650,Deportes,319.73
2146798,Libros,43.78
37627659,Libros,22.72
33883265,Ropa,72.84
35708360,Hogar,288.32
34317116,Belleza,103.02
3255274,Hogar,202.3
6743497,Ropa,21.62
42368522,Hogar,196.59
5950407,Electronica,350.6
6674636,Hogar,470.52
3260135,Hogar,353.18
34390995,Belleza,10.85
4172823,Electronica,474.83
47557058,Electronica,122.81
339439,Hogar,417.56
47425369,Libros,54.85
33324373,Belleza,17.91
34235959,Hogar,228.54
48936806,Hogar,466.96
4930196,Ropa,37.59
44751399,Ropa,65.46
2437941,Libros,21.74
31834507,Belleza,8.46
4022353,Deportes,33.78
49836363,Ropa,191.03
35503013,Deportes,237.02
47732556,Electronica,494.64
48975307,Ropa,81.95
44472578,Ropa,145.82
35523682,Belleza,47.15
6252284,Libros,17.53
46358908,Deportes,58.7
41732431,Ropa,148.5
43190369,Ropa,44.31
6241095,Belleza,13.01
6618295,Belleza,54.1
5743684,Libros,7.18
39723052,Deportes,386.7
48505796,Electronica,959.57
39580768,Libros,13.4
48479655,Electronica,300.06
40409679,Hogar,291.37
31946630,Ropa,77.75
44305296,Deportes,314.22
36967146,Libros,35.02
36254131,Ropa,92.33
3675590,Deportes,385.93
39273482,Deportes,168.48
37546264,Deportes,172.23
36347865,Ropa,136.5
32720845,Libros,49.52
46484515,Belleza,77.01
42588952,Ropa,142.74
5217990,Deportes,161.71
43363747,Libros,31.37
48896217,Hogar,110.56
33200178,Electronica,1036.36
34399439,Deportes,104.15
76357,Hogar,15.61
40737297,Belleza,112.38
45284334,Deportes,136.29
33302316,Hogar,110.37
44171002,Deportes,121.9
39222729,Ropa,72.79
48167050,Libros,31.1
31781158,Hogar,48.64
926803,Libros,7.9
34579392,Ropa,65.65
2837802,Ropa,66.2
35135933,Libros,11.47
34576326,Hogar,211.32
38026135,Libros,20.62
43504003,Libros,6.43
6463644,Electronica,1334.3
33462881,Hogar,444.72
39749622,Electronica,353.31
46418137,Deportes,81.89
2393699,Libros,35.1
32959299,Deportes,259.69
35041741,Hogar,479.41
1996298,Libros,25.75
32054650,Deportes,254.92
36354620,Belleza,105.99
42658414,Ropa,95.49
4214259,Libros,11.73
46660424,Ropa,81.71
37038389,Electronica,248.02
49092309,Deportes,26.32
29856959,Electronica,1139.75
49722978,Libros,18.11
3453474,Ropa,10.38
39831999,Ropa,175.76
48090785,Deportes,188.64
43510415,Libros,18.14
36545165,Belleza,35.22
31611700,Belleza,32.66
37111805,Deportes,93.93
32276642,Libros,51.27
32188320,Deportes,84.73
45912125,Libros,35.9
40643312,Electronica,162.11
49307725,Deportes,380.82
48567700,Libros,38.18
44598276,Belleza,108.86
34454688,Libros,26.88
46015934,Libros,49.59
38507358,Deportes,344.39
36499632,Electronica,1069.28
44329257,Electronica,184.77
42477460,Electronica,73.32
41307990,Electronica,294.41
42574914,Hogar,72.28
35806397,Deportes,295.55
33297335,Ropa,115.83
42654563,Deportes,219.86
36965632,Hogar,137.64
6243145,Electronica,274.18
46368904,Hogar,115.18
47392210,Belleza,51.03
46967358,Belleza,90.12
34720254,Deportes,116.72
31508396,Deportes,285.47
41697454,Ropa,103.39
4719228,Ropa,178.23
42609714,Belleza,31.79
38834100,Electronica,703.74
35897649,Hogar,61.88
6928936,Ropa,73.68
50792519,Libros,32.88
42930759,Ropa,149.22
32617141,Electronica,337.21
35530133,Electronica,366.23
39169399,Deportes,260.0
4492729,Hogar,200.49
37739880,Electronica,749.04
44073624,Ropa,168.87
31226201,Ropa,104.83
49506595,Belleza,80.04
34350636,Electronica,1002.32
46373374,Libros,49.2
39885367,Deportes,262.49
7157959,Hogar,46.43
44201312,Libros,23.82
4360826,Deportes,395.94
37605480,Ropa,47.34
47046765,Libros,37.27
45729486,Deportes,340.32
40065703,Ropa,121.45
6615134,Ropa,80.73
33002006,Ropa,25.24
41081258,Ropa,78.72
6278255,Ropa,44.59
35652177,Belleza,115.5
49562759,Libros,44.33
43861250,Deportes,304.77
4154138,Belleza,55.14
38658855,Belleza,17.65
31063369,Electronica,436.74
46388932,Electronica,426.58
43141142,Electronica,755.83
3799604,Hogar,238.58
49744536,Electronica,678.44
3888068,Deportes,208.47
2758494,Belleza,118.51
31283158,Deportes,133.37
6852897,Libros,38.84
37631834,Electronica,397.29
40093194,Hogar,241.3
6583518,Libros,16.0
43328870,Hogar,285.72
32782547,Libros,19.58
6129326,Belleza,9.23
49535596,Deportes,329.8
38413892,Ropa,34.37
39270824,Deportes,159.85
31168287,Electronica,741.91
46238094,Ropa,92.17
36482756,Hogar,366.95
3778198,Belleza,73.63
1207282,Belleza,38.97
48026151,Hogar,40.08
31317580,Electronica,1163.01
31518156,Hogar,185.98
533478,Libros,53.93
31535646,Electronica,622.83
42359815,Ropa,146.36
31477849,Hogar,470.69
45347777,Electronica,994.17
29748459,Ropa,88.56
49815780,Hogar,290.19
4283893,Belleza,67.5
48858868,Hogar,298.64
48537644,Deportes,75.79
46744119,Hogar,353.78
1124076,Deportes,75.12
38780520,Ropa,12.78
2808131,Hogar,318.02
32631827,Ropa,32.21
35154146,Ropa,156.38
47333823,Electronica,1305.65
36686058,Ropa,189.5
5804719,Ropa,136.25
4312077,Hogar,248.78
32098851,Hogar,185.86
34097269,Belleza,61.46
50032233,Electronica,326.01
50427490,Ropa,76.2
42699310,Electronica,1091.0
1295457,Deportes,102.62
40737324,Ropa,60.17
47551293,Electronica,1136.53
25455959,Belleza,25.45
37675900,Belleza,33.28
39198088,Ropa,13.33
4276826,Deportes,293.62
39340727,Belleza,76.06
42723390,Belleza,84.85
40950696,Deportes,101.44
4941941,Electronica,1046.7
82875,Belleza,73.58
31437997,Hogar,192.57
35323188,Libros,29.08
34477083,Libros,36.24
50467660,Belleza,61.73
36921069,Electronica,980.65
36711152,Electronica,312.42
14279359,Ropa,112.73
717359,Hogar,233.39
38937986,Electronica,718.48
50604920,Deportes,198.37
32040106,Hogar,442.51
42140305,Libros,50.02
6682313,Hogar,320.34
4435441,Deportes,292.27
6041608,Belleza,9.92
31688662,Deportes,302.72
37370284,Deportes,204.74
40952610,Belleza,41.54
40493711,Belleza,21.07
50036331,Belleza,13.65
33277750,Belleza,10.16
50924325,Belleza,23.61
4232557,Deportes,31.45
46321336,Ropa,149.2
39690222,Ropa,57.24
1887258,Electronica,584.67
50433972,Ropa,166.32
43914053,Libros,11.31
32188384,Ropa,168.76
6274313,Deportes,263.03
6670503,Belleza,44.33
49310991,Belleza,18.55
50191167,Deportes,54.77
5904605,Libros,23.45
35133525,Ropa,36.66
43489331,Deportes,121.73
31373397,Electronica,126.79
44292735,Belleza,73.43
331934,Hogar,85.46
1175269,Electronica,1147.26
4217991,Libros,17.0
5049358,Electronica,1207.07
36707821,Deportes,92.16
33507527,Ropa,147.06
50439105,Belleza,43.3
44309415,Libros,37.07
31558925,Libros,7.13
44607254,Hogar,255.19
1834323,Electronica,265.6
47897387,Hogar,250.87
4780897,Ropa,36.86
42477166,Ropa,93.05
43790758,Hogar,68.65
47959830,Belleza,30.29
34244755,Ropa,123.06
49304421,Hogar,488.68
3227527,Electronica,701.32
34260435,Hogar,348.28
33159989,Hogar,276.62
32940026,Deportes,209.38
34874730,Ropa,22.29
50847846,Belleza,21.59
2059399,Belleza,106.55
31642800,Deportes,175.86
31557199,Libros,38.79
39868084,Belleza,65.75
42383148,Hogar,198.76
39659926,Deportes,167.37
48229464,Electronica,855.42
44270578,Ropa,36.82
40553486,Ropa,83.58
6930129,Ropa,94.93
31906943,Hogar,492.79
49310623,Electronica,559.61
50787830,Deportes,264.94
32272771,Deportes,72.22
48233653,Ropa,22.44
44744819,Electronica,1313.74
44751565,Electronica,1109.57
42559492,Electronica,510.37
36679235,Belleza,63.03
34441387,Belleza,20.61
50043415,Ropa,144.36
45609917,Electronica,151.98
6578209,Libros,46.64
43532794,Electronica,842.91
4641933,Deportes,125.96
46969569,Deportes,347.78
2581204,Ropa,197.35
39659045,Libros,18.99
4012247,Electronica,1219.06
44131850,Libros,46.26
44581827,Ropa,151.97
31994881,Deportes,383.75
44820539,Deportes,204.91
31834756,Belleza,82.53
6738208,Ropa,166.54
36413496,Ropa,101.11
41146127,Electronica,748.08
39536615,Electronica,512.05
32678898,Belleza,94.79
6842021,Hogar,347.8
34355695,Libros,29.81
43143197,Hogar,218.38
37341974,Hogar,50.21
34639363,Ropa,11.24
2279900,Libros,34.09
48184991,Ropa,89.32
35611680,Libros,48.78
49377574,Deportes,226.21
46234609,Ropa,187.97
34934489,Ropa,47.27
6647781,Ropa,198.13
43521175,Belleza,39.26
4677604,Ropa,132.06
47463138,Electronica,777.69
86032,Electronica,571.39
34763997,Libros,12.66
48971724,Deportes,71.24
31759439,Belleza,86.82
3449798,Libros,25.77
31236027,Electronica,1443.88
39471713,Belleza,42.45
31301296,Belleza,118.11
3169226,Deportes,98.06
35363444,Belleza,16.82
48509954,Ropa,69.39
45563661,Belleza,106.84
1263240,Deportes,218.3
5056979,Libros,12.46
46618923,Deportes,96.95
4103366,Deportes,138.28
42555345,Electronica,905.74
39749869,Ropa,73.15
39049075,Electronica,1133.23
51563796,Libros,38.9
32095065,Hogar,438.8
2889609,Libros,32.55
42653028,Ropa,72.92
48738695,Belleza,119.57
3254537,Deportes,155.14
37119965,Hogar,222.87
42118849,Ropa,163.73
40793741,Electronica,178.52
39678570,Deportes,166.87
46930158,Libros,9.71
48549193,Electronica,251.99
570798,Ropa,10.88
3316210,Ropa,11.81
37139343,Libros,25.92
49271385,Hogar,407.44
33046974,Libros,37.29
43456802,Belleza,78.02
4534585,Electronica,802.91
49956866,Hogar,412.6
4322708,Deportes,354.54
41635336,Belleza,102.72
31345206,Hogar,408.88
47389758,Electronica,314.93
46271299,Ropa,122.84
2803758,Deportes,241.22
48565979,Libros,34.04
50768007,Electronica,747.18
48553923,Belleza,15.25
27104109,Belleza,16.75
32576674,Ropa,181.43
2744384,Ropa,129.74
47789292,Deportes,119.68
46438233,Libros,20.36
38782550,Deportes,251.87
47422364,Ropa,87.32
38268919,Ropa,93.85
31170561,Belleza,11.97
6061782,Ropa,36.36
6391716,Hogar,205.77
35859611,Electronica,1064.55
32987774,Ropa,19.12
6477903,Deportes,147.13
48228782,Libros,43.23
46043230,Libros,48.56
35887367,Libros,15.46
2517716,Hogar,369.77
6569007,Deportes,383.06
43727896,Hogar,454.8
50416733,Ropa,159.98
50440138,Electronica,1082.87
51007293,Libros,17.93
1243353,Deportes,260.88
48727192,Libros,40.38
48727755,Hogar,212.31
37783375,Belleza,61.7
32896885,Ropa,141.87
3118269,Electronica,1430.55
41632892,Ropa,66.11
42426756,Belleza,33.33
33028289,Electronica,922.62
35629163,Belleza,20.04
34946375,Ropa,120.68
40464098,Hogar,58.09
31075800,Ropa,103.21
36909881,Ropa,127.88
31830766,Ropa,23.32
50430841,Deportes,98.64
539578,Belleza,43.57
32875986,Belleza,47.39
35907580,Libros,42.19
2302798,Belleza,65.84
104425,Libros,26.02
35614215,Deportes,191.26
39757493,Hogar,21.29
50627858,Libros,47.38
46082155,Ropa,17.79
37166897,Hogar,417.22
47611423,Deportes,225.58
50490466,Belleza,65.7
47855978,Libros,43.75
40170002,Ropa,173.32
35289102,Electronica,1416.84
42566044,Electronica,837.89
34848010,Hogar,88.07
4759915,Belleza,106.04
33867025,Electronica,108.97
42613286,Hogar,406.56
46504286,Deportes,278.56
47872722,Hogar,453.79
42520536,Hogar,450.27
3890549,Hogar,40.78
39570187,Ropa,125.79
35834613,Hogar,75.47
7075832,Libros,9.32
35453704,Hogar,232.41
47882543,Ropa,28.54
6028928,Ropa,148.3
50966546,Deportes,388.2
45639035,Belleza,70.5
2427008,Electronica,390.99
1993121,Electronica,1272.65
47048390,Hogar,428.76
4917528,Deportes,298.46
41809506,Hogar,313.34
48839821,Electronica,1308.3
39499820,Ropa,41.03
1982243,Belleza,112.13
49736024,Deportes,379.94
36382831,Ropa,175.68
35613753,Belleza,33.83
46994432,Deportes,346.11
2819775,Deportes,209.1
34839211,Electronica,912.65
43856950,Ropa,169.71
25420159,Deportes,31.24
2119530,Libros,24.96
41975105,Deportes,329.96
34893683,Belleza,98.6
2146825,Electronica,1280.6
4578147,Hogar,97.07
925691,Electronica,1073.54
49756120,Hogar,86.05
45564332,Ropa,159.17
46087637,Ropa,56.57
1069646,Deportes,300.37
35408012,Libros,30.03
48229331,Ropa,197.39
3174875,Deportes,240.36
31498138,Electronica,967.24
6415442,Ropa,79.95
76168,Electronica,1115.05
44347028,Electronica,767.58
50418348,Libros,5.99
42568863,Ropa,125.63
2574544,Electronica,1254.17
34473676,Libros,18.02
42692335,Libros,17.16
6057282,Ropa,125.69
36397788,Libros,49.99
44577955,Ropa,57.43
46196326,Ropa,187.13
40945291,Hogar,464.78
45282802,Electronica,340.78
35719959,Belleza,35.34
45770784,Ropa,143.11
36549905,Electronica,1430.01
48518547,Libros,44.04
42367451,Deportes,189.06
46185983,Ropa,42.11
39671495,Libros,30.36
1069883,Libros,38.37
44352943,Libros,23.2
38359337,Libros,33.06
2583210,Libros,12.16
47047584,Ropa,95.92
41511478,Belleza,15.44
51063549,Hogar,38.81
37472365,Libros,52.15
44737340,Libros,16.28
5770551,Hogar,293.95
35848939,Ropa,38.31
3512429,Electronica,430.66
42901927,Deportes,157.31
40530988,Deportes,74.6
6952350,Electronica,116.65
4341197,Ropa,176.66
1197202,Deportes,24.5
47122521,Hogar,44.74
32590597,Electronica,1217.35
2036589,Belleza,37.43
46130932,Ropa,147.34
44065340,Electronica,262.03
42741342,Deportes,110.17
3037497,Ropa,118.83
34220220,Hogar,494.49
45599488,Ropa,23.95
36965607,Ropa,86.11
46119686,Hogar,35.89
2460551,Libros,15.96
50966599,Hogar,455.12
38278012,Ropa,28.33
32054294,Hogar,430.58
50590161,Libros,14.78
40635785,Electronica,1299.59
32280050,Hogar,275.94
31703363,Hogar,440.93
40441658,Ropa,38.82
6896389,Electronica,1154.95
47590071,Belleza,83.28
5861263,Belleza,67.44
6782031,Deportes,328.02
35744577,Hogar,329.41
35052472,Hogar,440.37
50030045,Electronica,602.54
42719498,Libros,37.45
1078950,Belleza,105.12
45029035,Deportes,101.63
34235338,Electronica,754.32
50724512,Hogar,480.96
46106610,Belleza,59.46
3948438,Deportes,116.08
36370998,Ropa,76.7
34911526,Belleza,106.78
43541807,Deportes,382.86
33997569,Electronica,1427.66
7055226,Ropa,142.8
34977263,Deportes,213.65
4480641,Deportes,89.42
34800982,Hogar,74.76
3929304,Libros,8.29
47922729,Belleza,7.04
36545260,Hogar,440.89
37115686,Ropa,163.73
34319792,Libros,36.23
2344715,Deportes,399.51
34732118,Hogar,477.23
3910231,Libros,41.03
31161656,Belleza,58.43
45741403,Ropa,38.91
533133,Electronica,797.61
42748280,Hogar,91.51
44749210,Ropa,85.71
1263763,Electronica,1416.84
47760455,Hogar,180.86
40214471,Ropa,39.03
32131719,Ropa,120.66
32044482,Libros,38.13
42826422,Hogar,109.0
50916212,Ropa,47.35
50823244,Deportes,396.03
45742925,Hogar,132.99
47079705,Ropa,169.26
34251265,Libros,30.87
5892402,Electronica,680.73
33856277,Electronica,477.7
46163580,Deportes,314.05
2530927,Hogar,442.12
38967752,Libros,19.36
3338947,Ropa,28.07
36500662,Ropa,36.01
36473497,Electronica,1199.57
2302279,Libros,28.97
36968594,Deportes,70.13
37118080,Electronica,543.42
51376033,Electronica,795.64
31743105,Deportes,343.78
2282819,Hogar,326.25
34250565,Ropa,43.45
2301685,Hogar,91.97
50476330,Libros,27.68
40193643,Belleza,13.65
6032944,Belleza,91.89
31703580,Belleza,51.17
41868256,Deportes,150.35
2788397,Electronica,788.21
42679477,Hogar,358.84
32056367,Ropa,118.18
48325844,Belleza,97.28
46135071,Hogar,320.24
42035905,Belleza,95.62
3985759,Belleza,85.13
42695389,Ropa,46.69
49521603,Libros,7.88
6456376,Libros,54.69
47936921,Libros,57.01
49465803,Deportes,296.23
48112356,Electronica,1100.1
35041717,Deportes,122.66
4054198,Hogar,278.08
31335073,Deportes,397.05
3687316,Hogar,430.23
38561330,Hogar,162.63
32055889,Electronica,486.52
43467061,Ropa,101.88
42625822,Electronica,636.67
6807168,Libros,25.41
43172070,Libros,39.48
44042362,Deportes,24.37
47166546,Hogar,385.22
42708599,Belleza,90.11
37504880,Belleza,100.49
39591978,Hogar,423.1
50691723,Electronica,871.28
38613664,Ropa,158.21
48167245,Electronica,763.97
51040885,Hogar,476.49
31725849,Hogar,107.49
981776,Ropa,183.97
41725250,Deportes,118.24
6983008,Deportes,59.03
2708015,Ropa,93.43
41980866,Deportes,253.67
2610469,Belleza,31.56
32661635,Deportes,231.2
39561181,Deportes,327.0
6710551,Deportes,117.69
46412162,Belleza,71.74
4780318,Deportes,148.94
44712995,Libros,34.14
40270386,Belleza,81.7
1008453,Ropa,76.58
32557425,Electronica,1492.0
33861495,Ropa,117.12
34454446,Electronica,1245.47
42942017,Ropa,147.78
35700393,Libros,51.9
2979069,Electronica,302.01
40383678,Electronica,372.7
36315550,Hogar,251.39
31737182,Electronica,1285.88
35920388,Electronica,336.53
49130597,Hogar,485.97
6915733,Deportes,68.49
45539081,Deportes,86.53
4060869,Hogar,96.11
6306074,Belleza,72.39
7155816,Electronica,1380.43
37834279,Electronica,419.91
48397387,Hogar,283.22
36259899,Hogar,100.25
1294671,Belleza,77.58
42462901,Libros,11.78
32883002,Deportes,206.7
2905446,Ropa,134.48
2690812,Libros,36.85
46237358,Deportes,73.2
45019190,Electronica,283.99
32004413,Libros,41.93
47474615,Hogar,407.32
49576953,Belleza,109.43
7132333,Deportes,329.17
1207202,Belleza,117.0
32593629,Deportes,175.14
2156958,Libros,23.21
34909327,Electronica,90.87
2173644,Ropa,95.48
46276815,Belleza,79.91
37443356,Belleza,98.77
39197297,Ropa,60.82
40181939,Belleza,64.06
976646,Belleza,81.13
44059851,Deportes,229.61
44752649,Deportes,124.13
36418528,Ropa,161.29
31168291,Electronica,301.37
36547394,Libros,54.77
48919247,Libros,57.39
35372959,Belleza,47.04
48714692,Electronica,595.46
567671,Ropa,151.22
41476724,Ropa,96.69
41883074,Deportes,30.87
35361246,Belleza,110.79
32328849,Hogar,223.91
47462704,Ropa,48.66
37334107,Belleza,68.9
46672200,Electronica,367.41
47170220,Deportes,98.29
31507854,Libros,35.02
35370659,Electronica,617.01
2601415,Ropa,118.87
2497017,Ropa,199.4
36358902,Electronica,1295.58
43944593,Ropa,11.46
34278202,Belleza,10.81
40802779,Ropa,125.92
48151551,Deportes,257.98
50853319,Belleza,105.99
45994405,Hogar,320.09
4916076,Ropa,53.27
45524489,Ropa,99.02
29496609,Deportes,327.41
46977734,Deportes,370.67
31702228,Libros,18.03
40501093,Electronica,832.43
4524906,Electronica,280.44
32337869,Electronica,770.65
37356541,Deportes,54.24
31124671,Electronica,1415.51
6417324,Electronica,975.18
3041925,Hogar,429.3
39691521,Electronica,1497.53
32181460,Ropa,44.71
43751170,Libros,43.18
2833320,Deportes,357.05
36945615,Belleza,71.23
47314738,Libros,40.18
35456318,Hogar,212.72
41272128,Deportes,276.41
32985490,Deportes,170.32
43485145,Ropa,100.56
32708779,Libros,10.66
46668718,Libros,5.43
5563538,Electronica,129.97
40778768,Ropa,46.58
44169608,Electronica,712.08
45795040,Electronica,80.44
44491040,Deportes,79.26
31529981,Libros,47.98
49993157,Electronica,1155.14
27132459,Hogar,398.02
2984478,Hogar,461.95
31651160,Libros,11.55
41255600,Hogar,94.12
43547826,Deportes,146.75
47585225,Ropa,183.88
31539877,Belleza,94.18
6855426,Electronica,519.98
32097875,Belleza,15.08
4154482,Ropa,127.11
31308587,Ropa,58.8
631249,Deportes,221.84
46875141,Hogar,471.77
34579622,Hogar,292.72
41990789,Ropa,185.53
42465394,Deportes,169.35
4531627,Deportes,260.67
43438209,Libros,54.16
44749139,Electronica,902.58
46272707,Hogar,313.23
988829,Ropa,146.1
35496096,Libros,53.52
2819480,Belleza,15.14
6406152,Hogar,178.38
42048482,Electronica,626.64
46303249,Deportes,365.69
38118716,Ropa,191.64
31061791,Hogar,73.38
32787042,Belleza,18.7
35045547,Electronica,1405.55
3327970,Electronica,478.87
933350,Libros,18.3
36885511,Hogar,32.28
31470463,Belleza,36.69
49892061,Electronica,1055.61
38304812,Ropa,90.95
31521671,Electronica,799.46
34688272,Belleza,110.49
49673339,Deportes,63.58
31120501,Deportes,47.07
31473003,Libros,51.86
1263140,Hogar,390.81
42411919,Belleza,35.33
38182323,Libros,22.83
32887503,Electronica,499.9
45639755,Electronica,989.32
34556571,Deportes,43.26
32993874,Libros,31.92
27079059,Deportes,70.87
46147201,Ropa,165.75
35165943,Deportes,164.65
37646756,Ropa,110.24
6055126,Electronica,92.51
2836424,Libros,8.2
4696224,Ropa,138.26
50362735,Libros,47.17
38906747,Libros,44.05
42943642,Ropa,150.03
3418718,Hogar,65.74
31608737,Deportes,283.51
42081273,Ropa,44.53
32904354,Electronica,192.12
32571754,Libros,46.64
39578974,Belleza,107.28
6039605,Ropa,146.17
46956708,Deportes,326.12
34818448,Libros,59.51
47879712,Hogar,80.36
31274036,Electronica,1449.47
37635542,Hogar,306.58
31574568,Belleza,98.52
38593691,Ropa,133.53
51063515,Libros,36.35
50581475,Ropa,143.69
47755907,Deportes,141.7
6471635,Ropa,185.61
3277829,Electronica,217.17
32457105,Belleza,41.57
27080809,Hogar,30.11
42040591,Belleza,36.2
47027958,Libros,17.0
40172783,Ropa,19.43
36841185,Libros,32.05
38816413,Hogar,242.29
50041945,Libros,9.28
33389615,Deportes,119.5
31839449,Belleza,114.63
35471487,Hogar,68.71
38968800,Hogar,162.93
33154832,Hogar,32.39
47165569,Electronica,265.89
32056102,Belleza,85.43
35157969,Libros,25.17
6257394,Hogar,234.26
32242242,Belleza,23.05
2582968,Hogar,345.84
3605343,Deportes,305.58
32289523,Deportes,88.82
45018593,Deportes,37.1
33728913,Ropa,25.38
3726513,Hogar,333.67
41660691,Ropa,35.75
46627697,Belleza,61.8
42352809,Ropa,39.0
48352783,Belleza,24.57
49841242,Belleza,5.5
44592240,Belleza,41.89
36496883,Libros,9.94
50475730,Ropa,84.85
50500138,Libros,37.88
33608645,Hogar,193.25
3982318,Ropa,143.97
48005066,Hogar,374.6
1263762,Hogar,352.85
48154368,Belleza,112.72
35708999,Ropa,55.09
3631520,Hogar,106.89
49283319,Deportes,251.69
3328452,Hogar,303.52
41905383,Deportes,213.84
33609160,Ropa,10.83
49762982,Libros,35.54
39560862,Ropa,187.23
31535092,Libros,23.4
105890,Libros,58.22
34222951,Ropa,77.78
31906092,Hogar,82.83
6531168,Electronica,627.68
50208328,Hogar,254.89
43544804,Hogar,320.29
43252415,Belleza,63.06
31927238,Belleza,66.72
31535891,Hogar,26.67
48180586,Deportes,116.38
42266074,Libros,22.09
37575631,Belleza,118.52
1008564,Hogar,158.35
50046389,Electronica,1350.04
33861387,Deportes,135.8
47138184,Ropa,28.26
36398159,Hogar,135.09
14718809,Hogar,147.32
34137085,Libros,58.8
49258486,Deportes,276.23
39700684,Belleza,112.14
38047394,Belleza,101.02
43297074,Belleza,71.54
4379552,Ropa,138.32
41175467,Deportes,257.44
36871780,Deportes,273.18
43227689,Belleza,35.45
32256653,Belleza,51.93
40507358,Libros,37.59
34754742,Electronica,102.1
49891843,Electronica,750.11
47066602,Hogar,431.97
42454768,Hogar,253.8
34180922,Deportes,229.88
4450567,Deportes,96.72
32284659,Ropa,160.93
47295517,Ropa,78.19
39611893,Electronica,1437.05
41323386,Hogar,496.95
31884638,Electronica,1378.2
7025173,Electronica,173.07
6983338,Hogar,176.59
49948787,Ropa,189.58
4643891,Libros,49.25
42151211,Libros,55.12
46556823,Libros,36.49
38541892,Hogar,247.99
3745712,Belleza,17.25
37549710,Belleza,101.54
4050452,Belleza,90.69
37997898,Deportes,42.37
3900676,Ropa,49.79
44752583,Ropa,115.88
47851601,Deportes,280.07
46834023,Electronica,249.62
40134774,Libros,18.47
36963953,Belleza,27.21
48974388,Libros,17.1
37697371,Belleza,110.88
31678777,Libros,44.37
32309585,Electronica,1118.81
42332689,Libros,48.67
44819500,Libros,24.61
2495542,Hogar,387.08
39692280,Libros,58.81
37121754,Hogar,353.72
6716693,Ropa,89.18
49764156,Deportes,292.22
33455675,Libros,54.54
48726857,Ropa,34.46
6988364,Hogar,143.67
42563510,Libros,55.56
4472340,Libros,57.04
48825001,Electronica,752.0
750546,Ropa,81.16
50079722,Belleza,37.52
32959481,Belleza,62.36
44704208,Electronica,1405.07
48952893,Hogar,87.66
34834885,Belleza,53.28
32749918,Belleza,109.83
34438413,Deportes,152.67
31302639,Ropa,155.94
36788946,Hogar,203.79
33877342,Libros,49.27
31900469,Ropa,196.39
43474034,Hogar,203.09
49430680,Belleza,102.19
36826084,Deportes,395.6
34977729,Ropa,196.93
50055599,Belleza,54.88
40573034,Hogar,250.59
37211343,Ropa,67.65
44601821,Libros,22.27
32040145,Ropa,103.57
31337186,Belleza,28.06
6914011,Ropa,145.11
48726849,Libros,34.5
32024358,Deportes,361.27
31482132,Deportes,328.02
47852084,Belleza,42.08
32386793,Hogar,260.32
46293939,Belleza,91.31
36825006,Deportes,93.42
48521656,Electronica,95.82
35770863,Electronica,1285.84
34985896,Ropa,36.13
6741163,Libros,53.92
31623171,Ropa,183.59
46908638,Electronica,718.02
35631738,Deportes,326.58
40289363,Ropa,79.01
39800002,Belleza,103.7
38005968,Libros,50.36
6710066,Belleza,14.03
42000110,Libros,37.04
6707897,Deportes,263.2
36875704,Ropa,10.16
2604341,Libros,58.9
40775891,Belleza,51.76
40458315,Ropa,108.3
34443740,Ropa,47.01
35072078,Belleza,75.26
42740363,Electronica,1225.4
32971682,Libros,37.22
49087689,Belleza,95.62
35033462,Deportes,297.82
31998456,Hogar,130.26
46030368,Belleza,55.12
47597439,Ropa,38.24
32575910,Ropa,17.97
46828695,Belleza,12.25
48597461,Hogar,472.11
49574465,Belleza,118.22
35420611,Hogar,61.06
32998497,Hogar,177.57
927404,Deportes,63.48
42744360,Libros,50.88
39875599,Ropa,104.3
38029584,Ropa,128.04
32142015,Hogar,276.86
45601348,Ropa,144.95
37635781,Electronica,512.74
32401023,Hogar,81.68
47353982,Ropa,13.35
46608629,Electronica,696.25
31892975,Deportes,364.98
33466366,Ropa,68.0
32274992,Electronica,334.14
38473205,Belleza,111.49
43135323,Libros,10.8
43275716,Belleza,10.96
43307485,Electronica,1325.15
4720920,Hogar,354.94
46727503,Hogar,219.7
33285643,Ropa,152.95
47413047,Belleza,90.27
180585,Hogar,34.43
44148310,Hogar,342.98
38329662,Belleza,78.7
36482413,Deportes,386.24
39782822,Hogar,483.81
41150762,Libros,25.78
34435434,Electronica,905.27
35493548,Ropa,36.86
34918161,Hogar,47.23
38977715,Libros,28.8
44068812,Libros,42.94
3760657,Hogar,290.36
47774099,Deportes,183.27
35496079,Electronica,1236.26
47114643,Ropa,160.94
39034183,Hogar,369.99
38922512,Ropa,24.64
46427893,Belleza,96.59
36362166,Libros,55.57
46289439,Libros,8.27
15037759,Hogar,209.81
37325637,Hogar,494.35
33923115,Belleza,73.91
36689380,Deportes,215.16
2495596,Hogar,101.06
31639050,Libros,36.1
34038133,Ropa,93.42
3618483,Electronica,234.79
50025776,Ropa,98.22
40930576,Deportes,82.47
1008631,Electronica,1109.46
44701937,Ropa,194.99
35221320,Ropa,99.22
4565952,Belleza,77.72
34544692,Deportes,183.77
51938577,Libros,12.61
35073362,Belleza,116.61
6555109,Electronica,237.89
53812050,Libros,11.14
31299745,Belleza,57.8
32086322,Deportes,270.38
44438195,Hogar,187.14
51117988,Hogar,108.37
38502424,Electronica,1237.5
50642239,Hogar,191.11
35052493,Belleza,27.35
40639049,Electronica,579.37
37976052,Libros,16.8
45607955,Deportes,217.39
47149514,Electronica,1019.02
32792157,Libros,48.98
2079963,Electronica,379.96
2034698,Ropa,41.72
44479219,Ropa,13.72
3970092,Electronica,380.73
32332626,Hogar,26.59
40193640,Ropa,75.64
3377071,Deportes,75.36
51573639,Libros,36.89
6455989,Belleza,49.13
41045160,Ropa,27.78
31884149,Electronica,629.81
6660290,Hogar,116.53
6757632,Belleza,83.22
50824767,Libros,25.04
51183591,Libros,13.09
31814585,Ropa,76.42
46783514,Libros,17.34
50156962,Libros,48.77
41296167,Hogar,491.93
48779428,Hogar,27.36
33605883,Hogar,349.66
37954998,Electronica,432.74
50439311,Libros,8.65
76083,Libros,5.79
38279324,Libros,53.46
51595664,Deportes,154.37
31977537,Hogar,497.35
36534402,Belleza,55.87
48124322,Ropa,45.64
2582204,Belleza,94.37
49554032,Electronica,1393.41
47157312,Electronica,1232.65
2885676,Libros,45.99
42381287,Belleza,43.49
6580046,Libros,8.55
44803751,Deportes,96.49
33739281,Electronica,697.87
31280594,Electronica,1436.49
31714737,Belleza,88.13
6041995,Electronica,1251.01
53517995,Deportes,125.37
49709675,Deportes,279.85
42536988,Deportes,347.73
50093027,Ropa,101.09
33243950,Deportes,183.36
36975654,Deportes,293.37
37111723,Ropa,116.38
47152795,Libros,59.62
3063818,Hogar,221.17
3565046,Electronica,305.12
44598052,Deportes,199.34
42350196,Electronica,391.05
50932237,Belleza,69.54
6896406,Electronica,232.41
47316147,Libros,57.25
54541787,Ropa,173.37
2819467,Electronica,275.57
6580047,Electronica,299.97
32056116,Electronica,793.04
31652319,Hogar,389.85
33889257,Hogar,121.25
50402087,Belleza,12.01
6420682,Ropa,113.65
51612159,Electronica,1052.82
48228969,Electronica,404.33
36488564,Electronica,1122.66
38304002,Electronica,1428.43
7045515,Hogar,81.48
33654201,Libros,33.11
38526151,Libros,8.13
48230741,Belleza,28.77
46169039,Deportes,54.13
6636801,Ropa,86.76
36829133,Libros,50.15
52515274,Electronica,886.84
1069457,Libros,17.24
40527459,Belleza,9.61
7131978,Deportes,230.29
53648900,Libros,12.3
48730760,Belleza,44.41
49388757,Hogar,262.44
2092292,Deportes,363.42
33113186,Belleza,14.41
48177436,Libros,41.77
43532175,Hogar,21.83
39756324,Belleza,77.44
39297560,Belleza,68.43
34925997,Libros,49.65
53034605,Deportes,222.03
35488992,Hogar,186.02
417935,Electronica,401.99
35010377,Ropa,26.2
3503103,Deportes,223.15
4267393,Hogar,445.84
33099458,Belleza,64.2
32092722,Hogar,373.46
46871383,Ropa,66.7
33826440,Libros,29.65
3765935,Ropa,71.67
47425079,Electronica,208.44
4409949,Electronica,654.63
2819822,Ropa,155.21
35382923,Deportes,170.09
35523352,Deportes,267.07
51818734,Belleza,92.24
47879811,Electronica,517.97
2836436,Belleza,96.71
52704873,Electronica,541.44
40153766,Ropa,58.66
47103114,Deportes,104.53
31373677,Deportes,95.96
44607215,Ropa,150.05
7080416,Belleza,107.06
3427344,Belleza,31.52
3977758,Hogar,56.34
4780288,Electronica,504.96
41517052,Belleza,80.65
34481356,Ropa,80.02
27717859,Belleza,68.16
52314378,Deportes,302.84
50024921,Electronica,642.29
35299139,Libros,59.98
32025452,Hogar,159.51
3450018,Electronica,1468.46
4460243,Deportes,97.15
51821644,Deportes,62.15
5937965,Deportes,305.32
37622223,Deportes,286.88
31693106,Ropa,164.12
36322529,Hogar,181.64
39415337,Libros,56.19
42630750,Deportes,65.4
31308600,Deportes,31.51
36321739,Belleza,39.56
35178177,Hogar,401.7
50812578,Electronica,1025.82
36701881,Hogar,226.56
49631876,Hogar,139.28
38341309,Libros,8.26
45192846,Hogar,178.69
50793478,Libros,30.3
52660255,Deportes,281.07
33682159,Deportes,265.47
36908019,Ropa,190.0
48227217,Libros,10.52
37119347,Libros,23.5
6657842,Electronica,748.29
50607219,Belleza,82.13
11640409,Hogar,255.29
47855971,Electronica,1373.5
32107600,Libros,38.48
43530261,Electronica,107.51
40803067,Ropa,31.59
51495572,Belleza,91.65
7053431,Libros,44.37
31625062,Libros,13.44
33707147,Hogar,43.57
46283622,Belleza,71.55
48016477,Ropa,130.79
46299855,Deportes,71.41
47601129,Electronica,736.75
31560353,Hogar,163.33
53620891,Libros,56.22
43506259,Deportes,103.3
146479,Ropa,149.32
37936907,Belleza,64.59
42545578,Electronica,66.71
46309753,Hogar,265.74
42721710,Libros,10.47
3906298,Libros,41.25
47314725,Deportes,234.9
38022887,Deportes,23.96
4214204,Electronica,346.8
6699501,Belleza,94.27
37038335,Ropa,62.4
7080117,Belleza,62.42
2483213,Belleza,40.88
46313380,Belleza,110.98
39292888,Electronica,828.04
50921068,Electronica,1059.45
49636394,Ropa,25.86
7010018,Belleza,9.64
4561354,Electronica,425.88
34593885,Ropa,68.74
41842416,Libros,42.82
48207759,Ropa,118.13
49572191,Belleza,48.08
48874245,Hogar,332.25
36295697,Belleza,23.81
35702970,Hogar,45.79
52444054,Ropa,172.36
51446583,Libros,36.02
31375875,Libros,40.7
2879859,Electronica,495.5
42204769,Libros,25.46
86137,Deportes,51.3
50066635,Ropa,172.83
40944210,Electronica,909.04
47958105,Libros,9.6
7105636,Ropa,162.86
50787778,Belleza,56.07
42421202,Libros,47.08
2656008,Hogar,21.12
35156192,Ropa,15.46
47636385,Electronica,297.64
48461579,Belleza,29.26
48971373,Deportes,310.3
36360704,Belleza,86.27
49884519,Libros,38.88
46401682,Hogar,444.16
50831637,Belleza,33.42
87053,Deportes,363.67
4449405,Electronica,1368.73
33269354,Ropa,92.51
4739415,Hogar,60.78
39946526,Deportes,296.09
48477708,Libros,23.53
35137189,Libros,48.72
43328090,Libros,14.0
34053881,Hogar,276.66
6366266,Belleza,63.43
37116011,Hogar,63.65
5218011,Libros,24.98
51595402,Deportes,52.21
53557289,Ropa,98.3
50798310,Ropa,170.15
32244275,Hogar,146.05
34435471,Libros,47.07
3312045,Electronica,315.97
39687667,Hogar,341.76
158391,Libros,55.35
44295177,Belleza,42.25
6754102,Ropa,181.08
1105388,Ropa,106.03
41671673,Ropa,70.19
4358780,Electronica,1349.94
5895830,Libros,6.76
6351209,Libros,6.54
7014763,Libros,37.99
5897870,Libros,48.82
31543933,Electronica,1139.74
31256674,Deportes,50.2
47242403,Hogar,475.87
34200673,Hogar,355.99
33210433,Libros,57.2
42163071,Belleza,42.85
44616459,Ropa,141.85
32887975,Electronica,1296.91
6369259,Belleza,48.75
35574436,Belleza,115.96
34078786,Libros,19.57
46285039,Electronica,507.64
52931732,Hogar,461.36
2495691,Ropa,194.24
6109054,Hogar,153.32
2843585,Belleza,20.68
35033593,Ropa,154.22
37426676,Deportes,373.27
32401072,Belleza,74.08
41499637,Hogar,322.74
42548342,Hogar,385.03
7055222,Libros,13.42
50541975,Hogar,487.13
4263230,Electronica,578.28
2277172,Belleza,77.25
2141492,Ropa,99.04
37493475,Hogar,242.07
47764274,Libros,43.65
32590646,Libros,59.71
51468521,Hogar,334.64
32194819,Electronica,1201.39
34467157,Libros,6.52
49759411,Ropa,163.98
1069437,Belleza,39.5
48707652,Deportes,68.15
47899538,Electronica,214.33
44183969,Libros,42.39
49080817,Belleza,119.73
47899534,Deportes,273.15
38031626,Hogar,142.24
52418398,Hogar,113.6
39698167,Ropa,109.93
6931112,Deportes,44.71
49004237,Hogar,208.68
49627767,Hogar,338.12
5974602,Libros,58.22
3063742,Ropa,90.87
37162511,Belleza,28.03
50596098,Hogar,411.42
47157066,Electronica,1129.09
31517836,Electronica,1296.57
4771100,Belleza,29.69
42628750,Deportes,173.84
52307817,Ropa,196.5
37867401,Libros,13.69
3675135,Electronica,1023.6
47213793,Electronica,393.92
43914077,Belleza,62.52
51391951,Deportes,324.19
48259749,Deportes,205.66
46982142,Belleza,97.63
38278508,Electronica,668.19
47122569,Ropa,199.88
31576345,Electronica,681.95
3599388,Deportes,76.76
41808011,Libros,27.1
52314567,Electronica,1126.76
46485561,Ropa,171.11
33858122,Hogar,238.15
48289205,Electronica,911.99
34886526,Belleza,102.16
43247178,Hogar,409.57
6196167,Belleza,80.64
8614317,Belleza,98.73
48501838,Belleza,71.23
3446783,Electronica,56.74
34609202,Deportes,35.68
46267207,Hogar,490.21
50853291,Ropa,37.55
49604200,Deportes,173.72
45526730,Electronica,1404.03
48790897,Belleza,27.43
48169691,Ropa,170.32
35137598,Hogar,411.86
36884771,Deportes,394.81
41870303,Libros,20.49
52259424,Deportes,139.82
3376262,Ropa,181.55
50433998,Electronica,389.41
47050752,Hogar,280.73
1263243,Ropa,144.4
37119749,Belleza,36.27
32053791,Hogar,470.13
3549751,Deportes,272.97
37976214,Ropa,18.96
34373385,Deportes,71.58
44708169,Deportes,92.5
31729361,Deportes,113.08
33363041,Electronica,1109.48
50791213,Deportes,53.8
38030976,Belleza,45.32
38053557,Belleza,109.81
43934389,Hogar,284.98
37428533,Libros,19.6
2158947,Deportes,383.68
47026088,Deportes,112.84
9037533,Ropa,181.97
3136284,Electronica,1102.37
50075386,Libros,45.73
32434617,Hogar,386.0
31100042,Libros,32.86
50028715,Deportes,329.54
5471754,Ropa,168.88
6109062,Electronica,572.71
31717415,Hogar,209.17
43460675,Libros,53.88
51741702,Hogar,269.49
35168512,Deportes,349.44
48245682,Hogar,318.98
654736,Ropa,122.78
48488345,Hogar,30.03
44926563,Belleza,36.96
47467839,Ropa,105.39
32163355,Libros,37.3
52331808,Electronica,964.13
3680985,Electronica,1088.52
35412500,Deportes,269.37
32397455,Deportes,342.46
46208107,Belleza,38.98
3154258,Libros,40.29
51897685,Electronica,124.18
46878368,Electronica,746.28
31771087,Electronica,438.65
39003338,Electronica,602.29
51262067,Hogar,187.01
3990557,Libros,8.32
533161,Ropa,98.66
34278153,Ropa,198.98
49931554,Belleza,39.38
47834798,Hogar,372.03
31073619,Electronica,844.29
47643892,Electronica,521.58
45740292,Deportes,54.05
46118825,Deportes,102.03
33653768,Belleza,94.91
7114466,Electronica,454.58
4643445,Belleza,21.59
34054789,Hogar,175.68
41957728,Ropa,120.97
36963386,Electronica,1070.02
46438106,Libros,26.31
4973511,Hogar,256.6
35103892,Electronica,709.63
46122013,Libros,5.5
42795418,Deportes,170.33
4901913,Belleza,72.54
52370448,Deportes,236.58
39316494,Ropa,152.46
31675493,Deportes,274.74
4228437,Electronica,451.37
40253017,Libros,19.06
34890773,Deportes,196.37
34703515,Electronica,1112.81
6915236,Ropa,27.83
31325767,Libros,57.16
4236863,Deportes,226.4
36545669,Belleza,40.24
42672255,Belleza,84.74
32594089,Libros,7.46
2979234,Belleza,60.71
32089498,Deportes,204.67
50261542,Deportes,81.55
49966670,Libros,51.06
48827355,Deportes,322.79
42744384,Electronica,271.46
31791680,Ropa,79.13
48397933,Belleza,16.55
39251111,Electronica,1280.48
33395647,Libros,22.78
46191722,Belleza,55.52
36523685,Electronica,519.61
46082400,Deportes,137.81
43536251,Libros,46.1
33870508,Libros,46.12
48506933,Belleza,64.55
6983326,Deportes,269.89
43619793,Belleza,63.84
34558049,Hogar,28.87
45531086,Electronica,145.71
42555131,Hogar,201.11
32386690,Electronica,1137.13
4449106,Ropa,183.51
46208844,Libros,6.63
32687261,Belleza,47.32
46223844,Ropa,52.52
52315877,Ropa,164.89
34334178,Libros,51.53
6620688,Libros,16.35
42806623,Electronica,1080.7
39952006,Hogar,369.9
34051120,Deportes,87.28
32193834,Electronica,678.86
42420187,Deportes,255.73
1068104,Ropa,14.95
47868381,Deportes,173.74
50034751,Hogar,90.15
36486319,Electronica,835.75
32240120,Libros,51.36
48343621,Hogar,269.51
40525653,Hogar,32.45
33968774,Electronica,93.0
31320911,Libros,38.3
49226710,Hogar,174.07
37190678,Libros,36.5
52777872,Belleza,23.82
36320828,Belleza,94.34
50416551,Belleza,103.98
2116275,Deportes,357.91
31109901,Hogar,162.48
34096268,Electronica,1008.07
46760537,Electronica,454.61
32089168,Deportes,309.85
49958929,Electronica,224.76
35016286,Belleza,92.72
50838999,Hogar,228.27
42337509,Electronica,1290.55
41882185,Electronica,1121.45
38860047,Ropa,81.54
6406598,Ropa,181.67
49227798,Ropa,63.83
1294495,Hogar,483.99
39445904,Belleza,93.23
34155033,Libros,59.49
32881865,Belleza,11.2
34906019,Belleza,36.51
41991398,Hogar,374.51
34728605,Hogar,462.29
158393,Ropa,15.47
33275065,Electronica,50.01
41882192,Deportes,117.37
51137894,Deportes,344.06
6057191,Libros,47.19
5300738,Electronica,543.4
41277617,Libros,5.11
34764204,Ropa,115.39
42651272,Libros,18.09
44826457,Electronica,1131.13
47766648,Electronica,697.21
49217445,Deportes,277.87
3566081,Ropa,171.94
34056043,Hogar,274.84
35484289,Libros,23.48
44437071,Deportes,312.43
46385430,Libros,19.59
45300114,Libros,54.03
2496337,Hogar,49.64
36964658,Ropa,168.74
50189901,Electronica,182.76
50308166,Belleza,11.46
32547184,Libros,24.98
40550022,Belleza,115.0
31832323,Ropa,196.86
39999987,Belleza,28.24
31813316,Libros,13.18
1387689,Hogar,186.18
34002137,Belleza,43.76
49776303,Ropa,154.32
31723154,Ropa,94.36
36904052,Hogar,393.24
33644228,Belleza,91.1
48021374,Belleza,71.51
7070734,Electronica,1258.59
51716954,Deportes,94.35
52115165,Ropa,40.74
2763844,Electronica,1138.44
31715024,Ropa,56.51
51461852,Electronica,54.05
47049047,Deportes,366.54
52204733,Electronica,953.26
42450955,Ropa,94.54
51442955,Belleza,88.46
31367909,Ropa,73.33
44046478,Libros,57.45
42332762,Hogar,48.28
52114830,Hogar,325.86
6632852,Libros,47.75
5941023,Hogar,242.53
4490787,Hogar,381.16
33491486,Deportes,372.23
46848756,Belleza,90.56
3466375,Belleza,40.58
44707539,Ropa,116.75
33113778,Libros,55.14
35063692,Electronica,701.19
46131008,Ropa,139.52
6883203,Ropa,98.45
41058604,Ropa,33.06
31620116,Ropa,21.13
38824746,Belleza,114.51
46908620,Electronica,938.19
34418257,Ropa,29.72
47859409,Belleza,103.61
48735916,Ropa,109.31
1051629,Hogar,389.39
46289104,Ropa,34.08
6756597,Libros,54.88
46456155,Libros,37.48
36788636,Ropa,150.27
40477562,Deportes,31.92
36455703,Hogar,167.92
51163504,Electronica,437.8
47898436,Ropa,190.42
44585993,Electronica,318.74
39414770,Hogar,357.92
36707789,Ropa,18.12
32713116,Deportes,95.12
48666729,Belleza,43.94
49239327,Deportes,321.91
40561392,Deportes,320.19
37504910,Belleza,114.55
36402369,Belleza,110.43
4399949,Libros,9.48
131636,Belleza,100.43
47646923,Ropa,95.72
35740236,Electronica,1305.53
6630802,Libros,9.91
42510680,Libros,50.25
42092592,Electronica,281.48
35636152,Libros,23.36
40583939,Belleza,8.32
39818663,Deportes,67.02
44041436,Hogar,231.18
1265717,Belleza,99.11
33340524,Deportes,313.99
32062121,Deportes,109.41
47455397,Libros,13.34
2486075,Ropa,83.96
41056346,Ropa,177.82
32194722,Libros,10.03
50993572,Libros,34.86
38966186,Electronica,178.77
43417408,Electronica,731.81
45825192,Hogar,76.49
48944231,Hogar,53.96
6655351,Hogar,107.56
35537817,Hogar,138.8
39391765,Deportes,124.98
48018933,Deportes,265.2
36255560,Electronica,129.72
46833782,Ropa,25.35
41817172,Libros,15.38
33657316,Ropa,175.69
36486770,Belleza,77.29
40995409,Deportes,297.54
35805173,Hogar,194.63
3405813,Hogar,118.41
33614946,Belleza,9.37
42355093,Ropa,102.82
47875117,Hogar,293.53
32496194,Ropa,180.43
31116943,Libros,53.52
6637258,Belleza,53.84
39916678,Ropa,90.48
4406177,Libros,13.86
834141,Ropa,58.92
46937516,Ropa,185.88
47459939,Hogar,83.4
46770249,Electronica,1454.61
40066400,Deportes,211.8
40074873,Ropa,96.76
34035181,Ropa,43.18
42631034,Ropa,135.69
35107227,Electronica,716.78
50600427,Libros,25.39
1126112,Belleza,35.42
34792797,Hogar,47.25
46740296,Electronica,803.03
39781316,Libros,22.21
49280434,Ropa,144.49
3177233,Libros,44.79
192636,Electronica,531.56
3712942,Electronica,1020.22
35725373,Electronica,425.08
34936362,Belleza,88.62
46028506,Deportes,26.11
48985233,Hogar,88.53
31586037,Belleza,33.18
48997873,Belleza,93.89
4720913,Deportes,45.22
38194431,Belleza,26.63
42521398,Electronica,570.0
38901165,Electronica,63.3
39055460,Libros,46.92
3904800,Ropa,116.42
44743938,Belleza,108.58
6042721,Ropa,15.9
6035715,Hogar,146.62
33455818,Electronica,1110.31
27146209,Libros,42.13
44169536,Hogar,132.88
41296885,Libros,37.76
3400481,Deportes,321.63
38338455,Electronica,98.4
39291111,Hogar,363.05
4362328,Deportes,115.8
37613418,Hogar,474.71
36815470,Libros,34.6
34180903,Deportes,32.69
104256,Deportes,173.3
33955936,Electronica,1451.15
32618007,Ropa,148.77
52312242,Libros,21.53
31280341,Libros,36.64
43393190,Deportes,247.66
6951603,Deportes,28.87
50755172,Electronica,309.31
46159087,Ropa,114.84
42752521,Libros,27.15
978330,Belleza,26.85
46267773,Belleza,93.86
5795662,Ropa,102.91
2662363,Hogar,165.34
48228949,Electronica,284.43
48250054,Ropa,126.12
48037339,Belleza,81.62
48524252,Deportes,274.45
49792119,Belleza,30.33
38815007,Deportes,246.23
49090556,Electronica,1362.84
34278148,Deportes,154.21
39320855,Ropa,50.05
44707540,Deportes,313.42
42767399,Hogar,100.79
2898991,Ropa,58.21
36754500,Electronica,195.93
6496778,Ropa,60.9
37863774,Hogar,214.01
4065118,Electronica,143.03
34321843,Belleza,105.25
52340572,Hogar,264.13
48800184,Electronica,902.75
48318332,Deportes,161.09
2086912,Ropa,137.27
50541457,Electronica,676.08
40447545,Ropa,154.65
2300264,Deportes,332.13
51246635,Electronica,1024.18
33966272,Belleza,61.5
4070570,Hogar,394.4
34722234,Electronica,766.71
35314703,Deportes,62.37
31994098,Electronica,218.69
39612024,Ropa,190.23
41173393,Libros,16.75
34463059,Electronica,1233.09
47374070,Belleza,33.37
2058903,Electronica,674.63
45354308,Hogar,332.65
46150500,Electronica,280.36
42585657,Libros,45.55
7122504,Ropa,141.08
43859741,Electronica,837.47
1234234,Belleza,70.08
523395,Deportes,60.19
6267833,Electronica,682.13
51396663,Electronica,175.53
35107682,Hogar,164.31
44482614,Belleza,108.54
3872650,Libros,36.6
44058970,Deportes,302.23
3968249,Ropa,119.04
3595655,Electronica,331.64
5049537,Libros,37.71
48688992,Deportes,307.05
42449410,Ropa,36.3
5925968,Libros,49.93
44154303,Belleza,68.87
50416762,Belleza,5.49
32082782,Deportes,217.52
53580299,Ropa,85.18
41942004,Belleza,39.09
43814985,Deportes,313.08
44055108,Belleza,108.44
31298749,Belleza,92.71
48229466,Libros,51.57
40782432,Libros,54.98
42133600,Belleza,109.95
32446284,Hogar,70.6
47324643,Libros,30.1
37284189,Ropa,10.05
28173059,Deportes,212.46
51855576,Deportes,371.21
45335921,Ropa,47.83
50089744,Ropa,131.56
43864855,Ropa,132.43
46104469,Ropa,40.47
34570250,Electronica,395.86
32634806,Deportes,195.57
33879660,Electronica,322.9
4454363,Belleza,72.27
42507875,Belleza,60.72
1216497,Deportes,217.3
50079897,Belleza,20.46
32920704,Ropa,108.28
32386939,Electronica,121.74
31678771,Ropa,177.49
41211413,Belleza,44.47
37505058,Libros,52.1
34447590,Electronica,1067.4
36370957,Ropa,155.57
41061517,Deportes,139.53
3087272,Ropa,53.27
37674230,Libros,27.37
51105728,Belleza,7.79
31701414,Electronica,1382.2
3675602,Deportes,167.07
46081994,Electronica,1483.41
44604482,Deportes,309.35
47210826,Electronica,166.75
32226331,Belleza,80.92
45284796,Deportes,122.92
2053689,Hogar,133.2
40376736,Electronica,422.02
49381697,Electronica,1378.31
39049423,Ropa,105.0
43547735,Deportes,274.4
36300415,Libros,20.45
51432304,Hogar,268.63
35551026,Belleza,45.26
37504863,Ropa,71.02
47120951,Hogar,134.78
33106506,Deportes,175.42
5476977,Hogar,335.11
55100016,Electronica,371.96
4028994,Electronica,1449.89
34202866,Ropa,33.68
50772232,Deportes,202.48
32088983,Deportes,52.31
47006197,Hogar,25.99
46814843,Ropa,185.31
29062659,Deportes,327.95
34535482,Libros,43.18
52864116,Libros,52.59
37166735,Electronica,1214.13
2585244,Hogar,328.91
49916256,Belleza,102.44
50028989,Electronica,616.66
48303260,Ropa,115.02
6311254,Deportes,315.0
32090474,Electronica,172.96
4901775,Belleza,103.74
43256462,Belleza,23.04
34538086,Libros,52.55
47040758,Ropa,69.15
6525694,Electronica,523.84
40767953,Hogar,50.87
41750010,Electronica,1334.55
35609025,Libros,14.6
37700017,Belleza,77.46
33369789,Ropa,132.35
33036568,Ropa,63.42
32194487,Hogar,493.05
39066975,Ropa,22.19
48595705,Libros,38.43
54847946,Libros,31.37
44186498,Libros,18.5
34027231,Ropa,41.07
32419778,Ropa,150.05
42228348,Libros,55.4
47749651,Ropa,30.43
49215530,Ropa,46.86
34186063,Belleza,118.42
46068860,Electronica,71.78
34374504,Deportes,213.14
46278180,Ropa,108.06
46680854,Deportes,120.0
37302125,Deportes,271.95
51778083,Belleza,113.67
36432983,Ropa,95.54
51366823,Libros,46.22
41802443,Deportes,265.51
3300100,Ropa,99.86
40294759,Hogar,39.16
53678480,Libros,45.8
7474861,Hogar,191.18
49012130,Hogar,123.88
3049311,Deportes,380.34
44457947,Hogar,390.15
55093537,Belleza,115.66
54631359,Belleza,34.46
36319219,Deportes,337.6
39501203,Ropa,125.47
32217805,Electronica,1473.18
49797934,Ropa,189.8
3542044,Ropa,194.86
31265015,Ropa,190.84
50512246,Ropa,11.46
51076630,Libros,45.76
40800017,Electronica,444.31
3131675,Libros,43.78
44050941,Hogar,490.6
42744915,Ropa,17.48
35848459,Belleza,70.2
42351128,Deportes,299.28
3977008,Deportes,116.28
35161657,Libros,17.38
40276014,Libros,8.32
3329464,Belleza,15.8
40502535,Ropa,134.78
43877726,Electronica,782.56
51002416,Hogar,29.59
31103327,Deportes,388.47
42116372,Hogar,333.18
51759183,Electronica,797.43
52324635,Libros,20.0
47796021,Deportes,270.08
34861148,Hogar,191.62
48553007,Libros,43.64
6055253,Electronica,1039.73
29069309,Hogar,59.98
39147627,Ropa,182.76
37939836,Libros,31.78
54699679,Electronica,619.77
34441000,Hogar,478.4
31637207,Ropa,93.26
6393272,Ropa,147.03
2820080,Electronica,999.95
3220723,Belleza,23.99
46634224,Deportes,396.63
33991739,Electronica,722.23
43232061,Ropa,85.01
35837475,Ropa,184.73
47007181,Electronica,817.4
33653506,Belleza,86.08
3118111,Deportes,341.57
43839264,Hogar,129.21
51163007,Electronica,295.73
35033946,Deportes,46.03
47752314,Deportes,360.91
4276554,Libros,16.02
50752678,Ropa,68.47
35565823,Hogar,153.62
48225652,Electronica,491.65
47312975,Ropa,136.93
49541187,Libros,57.48
35236632,Libros,23.12
42768500,Ropa,87.45
47411736,Belleza,93.68
32781259,Deportes,184.29
43327149,Electronica,1392.76
32348787,Electronica,779.67
49005574,Electronica,554.22
50069257,Ropa,194.6
3595647,Belleza,53.96
50853336,Hogar,127.12
42711139,Libros,14.77
35468301,Ropa,199.08
44601817,Hogar,380.2
35663576,Libros,27.48
34193353,Libros,50.45
31871104,Belleza,67.88
31845769,Deportes,140.61
32188681,Electronica,1127.91
31097121,Hogar,376.76
35743885,Ropa,105.03
42071265,Hogar,36.9
41876184,Deportes,49.27
38956298,Electronica,1193.69
50889544,Hogar,414.39
35919254,Deportes,277.75
46062987,Ropa,169.42
32244806,Belleza,87.74
52770048,Libros,54.33
4228110,Ropa,38.58
47088658,Electronica,612.23
33325533,Libros,30.53
42517752,Ropa,66.56
42755635,Ropa,147.82
368559,Ropa,183.36
4406226,Ropa,88.37
4131546,Libros,56.78
31245523,Electronica,799.31
46290474,Deportes,218.56
49012549,Hogar,306.11
3398038,Belleza,35.86
33113587,Hogar,200.93
3813817,Hogar,283.32
31374335,Belleza,113.33
43120616,Libros,40.35
52464338,Electronica,533.02
2212221,Belleza,6.2
7005895,Electronica,1473.42
3169747,Libros,32.11
48475307,Hogar,470.17
50812019,Electronica,846.55
46554911,Libros,38.3
31938424,Libros,44.16
40230464,Deportes,141.97
36414133,Belleza,85.38
47333821,Deportes,220.18
3302281,Hogar,341.15
54588408,Belleza,101.12
2898916,Hogar,104.35
32856204,Deportes,253.15
44203086,Libros,7.87
33643865,Hogar,64.53
31560308,Belleza,82.58
34918894,Belleza,13.16
46267332,Hogar,303.75
29812809,Belleza,30.3
31541325,Libros,21.72
38909187,Libros,12.13
34570812,Belleza,33.6
300638,Hogar,413.33
50424695,Deportes,262.77
34972083,Belleza,114.22
2146420,Belleza,10.61
51384139,Belleza,96.13
6626405,Belleza,85.39
1207275,Hogar,141.53
37116257,Deportes,297.08
32198300,Deportes,292.29
39153990,Electronica,716.05
32288524,Belleza,84.19
38268876,Belleza,56.13
49080437,Electronica,536.54
2899710,Deportes,197.27
47014339,Ropa,180.07
2880179,Libros,26.15
33921034,Ropa,86.7
38663589,Deportes,251.19
34039189,Belleza,91.59
1257977,Ropa,149.58
44835960,Hogar,24.6
4890749,Hogar,348.4
31508746,Electronica,703.3
46696013,Deportes,219.15
37635850,Deportes,233.43
6020893,Ropa,149.03
3978054,Belleza,100.6
6922927,Deportes,265.58
37265430,Ropa,117.14
43147397,Ropa,81.02
41236011,Libros,12.58
44747497,Libros,57.72
44131009,Deportes,195.5
558339,Ropa,117.58
32965538,Electronica,1139.06
36475227,Electronica,149.2
32939729,Libros,52.03
3087267,Deportes,322.87
36884276,Belleza,94.06
42549234,Electronica,81.87
49873200,Electronica,813.45
40800386,Libros,7.98
41997485,Libros,35.3
31900660,Deportes,293.01
2197529,Libros,11.7
43713812,Hogar,352.02
42575449,Ropa,95.41
42360324,Electronica,1226.75
35896096,Hogar,273.79
31931376,Belleza,43.65
46055927,Hogar,176.02
44797883,Deportes,361.04
35628129,Belleza,57.08
2584605,Belleza,51.66
42712650,Libros,7.19
43211451,Hogar,191.7
48525242,Deportes,342.86
37745456,Electronica,1153.43
44384875,Libros,17.15
33641454,Hogar,215.33
47122581,Electronica,335.04
42009123,Hogar,477.8
4801718,Libros,37.9
37208213,Electronica,1143.81
45604571,Libros,44.26
3262456,Hogar,438.74
2522876,Belleza,114.17
2766733,Ropa,16.16
33482494,Belleza,117.16
34967031,Libros,52.88
40441267,Libros,26.06
31292700,Libros,51.04
2233405,Electronica,1118.01
50139102,Deportes,321.38
49472378,Libros,17.14
47368938,Belleza,79.58
32194013,Ropa,14.93
45317782,Libros,51.65
36526017,Libros,57.31
47295470,Libros,41.42
37595500,Electronica,793.37
49538717,Libros,44.92
42555288,Belleza,42.53
37531662,Hogar,318.8
32984821,Deportes,293.21
2683258,Libros,12.85
34759875,Electronica,253.1
3892233,Belleza,87.36
36517561,Libros,28.75
33111125,Electronica,1339.34
31380673,Hogar,166.29
5619456,Ropa,18.06
5478118,Libros,40.74
3929808,Belleza,83.69
42744426,Electronica,852.71
48017506,Electronica,1040.83
35298447,Libros,33.81
2631555,Electronica,1054.32
32181461,Ropa,18.35
51006515,Electronica,584.18
46399710,Deportes,100.11
41663501,Deportes,57.74
36899388,Electronica,389.43
4741637,Libros,15.52
39128176,Deportes,389.79
32397612,Belleza,37.95
3255676,Deportes,107.76
45994109,Electronica,1260.57
50097616,Libros,28.05
35508735,Hogar,219.41
3980276,Libros,29.4
48308455,Libros,27.91
43467451,Libros,22.96
76309,Belleza,37.93
46299614,Ropa,177.57
31831349,Electronica,284.48
50439038,Ropa,44.4
41894722,Hogar,292.28
34589218,Ropa,75.3
45330870,Electronica,661.22
47028757,Electronica,1219.49
49809194,Hogar,453.26
46875991,Electronica,1196.3
42388301,Hogar,128.94
5217496,Hogar,490.29
1791346,Electronica,576.61
35895352,Deportes,84.25
51096728,Hogar,257.26
47082192,Electronica,1101.66
48087512,Deportes,51.64
1263245,Hogar,322.63
6317062,Deportes,346.07
3252901,Belleza,35.1
50063935,Libros,43.12
50079978,Belleza,50.99
39481244,Deportes,177.37
47384871,Hogar,151.19
37074706,Electronica,955.37
34536018,Ropa,78.59
31433986,Electronica,1254.81
34848247,Ropa,192.95
46381388,Ropa,187.67
287900,Hogar,94.12
512888,Deportes,25.39
43128842,Electronica,685.78
40304825,Deportes,296.98
46895086,Belleza,117.41
32400784,Hogar,394.96
898443,Hogar,296.57
35470037,Belleza,8.03
40372757,Electronica,1247.03
32569267,Libros,14.74
112095,Belleza,11.39
4596949,Electronica,1283.02
39112957,Ropa,117.59
4903574,Hogar,77.35
40782418,Electronica,610.49
46290091,Deportes,52.51
2461040,Deportes,262.44
47765390,Hogar,151.98
36862942,Belleza,104.6
49759533,Libros,24.68
13899159,Belleza,61.88
50381982,Electronica,142.11
31576215,Belleza,36.69
46044378,Hogar,343.23
5934899,Electronica,1117.58
35835418,Ropa,56.14
34412816,Belleza,62.94
32320743,Belleza,99.02
51534807,Libros,25.9
75983,Electronica,243.97
47752067,Deportes,184.11
32072813,Belleza,74.07
32338187,Hogar,18.59
50071915,Belleza,45.09
43470807,Libros,38.41
31648895,Ropa,190.86
31771374,Libros,27.47
32013103,Belleza,23.74
47106598,Deportes,223.0
47083071,Belleza,37.86
2984219,Electronica,361.43
44741912,Belleza,72.9
4702210,Deportes,368.04
6535874,Electronica,1261.08
42094163,Hogar,103.41
47595586,Electronica,1160.53
46087797,Libros,17.64
85704,Ropa,65.23
31373932,Libros,55.6
6767288,Electronica,1371.02
31788819,Hogar,96.79
2798304,Belleza,12.38
7063675,Electronica,475.02
42717478,Libros,37.0
44430700,Electronica,1321.49
5476665,Electronica,222.31
36297434,Electronica,651.69
38413252,Hogar,146.8
47639884,Deportes,25.67
36875878,Deportes,319.61
2394396,Electronica,1229.26
48338922,Hogar,122.3
31507935,Hogar,88.35
31363301,Electronica,259.61
40377696,Libros,30.52
41950742,Libros,18.56
38132943,Ropa,107.16
37145730,Electronica,608.04
40434366,Ropa,50.07
3777199,Libros,46.32
7063166,Libros,13.27
46626448,Electronica,1208.41
39283134,Ropa,116.67
35140235,Ropa,168.09
8720028,Electronica,56.9
39114501,Ropa,152.35
50096113,Belleza,10.92
49311339,Libros,57.26
31278965,Deportes,287.04
33001520,Hogar,170.28
4134803,Ropa,70.77
36870843,Ropa,173.68
47343058,Hogar,452.88
42110580,Ropa,179.4
47880336,Hogar,407.24
38589152,Electronica,1237.6
2460549,Belleza,70.87
36394136,Belleza,8.25
49628739,Libros,9.77
3539149,Deportes,266.83
923105,Ropa,86.22
3313899,Deportes,235.58
47610935,Electronica,385.06
36386621,Belleza,79.68
45544221,Electronica,402.1
40276010,Electronica,718.18
641032,Ropa,100.96
43806905,Electronica,307.62
32238532,Belleza,105.76
956418,Deportes,219.81
47168864,Belleza,104.68
47181451,Ropa,59.88
50518167,Belleza,24.82
43468649,Hogar,23.74
33631497,Deportes,55.67
44874605,Hogar,86.52
43842685,Hogar,53.24
31437828,Libros,54.33
37894062,Ropa,183.17
6847564,Electronica,1409.18
47580708,Hogar,480.53
43868573,Belleza,61.56
32227311,Electronica,818.54
49305934,Belleza,20.05
521876,Belleza,20.76
41819307,Electronica,1170.5
32193727,Electronica,1290.81
47139588,Belleza,95.24
32431186,Ropa,168.57
46692410,Deportes,125.1
3634439,Libros,30.63
2813914,Deportes,194.5
37781149,Ropa,199.1
42118596,Libros,57.2
49891804,Electronica,917.8
37137443,Libros,12.59
33637675,Belleza,34.74
41819291,Deportes,158.23
13940209,Libros,53.03
47173564,Belleza,24.62
36527229,Ropa,51.75
3339089,Libros,24.22
35821305,Belleza,111.59
32445063,Ropa,105.72
48549178,Electronica,987.91
51262794,Ropa,83.57
1797733,Ropa,45.82
32271341,Deportes,104.66
5808220,Belleza,97.31
3011981,Libros,54.14
42810398,Deportes,207.37
42733331,Hogar,188.14
47167999,Ropa,163.49
33687656,Hogar,341.45
40629197,Deportes,35.53
43407790,Belleza,45.34
33760964,Deportes,279.23
32591614,Belleza,70.97
6108445,Belleza,117.48
48576308,Electronica,1305.87
774800,Ropa,21.35
34119097,Deportes,295.79
39345712,Belleza,43.68
36530153,Deportes,279.19
6429127,Deportes,254.55
32242116,Belleza,62.85
47952345,Libros,51.91
3735939,Hogar,358.71
6195154,Ropa,179.02
6123941,Ropa,63.5
4492370,Libros,24.15
46790252,Electronica,951.83
46989872,Libros,58.16
48894358,Electronica,588.79
305803,Electronica,96.83
31140398,Libros,29.52
6640664,Ropa,113.35
3430863,Hogar,403.48
3900664,Ropa,148.43
4097020,Ropa,193.29
47639549,Ropa,158.71
6243148,Libros,21.42
34445100,Libros,40.28
43567449,Libros,41.97
2099968,Ropa,199.62
41914977,Hogar,82.29
44119396,Electronica,327.42
47025126,Deportes,79.1
42622798,Electronica,904.14
3928009,Electronica,246.19
44824571,Deportes,269.28
32398487,Ropa,162.72
46677814,Hogar,224.9
43216810,Hogar,286.93
41929249,Electronica,1373.45
28576759,Deportes,236.44
39607139,Belleza,28.99
51274793,Ropa,75.21
46509797,Electronica,818.28
32972018,Hogar,90.13
31529980,Libros,38.69
34822577,Libros,59.96
47293891,Deportes,267.96
33142387,Deportes,161.52
32687057,Electronica,531.03
50030604,Belleza,112.13
43446020,Hogar,437.68
37428192,Electronica,734.92
34471162,Belleza,45.64
31509127,Deportes,289.98
6537369,Libros,22.3
4228049,Ropa,32.69
22731359,Libros,22.06
25880309,Hogar,225.63
34158499,Hogar,138.87
37591053,Libros,16.92
3036180,Libros,5.34
36803912,Belleza,77.55
33749691,Electronica,940.95
6673448,Deportes,91.45
42728904,Belleza,113.52
42715216,Ropa,87.82
36515495,Libros,6.4
48714536,Ropa,51.76
6694538,Ropa,141.49
1008805,Belleza,28.19
43330232,Deportes,40.49
4577358,Hogar,314.59
32445945,Electronica,801.61
2946940,Hogar,384.21
39778708,Deportes,313.6
46402240,Hogar,480.57
3724913,Libros,8.14
33077489,Libros,7.14
32922235,Belleza,118.53
37536082,Ropa,132.52
6846914,Deportes,291.84
46285228,Deportes,56.66
46194700,Hogar,48.86
37256325,Belleza,23.43
36545263,Hogar,222.19
36551039,Hogar,68.44
47082692,Deportes,189.61
43370799,Hogar,287.34
42745558,Ropa,10.06
48975265,Hogar,70.41
35458604,Ropa,81.29
41472814,Deportes,40.27
32239815,Belleza,20.36
46716068,Libros,17.75
43459933,Ropa,91.62
37972566,Belleza,87.21
42223204,Belleza,20.26
38893297,Ropa,150.21
47894184,Deportes,344.92
41149315,Electronica,994.64
42592272,Belleza,10.03
39276771,Belleza,55.68
40767626,Deportes,270.83
43690011,Deportes,391.83
41718736,Hogar,476.63
33730737,Deportes,170.37
44785195,Belleza,75.83
41199390,Ropa,179.25
3260655,Electronica,1255.02
48240662,Hogar,247.52
48382899,Ropa,59.64
35620927,Electronica,248.79
2531835,Electronica,757.57
46918099,Electronica,1098.13
2316295,Libros,58.34
5048392,Ropa,173.74
46186069,Hogar,114.06
44601262,Hogar,364.09
6122348,Electronica,469.2
46438087,Ropa,139.86
48565664,Libros,41.62
34295723,Electronica,445.02
49711511,Deportes,109.07
49270390,Hogar,65.41
44749309,Belleza,10.81
35833446,Electronica,1294.75
42185743,Deportes,38.94
7132592,Hogar,58.04
32281798,Libros,18.14
31905665,Ropa,178.66
1069959,Hogar,176.48
31325247,Ropa,46.44
2262932,Ropa,145.96
31279336,Libros,22.55
48944598,Libros,23.34
405097,Electronica,1121.52
39383669,Electronica,414.9
2170734,Hogar,449.93
34397060,Libros,35.88
6507706,Deportes,224.38
46254661,Hogar,143.4
34371239,Belleza,101.04
31298101,Ropa,118.82
47048997,Ropa,39.55
36308238,Electronica,349.13
4408494,Deportes,197.94
46929393,Libros,47.88
42889258,Libros,56.66
2151884,Electronica,1012.07
32271371,Belleza,63.21
39797925,Hogar,136.61
282650,Hogar,341.34
42573058,Deportes,393.25
6067034,Electronica,740.52
48236346,Electronica,285.11
31649705,Belleza,16.88
36876676,Hogar,145.59
36503095,Electronica,875.69
44055065,Libros,57.07
6531226,Deportes,133.68
47111358,Hogar,163.11
3441123,Belleza,60.34
42674875,Deportes,369.05
47431688,Ropa,89.62
33001995,Libros,17.28
37287482,Belleza,23.76
50267015,Deportes,193.67
759693,Electronica,1210.98
47953203,Ropa,65.36
51091064,Belleza,63.94
3708066,Electronica,924.36
34380251,Libros,29.78
39066387,Ropa,46.42
4158303,Hogar,462.05
9057252,Electronica,869.9
3256081,Deportes,297.07
46958956,Belleza,78.14
35887018,Ropa,199.63
48965385,Electronica,711.65
42888986,Hogar,221.11
34475836,Belleza,46.42
49762912,Belleza,46.59
40193641,Electronica,449.87
38632055,Hogar,490.61
48734917,Libros,52.89
47763892,Libros,22.42
35538417,Ropa,67.99
41264439,Electronica,200.12
40768722,Ropa,176.64
4667259,Libros,25.45
43155024,Belleza,70.85
42695416,Ropa,181.07
32580191,Hogar,212.93
4780952,Deportes,326.61
46098321,Libros,28.67
43300852,Libros,43.55
36502996,Hogar,224.12
49721143,Ropa,84.62
33483873,Electronica,1486.53
41314690,Belleza,75.42
4408171,Deportes,159.61
6119814,Electronica,423.84
1763572,Electronica,107.66
7066081,Hogar,357.68
46709750,Ropa,80.71
32740812,Libros,50.17
43532104,Libros,25.01
512628,Hogar,196.06
6952343,Ropa,158.04
48119274,Hogar,252.39
31963436,Libros,53.67
6387525,Electronica,905.7
35323162,Belleza,32.67
46640948,Ropa,117.97
44746452,Deportes,21.52
6059073,Deportes,138.71
50642445,Electronica,351.53
39733090,Hogar,332.28
38563962,Hogar,80.98
40560183,Libros,20.96
6025665,Electronica,530.4
43470844,Libros,5.18
4124625,Libros,7.57
48676051,Deportes,138.23
48016114,Libros,17.23
2268129,Libros,11.43
46290417,Deportes,78.58
34689244,Hogar,420.24
1281248,Ropa,139.83
37488827,Belleza,60.67
42373985,Libros,54.99
25878209,Ropa,15.62
39738284,Deportes,151.08
31574005,Ropa,166.44
35253549,Belleza,77.25
36540627,Ropa,196.52
46559860,Ropa,189.46
6899358,Ropa,42.29
40336937,Ropa,194.68
47883098,Electronica,1421.03
31555774,Libros,25.55
34877695,Deportes,393.49
2916892,Belleza,9.12
34409153,Deportes,271.09
49412822,Electronica,435.91
47561118,Electronica,237.72
6585883,Electronica,887.43
2023848,Libros,21.85
104231,Electronica,1016.9
33748802,Ropa,112.6
7065663,Deportes,169.18
35752682,Hogar,103.18
47578436,Belleza,74.14
42739786,Electronica,1252.38
44763006,Deportes,248.0
720783,Electronica,935.26
47974387,Libros,33.15
4818733,Electronica,612.95
39909092,Electronica,713.31
4603620,Electronica,1484.84
49427027,Electronica,1137.02
31325543,Belleza,54.51
50420040,Deportes,193.77
34413659,Libros,32.48
33050159,Electronica,1006.01
42768991,Electronica,725.64
37079567,Electronica,1044.96
34904972,Electronica,527.32
36395286,Ropa,88.02
48966539,Ropa,174.17
37111580,Hogar,174.52
3136652,Electronica,1448.43
5912325,Hogar,98.66
43868559,Belleza,32.79
32002866,Hogar,239.88
35113774,Deportes,323.02
35907509,Ropa,149.0
32040151,Ropa,43.15
47221260,Electronica,393.19
33701608,Electronica,884.13
32910027,Belleza,38.94
6238215,Libros,28.23
6896303,Belleza,60.96
6128853,Deportes,245.81
86036,Electronica,414.02
6983354,Electronica,286.55
44438989,Belleza,50.83
44310990,Belleza,14.43
41782024,Belleza,65.58
43241570,Ropa,169.52
41915168,Hogar,72.7
42223892,Hogar,69.67
33054537,Electronica,166.32
3659296,Ropa,171.09
39480264,Belleza,14.28
33158376,Electronica,1476.02
46121453,Ropa,78.08
47470673,Deportes,144.93
37758605,Libros,10.04
39900031,Ropa,121.27
45943376,Electronica,899.53
49537611,Hogar,254.5
2852774,Belleza,40.77
5615775,Libros,25.27
48833358,Deportes,141.79
48549237,Libros,28.44
48365615,Libros,23.8
364088,Ropa,138.35
42460452,Electronica,478.89
42678288,Electronica,558.72
34727099,Libros,28.95
4815003,Belleza,5.46
3556889,Electronica,763.52
46302151,Libros,19.07
44735053,Electronica,131.42
4283872,Belleza,109.77
43508773,Deportes,142.52
34362327,Libros,28.43
35115252,Hogar,416.26
42194625,Hogar,95.89
705295,Libros,51.77
46681356,Ropa,55.91
39379226,Deportes,243.83
35586399,Ropa,140.28
3587610,Hogar,453.93
40282312,Belleza,74.88
3157457,Libros,29.93
49751730,Electronica,879.79
1752669,Hogar,113.01
39546018,Deportes,281.85
44819219,Hogar,105.64
36694274,Deportes,231.75
35542855,Deportes,266.09
48684056,Libros,54.42
38048403,Deportes,191.07
43505814,Ropa,157.31
6384639,Belleza,24.27
34535564,Hogar,90.76
47854246,Belleza,65.35
41651641,Electronica,914.69
45362719,Hogar,321.69
32492380,Belleza,90.75
38535156,Belleza,38.92
31298878,Libros,39.24
35772455,Libros,15.35
39897525,Electronica,367.55
7005764,Deportes,45.58
46481480,Hogar,377.3
7144807,Libros,32.88
50500278,Hogar,130.52
39482138,Electronica,856.54
39208097,Libros,24.48
32113427,Libros,51.05
2690797,Deportes,220.7
37198348,Hogar,29.46
46382271,Hogar,492.77
203460,Hogar,51.03
32116185,Deportes,284.46
48727372,Libros,29.05
44745887,Electronica,411.51
34820127,Hogar,343.08
32575916,Belleza,19.48
46741454,Deportes,346.13
50743616,Ropa,57.62
32054955,Electronica,574.11
40978052,Belleza,77.75
729537,Hogar,15.5
32071803,Ropa,99.82
34354361,Electronica,1346.66
46299523,Deportes,278.56
49568858,Ropa,83.7
49138571,Libros,41.32
38213274,Ropa,187.95
31694850,Belleza,26.6
31578542,Electronica,821.12
48958960,Belleza,31.99
48782233,Belleza,103.24
43312859,Hogar,364.71
6685736,Deportes,324.41
50957317,Ropa,189.17
34267451,Electronica,386.85
49802350,Libros,7.68
2583033,Deportes,130.54
44863671,Deportes,171.67
6079067,Electronica,956.48
33614897,Deportes,323.13
49005956,Hogar,184.65
7157733,Deportes,199.93
82080,Hogar,395.95
44751754,Ropa,52.81
34586755,Ropa,51.26
45348125,Belleza,72.76
3123171,Hogar,226.49
39604549,Libros,57.19
47627603,Ropa,77.84
34889317,Deportes,308.63
1798155,Electronica,895.48
44305096,Electronica,129.14
33314086,Hogar,55.93
34890807,Libros,16.17
2174859,Belleza,21.46
41716945,Deportes,145.16
33206518,Hogar,295.81
41980964,Electronica,923.43
3173426,Hogar,300.07
47839597,Deportes,64.69
5773708,Libros,38.01
35607312,Libros,27.54
35130381,Ropa,181.58
917307,Deportes,366.55
2733562,Ropa,155.95
49871372,Ropa,143.59
48727337,Ropa,31.84
32759214,Hogar,56.08
1767683,Electronica,1269.21
6531576,Libros,28.49
40828561,Hogar,233.91
51793357,Electronica,1279.3
48131940,Libros,39.18
51450848,Deportes,88.17
38186070,Libros,16.61
37715057,Libros,5.35
48054909,Libros,44.09
49486580,Belleza,60.85
3671525,Deportes,380.99
4780310,Hogar,361.3
3667529,Hogar,65.03
34434173,Electronica,284.24
33827236,Hogar,258.34
3134760,Ropa,185.73
33005295,Libros,18.6
43215622,Hogar,415.41
48308095,Electronica,502.8
42463477,Electronica,441.35
31178396,Ropa,181.26
48248618,Electronica,118.5
126167,Belleza,80.99
31363970,Libros,7.37
3033319,Libros,49.04
31688679,Libros,50.62
3447124,Deportes,359.48
39639080,Hogar,105.25
48244570,Belleza,19.32
82515,Hogar,259.21
31363986,Belleza,36.24
34535914,Hogar,309.05
2541731,Ropa,107.61
32449577,Electronica,260.04
6063252,Electronica,1121.94
31254636,Ropa,162.72
43501373,Belleza,115.75
31635976,Deportes,170.3
26710709,Belleza,43.84
36972800,Electronica,328.78
40383000,Deportes,88.73
4277664,Hogar,170.71
34525453,Deportes,393.09
28311109,Belleza,15.61
47169838,Ropa,59.28
40458843,Hogar,56.7
31839724,Belleza,36.47
44746870,Hogar,59.81
45602115,Deportes,213.16
33130416,Electronica,685.62
3136672,Belleza,25.02
51189832,Ropa,43.21
44751055,Deportes,257.92
40447367,Belleza,49.52
5217485,Ropa,20.68
1008555,Belleza,110.82
42585444,Deportes,173.88
35081624,Belleza,72.97
2215955,Hogar,444.42
2698780,Deportes,172.82
34770610,Belleza,99.38
6026254,Electronica,1376.39
35283549,Belleza,25.02
3405133,Hogar,447.86
45405427,Ropa,32.77
1767212,Ropa,62.27
46223577,Ropa,163.56
48424885,Electronica,1355.99
46184141,Hogar,346.81
36856152,Deportes,59.83
43920375,Ropa,109.37
31978314,Hogar,292.73
39192581,Belleza,37.41
3289134,Electronica,1487.38
4025875,Hogar,177.78
39284736,Hogar,116.97
36393574,Deportes,61.85
35133847,Hogar,198.57
31534909,Deportes,283.2
40413558,Electronica,385.55
31639633,Electronica,1165.84
34315921,Belleza,20.57
31338667,Deportes,187.38
34856944,Deportes,286.9
4666888,Ropa,35.71
48726921,Ropa,123.59
36698436,Belleza,96.88
31508773,Electronica,913.55
2537050,Libros,33.13
6606696,Ropa,169.28
2268499,Hogar,492.93
49226430,Electronica,312.9
3977743,Libros,43.02
650960,Hogar,54.12
45552653,Deportes,36.28
37815218,Electronica,457.19
1265436,Belleza,116.66
44156111,Deportes,229.83
50079721,Deportes,121.94
49138844,Hogar,79.3
47492575,Deportes,369.67
49759367,Ropa,78.85
48409975,Electronica,494.71
46027747,Ropa,173.01
32194286,Hogar,308.14
44056548,Libros,14.27
31617317,Hogar,219.43
43165488,Electronica,1395.94
44743929,Deportes,362.46
41683678,Belleza,13.06
50606100,Hogar,145.28
47411711,Electronica,274.08
662762,Belleza,66.39
31684259,Deportes,304.99
32554328,Libros,21.25
41236013,Hogar,382.63
31622442,Libros,41.78
7081178,Electronica,1105.92
4470164,Libros,57.15
35886160,Libros,28.35
5775688,Electronica,546.72
48162054,Electronica,1041.58
2829825,Hogar,406.67
50810977,Libros,15.53
48024467,Belleza,102.38
39699087,Electronica,133.89
3329868,Deportes,22.43
49010118,Libros,13.71
32194904,Electronica,1469.07
33114181,Belleza,65.21
32194329,Hogar,37.59
1265594,Libros,59.84
34279788,Electronica,1130.12
46753891,Electronica,1265.11
4940403,Deportes,100.92
48650457,Deportes,60.07
37276188,Libros,33.33
48749836,Electronica,1169.65
40508365,Libros,40.08
35298448,Electronica,965.04
50477013,Deportes,307.7
41669209,Belleza,31.11
45862678,Ropa,135.69
35469732,Ropa,84.5
6710501,Electronica,151.14
6652502,Deportes,96.81
33623147,Hogar,400.09
46224140,Hogar,449.53
44534864,Ropa,63.74
31988679,Belleza,26.89
6054998,Ropa,15.08
43307800,Electronica,1424.16
36882870,Belleza,83.64
3567418,Hogar,479.16
38126664,Deportes,348.26
31811859,Deportes,149.38
41482634,Electronica,213.39
49414619,Ropa,104.82
7126950,Electronica,88.88
41807384,Deportes,76.97
42703902,Hogar,128.21
50224844,Deportes,272.95
42120349,Belleza,63.64
40216370,Libros,21.63
50596122,Deportes,234.61
45520392,Deportes,67.58
43555922,Libros,46.56
36755631,Belleza,86.88
32547349,Ropa,51.14
5777190,Deportes,250.43
39621659,Electronica,779.79
36508962,Deportes,43.11
42695407,Electronica,453.32
6120408,Belleza,119.94
34142207,Deportes,57.82
4066845,Belleza,63.24
37617942,Belleza,102.67
1959488,Ropa,67.12
32092795,Deportes,119.07
46931331,Electronica,1341.65
32131717,Electronica,492.0
36510735,Deportes,267.57
40245715,Libros,45.72
40797221,Ropa,159.84
32027916,Ropa,199.0
50311742,Ropa,162.61
38071205,Electronica,1002.67
46015548,Belleza,107.98
40195660,Libros,54.82
44744663,Ropa,194.9
6931246,Electronica,1175.87
42650024,Electronica,332.64
32563644,Belleza,86.63
37804660,Deportes,48.55
48688721,Deportes,140.83
39071969,Ropa,32.0
31760184,Ropa,190.49
40639327,Libros,23.63
47038254,Belleza,87.02
48549179,Ropa,118.55
36824889,Belleza,17.36
34202167,Electronica,863.95
41184741,Ropa,135.59
47314723,Electronica,1328.2
35449668,Hogar,48.99
2300293,Belleza,39.0
42686914,Hogar,350.79
1388417,Ropa,16.52
36684101,Electronica,345.15
35653054,Ropa,51.55
4229005,Hogar,339.62
49366227,Ropa,64.33
35041866,Libros,37.98
32138630,Deportes,386.83
4660609,Hogar,399.72
2361109,Ropa,73.25
42696082,Electronica,734.98
3891320,Ropa,48.13
50381997,Electronica,72.79
36484746,Deportes,130.09
32712425,Ropa,80.19
32897343,Deportes,234.46
44747793,Hogar,472.87
49572961,Electronica,1424.39
35776968,Libros,8.86
34753109,Hogar,313.1
34040013,Electronica,111.41
31625259,Deportes,266.27
3405014,Belleza,18.54
38824827,Ropa,189.82
35558979,Deportes,348.45
48763133,Electronica,82.38
41740658,Electronica,1184.09
32900005,Electronica,972.05
41764793,Electronica,768.29
50206674,Ropa,124.5
37734626,Hogar,343.95
44748251,Libros,53.65
49742814,Belleza,93.25
4023192,Ropa,119.32
40741976,Electronica,1245.69
34806596,Ropa,197.52
43952233,Deportes,134.07
48049269,Libros,11.51
4534703,Electronica,1110.6
42191521,Belleza,117.54
2138810,Electronica,219.22
51077349,Libros,28.74
38059518,Belleza,12.16
43240487,Libros,47.71
38108412,Belleza,114.1
49533883,Hogar,257.01
44461704,Hogar,213.62
46299932,Ropa,182.47
6863592,Ropa,35.34
3254224,Belleza,107.53
47752815,Electronica,618.58
37322809,Deportes,232.57
40954176,Deportes,220.75
1207154,Electronica,943.17
31642432,Electronica,1416.08
46210760,Hogar,476.3
44206248,Deportes,335.84
34394355,Belleza,27.03
458784,Libros,23.34
50035817,Ropa,102.69
2148885,Libros,54.8
42655307,Hogar,267.62
36837604,Deportes,391.43
39037377,Electronica,1476.57
31992031,Deportes,247.46
46926640,Belleza,105.91
618696,Hogar,499.62
37150002,Electronica,1282.09
33366533,Libros,41.13
6456522,Belleza,102.19
35179453,Libros,9.55
7065940,Ropa,130.62
6981758,Hogar,120.01
47314703,Belleza,18.35
36915060,Belleza,107.68
38014755,Libros,40.18
35625884,Electronica,403.14
44803765,Ropa,83.49
35800379,Libros,58.53
43825789,Belleza,104.15
31256885,Hogar,22.56
47587381,Belleza,117.68
6259223,Deportes,160.04
3297867,Hogar,352.28
6642665,Hogar,360.65
50032088,Belleza,109.84
31336186,Electronica,1333.34
3410165,Hogar,151.64
32579137,Deportes,264.54
2980508,Libros,26.65
1263223,Electronica,812.04
41061030,Electronica,854.28
48761846,Electronica,624.7
33608495,Hogar,239.99
2833010,Electronica,352.1
49547689,Belleza,74.88
31475899,Electronica,1150.49
4140739,Deportes,183.3
145883,Ropa,195.76
40386745,Deportes,41.75
32819028,Hogar,300.74
46951199,Electronica,896.22
40533889,Electronica,102.63
40247579,Belleza,30.83
2113670,Libros,54.8
2871390,Electronica,839.55
3577245,Deportes,185.83
6673073,Hogar,216.52
3735899,Ropa,178.75
3595665,Electronica,582.2
48526667,Ropa,173.24
6533053,Electronica,498.33
36313013,Hogar,272.78
31225339,Libros,12.91
6431018,Deportes,333.51
1235895,Hogar,371.95
2574468,Ropa,110.72
34732121,Electronica,87.56
34898779,Ropa,101.44
37317811,Deportes,105.57
39293172,Hogar,215.49
2248873,Ropa,172.72
44597762,Ropa,156.22
43168335,Deportes,111.94
43795299,Electronica,1478.18
35810855,Ropa,181.61
31578174,Deportes,220.9
35570537,Electronica,818.72
39281120,Libros,54.57
35299180,Electronica,972.41
45607503,Libros,34.52
34350663,Hogar,378.34
37615853,Deportes,109.34
2486035,Electronica,1323.65
35626311,Libros,34.23
46359955,Libros,38.19
6929031,Hogar,58.62
31980330,Belleza,40.59
36882136,Deportes,182.16
41738929,Belleza,52.6
49883057,Electronica,1178.51
46074910,Deportes,127.28
40482937,Hogar,103.32
48593309,Electronica,894.8
40116856,Deportes,253.71
42733592,Deportes,66.2
26704709,Belleza,5.28
26708809,Electronica,1380.59
1176088,Hogar,53.62
48726813,Hogar,450.47
47833311,Electronica,628.86
47194102,Electronica,996.93
3441113,Libros,15.21
7132298,Ropa,166.54
852447,Belleza,25.72
6504505,Electronica,610.44
50314220,Electronica,395.14
32062119,Ropa,169.13
47174147,Ropa,173.08
34411161,Deportes,161.37
31737175,Hogar,164.08
33781209,Belleza,93.96
4422987,Deportes,353.83
32249138,Electronica,954.83
3990649,Ropa,186.21
34711294,Libros,26.07
46163190,Hogar,88.66
34003697,Deportes,88.26
40262065,Libros,41.84
5900501,Hogar,212.65
44747259,Libros,13.6
47065767,Ropa,65.52
46439171,Deportes,221.63
33028823,Deportes,66.15
1265577,Hogar,16.67
2300814,Libros,55.45
50791287,Ropa,67.92
1069698,Electronica,371.17
45516816,Deportes,285.42
34932435,Electronica,1287.43
36290509,Ropa,130.13
34277937,Deportes,116.7
41475123,Deportes,347.42
32890335,Libros,33.07
6517578,Electronica,602.73
38827604,Libros,38.26
36807974,Belleza,85.57
35350408,Electronica,911.05
3307931,Electronica,1384.36
6738092,Belleza,77.22
50771273,Ropa,176.93
2746597,Ropa,121.52
40569017,Deportes,145.28
32661392,Hogar,273.16
46731621,Libros,9.75
6875439,Hogar,126.63
48625163,Deportes,311.17
44267385,Hogar,335.82
37339003,Electronica,291.45
44280130,Electronica,685.12
42350184,Belleza,21.33
47194204,Belleza,103.42
44752381,Deportes,61.48
32618179,Deportes,268.61
44593454,Deportes,250.66
4213740,Electronica,735.53
4130297,Hogar,149.94
5905866,Libros,27.22
41988542,Deportes,326.43
2798714,Deportes,309.39
31928924,Electronica,1121.27
203425,Libros,46.24
34830604,Electronica,258.64
31069285,Libros,10.45
31676517,Electronica,1299.17
42607183,Hogar,421.03
31264052,Deportes,278.9
34613689,Ropa,125.12
50237066,Ropa,79.71
39960318,Deportes,105.15
33682073,Deportes,273.71
44743958,Deportes,366.95
41766333,Deportes,186.06
3324046,Libros,21.68
51063486,Hogar,146.31
36389349,Ropa,14.5
34983348,Belleza,64.84
43191280,Ropa,197.76
6869758,Ropa,164.9
32400069,Electronica,1351.34
34025291,Deportes,256.04
47055732,Deportes,202.95
4268931,Deportes,396.37
6243149,Electronica,698.39
2674663,Hogar,459.66
49432309,Hogar,384.49
31176648,Belleza,43.06
48974607,Hogar,258.99
6929580,Hogar,201.4
33405769,Deportes,71.76
33123223,Libros,24.62
34454486,Ropa,178.9
45641351,Hogar,380.03
907678,Hogar,149.63
41491265,Electronica,583.47
35609212,Belleza,75.89
3422160,Libros,27.89
48807180,Electronica,779.41
46719117,Deportes,285.3
750751,Ropa,98.78
4801721,Belleza,26.96
3416524,Electronica,804.83
49002962,Hogar,187.72
4664730,Hogar,156.01
48382418,Belleza,42.73
1766073,Hogar,227.92
4079450,Electronica,1335.59
34327866,Electronica,1114.38
2035914,Hogar,338.92
31109176,Hogar,243.56
46332009,Deportes,20.7
7001588,Ropa,74.7
41707312,Belleza,98.52
458139,Electronica,612.85
5218023,Belleza,69.84
6091612,Deportes,97.8
2874267,Electronica,1377.99
49390,Deportes,370.8
3248542,Deportes,75.51
37815211,Libros,44.83
46355979,Hogar,51.49
34794454,Libros,37.92
3621515,Belleza,25.55
47552341,Belleza,21.76
42127042,Hogar,17.0
46677505,Libros,56.75
32233303,Belleza,100.36
32427984,Libros,9.26
44609226,Hogar,305.7
3556448,Electronica,387.7
37882561,Deportes,120.33
50362736,Deportes,352.18
48268565,Libros,11.29
1005708,Belleza,74.17
35136514,Libros,27.07
3242034,Libros,15.49
36778021,Ropa,95.86
31302728,Deportes,377.39
39452368,Hogar,394.08
6613955,Libros,12.27
46559159,Ropa,171.39
40102355,Ropa,188.11
3233454,Deportes,125.25
42025920,Deportes,146.7
41059334,Deportes,68.0
40212348,Hogar,182.3
39476229,Ropa,137.9
48670484,Belleza,36.3
7064355,Hogar,18.31
43340325,Electronica,540.89
36197193,Libros,29.92
32770609,Deportes,235.22
37375073,Ropa,139.93
34721760,Libros,8.4
35643602,Hogar,242.83
33115143,Electronica,436.23
2187270,Hogar,474.77
35040806,Hogar,189.55
49410819,Belleza,16.51
4423720,Libros,7.28
40930766,Belleza,35.52
42401881,Hogar,101.76
7085824,Electronica,992.21
45279800,Ropa,170.92
48107450,Ropa,69.39
34867018,Libros,36.78
50602110,Deportes,297.52
47613230,Deportes,171.43
6742946,Ropa,22.6
46929149,Hogar,126.15
46517593,Hogar,443.29
4641943,Belleza,99.82
7114883,Libros,9.76
34390175,Belleza,30.75
31646764,Deportes,312.28
46296879,Ropa,102.32
47985508,Hogar,383.58
34225128,Ropa,50.11
36404427,Electronica,1431.41
48923367,Ropa,158.89
31111291,Electronica,336.31
46474530,Belleza,69.22
48585555,Belleza,18.01
6931011,Deportes,157.35
36939295,Ropa,135.33
4387506,Ropa,72.72
47454087,Electronica,1002.3
48136295,Belleza,33.15
32238575,Electronica,1095.75
7143357,Belleza,46.35
39917131,Electronica,1196.2
4360318,Belleza,20.72
46262271,Electronica,574.87
39759816,Belleza,58.35
32770999,Libros,28.31
2270203,Electronica,677.99
1791459,Ropa,94.51
35058279,Deportes,395.75
47391434,Libros,15.62
48727175,Libros,47.28
43810820,Electronica,850.09
532337,Deportes,177.18
34492135,Ropa,130.37
43427642,Libros,51.94
35049437,Ropa,98.66
33672016,Belleza,104.45
47135449,Deportes,55.64
41655244,Hogar,331.75
38808950,Belleza,43.32
46626234,Deportes,166.95
31883860,Electronica,877.98
31846030,Electronica,745.88
40990175,Ropa,82.54
50831415,Libros,21.96
34151683,Hogar,314.88
31336495,Electronica,783.09
31985267,Deportes,142.86
33005739,Libros,16.27
32921034,Libros,47.6
45309581,Deportes,323.89
46825476,Libros,16.76
41476201,Electronica,429.39
2499855,Deportes,110.87
50127171,Deportes,356.14
43785106,Ropa,157.08
34935329,Hogar,51.17
38076405,Ropa,168.21
34920280,Hogar,32.87
34722492,Deportes,116.22
47429447,Libros,55.54
33025526,Hogar,434.2
31715968,Deportes,316.95
42337134,Deportes,193.87
46733464,Ropa,71.07
31364140,Ropa,177.49
32431282,Libros,41.14
50238906,Belleza,38.98
46310187,Electronica,721.63
44470055,Belleza,106.37
39923692,Belleza,108.9
46390964,Libros,41.26
38585572,Hogar,370.29
37177100,Libros,7.16
7055203,Libros,38.25
43140680,Deportes,281.82
49242458,Deportes,27.74
2569881,Deportes,340.67
40193603,Electronica,1396.01
44308496,Hogar,130.4
42588308,Hogar,425.21
46422004,Deportes,272.89
7026807,Belleza,71.78
6253685,Electronica,1272.53
37227248,Belleza,37.85
31509335,Ropa,160.26
46974524,Hogar,167.54
4420237,Hogar,396.92
40737673,Belleza,56.87
46358047,Electronica,219.57
50048263,Hogar,200.04
42622381,Belleza,31.85
48236298,Libros,10.53
47095967,Libros,11.07
49723395,Electronica,1181.1
36530016,Belleza,106.36
31110470,Libros,55.99
47105263,Electronica,1288.22
43886259,Deportes,335.49
36430678,Electronica,149.81
38592971,Ropa,160.12
50390398,Deportes,317.65
42516004,Belleza,20.1
33862280,Deportes,271.56
46121305,Deportes,191.95
6710389,Belleza,108.5
38272116,Belleza,84.97
3966224,Libros,57.3
48624638,Ropa,29.94
36915109,Belleza,9.67
42040674,Hogar,487.19
43504312,Hogar,53.89
32781889,Ropa,83.38
41949712,Electronica,992.46
40142853,Electronica,1326.08
34616689,Hogar,138.47
33875955,Belleza,8.34
35374645,Ropa,109.04
35881998,Electronica,733.11
44141242,Electronica,495.0
39463058,Deportes,352.08
36501702,Hogar,378.42
6916354,Belleza,103.68
40154255,Ropa,40.74
6115327,Electronica,1054.0
45665815,Deportes,390.54
41792068,Hogar,311.78
587003,Hogar,98.11
43330121,Ropa,199.2
46480715,Electronica,816.07
38901297,Ropa,169.61
6257395,Ropa,38.38
5974680,Libros,41.64
41719989,Deportes,366.79
46243734,Hogar,273.03
46682196,Libros,20.88
5215212,Belleza,19.65
46236076,Hogar,158.53
46133650,Hogar,187.12
49835133,Deportes,289.78
43694476,Belleza,25.54
36320290,Electronica,203.85
41731834,Belleza,49.5
38960824,Electronica,715.05
48094081,Belleza,77.26
46774018,Ropa,144.43
45998224,Belleza,107.27
32427826,Libros,20.89
44596750,Libros,34.07
49522260,Deportes,159.1
26436809,Electronica,52.06
45195597,Hogar,296.02
40430638,Deportes,330.0
46662566,Libros,7.0
35637346,Libros,5.19
34473673,Electronica,1105.34
3220658,Libros,42.61
47048217,Libros,27.32
35495989,Electronica,1009.33
41764618,Libros,57.44
37357029,Hogar,135.21
36977972,Ropa,56.73
40818900,Deportes,90.77
930659,Hogar,366.13
46906330,Hogar,186.3
31632819,Ropa,197.85
38844979,Deportes,291.57
3598515,Hogar,193.18
36370973,Libros,13.21
49145477,Ropa,122.48
46234725,Deportes,132.06
47899903,Belleza,109.13
3032076,Electronica,690.04
38332270,Libros,21.1
37236089,Ropa,121.82
36837940,Electronica,248.61
47325693,Belleza,69.58
2948024,Hogar,42.21
42660571,Hogar,309.34
31298844,Deportes,221.46
48229322,Ropa,108.95
32607715,Ropa,139.99
6637286,Deportes,36.89
2772320,Electronica,716.61
5974359,Hogar,230.36
48603140,Hogar,237.99
38436759,Ropa,196.18
34611945,Ropa,36.46
40774716,Deportes,282.36
4460765,Belleza,51.23
42791747,Electronica,792.0
2988417,Libros,46.93
35566644,Belleza,23.1
37314194,Belleza,92.81
36175960,Ropa,23.36
40260795,Ropa,101.83
48122220,Ropa,150.99
31790362,Belleza,27.14
35328559,Electronica,1167.83
48247480,Ropa,41.69
1128595,Hogar,402.63
38473211,Electronica,729.96
35883590,Hogar,347.05
33860240,Electronica,1380.24
49951600,Ropa,87.6
32554695,Libros,17.81
36769204,Deportes,349.52
38812247,Ropa,40.71
46313537,Belleza,77.62
49541221,Libros,55.78
4317099,Belleza,82.56
48726808,Electronica,333.74
31375665,Belleza,22.51
45514079,Libros,18.88
33991017,Libros,26.53
36875694,Ropa,40.24
48411284,Hogar,401.94
6896478,Ropa,77.84
50255943,Electronica,1407.33
678016,Belleza,101.89
47767451,Hogar,455.78
40985290,Deportes,131.91
44296990,Libros,36.56
31150014,Hogar,170.9
48018407,Hogar,139.62
45351135,Ropa,125.35
35671010,Deportes,330.84
47050963,Libros,10.15
34876320,Electronica,449.86
46278489,Electronica,347.44
37309888,Hogar,402.2
47103595,Hogar,467.69
2344553,Belleza,14.19
31237293,Deportes,164.1
31672169,Libros,55.3
6038683,Hogar,182.15
44069191,Belleza,86.96
43817212,Deportes,58.25
44701714,Libros,29.44
39349205,Electronica,779.79
11266059,Belleza,92.13
47084913,Deportes,129.75
82237,Belleza,35.38
39543924,Hogar,161.94
31991518,Ropa,115.58
51149408,Electronica,1320.21
41220766,Hogar,418.01
3864282,Hogar,43.1
4408257,Deportes,354.0
36845779,Belleza,15.94
44132051,Electronica,652.25
48478178,Hogar,386.22
44818576,Deportes,50.97
42649726,Electronica,108.58
38273186,Belleza,42.95
1070086,Hogar,369.01
38456146,Libros,33.7
51969961,Hogar,217.25
46361416,Hogar,409.34
50729159,Electronica,1161.73
40380252,Electronica,1189.76
51607028,Electronica,716.6
47177748,Electronica,78.2
51907700,Deportes,85.41
33341981,Ropa,150.85
37726589,Deportes,306.21
32061546,Hogar,486.56
33911247,Deportes,92.27
32180568,Belleza,19.14
32528925,Libros,12.63
48003173,Electronica,317.94
46808747,Belleza,65.77
32232714,Libros,58.64
2277201,Belleza,72.78
33371240,Hogar,268.5
41953821,Electronica,1026.37
31114328,Belleza,13.5
38034837,Hogar,410.45
42749169,Electronica,987.98
51001390,Ropa,42.53
31265019,Hogar,320.9
12002709,Deportes,246.56
34089553,Electronica,144.04
35246911,Belleza,35.7
37519868,Libros,26.5
34298498,Belleza,33.16
40173709,Deportes,112.4
33844513,Deportes,237.72
47636094,Belleza,59.15
3254677,Libros,41.7
48874232,Electronica,1436.79
38456961,Hogar,335.37
36197120,Deportes,241.2
48318213,Deportes,342.07
4102435,Deportes,260.19
31568979,Libros,14.11
50040787,Ropa,69.8
48704629,Libros,45.33
37180734,Electronica,1120.65
31076815,Electronica,1481.16
44867178,Electronica,959.11
232387,Electronica,1354.34
48001390,Electronica,129.14
46616286,Belleza,70.12
48203998,Deportes,369.54
51460312,Libros,20.8
39925077,Belleza,22.81
42329290,Libros,24.28
49760556,Ropa,160.52
46164951,Hogar,56.08
48726566,Deportes,248.13
31545827,Ropa,35.77
49073374,Belleza,55.09
39042548,Hogar,483.5
47046678,Ropa,47.08
6118101,Libros,6.87
47855982,Hogar,222.19
32658132,Libros,36.77
4631019,Ropa,66.53
42588454,Belleza,67.3
31267715,Libros,57.44
46005698,Hogar,166.21
25952259,Ropa,68.79
32138504,Libros,31.55
49193105,Belleza,64.26
49857113,Deportes,20.52
46294947,Belleza,75.83
42393188,Belleza,119.7
1232628,Deportes,130.96
45718368,Belleza,77.54
46284024,Deportes,21.76
32569832,Deportes,249.64
32909581,Libros,29.59
2299661,Libros,34.17
32356499,Deportes,226.68
4390207,Ropa,43.62
32867607,Hogar,388.43
49858997,Ropa,115.54
39595541,Deportes,122.67
51401400,Hogar,469.63
51743517,Libros,5.7
37771344,Hogar,367.08
6057175,Deportes,164.87
32279756,Libros,33.74
51168797,Hogar,156.38
36496772,Hogar,170.81
42590093,Ropa,12.88
39917227,Hogar,368.97
2584219,Deportes,290.1
6806240,Electronica,998.82
46302326,Electronica,1323.03
42578235,Electronica,1356.84
43183237,Deportes,231.45
44487276,Electronica,1042.99
32371882,Ropa,12.09
43248747,Deportes,341.61
33338385,Libros,49.9
35410929,Deportes,27.69
40266552,Deportes,226.27
46719095,Hogar,454.73
34732173,Hogar,102.97
39600782,Hogar,186.03
35475139,Belleza,43.07
40145813,Ropa,77.63
47765303,Deportes,35.92
43483559,Deportes,126.03
35037323,Hogar,158.01
47163422,Deportes,349.03
46364481,Libros,24.37
42792315,Deportes,189.94
2678480,Electronica,602.07
4921601,Libros,11.64
51874417,Libros,59.47
5473868,Deportes,333.81
47864477,Belleza,67.21
49536891,Hogar,246.04
43849468,Ropa,133.36
4355877,Ropa,72.02
31614926,Electronica,122.91
41263503,Ropa,86.82
985508,Ropa,196.96
5777155,Hogar,103.44
34638897,Hogar,270.94
40737063,Belleza,5.98
2300681,Electronica,226.95
4346749,Ropa,121.57
46940640,Belleza,39.2
43885627,Electronica,1363.24
47342392,Libros,27.34
44609221,Ropa,49.53
42403618,Ropa,113.66
42721467,Hogar,400.56
46725569,Deportes,27.38
51423823,Electronica,783.0
4315650,Ropa,156.95
35461533,Electronica,200.2
35460315,Belleza,108.82
34535400,Belleza,35.42
46121123,Deportes,84.83
46344167,Ropa,121.96
48018578,Hogar,99.89
3872504,Ropa,139.14
44748008,Electronica,760.65
48755681,Libros,11.05
50165041,Belleza,109.94
49268978,Electronica,1026.15
315860,Deportes,227.48
36554155,Belleza,48.05
6652485,Hogar,80.41
393457,Belleza,86.36
27130109,Libros,49.75
6426693,Ropa,33.91
50843111,Libros,32.2
36695826,Libros,31.67
4021740,Ropa,76.48
48286360,Belleza,95.77
32000405,Deportes,57.82
47646559,Ropa,48.95
33732176,Ropa,10.3
6512800,Hogar,195.9
537005,Belleza,38.49
46300683,Ropa,174.73
33110214,Deportes,303.41
50590047,Electronica,172.48
3952085,Belleza,90.21
47169902,Hogar,342.57
44260580,Libros,20.49
45563329,Ropa,12.94
46898149,Deportes,63.76
1179941,Belleza,33.74
48030708,Deportes,330.32
46726424,Deportes,196.82
34927001,Libros,55.51
2901277,Hogar,397.74
33284025,Belleza,38.02
50462278,Ropa,170.62
46828122,Hogar,71.61
49999204,Ropa,16.86
35350402,Electronica,932.38
34192458,Deportes,149.86
37473438,Electronica,527.67
51610235,Deportes,281.14
31279190,Libros,51.76
49650707,Hogar,171.26
22733209,Ropa,71.75
40255636,Libros,34.36
40727695,Ropa,134.1
40767773,Hogar,113.41
31144648,Belleza,109.96
35770865,Electronica,998.9
37376556,Electronica,956.48
31715286,Ropa,181.8
36824687,Ropa,182.38
4694599,Ropa,35.75
1764247,Hogar,85.36
39142909,Belleza,92.62
45586628,Electronica,1437.48
44452450,Libros,41.66
32430122,Deportes,176.3
37129760,Hogar,346.48
1008509,Electronica,381.78
51278467,Belleza,119.77
4440630,Hogar,224.08
76351,Libros,56.24
1069137,Electronica,674.66
45284226,Hogar,465.15
32615903,Electronica,536.74
35524580,Electronica,1152.79
32092144,Belleza,114.37
49269012,Deportes,265.47
3260846,Belleza,82.92
51468923,Electronica,199.19
37545401,Hogar,245.0
41505142,Libros,53.77
5795646,Belleza,32.7
50149418,Deportes,319.58
894345,Electronica,1029.78
39430438,Libros,17.26
326928,Belleza,37.52
43859842,Belleza,54.17
45625692,Belleza,19.39
43357211,Belleza,110.04
44395831,Libros,45.66
42339440,Hogar,192.01
44450652,Deportes,133.87
31276737,Deportes,282.04
4626738,Electronica,665.12
38933944,Ropa,53.57
32203623,Hogar,223.62
38765320,Electronica,1313.38
4701704,Electronica,149.48
34731934,Belleza,47.36
50416441,Ropa,192.84
31163492,Ropa,12.82
44706660,Hogar,446.96
36255634,Ropa,81.22
42481347,Electronica,324.8
38516796,Ropa,12.85
36353709,Ropa,23.4
46457930,Deportes,85.3
34867017,Electronica,86.84
425977,Libros,23.47
31875710,Ropa,18.53
42660836,Ropa,141.52
31511815,Belleza,99.17
35133523,Ropa,178.62
45347782,Ropa,114.33
44743862,Deportes,379.67
6015018,Electronica,58.19
36597197,Hogar,80.0
47939238,Electronica,475.09
4188480,Belleza,95.74
51325951,Electronica,1333.81
33013733,Ropa,127.45
46223675,Belleza,49.07
241219,Electronica,1015.48
6643758,Belleza,25.8
48082674,Hogar,237.07
5776424,Electronica,785.94
33940902,Libros,10.77
34837980,Ropa,16.44
32939908,Belleza,91.26
48267589,Libros,34.41
4573153,Libros,23.27
43826259,Deportes,186.15
49885050,Belleza,115.14
31361747,Libros,26.17
46708311,Deportes,59.32
46880604,Libros,30.5
5793741,Ropa,133.13
45637529,Hogar,20.87
36945786,Deportes,146.29
47883087,Hogar,205.85
33419936,Belleza,58.33
7025014,Ropa,67.32
41866251,Deportes,273.43
50953454,Belleza,113.64
50927625,Libros,55.27
2046827,Electronica,1013.37
44745569,Belleza,63.29
39463364,Hogar,415.52
45523242,Ropa,168.83
32065508,Ropa,167.62
7064354,Belleza,23.15
42356322,Libros,6.4
36899802,Electronica,1475.63
6303673,Hogar,480.43
774521,Belleza,69.9
31338939,Belleza,119.2
33936236,Ropa,156.4
36708920,Hogar,265.93
37574690,Electronica,614.53
40963842,Ropa,122.64
38319048,Belleza,64.32
31991517,Ropa,198.82
32700798,Ropa,103.19
41518648,Deportes,337.65
33112581,Ropa,164.59
39952034,Libros,8.93
6979402,Ropa,26.53
34155107,Libros,41.29
33934772,Hogar,140.67
43417702,Ropa,134.93
32350262,Electronica,259.71
50004527,Libros,26.84
38231439,Libros,10.64
6302599,Belleza,37.44
35627786,Hogar,57.82
39549839,Ropa,194.41
36908497,Electronica,622.83
28300109,Belleza,108.64
44634074,Hogar,486.02
45192414,Libros,55.03
1008467,Electronica,709.69
39190806,Ropa,157.99
50032314,Deportes,78.41
6252301,Deportes,56.04
41665875,Hogar,440.3
44717484,Electronica,95.12
33511560,Belleza,116.82
48013738,Electronica,1024.59
47589203,Libros,28.08
35500340,Deportes,73.72
36545174,Hogar,365.77
42671736,Ropa,116.99
48226853,Electronica,1081.13
32250680,Deportes,178.81
49762010,Belleza,12.62
50068359,Hogar,167.76
46922242,Ropa,69.85
35908082,Electronica,62.58
50810962,Belleza,6.1
44774047,Ropa,72.84
3768486,Libros,45.02
4710639,Deportes,257.14
4780947,Libros,18.15
43485592,Deportes,249.05
38487635,Belleza,79.45
48500662,Libros,33.74
35458685,Deportes,218.11
2584429,Hogar,194.33
46068625,Belleza,19.19
5218024,Deportes,166.48
558357,Electronica,550.73
35891216,Deportes,244.95
47844857,Libros,52.09
31269019,Hogar,197.06
43351484,Ropa,144.85
33277797,Ropa,164.25
32496308,Deportes,100.47
32054991,Ropa,181.31
43786172,Deportes,46.77
46727487,Hogar,452.33
46377953,Ropa,41.09
7149783,Libros,23.54
6585316,Libros,38.29
6858133,Electronica,1363.24
37106732,Deportes,117.17
35135668,Ropa,155.08
31702788,Libros,44.07
49215734,Hogar,92.46
46654673,Hogar,247.54
3020986,Electronica,748.18
36470840,Hogar,162.74
31809412,Hogar,393.26
44706667,Ropa,185.93
4709411,Deportes,292.3
46870488,Belleza,116.89
6364510,Hogar,39.48
42368888,Hogar,33.05
38910324,Belleza,107.79
39209746,Hogar,450.43
35144409,Ropa,30.35
43226997,Ropa,77.91
34118431,Belleza,101.07
44053424,Libros,12.07
3460840,Hogar,144.7
50376678,Libros,42.45
1008396,Hogar,491.22
34754180,Deportes,322.91
33004979,Hogar,392.0
31154851,Ropa,75.11
39411009,Electronica,1008.95
38300463,Electronica,213.98
40737077,Electronica,1488.79
6119817,Electronica,746.85
48261916,Libros,40.13
42689453,Libros,53.19
32940062,Hogar,15.47
5047464,Libros,58.68
37111668,Hogar,189.19
3191673,Deportes,149.04
6063281,Hogar,85.36
46231163,Electronica,1294.37
571577,Belleza,105.15
45550817,Belleza,7.3
33352650,Ropa,20.59
49125527,Ropa,184.48
31459411,Hogar,74.59
47362993,Belleza,76.41
46463339,Electronica,948.49
47975800,Libros,52.84
3891315,Electronica,880.35
48897353,Electronica,679.32
2196684,Hogar,487.57
42510697,Hogar,125.98
46231347,Deportes,119.83
5217482,Electronica,172.92
39572823,Electronica,1464.21
6911641,Hogar,357.58
5813737,Hogar,20.87
4581106,Deportes,287.64
4488682,Deportes,173.57
48688801,Ropa,193.83
47083036,Belleza,36.9
41155340,Electronica,1079.92
44744756,Electronica,959.78
31278787,Deportes,24.58
2816890,Deportes,356.38
3708025,Ropa,36.53
3990553,Belleza,81.31
1200134,Ropa,157.35
45364132,Belleza,77.56
947624,Libros,10.34
3282149,Electronica,1464.01
43887301,Ropa,55.0
44749628,Deportes,258.59
40276082,Ropa,161.46
3227516,Libros,56.66
33053645,Ropa,124.76
44749703,Electronica,425.63
49045851,Libros,51.02
36398544,Deportes,82.02
47122520,Deportes,28.47
47325800,Hogar,455.45
45603295,Libros,36.65
48727839,Hogar,48.78
6493601,Hogar,296.17
44749109,Electronica,260.27
40804482,Ropa,15.96
32113259,Deportes,64.28
44452473,Deportes,314.54
31061491,Ropa,153.58
35104521,Deportes,249.64
36479893,Ropa,49.77
46096949,Libros,45.64
37833501,Electronica,641.67
48128434,Electronica,790.59
46210500,Electronica,1351.58
32871445,Ropa,96.99
35431695,Ropa,129.01
3574314,Belleza,115.6
33182197,Deportes,191.53
45241342,Deportes,233.08
47094111,Belleza,72.21
5478593,Belleza,32.68
48385934,Electronica,1118.54
35351411,Belleza,88.56
44587569,Ropa,50.58
40197052,Hogar,21.47
50376729,Ropa,199.8
31273959,Belleza,71.88
34397296,Deportes,88.79
47021463,Ropa,63.88
40147865,Deportes,254.76
42553390,Ropa,36.15
40255587,Deportes,34.17
33642028,Libros,48.92
38164002,Ropa,146.01
31289095,Deportes,137.65
49114762,Hogar,43.37
31295048,Electronica,755.09
48350300,Ropa,62.48
3429485,Hogar,207.92
47325754,Electronica,447.26
774886,Ropa,43.3
7033706,Hogar,202.69
6033144,Hogar,482.97
42555395,Libros,19.64
1387892,Hogar,177.94
4376600,Libros,23.11
44053055,Belleza,60.23
6981796,Deportes,340.53
46739289,Electronica,633.08
48512482,Deportes,326.34
32575573,Deportes,63.7
32613327,Libros,54.22
49469695,Deportes,90.42
4792308,Hogar,34.01
587539,Libros,13.71
4923446,Deportes,92.48
34071652,Libros,32.97
35045325,Belleza,56.74
41735136,Libros,44.37
236626,Ropa,19.68
40406757,Hogar,256.39
42714808,Electronica,532.08
41709027,Ropa,129.83
6349954,Ropa,18.3
4360871,Ropa,16.64
48196328,Deportes,182.36
42636987,Libros,49.62
5476666,Libros,41.91
37302132,Deportes,26.35
31678574,Hogar,101.56
35133215,Deportes,106.16
4065096,Deportes,180.76
3154417,Deportes,242.95
41661294,Hogar,119.98
6861994,Hogar,200.52
35910292,Belleza,72.15
50311716,Belleza,49.1
50379081,Belleza,21.46
37721057,Belleza,61.54
6652501,Libros,22.82
4914719,Ropa,174.2
49605564,Ropa,157.37
43182489,Belleza,26.88
45529369,Belleza,22.55
5986355,Electronica,554.13
46228739,Ropa,88.31
36364066,Electronica,1401.43
42523040,Electronica,487.35
961700,Deportes,349.68
38323524,Libros,32.79
46342640,Hogar,444.53
31379871,Ropa,143.37
41869479,Belleza,86.46
33156002,Belleza,64.66
2827452,Hogar,422.55
32344160,Ropa,58.34
45983455,Belleza,109.35
3328915,Belleza,78.23
6911858,Deportes,186.71
2745769,Electronica,1474.18
34951911,Belleza,104.13
49601408,Libros,47.46
8225648,Ropa,62.04
36682210,Libros,58.56
3160478,Hogar,375.35
36519865,Deportes,249.98
48128638,Ropa,185.14
47952371,Deportes,81.63
48157863,Electronica,251.57
42208488,Belleza,69.83
36850537,Ropa,20.78
44492908,Hogar,337.03
40249941,Electronica,399.07
33294247,Electronica,222.59
929772,Deportes,175.61
38893096,Electronica,725.63
47066613,Ropa,42.39
44557135,Deportes,35.78
50097866,Electronica,650.38
7157808,Hogar,383.37
39316484,Libros,53.08
50976881,Ropa,28.53
43451550,Hogar,269.47
48826811,Hogar,142.75
34453705,Deportes,162.36
32356314,Belleza,112.35
37870462,Deportes,153.79
32677146,Ropa,79.42
40646391,Ropa,49.79
6041617,Deportes,384.81
44699532,Belleza,57.5
32661612,Deportes,236.75
31616850,Ropa,96.1
25878009,Belleza,34.09
4587005,Ropa,163.98
6901617,Belleza,8.27
47970014,Belleza,84.38
37680304,Deportes,245.82
32056122,Deportes,74.83
31222761,Deportes,83.04
38002425,Belleza,80.81
34443875,Belleza,40.9
31906021,Ropa,60.49
15206709,Hogar,43.69
37302354,Deportes,311.26
4530857,Libros,53.55
31902551,Ropa,165.77
6728938,Ropa,98.55
44862239,Electronica,824.24
5894117,Deportes,112.06
48513366,Ropa,42.84
37681016,Electronica,1243.35
48300701,Libros,48.91
13081559,Libros,47.75
2268742,Deportes,196.08
40537728,Belleza,104.42
34219300,Electronica,1393.04
46237519,Belleza,42.76
3304872,Libros,17.36
34579566,Libros,30.53
6571058,Hogar,101.97
47065342,Hogar,443.74
45542204,Hogar,178.93
47047084,Hogar,294.44
36901725,Ropa,123.0
32147577,Hogar,264.77
41160240,Ropa,39.74
34978912,Ropa,198.29
31684260,Deportes,85.59
47748876,Ropa,152.79
3171808,Ropa,160.36
3503099,Hogar,85.4
32925781,Ropa,187.3
31272089,Belleza,61.09
31090741,Hogar,320.01
31632072,Electronica,981.17
7154277,Hogar,259.9
2430350,Ropa,36.98
46659635,Belleza,91.45
36432708,Hogar,297.17
2863624,Belleza,18.65
32240461,Electronica,1065.47
33642637,Libros,43.65
1761158,Electronica,845.31
38960145,Libros,9.98
4387400,Deportes,154.0
2035558,Libros,7.8
45527903,Deportes,201.49
3261372,Hogar,454.63
38591627,Deportes,20.86
44057599,Belleza,35.66
3977722,Deportes,323.95
50416619,Belleza,6.13
4323392,Libros,5.56
40782926,Libros,38.6
47732279,Libros,48.41
6085231,Deportes,315.07
31707353,Libros,47.88
1069246,Deportes,157.18
50892686,Deportes,355.44
39227437,Ropa,12.44
34047319,Ropa,69.32
4379557,Deportes,148.13
32044554,Belleza,24.04
35818471,Hogar,178.07
34163775,Electronica,899.53
35896453,Ropa,108.85
42778220,Deportes,141.38
50288234,Electronica,1136.52
32089671,Ropa,145.81
104352,Hogar,151.14
41030653,Belleza,42.17
36503134,Deportes,129.26
4408311,Hogar,77.49
50233980,Ropa,153.03
49371858,Deportes,37.59
3721112,Electronica,268.34
31151274,Libros,10.79
44225224,Belleza,99.91
47469809,Ropa,18.36
45995762,Belleza,81.43
33199931,Deportes,36.9
47864498,Libros,48.25
33623591,Hogar,457.67
31523531,Belleza,60.99
4902097,Electronica,1216.59
37145745,Ropa,144.22
36510884,Electronica,1203.67
35631717,Belleza,93.18
46534573,Libros,16.3
3049753,Hogar,257.29
1761630,Hogar,480.8
43476492,Electronica,548.12
7105621,Deportes,388.79
5861171,Deportes,241.6
47314760,Libros,30.39
39402513,Hogar,334.01
39689144,Electronica,1232.97
46413072,Electronica,621.6
46234614,Electronica,97.78
35412501,Belleza,86.51
3953483,Libros,57.59
32949451,Deportes,257.49
46893197,Deportes,91.6
50317557,Belleza,33.55
48641735,Ropa,182.85
3799297,Belleza,6.56
50015651,Libros,35.18
31892844,Electronica,280.08
34885782,Belleza,37.52
6499717,Electronica,495.12
31511266,Libros,17.06
40277313,Libros,48.58
43154303,Hogar,176.12
3869250,Electronica,550.95
4449389,Deportes,192.14
31348645,Belleza,108.76
27104759,Libros,42.85
2301333,Electronica,139.54
46287529,Ropa,17.46
31276755,Hogar,289.7
32151782,Ropa,178.54
31173079,Libros,22.78
35625337,Ropa,57.08
6972015,Ropa,152.16
46796520,Hogar,307.01
41881968,Hogar,289.04
32875767,Hogar,87.41
4352453,Hogar,100.34
34940831,Ropa,63.54
42505130,Deportes,98.6
36813791,Deportes,389.15
43141011,Hogar,24.03
32924781,Belleza,77.0
49121393,Electronica,800.52
42267983,Libros,22.78
42040806,Belleza,107.07
35248276,Libros,41.86
42021141,Belleza,119.81
35136486,Belleza,24.4
40213598,Deportes,53.39
41219532,Electronica,252.13
36478082,Belleza,35.97
38398993,Hogar,217.14
34501164,Libros,52.44
49995119,Deportes,127.76
32398819,Libros,55.34
1262921,Hogar,239.51
48790153,Hogar,328.83
3242327,Belleza,35.41
36402949,Hogar,90.67
44303812,Electronica,1310.71
42699430,Hogar,68.11
7081504,Belleza,94.01
46119444,Libros,36.95
32446456,Hogar,432.65
38258496,Deportes,292.77
3236609,Deportes,127.03
45626686,Deportes,238.28
46981449,Libros,5.72
41916551,Ropa,100.29
32721687,Deportes,52.69
35714050,Deportes,183.0
39201881,Ropa,30.83
6585362,Libros,57.55
33174664,Deportes,218.77
5898566,Belleza,110.02
27159659,Libros,6.23
38578770,Deportes,262.31
43221558,Deportes,136.64
5791421,Ropa,92.05
44597194,Belleza,105.41
4396681,Libros,58.9
32870872,Hogar,134.55
6679010,Electronica,1424.97
39947159,Belleza,84.2
4794791,Hogar,476.44
31063848,Belleza,69.67
38642592,Hogar,480.97
31993763,Hogar,447.84
32249225,Belleza,19.79
42469004,Ropa,69.05
39491076,Belleza,32.95
1894477,Belleza,70.79
34639136,Hogar,404.36
41695274,Electronica,1151.15
35264897,Hogar,367.47
43739902,Deportes,162.6
47210841,Belleza,21.06
32256496,Libros,16.58
36290087,Belleza,90.29
34394187,Ropa,38.03
6767785,Libros,17.26
42758936,Hogar,220.91
5617002,Ropa,23.7
39424218,Belleza,29.46
32605160,Hogar,87.64
31575827,Hogar,476.39
42720782,Deportes,92.78
5049430,Deportes,347.47
42936393,Electronica,216.46
44720835,Deportes,350.48
31903980,Libros,37.97
4785589,Hogar,427.11
48125526,Deportes,349.59
2570847,Electronica,914.74
40186177,Belleza,110.53
6484484,Libros,37.2
39638075,Deportes,290.77
40267399,Hogar,216.8
32769748,Belleza,110.12
33667781,Hogar,414.72
47172637,Belleza,24.17
41996285,Libros,36.7
42325963,Hogar,449.96
3612686,Deportes,321.36
39447347,Deportes,385.77
50476967,Electronica,385.39
46122621,Belleza,47.26
49565150,Electronica,785.43
2612053,Ropa,54.21
38630059,Deportes,169.74
4464640,Belleza,66.82
2332579,Libros,15.52
41141416,Electronica,422.2
47864502,Libros,11.87
49710787,Libros,44.24
32707617,Libros,24.89
47641652,Electronica,369.39
2053666,Ropa,106.39
36974571,Electronica,148.96
37619163,Hogar,462.85
32254146,Deportes,131.9
46750361,Electronica,1335.37
43703465,Electronica,771.55
31081477,Ropa,171.53
40918187,Hogar,134.83
34728846,Electronica,304.14
2280088,Deportes,342.78
26982059,Deportes,100.91
37834579,Electronica,1131.98
42355679,Libros,23.95
51063567,Libros,46.15
28211409,Hogar,455.21
42740627,Deportes,393.02
37864509,Libros,24.79
32217809,Deportes,159.66
51065860,Hogar,490.97
48137530,Hogar,432.84
1069523,Libros,7.48
33083994,Electronica,881.5
45741102,Belleza,25.84
33656473,Ropa,198.86
39366759,Belleza,20.98
36410398,Belleza,69.32
41181578,Deportes,272.78
44696372,Hogar,469.48
4801788,Deportes,341.96
3895977,Libros,18.52
3745733,Ropa,118.8
5016678,Libros,57.45
35319864,Electronica,1116.79
48276708,Ropa,140.78
4753992,Deportes,306.86
408948,Deportes,142.55
42041073,Libros,45.11
35137165,Deportes,108.48
4251233,Deportes,182.68
46052315,Belleza,107.34
7826891,Electronica,77.51
47410340,Belleza,52.65
5912429,Deportes,121.39
6133072,Hogar,111.32
36765067,Belleza,101.44
35778821,Deportes,284.67
4938701,Deportes,62.8
31558909,Electronica,766.97
1207170,Libros,30.68
39845723,Ropa,37.08
3296165,Belleza,96.97
2925596,Belleza,47.17
46254769,Belleza,92.62
45568445,Deportes,92.98
42198588,Electronica,506.86
46850603,Deportes,56.16
43173824,Deportes,74.52
48919233,Libros,53.58
47346853,Hogar,67.92
45279533,Electronica,188.81
34430405,Belleza,113.14
47160629,Ropa,132.72
1388500,Belleza,16.61
42712641,Deportes,389.25
43248852,Electronica,263.3
43258705,Electronica,1161.2
2422769,Electronica,100.53
4567104,Hogar,317.9
42764346,Belleza,67.87
46909102,Hogar,115.88
46828110,Libros,40.37
34225442,Ropa,127.24
42635533,Libros,48.91
31163638,Deportes,352.83
45611627,Hogar,262.4
4643727,Hogar,252.79
47337277,Libros,39.19
48958041,Deportes,297.1
31679663,Electronica,566.45
31360659,Deportes,211.76
39591805,Belleza,72.29
40812353,Libros,59.36
41724469,Deportes,243.33
32524892,Electronica,375.07
50532685,Deportes,243.44
35606440,Hogar,412.46
2036590,Ropa,172.91
48319549,Hogar,403.12
4826512,Ropa,178.76
3031005,Deportes,147.21
48727149,Belleza,63.37
31809109,Deportes,316.24
31877667,Electronica,433.45
37748601,Deportes,161.2
6410257,Ropa,167.92
38637535,Hogar,388.49
40532157,Belleza,116.69
42622025,Deportes,398.47
40459288,Deportes,111.48
42326728,Hogar,451.72
39833425,Belleza,15.87
6119807,Libros,44.04
977311,Deportes,103.64
50350531,Deportes,134.12
35879503,Libros,57.05
47075761,Ropa,60.0
48323986,Ropa,137.9
43728623,Electronica,308.29
51880368,Hogar,60.29
1068795,Belleza,44.02
42378821,Deportes,257.19
39242207,Deportes,114.22
43223915,Electronica,485.24
7155332,Deportes,289.32
47409835,Hogar,64.86
2280078,Electronica,698.01
49821616,Hogar,471.74
3177357,Electronica,625.61
32567018,Deportes,185.0
3262873,Electronica,1120.4
5895015,Ropa,158.01
31612003,Belleza,93.5
31819050,Deportes,399.19
7160795,Libros,8.93
3969270,Belleza,117.96
37546770,Deportes,381.07
36813763,Belleza,103.0
38897749,Ropa,96.28
46687192,Belleza,105.15
42365075,Electronica,370.21
35603629,Belleza,96.04
40205687,Deportes,90.39
48726771,Libros,49.84
35004971,Libros,38.8
44062440,Hogar,62.55
44060173,Belleza,107.96
37781849,Libros,36.79
6461301,Belleza,80.47
34345317,Libros,20.59
51325961,Belleza,105.24
46788053,Deportes,227.18
45585516,Belleza,53.43
35584907,Deportes,223.03
6696828,Deportes,287.26
36835312,Hogar,352.1
33270492,Libros,24.67
35013357,Electronica,608.62
51601677,Deportes,233.65
50311618,Libros,55.84
3967527,Ropa,151.63
39695528,Belleza,49.9
48147200,Ropa,74.04
4180104,Belleza,65.22
31781543,Hogar,436.95
46702774,Deportes,23.3
31245053,Electronica,1080.2
6308607,Deportes,131.91
40995148,Belleza,28.97
34728502,Electronica,67.6
36253934,Deportes,360.7
47047309,Electronica,1372.76
42777202,Belleza,12.06
34818562,Hogar,268.08
42538096,Hogar,89.0
33868798,Deportes,308.3
49608235,Ropa,136.42
49604147,Belleza,39.17
6391779,Deportes,64.44
6669476,Deportes,335.86
4353661,Hogar,342.01
36904365,Electronica,59.89
37177269,Belleza,77.21
44745631,Electronica,1224.93
6652486,Libros,37.49
48778774,Libros,28.36
46833622,Belleza,72.15
5939067,Ropa,127.75
42763261,Libros,40.2
3426139,Hogar,484.02
34575989,Ropa,43.94
47136029,Deportes,256.78
33456854,Libros,15.34
38317597,Hogar,116.83
42651259,Deportes,274.32
47452506,Ropa,184.03
32963702,Belleza,23.29
46068889,Deportes,385.74
31978090,Electronica,513.09
34967102,Belleza,50.0
7025236,Belleza,22.67
46163707,Ropa,127.01
6053236,Ropa,123.32
41695585,Hogar,229.5
47555362,Hogar,245.9
192990,Electronica,953.32
38100148,Belleza,72.1
33482000,Electronica,592.68
48791387,Electronica,1331.97
42402929,Ropa,136.86
6969538,Electronica,347.84
32095571,Electronica,513.86
41655152,Deportes,319.39
50079976,Hogar,65.69
31144738,Hogar,378.86
47742851,Belleza,46.27
49931573,Hogar,282.57
31299279,Libros,20.43
2913071,Belleza,118.44
44154879,Deportes,364.22
32405499,Hogar,465.3
2824725,Deportes,90.21
3251211,Hogar,423.22
2901269,Hogar,274.67
47958215,Deportes,288.99
38824996,Electronica,365.38
47173126,Electronica,1082.38
37557929,Electronica,1375.69
32140237,Libros,19.71
329658,Electronica,388.37
43679582,Hogar,65.64
4572981,Ropa,60.69
6794059,Deportes,223.6
51401462,Ropa,168.22
34004660,Libros,20.33
34925363,Ropa,128.02
1232014,Belleza,60.15
2798497,Electronica,468.44
46259312,Libros,33.07
41003859,Hogar,96.46
40078597,Electronica,977.39
46008794,Electronica,217.71
32056112,Ropa,148.89
48228537,Belleza,25.44
37629370,Electronica,1497.33
36867303,Deportes,333.0
32689066,Deportes,150.66
39349822,Electronica,668.0
48410272,Ropa,59.25
32942278,Ropa,155.75
49639487,Hogar,199.65
33122462,Libros,46.54
6867934,Libros,6.01
46106064,Libros,12.46
46660068,Belleza,46.97
32165562,Ropa,30.69
2947018,Hogar,306.55
35636018,Deportes,39.32
35878820,Libros,52.29
44744383,Deportes,309.3
48764126,Deportes,102.18
34827027,Electronica,751.5
38767955,Belleza,56.96
34428916,Hogar,366.56
40141849,Belleza,51.17
50416149,Electronica,97.76
5776457,Hogar,147.76
46422689,Hogar,241.1
46427613,Ropa,195.15
34371264,Belleza,106.33
32360838,Belleza,25.86
44849427,Ropa,147.42
31170383,Deportes,375.99
32385288,Electronica,62.75
3239090,Belleza,87.91
44597093,Ropa,97.27
35431947,Hogar,344.91
46369517,Libros,38.31
50454341,Ropa,197.09
3688317,Libros,20.88
31992095,Deportes,318.73
31322457,Electronica,390.23
4730740,Libros,28.96
6531633,Deportes,390.64
32398214,Libros,47.14
14269309,Hogar,168.17
35527064,Hogar,315.39
1263126,Hogar,39.1
36520293,Hogar,144.2
31884792,Ropa,146.49
106037,Hogar,291.5
5904360,Hogar,242.79
6531471,Ropa,141.27
45335219,Hogar,208.25
33264816,Deportes,29.94
2172871,Deportes,187.59
5904656,Belleza,108.74
46353474,Deportes,345.51
42164286,Electronica,643.05
41931632,Electronica,82.22
7063328,Electronica,972.65
4419619,Ropa,150.83
36520256,Deportes,131.81
48887309,Electronica,741.16
41045389,Belleza,119.06
46799801,Ropa,119.51
44184888,Belleza,45.37
12591809,Deportes,258.45
37828756,Hogar,102.31
41675620,Belleza,27.91
48801409,Hogar,463.59
40276928,Ropa,55.45
43382439,Belleza,40.74
42588784,Belleza,67.53
48237653,Libros,54.48
35136977,Ropa,158.48
51007010,Ropa,18.32
42238923,Electronica,1054.89
39218101,Deportes,211.54
33453530,Belleza,59.69
46164308,Belleza,84.53
6531626,Ropa,47.28
32040148,Ropa,196.48
47354509,Deportes,265.22
24754259,Ropa,79.47
41688490,Hogar,306.1
4366812,Hogar,119.99
42237841,Libros,39.86
6797963,Hogar,28.69
4335490,Hogar,180.47
106072,Deportes,304.06
38828712,Belleza,97.92
45598895,Hogar,137.67
44744331,Libros,34.67
44691771,Ropa,110.41
4580936,Hogar,219.41
104326,Libros,17.56
35832036,Deportes,287.23
46237941,Ropa,57.95
3968630,Libros,55.11
32020124,Hogar,271.32
47042201,Belleza,105.11
48503098,Ropa,65.24
50416317,Ropa,163.35
50953769,Belleza,18.07
6739977,Ropa,155.7
49150895,Hogar,202.67
3236516,Ropa,99.3
48047797,Hogar,95.9
5938721,Belleza,7.14
42929860,Electronica,1015.99
5808197,Belleza,72.59
2765744,Hogar,316.88
46356302,Deportes,116.9
31499224,Belleza,32.52
36404495,Deportes,335.51
43813210,Deportes,309.28
33866988,Hogar,178.34
2505885,Hogar,324.34
39881042,Electronica,1250.82
35429262,Libros,53.89
1069187,Ropa,11.1
5214872,Belleza,98.55
6010743,Hogar,184.94
713804,Belleza,87.61
42307103,Libros,25.43
38540511,Libros,38.34
34212432,Deportes,265.78
32591693,Ropa,86.95
31716946,Electronica,793.54
49841618,Belleza,88.53
46658337,Ropa,100.5
44490777,Electronica,70.27
5904669,Belleza,6.48
50331038,Ropa,135.65
32370205,Hogar,425.91
34937242,Belleza,95.31
46470719,Ropa,68.98
35329910,Libros,30.91
37574683,Electronica,389.53
2947819,Ropa,197.94
6531571,Hogar,141.35
40967282,Belleza,52.87
38401352,Belleza,83.33
4469429,Belleza,105.74
40193624,Hogar,39.97
45795649,Electronica,486.48
42715690,Belleza,70.43
37119528,Electronica,946.55
32221256,Ropa,23.31
35358343,Libros,41.52
34748161,Libros,34.04
40066398,Electronica,1250.06
48493829,Electronica,372.17
36979505,Libros,15.73
48479902,Belleza,96.23
45733109,Deportes,287.47
32193653,Deportes,320.84
47766565,Hogar,394.24
49512658,Libros,10.72
43263796,Libros,20.32
34451963,Hogar,141.14
47733401,Deportes,375.14
37519932,Ropa,102.62
48191554,Belleza,17.77
5045444,Belleza,38.3
47780959,Ropa,175.66
45998215,Ropa,170.94
40271466,Deportes,362.13
35174122,Hogar,203.44
42486180,Ropa,131.85
40569657,Hogar,149.91
46420695,Electronica,312.2
46026960,Belleza,7.52
35274574,Deportes,104.91
38632058,Belleza,74.5
46466724,Deportes,363.6
743447,Electronica,243.46
6391369,Belleza,110.57
35546160,Electronica,550.81
2505299,Deportes,182.19
44822873,Ropa,79.35
34350036,Belleza,51.99
47045098,Electronica,425.83
37780851,Libros,43.42
39637259,Belleza,92.19
35298459,Belleza,99.66
41687891,Belleza,44.25
6508426,Hogar,385.84
32657037,Electronica,974.63
40160594,Electronica,1438.98
6192154,Belleza,53.85
4231184,Ropa,198.54
48559699,Belleza,90.15
49016514,Hogar,391.49
32604348,Deportes,29.77
46411638,Hogar,256.24
112054,Ropa,110.38
36803911,Belleza,9.67
48976552,Electronica,502.59
37238925,Libros,57.56
6782021,Belleza,54.0
32360786,Ropa,45.47
40803916,Electronica,794.34
49891654,Hogar,31.38
75824,Deportes,216.08
36945937,Deportes,245.82
46303397,Belleza,46.13
42568651,Hogar,384.85
38845053,Libros,12.46
43162327,Libros,53.3
46476033,Ropa,191.53
35832371,Deportes,20.47
37044624,Hogar,423.72
34759915,Belleza,63.2
41048976,Electronica,719.04
50996664,Belleza,32.45
31623598,Belleza,56.44
32926041,Hogar,475.96
46084608,Deportes,100.1
7081379,Hogar,101.84
5213523,Electronica,400.75
50977318,Hogar,282.64
43862061,Ropa,186.76
6041664,Belleza,71.0
3597369,Deportes,112.52
46646893,Libros,29.22
