customer_id,gasto_total,tipo_cliente
4784,109.88,Ocacional
8314,945.46,Ocacional
8857,22.86,Ocacional
9273,1580.94,Frecuente
11172,2992.5,Frecuente
12272,56.3,Ocacional
18923,53.34,Ocacional
22527,435.82,Ocacional
24426,281.28,Ocacional
24724,350.08,Ocacional
26490,24.14,Ocacional
29223,254.60999999999999,Ocacional
30615,515.32,Ocacional
33242,219.64,Ocacional
34655,76.02,Ocacional
40294,258.58,Ocacional
41893,555.3,Ocacional
47388,1209.26,Frecuente
49893,325.08,Ocacional
50059,844.8,Ocacional
50410,93.72,Ocacional
59556,18.92,Ocacional
62725,90.62,Ocacional
62740,171.84,Ocacional
68898,123.76,Ocacional
68944,298.68,Ocacional
72263,1952.94,Frecuente
78333,176.64,Ocacional
94733,136.3,Ocacional
108219,69.16,Ocacional
110497,622.82,Ocacional
113598,1140.0,Frecuente
123587,243.04,Ocacional
127059,643.82,Ocacional
128887,888.32,Ocacional
141826,79.18,Ocacional
144594,44.7,Ocacional
166962,139.66,Ocacional
167432,252.3,Ocacional
173225,703.16,Ocacional
192942,1527.02,Frecuente
197431,198.44,Ocacional
197483,386.76,Ocacional
204088,398.18,Ocacional
214066,941.16,Ocacional
220976,1741.1100000000001,Frecuente
223509,2943.62,Frecuente
237353,181.2,Ocacional
239104,734.08,Ocacional
242178,2490.94,Frecuente
246379,2406.82,Frecuente
247747,510.58,Ocacional
250025,165.44,Ocacional
262597,49.2,Ocacional
274380,122.12,Ocacional
278766,176.49,Ocacional
284268,96.02,Ocacional
288736,143.56,Ocacional
298524,694.4,Ocacional
300934,217.16,Ocacional
301995,19.34,Ocacional
303250,219.76,Ocacional
308767,124.52,Ocacional
317694,1588.68,Frecuente
325896,36.7,Ocacional
328417,517.08,Ocacional
344049,451.16,Ocacional
345763,163.06,Ocacional
355311,21.06,Ocacional
369867,940.72,Ocacional
380975,229.08,Ocacional
383598,1259.73,Frecuente
395208,542.36,Ocacional
395455,472.22,Ocacional
398394,794.1,Ocacional
401903,71.48,Ocacional
414949,169.14,Ocacional
416904,1071.76,Frecuente
425430,114.62,Ocacional
448901,210.22,Ocacional
450302,523.14,Ocacional
460174,219.92,Ocacional
469485,2051.64,Frecuente
489924,155.24,Ocacional
491504,2239.72,Frecuente
505222,2544.58,Frecuente
520652,285.86,Ocacional
522039,149.56,Ocacional
537173,599.5,Ocacional
538448,162.26,Ocacional
547392,228.66,Ocacional
550907,762.88,Ocacional
552631,123.8,Ocacional
559756,52.08,Ocacional
569630,45.66,Ocacional
575579,695.91,Ocacional
602658,64.64,Ocacional
605234,375.28,Ocacional
605354,24.12,Ocacional
607785,104.69999999999999,Ocacional
608449,62.8,Ocacional
610431,290.62,Ocacional
615723,239.9,Ocacional
643653,1393.24,Frecuente
658792,45.02,Ocacional
683663,129.68,Ocacional
699908,224.12,Ocacional
700350,1914.12,Frecuente
725964,51.72,Ocacional
730901,1005.18,Frecuente
735657,185.48,Ocacional
749325,173.06,Ocacional
761716,248.02,Ocacional
765448,991.0,Ocacional
767270,365.36,Ocacional
772628,164.9,Ocacional
775953,1968.04,Frecuente
794227,161.76,Ocacional
804685,394.88,Ocacional
811697,160.08,Ocacional
811788,1107.62,Frecuente
811880,762.8,Ocacional
811919,836.08,Ocacional
812817,264.16,Ocacional
814911,341.88,Ocacional
815849,672.02,Ocacional
815900,54.76,Ocacional
817513,187.44,Ocacional
817736,62.2,Ocacional
819789,35.0,Ocacional
821527,2299.02,Frecuente
821896,211.22,Ocacional
822267,83.64,Ocacional
822403,373.66,Ocacional
822664,942.1199999999999,Ocacional
823501,61.34,Ocacional
823524,2683.48,Frecuente
824403,265.76,Ocacional
825691,690.5,Ocacional
825879,118.56,Ocacional
826008,143.3,Ocacional
826387,113.52,Ocacional
826703,115.1,Ocacional
827244,395.8,Ocacional
828627,553.02,Ocacional
828684,571.32,Ocacional
829136,2335.66,Frecuente
829511,3390.3599999999997,VIP
830320,597.28,Ocacional
830783,639.46,Ocacional
838538,2007.68,Frecuente
839455,1254.03,Frecuente
839579,156.32,Ocacional
839665,1336.38,Frecuente
841495,375.76,Ocacional
842522,29.42,Ocacional
842577,71.0,Ocacional
842591,750.56,Ocacional
843464,329.48,Ocacional
844113,1002.98,Frecuente
844431,150.7,Ocacional
844458,111.56,Ocacional
844810,60.02,Ocacional
844869,97.54,Ocacional
844891,168.26,Ocacional
844944,375.36,Ocacional
845255,460.14,Ocacional
845975,211.28,Ocacional
846018,1598.92,Frecuente
846198,68.36,Ocacional
848835,51.449999999999996,Ocacional
849388,247.18,Ocacional
849975,91.8,Ocacional
850996,78.2,Ocacional
851082,141.96,Ocacional
851739,216.56,Ocacional
851863,308.94,Ocacional
852587,276.56,Ocacional
852639,41.76,Ocacional
853186,223.32,Ocacional
855338,67.62,Ocacional
855809,405.38,Ocacional
856490,194.72,Ocacional
857013,35.96,Ocacional
857157,584.12,Ocacional
859206,2725.68,Frecuente
862268,352.02,Ocacional
863271,2081.68,Frecuente
863795,337.02,Ocacional
864000,167.5,Ocacional
866132,239.0,Ocacional
866193,605.56,Ocacional
870842,1277.64,Frecuente
872684,233.5,Ocacional
874825,1022.64,Frecuente
876762,1896.98,Frecuente
876917,435.1,Ocacional
877903,34.52,Ocacional
878632,61.06,Ocacional
879218,253.1,Ocacional
879564,2218.96,Frecuente
879730,784.0,Ocacional
881911,86.36,Ocacional
882359,118.78,Ocacional
882454,77.88,Ocacional
883625,156.8,Ocacional
883904,424.18,Ocacional
885351,560.38,Ocacional
887717,33.48,Ocacional
890184,786.18,Ocacional
890258,84.74,Ocacional
891563,87.86,Ocacional
892670,583.24,Ocacional
893815,286.8,Ocacional
894583,430.32,Ocacional
894992,562.88,Ocacional
895364,86.16,Ocacional
896321,193.42,Ocacional
898231,531.02,Ocacional
899355,42.48,Ocacional
900078,46.56,Ocacional
900503,283.58,Ocacional
901800,59.04,Ocacional
902912,223.08,Ocacional
903413,275.26,Ocacional
904845,768.18,Ocacional
905395,225.84,Ocacional
905853,2279.8,Frecuente
909317,60.8,Ocacional
910497,126.84,Ocacional
910586,735.56,Ocacional
912159,276.0,Ocacional
912888,60.06,Ocacional
914613,284.94,Ocacional
916881,201.12,Ocacional
918950,131.96,Ocacional
920644,55.86,Ocacional
921028,63.84,Ocacional
922211,102.04,Ocacional
924399,31.52,Ocacional
925047,137.12,Ocacional
925525,893.78,Ocacional
926307,979.78,Ocacional
926835,509.16,Ocacional
929844,397.98,Ocacional
932244,1139.8799999999999,Frecuente
932262,1303.38,Frecuente
933524,157.18,Ocacional
934717,812.94,Ocacional
935677,368.42,Ocacional
936462,29.28,Ocacional
942449,177.38,Ocacional
942686,114.32,Ocacional
943919,731.9,Ocacional
944035,342.86,Ocacional
944820,270.36,Ocacional
945924,227.66,Ocacional
946446,1609.66,Frecuente
946478,41.36,Ocacional
946744,26.06,Ocacional
949966,419.94,Ocacional
951380,982.44,Ocacional
952326,709.76,Ocacional
952363,590.94,Ocacional
954977,2451.29,Frecuente
955825,2406.44,Frecuente
956551,4039.38,VIP
959389,967.12,Ocacional
959505,994.86,Ocacional
960069,90.96,Ocacional
960603,499.96,Ocacional
964594,66.84,Ocacional
965460,1954.78,Frecuente
966408,83.5,Ocacional
966575,251.34,Ocacional
971566,1469.84,Frecuente
975211,193.58,Ocacional
975670,94.14,Ocacional
979605,1985.06,Frecuente
981371,26.32,Ocacional
988409,720.64,Ocacional
989945,2983.9,Frecuente
989993,123.58,Ocacional
990647,1336.08,Frecuente
991713,570.24,Ocacional
993882,1771.94,Frecuente
997894,685.14,Ocacional
999233,798.14,Ocacional
1002496,48.64,Ocacional
1003737,778.78,Ocacional
1004907,33.28,Ocacional
1009705,164.72,Ocacional
1011017,504.12,Ocacional
1011526,155.12,Ocacional
1013056,806.9,Ocacional
1013481,300.82,Ocacional
1013564,942.72,Ocacional
1014168,1350.08,Frecuente
1015519,457.47,Ocacional
1016864,220.66,Ocacional
1018400,727.34,Ocacional
1018450,238.12,Ocacional
1018856,745.78,Ocacional
1019858,540.64,Ocacional
1020933,47.48,Ocacional
1022057,399.82,Ocacional
1022247,51.1,Ocacional
1025070,105.09,Ocacional
1025442,119.76,Ocacional
1025622,2416.82,Frecuente
1027174,1463.62,Frecuente
1028615,386.36,Ocacional
1029333,2253.52,Frecuente
1029450,141.64,Ocacional
1029525,464.82,Ocacional
1029610,187.86,Ocacional
1029835,193.44,Ocacional
1030589,92.96,Ocacional
1031186,74.54,Ocacional
1032231,382.88,Ocacional
1032278,233.44,Ocacional
1032700,155.32,Ocacional
1034759,126.8,Ocacional
1036546,264.62,Ocacional
1036780,50.96,Ocacional
1036934,2834.88,Frecuente
1039707,96.16,Ocacional
1041635,3868.96,VIP
1041847,334.59000000000003,Ocacional
1043801,268.14,Ocacional
1045361,214.16,Ocacional
1045362,563.64,Ocacional
1045630,820.68,Ocacional
1047370,256.08,Ocacional
1049021,167.92,Ocacional
1049172,191.78,Ocacional
1050678,236.44,Ocacional
1050703,115.64,Ocacional
1050962,732.28,Ocacional
1051240,861.32,Ocacional
1051764,86.7,Ocacional
1051979,1537.48,Frecuente
1052592,1825.3,Frecuente
1053919,1191.82,Frecuente
1054938,583.26,Ocacional
1055541,450.86,Ocacional
1058387,81.98,Ocacional
1059457,368.66,Ocacional
1060796,1588.4,Frecuente
1061075,53.34,Ocacional
1063244,92.08,Ocacional
1063350,96.54,Ocacional
1064741,490.68,Ocacional
1065211,1686.46,Frecuente
1066073,523.08,Ocacional
1067079,920.56,Ocacional
1067981,34.32,Ocacional
1069272,70.04,Ocacional
1070383,761.4,Ocacional
1070595,750.24,Ocacional
1070779,362.24,Ocacional
1070869,149.56,Ocacional
1073336,166.56,Ocacional
1074814,480.6,Ocacional
1075156,21.62,Ocacional
1075531,73.56,Ocacional
1078447,1060.78,Frecuente
1079222,605.12,Ocacional
1079230,759.88,Ocacional
1080567,560.72,Ocacional
1081465,14.04,Ocacional
1082306,2262.2,Frecuente
1083794,306.36,Ocacional
1083975,43.42,Ocacional
1084342,414.58,Ocacional
1085149,156.4,Ocacional
1085800,50.08,Ocacional
1087060,209.86,Ocacional
1087740,591.74,Ocacional
1087998,301.06,Ocacional
1090917,434.28,Ocacional
1098436,91.58,Ocacional
1099513,478.18,Ocacional
1100609,1394.16,Frecuente
1103360,85.32,Ocacional
1104423,13.26,Ocacional
1104900,477.44,Ocacional
1104924,331.52,Ocacional
1107303,276.78,Ocacional
1108791,636.2,Ocacional
1109422,130.94,Ocacional
1109535,935.38,Ocacional
1110278,1010.82,Frecuente
1111139,245.2,Ocacional
1112862,682.3,Ocacional
1113893,38.92,Ocacional
1114755,285.64,Ocacional
1115142,682.9,Ocacional
1115306,20.9,Ocacional
1116793,150.22,Ocacional
1117536,49.64,Ocacional
1117990,103.94,Ocacional
1119378,2147.08,Frecuente
1121197,212.24,Ocacional
1121600,153.0,Ocacional
1122838,667.2,Ocacional
1125138,427.96,Ocacional
1127195,168.42,Ocacional
1127211,1751.38,Frecuente
1127868,141.94,Ocacional
1128316,149.56,Ocacional
1130832,419.64,Ocacional
1132917,15.32,Ocacional
1138901,117.44,Ocacional
1139722,22.38,Ocacional
1140365,334.08,Ocacional
1142422,107.78,Ocacional
1143159,648.18,Ocacional
1143616,140.36,Ocacional
1144010,539.78,Ocacional
1144111,83.4,Ocacional
1146890,107.08,Ocacional
1152671,87.56,Ocacional
1154361,642.34,Ocacional
1154714,97.72,Ocacional
1156243,235.14,Ocacional
1162350,21.28,Ocacional
1163427,73.72,Ocacional
1163690,348.48,Ocacional
1163905,2561.2,Frecuente
1167900,251.38,Ocacional
1169968,288.08,Ocacional
1170075,1190.92,Frecuente
1173116,611.94,Ocacional
1176217,138.44,Ocacional
1177929,2564.18,Frecuente
1183786,145.84,Ocacional
1187941,397.64,Ocacional
1190520,222.64,Ocacional
1190835,165.45000000000002,Ocacional
1190881,64.18,Ocacional
1191603,2210.68,Frecuente
1194176,614.02,Ocacional
1195237,298.14,Ocacional
1196213,100.5,Ocacional
1198016,51.54,Ocacional
1199977,767.02,Ocacional
1201889,69.68,Ocacional
1202580,125.7,Ocacional
1204444,749.2,Ocacional
1205457,243.62,Ocacional
1207413,369.46,Ocacional
1207866,84.4,Ocacional
1209299,221.76,Ocacional
1209420,173.52,Ocacional
1209985,286.32,Ocacional
1216382,917.98,Ocacional
1218328,167.98,Ocacional
1220506,260.8,Ocacional
1223366,577.22,Ocacional
1227165,209.52,Ocacional
1227547,771.86,Ocacional
1227904,2436.27,Frecuente
1229428,112.44,Ocacional
1230195,102.12,Ocacional
1230360,124.38,Ocacional
1237404,665.56,Ocacional
1238823,983.86,Ocacional
1241976,532.54,Ocacional
1243908,89.16,Ocacional
1246456,552.2,Ocacional
1248050,362.52,Ocacional
1249282,827.6,Ocacional
1250461,2742.04,Frecuente
1250770,2960.38,Frecuente
1252575,288.86,Ocacional
1253161,1111.8600000000001,Frecuente
1254942,561.46,Ocacional
1256572,54.24,Ocacional
1265672,286.56,Ocacional
1267809,310.82,Ocacional
1268004,46.94,Ocacional
1268283,1408.88,Frecuente
1268292,223.26,Ocacional
1268476,27.08,Ocacional
1268999,197.54,Ocacional
1269449,330.74,Ocacional
1269719,566.56,Ocacional
1273854,205.82,Ocacional
1276980,2585.58,Frecuente
1277195,391.52,Ocacional
1278207,88.1,Ocacional
1279602,589.46,Ocacional
1281347,1035.94,Frecuente
1284959,530.1,Ocacional
1285639,82.22,Ocacional
1286230,704.54,Ocacional
1287179,117.32,Ocacional
1287421,2760.86,Frecuente
1289531,43.9,Ocacional
1291091,124.96,Ocacional
1292625,143.08,Ocacional
1295911,180.22,Ocacional
1297359,2620.11,Frecuente
1300487,936.2,Ocacional
1303643,658.34,Ocacional
1306927,2448.92,Frecuente
1307322,34.82,Ocacional
1308380,1205.08,Frecuente
1310351,308.42,Ocacional
1311558,2282.58,Frecuente
1312688,155.7,Ocacional
1318713,118.68,Ocacional
1319765,67.04,Ocacional
1331727,1340.52,Frecuente
1333596,5660.85,VIP
1334772,393.38,Ocacional
1335449,890.58,Ocacional
1338793,421.74,Ocacional
1338968,226.92000000000002,Ocacional
1340375,90.62,Ocacional
1344621,25.3,Ocacional
1348135,632.58,Ocacional
1348932,39.62,Ocacional
1352738,22.58,Ocacional
1352933,106.06,Ocacional
1353108,2138.56,Frecuente
1354746,181.28,Ocacional
1355447,209.64,Ocacional
1355952,781.08,Ocacional
1357005,103.02,Ocacional
1357108,95.8,Ocacional
1364610,297.78,Ocacional
1365562,2733.1,Frecuente
1373481,465.57,Ocacional
1380361,815.22,Ocacional
1381467,447.9,Ocacional
1382604,111.58,Ocacional
1383305,233.7,Ocacional
1383825,297.36,Ocacional
1384351,2109.06,Frecuente
1384716,69.53999999999999,Ocacional
1385011,329.8,Ocacional
1385028,296.42,Ocacional
1385070,110.06,Ocacional
1386233,497.94,Ocacional
1390444,117.68,Ocacional
1391826,19.88,Ocacional
1392441,1047.78,Frecuente
1392910,1939.46,Frecuente
1393545,298.32,Ocacional
1394205,106.44,Ocacional
1397269,81.44999999999999,Ocacional
1401336,1652.6,Frecuente
1405891,741.63,Ocacional
1405987,611.14,Ocacional
1411526,134.2,Ocacional
1414061,349.96000000000004,Ocacional
1416072,169.94,Ocacional
1418210,58.88,Ocacional
1421817,51.48,Ocacional
1427305,1308.14,Frecuente
1432409,956.16,Ocacional
1433344,119.68,Ocacional
1439610,376.86,Ocacional
1440421,94.72,Ocacional
1441203,496.78,Ocacional
1441435,342.18,Ocacional
1442177,695.68,Ocacional
1445635,45.56,Ocacional
1448984,380.76,Ocacional
1454632,118.94,Ocacional
1456195,96.4,Ocacional
1456570,551.6,Ocacional
1458781,1984.42,Frecuente
1462326,114.42,Ocacional
1464368,83.2,Ocacional
1464568,58.92,Ocacional
1465149,441.54,Ocacional
1468397,2279.8,Frecuente
1469478,25.96,Ocacional
1471760,232.24,Ocacional
1472346,14.9,Ocacional
1474933,677.84,Ocacional
1474938,95.66,Ocacional
1475256,549.68,Ocacional
1477284,31.04,Ocacional
1477457,56.72,Ocacional
1477805,81.16,Ocacional
1477809,729.4,Ocacional
1479498,517.29,Ocacional
1480813,2241.3,Frecuente
1483207,2624.14,Frecuente
1485546,316.46,Ocacional
1487649,100.14,Ocacional
1488106,109.88,Ocacional
1488168,119.24,Ocacional
1491107,55.24,Ocacional
1491585,242.3,Ocacional
1491821,197.1,Ocacional
1493825,1315.32,Frecuente
1494063,186.18,Ocacional
1496560,978.75,Ocacional
1498735,284.74,Ocacional
1501497,711.98,Ocacional
1503214,168.36,Ocacional
1503958,897.56,Ocacional
1504111,1268.8,Frecuente
1505932,143.54,Ocacional
1506773,229.82,Ocacional
1507222,31.12,Ocacional
1508180,41.46,Ocacional
1508635,462.88,Ocacional
1510102,210.98,Ocacional
1511437,84.99,Ocacional
1511865,154.1,Ocacional
1519307,2207.02,Frecuente
1521480,57.44,Ocacional
1523749,316.08,Ocacional
1526507,596.54,Ocacional
1528413,955.16,Ocacional
1529586,308.73,Ocacional
1533252,32.76,Ocacional
1534271,273.4,Ocacional
1534656,114.14,Ocacional
1537085,259.32,Ocacional
1541722,33.58,Ocacional
1542298,88.16,Ocacional
1544811,22.74,Ocacional
1544813,199.32,Ocacional
1546248,1255.94,Frecuente
1547464,59.300000000000004,Ocacional
1549040,370.28,Ocacional
1549912,119.26,Ocacional
1550657,369.3,Ocacional
1552362,37.04,Ocacional
1552971,76.48,Ocacional
1553324,394.6,Ocacional
1558459,46.3,Ocacional
1561717,412.06,Ocacional
1561761,678.44,Ocacional
1566559,194.16,Ocacional
1568389,727.42,Ocacional
1569600,100.92,Ocacional
1569685,76.28,Ocacional
1569894,161.94,Ocacional
1570402,37.36,Ocacional
1574665,177.32,Ocacional
1576584,2093.4,Frecuente
1577981,347.44,Ocacional
1578791,3637.46,VIP
1578960,338.48,Ocacional
1579541,290.22,Ocacional
1579822,44.54,Ocacional
1579891,71.6,Ocacional
1580345,113.92,Ocacional
1580681,69.92,Ocacional
1583731,387.1,Ocacional
1584406,269.18,Ocacional
1584460,107.82,Ocacional
1584638,788.48,Ocacional
1586207,2519.34,Frecuente
1586489,587.7,Ocacional
1588866,198.57,Ocacional
1589864,173.7,Ocacional
1590853,95.14,Ocacional
1591480,521.34,Ocacional
1591519,184.38,Ocacional
1592375,228.5,Ocacional
1593923,710.1,Ocacional
1595586,34.56,Ocacional
1597012,99.26,Ocacional
1597167,100.92,Ocacional
1597323,110.9,Ocacional
1599046,18.4,Ocacional
1599524,39.28,Ocacional
1604327,70.66,Ocacional
1605450,260.66,Ocacional
1606255,39.22,Ocacional
1606427,102.26,Ocacional
1607530,47.5,Ocacional
1607564,587.48,Ocacional
1607825,432.92,Ocacional
1609856,335.52,Ocacional
1611262,353.58,Ocacional
1611987,314.76,Ocacional
1612005,79.72,Ocacional
1612046,632.5,Ocacional
1612736,160.18,Ocacional
1614019,298.64,Ocacional
1614209,1448.91,Frecuente
1615486,291.42,Ocacional
1615883,142.14,Ocacional
1616106,1135.76,Frecuente
1617875,62.42,Ocacional
1619813,397.72,Ocacional
1619858,163.36,Ocacional
1621736,1428.44,Frecuente
1622048,174.98,Ocacional
1622185,486.4,Ocacional
1623942,28.04,Ocacional
1624700,1096.98,Frecuente
1625685,101.74,Ocacional
1625987,119.68,Ocacional
1626185,458.40000000000003,Ocacional
1626332,122.25,Ocacional
1626877,2974.14,Frecuente
1627212,305.04,Ocacional
1628981,942.38,Ocacional
1629292,83.18,Ocacional
1633788,16.4,Ocacional
1634132,664.5,Ocacional
1635466,341.76,Ocacional
1637360,110.9,Ocacional
1638833,1143.02,Frecuente
1638998,105.16,Ocacional
1639831,282.38,Ocacional
1642291,45.24,Ocacional
1643490,212.26,Ocacional
1643680,421.74,Ocacional
1644391,292.71,Ocacional
1644418,2808.06,Frecuente
1644500,117.46,Ocacional
1647279,1096.24,Frecuente
1648464,1003.92,Frecuente
1649269,412.34,Ocacional
1650048,151.66,Ocacional
1650282,608.28,Ocacional
1650952,68.08,Ocacional
1651609,3051.32,VIP
1652502,78.18,Ocacional
1653815,19.54,Ocacional
1655792,26.68,Ocacional
1656916,395.1,Ocacional
1659026,217.9,Ocacional
1659470,79.18,Ocacional
1660928,262.04,Ocacional
1662190,773.9200000000001,Ocacional
1663203,104.04,Ocacional
1663566,1071.3899999999999,Frecuente
1664506,202.04,Ocacional
1665686,187.72,Ocacional
1666454,739.3,Ocacional
1669248,279.66,Ocacional
1670002,698.24,Ocacional
1670818,697.02,Ocacional
1672902,883.3199999999999,Ocacional
1674362,2975.16,Frecuente
1674599,398.68,Ocacional
1675540,140.54,Ocacional
1676627,510.68,Ocacional
1677131,391.16,Ocacional
1686915,318.26,Ocacional
1687316,776.86,Ocacional
1690357,580.72,Ocacional
1690796,92.0,Ocacional
1691259,158.04,Ocacional
1691299,386.4,Ocacional
1693386,198.96,Ocacional
1693837,526.4,Ocacional
1694709,67.9,Ocacional
1695134,101.62,Ocacional
1696613,80.54,Ocacional
1697714,800.54,Ocacional
1699720,167.14,Ocacional
1700023,759.4,Ocacional
1700664,748.4,Ocacional
1700669,2938.14,Frecuente
1702200,51.26,Ocacional
1704544,325.92,Ocacional
1705314,536.76,Ocacional
1705523,41.92,Ocacional
1705676,868.86,Ocacional
1706355,321.18,Ocacional
1708447,132.08,Ocacional
1708962,390.18,Ocacional
1710858,18.88,Ocacional
1712888,266.4,Ocacional
1714524,175.92,Ocacional
1715429,949.11,Ocacional
1717375,122.96,Ocacional
1719571,159.16,Ocacional
1719590,736.53,Ocacional
1721690,625.8,Ocacional
1723105,699.2,Ocacional
1724621,14.28,Ocacional
1728297,229.38,Ocacional
1729052,403.4,Ocacional
1734501,269.86,Ocacional
1735279,382.23,Ocacional
1739368,1344.06,Frecuente
1739414,29.06,Ocacional
1741693,741.56,Ocacional
1743686,383.06,Ocacional
1750997,101.92,Ocacional
1751135,926.12,Ocacional
1751911,4229.22,VIP
1754602,375.7,Ocacional
1759308,1951.58,Frecuente
1762831,1395.74,Frecuente
1763414,1326.0,Frecuente
1764716,247.84,Ocacional
1766935,700.7,Ocacional
1768837,2684.06,Frecuente
1769874,838.3,Ocacional
1774593,96.82,Ocacional
1774820,1011.2,Frecuente
1776026,4502.4400000000005,VIP
1779849,160.46,Ocacional
1780911,150.72,Ocacional
1785701,81.58,Ocacional
1787435,557.8,Ocacional
1787740,23.02,Ocacional
1789676,84.94,Ocacional
1794567,81.54,Ocacional
1794871,78.38,Ocacional
1795213,165.44,Ocacional
1796115,2191.2799999999997,Frecuente
1797396,1554.2,Frecuente
1797815,608.52,Ocacional
1799632,66.36,Ocacional
1801163,262.84,Ocacional
1802403,740.12,Ocacional
1806155,81.03,Ocacional
1807468,21.2,Ocacional
1807488,57.62,Ocacional
1809879,117.42,Ocacional
1810759,185.8,Ocacional
1811612,57.44,Ocacional
1812908,126.42,Ocacional
1813879,646.12,Ocacional
1816911,1440.84,Frecuente
1817417,32.04,Ocacional
1821376,112.16,Ocacional
1821823,2171.6,Frecuente
1821930,825.54,Ocacional
1822868,141.52,Ocacional
1825991,57.06,Ocacional
1826879,118.6,Ocacional
1826995,545.56,Ocacional
1827661,696.34,Ocacional
1829223,812.88,Ocacional
1838417,77.62,Ocacional
1838741,155.12,Ocacional
1838899,916.38,Ocacional
1840123,140.82,Ocacional
1840233,170.26,Ocacional
1841946,681.74,Ocacional
1845555,120.76,Ocacional
1847030,268.3,Ocacional
1848660,176.38,Ocacional
1862243,640.2,Ocacional
1863130,173.3,Ocacional
1865494,325.14,Ocacional
1873410,37.96,Ocacional
1874710,109.92,Ocacional
1876100,510.64,Ocacional
1877502,255.32,Ocacional
1877728,516.68,Ocacional
1879260,200.12,Ocacional
1883014,184.98,Ocacional
1883287,58.71,Ocacional
1887095,369.96,Ocacional
1887512,12.12,Ocacional
1887647,11.86,Ocacional
1891348,59.18,Ocacional
1892151,70.38,Ocacional
1892392,142.12,Ocacional
1892472,126.48,Ocacional
1893572,968.82,Ocacional
1896122,276.12,Ocacional
1896835,2835.17,Frecuente
1898991,888.84,Ocacional
1901058,125.38,Ocacional
1901948,1910.74,Frecuente
1903892,386.76,Ocacional
1904663,2743.58,Frecuente
1904751,30.08,Ocacional
1905142,70.72,Ocacional
1905398,368.1,Ocacional
1909823,354.74,Ocacional
1913258,274.04,Ocacional
1918830,180.3,Ocacional
1919331,56.46,Ocacional
1920107,109.84,Ocacional
1920162,186.42,Ocacional
1920703,2541.72,Frecuente
1921420,2070.96,Frecuente
1923213,2928.7400000000002,Frecuente
1923367,81.2,Ocacional
1923694,105.98,Ocacional
1932607,161.96,Ocacional
1933106,480.52,Ocacional
1934373,102.12,Ocacional
1934436,23.02,Ocacional
1936064,653.38,Ocacional
1939649,786.04,Ocacional
1940535,183.54,Ocacional
1942869,1157.52,Frecuente
1945646,85.46,Ocacional
1946189,206.42,Ocacional
1946190,2928.02,Frecuente
1946558,296.54,Ocacional
1947690,23.56,Ocacional
1948697,238.56,Ocacional
1948876,192.28,Ocacional
1949949,80.01,Ocacional
1950310,747.58,Ocacional
1950916,61.04,Ocacional
1955849,52.7,Ocacional
1958289,35.68,Ocacional
1961181,447.2,Ocacional
1961844,367.38,Ocacional
1963195,640.18,Ocacional
1965435,105.28,Ocacional
1966748,159.16,Ocacional
1968935,808.96,Ocacional
1973457,1219.78,Frecuente
1974284,950.18,Ocacional
1974669,724.1,Ocacional
1975761,50.66,Ocacional
1976394,21.22,Ocacional
1979408,1086.84,Frecuente
1981970,928.98,Ocacional
1982230,1681.2,Frecuente
1990716,87.1,Ocacional
1993070,792.52,Ocacional
1999361,37.76,Ocacional
2001270,192.26,Ocacional
2010880,556.68,Ocacional
2011732,663.14,Ocacional
2014157,92.94,Ocacional
2014412,546.9300000000001,Ocacional
2019597,580.4200000000001,Ocacional
2020168,223.18,Ocacional
2021322,395.06,Ocacional
2023423,52.26,Ocacional
2024339,199.46,Ocacional
2027420,46.72,Ocacional
2029044,521.8,Ocacional
2029771,20.94,Ocacional
2030028,122.68,Ocacional
2030318,347.96,Ocacional
2030841,570.22,Ocacional
2032178,1119.78,Frecuente
2033604,515.84,Ocacional
2033806,141.2,Ocacional
2038016,250.92000000000002,Ocacional
2042578,380.96,Ocacional
2042686,2752.78,Frecuente
2043297,57.6,Ocacional
2045302,2111.04,Frecuente
2045890,225.62,Ocacional
2047435,70.38,Ocacional
2049369,289.96,Ocacional
2049977,843.7,Ocacional
2051145,806.4,Ocacional
2051442,393.86,Ocacional
2054190,77.42999999999999,Ocacional
2057573,466.78,Ocacional
2057814,907.5,Ocacional
2061351,1534.8,Frecuente
2064653,684.02,Ocacional
2066383,41.74,Ocacional
2067975,694.54,Ocacional
2068361,1652.24,Frecuente
2070039,701.58,Ocacional
2072566,311.4,Ocacional
2079495,265.11,Ocacional
2079909,2849.08,Frecuente
2081989,203.82,Ocacional
2082292,68.85,Ocacional
2083879,282.12,Ocacional
2084604,430.28,Ocacional
2084980,2016.14,Frecuente
2086342,264.42,Ocacional
2086855,60.3,Ocacional
2088136,73.58,Ocacional
2088220,333.9,Ocacional
2090140,19.5,Ocacional
2090925,29.62,Ocacional
2091897,168.08,Ocacional
2093088,865.3,Ocacional
2095137,2840.26,Frecuente
2095400,649.02,Ocacional
2098626,30.94,Ocacional
2099709,164.28,Ocacional
2100400,143.32,Ocacional
2105085,49.96,Ocacional
2105853,1176.27,Frecuente
2110950,2494.06,Frecuente
2114877,5191.21,VIP
2118687,1372.02,Frecuente
2119532,125.58,Ocacional
2123837,171.76,Ocacional
2125675,5031.0,VIP
2125780,273.0,Ocacional
2126047,84.42,Ocacional
2127067,45.72,Ocacional
2128379,108.5,Ocacional
2130578,575.82,Ocacional
2134802,2670.74,Frecuente
2135603,207.48,Ocacional
2135654,68.3,Ocacional
2137692,1273.34,Frecuente
2141285,145.44,Ocacional
2141815,141.0,Ocacional
2147967,699.36,Ocacional
2149372,37.76,Ocacional
2149505,908.64,Ocacional
2153897,42.16,Ocacional
2154075,103.28,Ocacional
2156952,813.38,Ocacional
2157542,109.98,Ocacional
2159113,95.76,Ocacional
2159647,79.12,Ocacional
2161045,1319.72,Frecuente
2161372,263.12,Ocacional
2162092,1153.7,Frecuente
2163173,109.64,Ocacional
2165682,85.22,Ocacional
2166838,786.98,Ocacional
2170192,764.0,Ocacional
2174137,345.34,Ocacional
2179823,66.42,Ocacional
2180804,2294.52,Frecuente
2185138,846.36,Ocacional
2185184,79.46,Ocacional
2191874,276.72,Ocacional
2194263,223.34,Ocacional
2194371,301.36,Ocacional
2198005,2107.02,Frecuente
2200692,373.76,Ocacional
2201626,19.4,Ocacional
2203043,419.62,Ocacional
2203560,88.94,Ocacional
2204808,25.68,Ocacional
2205334,104.94,Ocacional
2207582,161.42,Ocacional
2207645,464.82,Ocacional
2209199,2472.52,Frecuente
2209496,1253.28,Frecuente
2210936,237.74,Ocacional
2213390,460.72,Ocacional
2217393,32.18,Ocacional
2222812,462.72,Ocacional
2229298,182.82,Ocacional
2230028,375.9,Ocacional
2231871,32.64,Ocacional
2233048,66.22,Ocacional
2241174,81.24,Ocacional
2256187,480.38,Ocacional
2256737,203.02,Ocacional
2256827,91.08,Ocacional
2260907,115.08,Ocacional
2268790,18.1,Ocacional
2270180,2004.6,Frecuente
2270492,183.98000000000002,Ocacional
2271075,234.94,Ocacional
2271960,949.44,Ocacional
2279587,60.88,Ocacional
2293857,30.8,Ocacional
2297240,140.96,Ocacional
2297858,143.5,Ocacional
2298152,67.58,Ocacional
2304921,914.38,Ocacional
2308764,328.2,Ocacional
2308926,982.14,Ocacional
2313684,569.2,Ocacional
2316158,818.72,Ocacional
2319980,101.84,Ocacional
2320249,257.8,Ocacional
2321619,262.98,Ocacional
2325549,3838.28,VIP
2332922,1435.24,Frecuente
2334791,48.08,Ocacional
2335947,67.48,Ocacional
2337767,2629.6,Frecuente
2341067,95.76,Ocacional
2346497,662.5,Ocacional
2351038,84.64,Ocacional
2351145,1089.1,Frecuente
2353634,84.34,Ocacional
2355485,734.94,Ocacional
2358247,97.62,Ocacional
2362497,18.58,Ocacional
2364365,367.2,Ocacional
2364676,681.06,Ocacional
2366855,91.8,Ocacional
2368339,400.38,Ocacional
2370266,1149.0,Frecuente
2371748,374.98,Ocacional
2374814,281.64,Ocacional
2379443,353.2,Ocacional
2380540,103.4,Ocacional
2383367,617.46,Ocacional
2387598,137.66,Ocacional
2391782,136.94,Ocacional
2392245,237.76,Ocacional
2397830,89.66,Ocacional
2404963,3897.51,VIP
2405241,28.54,Ocacional
2408382,507.78,Ocacional
2412006,701.64,Ocacional
2414208,265.76,Ocacional
2417169,77.06,Ocacional
2417634,967.62,Ocacional
2419559,2981.54,Frecuente
2421788,73.9,Ocacional
2428092,47.64,Ocacional
2429164,99.18,Ocacional
2429391,71.62,Ocacional
2432954,607.82,Ocacional
2434760,62.92,Ocacional
2435136,103.24,Ocacional
2435219,127.54,Ocacional
2446436,328.14,Ocacional
2451756,1223.76,Frecuente
2455410,423.86,Ocacional
2456453,176.48,Ocacional
2458665,327.18,Ocacional
2458841,787.47,Ocacional
2461592,270.0,Ocacional
2462419,444.44,Ocacional
2468209,717.72,Ocacional
2468899,99.06,Ocacional
2469126,134.86,Ocacional
2469408,259.98,Ocacional
2469935,12.32,Ocacional
2470102,673.44,Ocacional
2472086,379.12,Ocacional
2476242,103.5,Ocacional
2477866,170.26,Ocacional
2477880,236.48,Ocacional
2480592,2263.96,Frecuente
2484735,925.44,Ocacional
2489374,295.7,Ocacional
2489398,2545.3,Frecuente
2489485,191.08,Ocacional
2490871,1578.9,Frecuente
2496524,34.5,Ocacional
2496551,68.44,Ocacional
2497995,49.44,Ocacional
2498322,722.86,Ocacional
2499367,43.96,Ocacional
2504211,35.22,Ocacional
2505492,833.64,Ocacional
2506554,1658.44,Frecuente
2508865,141.7,Ocacional
2508921,79.36,Ocacional
2509777,996.66,Ocacional
2510602,182.76,Ocacional
2511706,126.06,Ocacional
2517150,80.06,Ocacional
2518478,125.84,Ocacional
2518918,197.5,Ocacional
2522101,134.98,Ocacional
2524155,43.4,Ocacional
2526216,567.02,Ocacional
2528464,131.4,Ocacional
2533996,83.36,Ocacional
2537777,1050.38,Frecuente
2542011,60.84,Ocacional
2543954,2392.6,Frecuente
2549900,116.66,Ocacional
2553528,64.88,Ocacional
2560558,2842.92,Frecuente
2570863,47.78,Ocacional
2577250,454.04,Ocacional
2584768,356.2,Ocacional
2585398,1685.92,Frecuente
2586574,355.4,Ocacional
2588744,127.24,Ocacional
2589594,159.16,Ocacional
2589739,1624.76,Frecuente
2591553,704.7,Ocacional
2595665,393.18,Ocacional
2596346,358.04,Ocacional
2598060,87.9,Ocacional
2600437,369.06,Ocacional
2609308,40.08,Ocacional
2612250,638.78,Ocacional
2614854,221.92,Ocacional
2619461,918.48,Ocacional
2620456,81.56,Ocacional
2621723,71.76,Ocacional
2623621,778.52,Ocacional
2625980,35.58,Ocacional
2628186,179.36,Ocacional
2632159,285.5,Ocacional
2637985,140.9,Ocacional
2640084,576.44,Ocacional
2642875,169.02,Ocacional
2644252,41.34,Ocacional
2644270,281.02,Ocacional
2645420,2009.26,Frecuente
2646366,344.52,Ocacional
2647115,314.7,Ocacional
2648988,919.98,Ocacional
2649605,509.0,Ocacional
2651689,84.84,Ocacional
2656159,59.84,Ocacional
2656983,111.86,Ocacional
2659020,704.82,Ocacional
2661114,2012.02,Frecuente
2665623,115.64,Ocacional
2665941,203.06,Ocacional
2671663,2616.6,Frecuente
2672393,44.28,Ocacional
2672509,536.98,Ocacional
2673841,270.42,Ocacional
2678235,200.94,Ocacional
2678339,205.64,Ocacional
2684013,318.54,Ocacional
2685847,135.03,Ocacional
2689413,187.58,Ocacional
2689554,33.22,Ocacional
2693398,801.1200000000001,Ocacional
2698389,159.9,Ocacional
2703416,1073.36,Frecuente
2705369,779.58,Ocacional
2719296,6087.84,VIP
2733103,23.2,Ocacional
2733421,219.52,Ocacional
2745770,5100.35,VIP
2750948,609.36,Ocacional
2751454,617.55,Ocacional
2752648,1059.8,Frecuente
2762882,1094.76,Frecuente
2763770,1145.42,Frecuente
2764826,604.52,Ocacional
2766408,103.26,Ocacional
2766881,492.46,Ocacional
2766948,46.64,Ocacional
2768342,613.72,Ocacional
2768354,758.14,Ocacional
2769108,345.84,Ocacional
2769254,125.04,Ocacional
2774869,70.72,Ocacional
2776338,390.06,Ocacional
2779238,113.08,Ocacional
2779519,40.52,Ocacional
2780134,1952.06,Frecuente
2781009,127.94,Ocacional
2781940,1504.0,Frecuente
2783464,37.34,Ocacional
2785524,78.9,Ocacional
2786216,139.52,Ocacional
2792793,115.28,Ocacional
2793297,310.82,Ocacional
2798073,127.1,Ocacional
2800788,338.66,Ocacional
2804287,28.5,Ocacional
2809135,620.54,Ocacional
2810567,47.48,Ocacional
2811003,42.66,Ocacional
2816165,86.98,Ocacional
2826526,187.86,Ocacional
2831409,1137.93,Frecuente
2832551,507.6,Ocacional
2833101,2438.44,Frecuente
2839296,519.8100000000001,Ocacional
2839360,57.92,Ocacional
2843485,352.0,Ocacional
2843900,18.18,Ocacional
2847727,204.06,Ocacional
2847890,636.2,Ocacional
2848927,192.22,Ocacional
2849873,301.98,Ocacional
2852422,243.5,Ocacional
2854995,181.7,Ocacional
2855318,31.06,Ocacional
2855533,583.26,Ocacional
2856075,1549.74,Frecuente
2857546,63.1,Ocacional
2857571,391.86,Ocacional
2859941,206.7,Ocacional
2867282,504.26,Ocacional
2870217,1948.19,Frecuente
2870723,113.46,Ocacional
2872221,104.38,Ocacional
2873031,333.62,Ocacional
2879836,233.08,Ocacional
2883328,99.99,Ocacional
2884003,48.88,Ocacional
2888935,880.74,Ocacional
2891976,1173.16,Frecuente
2892321,590.88,Ocacional
2892549,787.1,Ocacional
2895419,978.52,Ocacional
2904668,45.1,Ocacional
2905007,2080.2,Frecuente
2905503,233.44,Ocacional
2906598,121.72,Ocacional
2907802,108.5,Ocacional
2910137,114.48,Ocacional
2912239,372.34,Ocacional
2912394,993.33,Ocacional
2914348,40.5,Ocacional
2916768,222.16,Ocacional
2920056,152.0,Ocacional
2922653,17.92,Ocacional
2923574,33.76,Ocacional
2925098,200.2,Ocacional
2926288,232.5,Ocacional
2926636,159.58,Ocacional
2928647,3089.8199999999997,VIP
2932144,67.94,Ocacional
2933771,2909.22,Frecuente
2935511,108.2,Ocacional
2936913,616.28,Ocacional
2937601,61.7,Ocacional
2943853,192.86,Ocacional
2946432,44.5,Ocacional
2951014,132.54,Ocacional
2960640,15.14,Ocacional
2961655,375.12,Ocacional
2962795,670.98,Ocacional
2964114,847.8199999999999,Ocacional
2966006,361.28,Ocacional
2967733,343.34,Ocacional
2968697,37.04,Ocacional
2971336,48.3,Ocacional
2971381,1713.08,Frecuente
2978851,309.3,Ocacional
2986719,771.86,Ocacional
2987085,239.98,Ocacional
2991633,2571.68,Frecuente
2992968,243.64,Ocacional
2993196,23.56,Ocacional
2996484,361.36,Ocacional
3003075,229.28,Ocacional
3003366,2472.14,Frecuente
3004919,404.6,Ocacional
3006681,190.58,Ocacional
3007353,990.24,Ocacional
3013844,83.16,Ocacional
3015812,43.66,Ocacional
3017219,207.54,Ocacional
3020504,71.36,Ocacional
3021350,109.6,Ocacional
3024024,769.12,Ocacional
3026541,20.9,Ocacional
3027176,94.52,Ocacional
3027577,76.0,Ocacional
3028093,19.82,Ocacional
3032414,2085.45,Frecuente
3035829,353.90999999999997,Ocacional
3050670,158.86,Ocacional
3053888,687.56,Ocacional
3054526,74.2,Ocacional
3055008,20.02,Ocacional
3057273,2628.22,Frecuente
3057287,488.38,Ocacional
3057906,123.4,Ocacional
3058473,25.94,Ocacional
3062319,173.26,Ocacional
3062668,18.24,Ocacional
3063310,48.8,Ocacional
3063611,295.56,Ocacional
3064618,141.02,Ocacional
3064657,11.0,Ocacional
3064945,438.3,Ocacional
3068751,193.14,Ocacional
3071252,10.98,Ocacional
3072066,332.6,Ocacional
3072142,210.6,Ocacional
3073013,112.96,Ocacional
3076576,1977.6,Frecuente
3078046,107.56,Ocacional
3079829,88.48,Ocacional
3081835,85.06,Ocacional
3083180,509.1,Ocacional
3084932,230.36,Ocacional
3088546,182.46,Ocacional
3089761,80.22,Ocacional
3090797,68.28,Ocacional
3091305,91.66,Ocacional
3094732,170.56,Ocacional
3097721,110.04,Ocacional
3098009,114.6,Ocacional
3101537,105.26,Ocacional
3103366,813.38,Ocacional
3104669,2387.38,Frecuente
3107805,533.66,Ocacional
3110016,3218.31,VIP
3112453,134.14,Ocacional
3113027,616.92,Ocacional
3114056,53.32,Ocacional
3115259,213.1,Ocacional
3116061,514.94,Ocacional
3116564,207.4,Ocacional
3116728,747.62,Ocacional
3117932,769.28,Ocacional
3119484,1759.58,Frecuente
3121817,166.08,Ocacional
3123298,300.06,Ocacional
3125387,151.68,Ocacional
3125584,149.56,Ocacional
3125918,349.62,Ocacional
3126731,310.74,Ocacional
3127911,771.72,Ocacional
3129503,234.16,Ocacional
3129613,236.24,Ocacional
3130271,380.88,Ocacional
3131746,799.92,Ocacional
3133754,62.24,Ocacional
3135794,58.52,Ocacional
3137758,495.14,Ocacional
3138800,698.88,Ocacional
3139820,53.76,Ocacional
3145320,90.56,Ocacional
3154467,805.26,Ocacional
3155969,50.0,Ocacional
3156311,64.78,Ocacional
3157596,174.24,Ocacional
3157679,344.32,Ocacional
3158675,85.5,Ocacional
3162965,250.74,Ocacional
3165612,398.42,Ocacional
3167759,96.72,Ocacional
3167937,652.88,Ocacional
3168357,442.86,Ocacional
3171367,63.04,Ocacional
3173814,3536.43,VIP
3175426,90.66,Ocacional
3176019,41.42,Ocacional
3176863,1583.72,Frecuente
3177372,108.24,Ocacional
3177911,289.62,Ocacional
3178036,584.6,Ocacional
3180152,118.94,Ocacional
3180591,143.02,Ocacional
3180881,1938.9099999999999,Frecuente
3181750,344.44,Ocacional
3182812,14.32,Ocacional
3183186,224.4,Ocacional
3184598,318.2,Ocacional
3186321,337.84,Ocacional
3186513,105.02,Ocacional
3187024,711.1800000000001,Ocacional
3189304,132.72,Ocacional
3190757,560.02,Ocacional
3193267,386.34,Ocacional
3193882,513.2,Ocacional
3194278,46.24,Ocacional
3195706,309.12,Ocacional
3196555,55.52,Ocacional
3197208,258.52,Ocacional
3199770,154.72,Ocacional
3200517,1273.36,Frecuente
3201505,200.58,Ocacional
3201817,249.0,Ocacional
3202391,120.14,Ocacional
3207894,240.84,Ocacional
3209818,216.42,Ocacional
3210381,47.34,Ocacional
3211353,2455.66,Frecuente
3211792,786.22,Ocacional
3213129,441.04,Ocacional
3213412,98.5,Ocacional
3214124,87.9,Ocacional
3214750,249.22,Ocacional
3215817,589.66,Ocacional
3216992,575.28,Ocacional
3218196,568.06,Ocacional
3218558,716.64,Ocacional
3221648,211.18,Ocacional
3223422,2240.68,Frecuente
3226931,951.62,Ocacional
3226977,356.92,Ocacional
3228551,113.02,Ocacional
3229885,499.28,Ocacional
3230326,563.76,Ocacional
3233686,133.68,Ocacional
3236592,26.98,Ocacional
3237126,382.14,Ocacional
3237909,169.6,Ocacional
3246918,310.04,Ocacional
3247708,125.46,Ocacional
3249005,483.76,Ocacional
3249736,1338.74,Frecuente
3250849,582.02,Ocacional
3250917,552.82,Ocacional
3252600,1870.04,Frecuente
3256355,101.32,Ocacional
3257296,345.74,Ocacional
3258712,312.44,Ocacional
3258810,51.8,Ocacional
3261268,74.58,Ocacional
3261819,22.82,Ocacional
3262253,202.16,Ocacional
3263997,738.8,Ocacional
3275738,1393.03,Frecuente
3285587,394.46,Ocacional
3288870,462.54,Ocacional
3289551,46.68,Ocacional
3296638,454.34000000000003,Ocacional
3297644,84.08,Ocacional
3299783,1647.94,Frecuente
3302801,50.82,Ocacional
3303522,16.54,Ocacional
3305802,165.66,Ocacional
3309103,61.41,Ocacional
3311040,251.58,Ocacional
3311433,80.49,Ocacional
3311921,291.64,Ocacional
3312690,138.64,Ocacional
3314488,36.98,Ocacional
3316567,25.3,Ocacional
3316588,12.2,Ocacional
3316918,73.86,Ocacional
3317182,149.56,Ocacional
3318483,11.96,Ocacional
3321513,187.86,Ocacional
3321666,364.04,Ocacional
3323849,521.92,Ocacional
3324016,719.4599999999999,Ocacional
3324257,29.9,Ocacional
3324598,249.52,Ocacional
3327076,985.1,Ocacional
3336619,42.4,Ocacional
3338342,694.54,Ocacional
3338345,70.3,Ocacional
3338693,27.08,Ocacional
3339421,103.98,Ocacional
3339648,98.2,Ocacional
3341467,739.78,Ocacional
3342611,27.88,Ocacional
3343477,87.96,Ocacional
3343783,122.68,Ocacional
3346130,54.72,Ocacional
3348760,521.88,Ocacional
3350439,73.56,Ocacional
3353358,73.7,Ocacional
3354063,131.32,Ocacional
3354244,325.5,Ocacional
3354977,1162.36,Frecuente
3361613,2049.98,Frecuente
3367190,745.83,Ocacional
3370514,359.16,Ocacional
3370571,224.8,Ocacional
3373671,123.34,Ocacional
3374570,26.12,Ocacional
3377027,760.36,Ocacional
3377994,368.96,Ocacional
3379090,634.16,Ocacional
3380753,117.9,Ocacional
3380755,400.08,Ocacional
3381838,217.72,Ocacional
3382133,667.1,Ocacional
3382969,1433.56,Frecuente
3385792,600.12,Ocacional
3390174,82.02,Ocacional
3397291,195.48,Ocacional
3404211,521.32,Ocacional
3404719,142.52,Ocacional
3405163,556.4399999999999,Ocacional
3405903,110.96,Ocacional
3406165,715.16,Ocacional
3407019,651.06,Ocacional
3410116,142.54,Ocacional
3411288,77.9,Ocacional
3414017,261.24,Ocacional
3416662,1929.64,Frecuente
3419778,150.24,Ocacional
3423038,72.9,Ocacional
3428151,2539.04,Frecuente
3429911,985.0500000000001,Ocacional
3432430,884.24,Ocacional
3433852,190.74,Ocacional
3434443,1016.48,Frecuente
3436696,168.1,Ocacional
3436863,828.06,Ocacional
3437174,2736.62,Frecuente
3442581,122.08,Ocacional
3443717,21.28,Ocacional
3447205,517.64,Ocacional
3448579,167.4,Ocacional
3448959,145.68,Ocacional
3453314,162.58,Ocacional
3456559,713.0,Ocacional
3460147,131.62,Ocacional
3460515,310.84,Ocacional
3462095,568.96,Ocacional
3462143,987.56,Ocacional
3462535,555.64,Ocacional
3464234,59.28,Ocacional
3467304,372.3,Ocacional
3471478,48.44,Ocacional
3472344,2730.22,Frecuente
3473179,10.56,Ocacional
3473337,40.52,Ocacional
3473785,117.9,Ocacional
3475757,713.82,Ocacional
3476771,53.34,Ocacional
3477205,122.78,Ocacional
3478715,309.04,Ocacional
3480350,114.35999999999999,Ocacional
3482291,150.42,Ocacional
3483913,643.62,Ocacional
3486676,513.56,Ocacional
3487196,40.72,Ocacional
3487795,78.06,Ocacional
3489085,92.5,Ocacional
3489111,2167.04,Frecuente
3490685,1506.82,Frecuente
3492618,1272.24,Frecuente
3492878,824.52,Ocacional
3492937,107.5,Ocacional
3496071,210.16,Ocacional
3497361,30.7,Ocacional
3501723,143.16,Ocacional
3501837,116.26,Ocacional
3504397,869.66,Ocacional
3504700,1493.7,Frecuente
3505266,263.82,Ocacional
3507676,909.6,Ocacional
3508128,326.32,Ocacional
3511275,297.0,Ocacional
3512807,1363.83,Frecuente
3515860,32.18,Ocacional
3518978,1213.08,Frecuente
3519193,391.8,Ocacional
3519212,282.7,Ocacional
3520229,1559.34,Frecuente
3520706,105.06,Ocacional
3523967,1063.83,Frecuente
3530559,685.56,Ocacional
3531374,161.58,Ocacional
3532252,1148.0000000000002,Frecuente
3537613,145.82,Ocacional
3539604,59.2,Ocacional
3544180,615.2,Ocacional
3544238,49.9,Ocacional
3546977,325.53999999999996,Ocacional
3550424,73.7,Ocacional
3550486,21.9,Ocacional
3552373,97.44,Ocacional
3552825,339.32,Ocacional
3555474,96.21000000000001,Ocacional
3555862,985.1,Ocacional
3556257,71.84,Ocacional
3556347,169.48,Ocacional
3558340,334.88,Ocacional
3559447,30.22,Ocacional
3560302,2693.32,Frecuente
3560730,4379.49,VIP
3564899,236.2,Ocacional
3565427,185.56,Ocacional
3568056,386.86,Ocacional
3568477,861.82,Ocacional
3568994,73.28,Ocacional
3569261,99.24,Ocacional
3571171,89.92,Ocacional
3573679,316.58,Ocacional
3574026,34.86,Ocacional
3576892,182.5,Ocacional
3577343,1353.8,Frecuente
3578439,364.72,Ocacional
3580454,231.16,Ocacional
3581353,175.62,Ocacional
3584356,59.8,Ocacional
3586424,563.04,Ocacional
3586680,156.14,Ocacional
3592724,750.6600000000001,Ocacional
3599653,52.6,Ocacional
3599852,105.16,Ocacional
3600563,182.88,Ocacional
3604880,1559.58,Frecuente
3605561,505.14,Ocacional
3608518,59.6,Ocacional
3608710,886.82,Ocacional
3609988,69.38,Ocacional
3611320,1886.52,Frecuente
3611595,407.72,Ocacional
3611772,1092.66,Frecuente
3611826,387.76,Ocacional
3611843,154.48,Ocacional
3611938,682.9,Ocacional
3614789,28.82,Ocacional
3616248,267.78,Ocacional
3616578,63.02,Ocacional
3621235,80.18,Ocacional
3622518,116.26,Ocacional
3622591,2210.52,Frecuente
3623292,2484.94,Frecuente
3623669,71.4,Ocacional
3628712,2586.9,Frecuente
3629463,732.88,Ocacional
3631117,246.9,Ocacional
3632395,366.72,Ocacional
3635580,44.22,Ocacional
3637258,91.08,Ocacional
3638325,205.7,Ocacional
3642513,2500.38,Frecuente
3642712,512.08,Ocacional
3645371,108.74,Ocacional
3654210,2452.2,Frecuente
3654927,476.3,Ocacional
3660438,42.14,Ocacional
3665151,77.2,Ocacional
3668008,15.26,Ocacional
3669650,563.6,Ocacional
3674104,338.46,Ocacional
3675028,112.96,Ocacional
3675459,969.12,Ocacional
3680586,51.5,Ocacional
3682407,169.0,Ocacional
3684028,89.0,Ocacional
3684507,91.72,Ocacional
3684763,97.08,Ocacional
3687907,592.46,Ocacional
3689202,276.2,Ocacional
3690042,94.38,Ocacional
3691011,349.04999999999995,Ocacional
3694316,58.52,Ocacional
3696075,181.34,Ocacional
3696362,1808.19,Frecuente
3696806,255.32,Ocacional
3698329,490.68,Ocacional
3699879,104.86,Ocacional
3701225,35.42,Ocacional
3701671,746.3,Ocacional
3707267,776.94,Ocacional
3710557,51.26,Ocacional
3711412,271.38,Ocacional
3712475,109.08,Ocacional
3712689,93.12,Ocacional
3714087,604.02,Ocacional
3714823,700.08,Ocacional
3719053,660.04,Ocacional
3720954,115.34,Ocacional
3721357,701.3,Ocacional
3724188,64.42,Ocacional
3725001,700.34,Ocacional
3729257,261.92,Ocacional
3729665,20.32,Ocacional
3731266,153.82,Ocacional
3734477,135.98,Ocacional
3736524,48.34,Ocacional
3736739,46.4,Ocacional
3739294,295.5,Ocacional
3741114,84.0,Ocacional
3742137,448.16,Ocacional
3742393,102.06,Ocacional
3743298,833.64,Ocacional
3747463,100.84,Ocacional
3748686,413.1,Ocacional
3755613,100.89000000000001,Ocacional
3756061,367.24,Ocacional
3757247,66.18,Ocacional
3757860,2703.24,Frecuente
3758732,156.35999999999999,Ocacional
3758903,1594.94,Frecuente
3759702,219.62,Ocacional
3766870,476.2,Ocacional
3767034,351.98,Ocacional
3767129,133.44,Ocacional
3770056,97.86,Ocacional
3770574,24.42,Ocacional
3773121,479.94,Ocacional
3774744,474.12,Ocacional
3775327,319.22,Ocacional
3775341,398.38,Ocacional
3775556,233.94,Ocacional
3775572,300.54,Ocacional
3779367,250.68,Ocacional
3779552,2274.26,Frecuente
3779615,465.20000000000005,Ocacional
3780497,463.4,Ocacional
3781733,228.76,Ocacional
3782068,2652.86,Frecuente
3783958,218.66,Ocacional
3786817,441.04,Ocacional
3787903,347.44,Ocacional
3787969,288.72,Ocacional
3792933,2145.54,Frecuente
3794681,92.24,Ocacional
3795116,275.34,Ocacional
3795701,20.06,Ocacional
3799237,210.98,Ocacional
3800424,748.08,Ocacional
3802396,285.81,Ocacional
3805252,1358.6399999999999,Frecuente
3806000,33.1,Ocacional
3807555,100.82,Ocacional
3808001,96.56,Ocacional
3809878,33.9,Ocacional
3813725,11.3,Ocacional
3817124,84.72,Ocacional
3818148,493.2,Ocacional
3820413,204.32,Ocacional
3822409,271.08,Ocacional
3822712,42.24,Ocacional
3823772,27.6,Ocacional
3830222,1146.52,Frecuente
3830631,469.58,Ocacional
3835199,296.92,Ocacional
3835220,228.2,Ocacional
3836155,74.9,Ocacional
3836329,636.2,Ocacional
3839241,864.96,Ocacional
3842029,879.6299999999999,Ocacional
3843067,277.6,Ocacional
3843908,41.04,Ocacional
3846795,369.88,Ocacional
3846865,86.58,Ocacional
3848113,295.52,Ocacional
3852931,210.66,Ocacional
3858545,114.08,Ocacional
3858856,1963.96,Frecuente
3858977,106.54,Ocacional
3859021,110.28,Ocacional
3859248,489.44,Ocacional
3859396,249.96,Ocacional
3861637,366.6,Ocacional
3863930,358.98,Ocacional
3866438,89.28,Ocacional
3868881,2913.54,Frecuente
3869574,716.08,Ocacional
3871122,1101.62,Frecuente
3871607,42.82,Ocacional
3874148,83.08,Ocacional
3874369,835.38,Ocacional
3879458,78.64,Ocacional
3879659,60.78,Ocacional
3881698,107.22,Ocacional
3886885,115.6,Ocacional
3890135,864.78,Ocacional
3900130,569.34,Ocacional
3904546,709.88,Ocacional
3908251,144.2,Ocacional
3908569,515.9,Ocacional
3910184,1132.26,Frecuente
3911190,1738.92,Frecuente
3912341,227.98,Ocacional
3913154,1911.34,Frecuente
3913274,46.9,Ocacional
3914668,256.04,Ocacional
3914946,893.92,Ocacional
3915366,94.3,Ocacional
3916277,306.72,Ocacional
3917357,105.48,Ocacional
3917676,293.22,Ocacional
3921297,979.96,Ocacional
3923150,223.02,Ocacional
3923348,301.84,Ocacional
3923873,90.08,Ocacional
3924518,301.14,Ocacional
3924617,46.38,Ocacional
3933201,106.92,Ocacional
3935010,133.58,Ocacional
3937156,193.4,Ocacional
3939267,1233.32,Frecuente
3939999,125.76,Ocacional
3942359,29.18,Ocacional
3943722,325.22,Ocacional
3948374,343.7,Ocacional
3948395,25.28,Ocacional
3949159,66.3,Ocacional
3951456,130.48,Ocacional
3952674,218.34,Ocacional
3953151,1026.18,Frecuente
3956866,97.16,Ocacional
3956952,2619.18,Frecuente
3956959,961.94,Ocacional
3958549,42.06,Ocacional
3958916,57.72,Ocacional
3959634,315.44,Ocacional
3959936,26.84,Ocacional
3960770,33.12,Ocacional
3966433,211.62,Ocacional
3974354,2992.5,Frecuente
3977530,319.0,Ocacional
3980009,62.8,Ocacional
3980456,2005.34,Frecuente
3986987,62.8,Ocacional
3993411,330.26,Ocacional
3999549,21.6,Ocacional
4000201,353.5,Ocacional
4000848,193.94,Ocacional
4000919,791.78,Ocacional
4008767,140.4,Ocacional
4009868,18.5,Ocacional
4013274,580.36,Ocacional
4013314,152.46,Ocacional
4015621,200.2,Ocacional
4018562,60.68,Ocacional
4018636,2292.18,Frecuente
4020481,283.04,Ocacional
4020742,494.42,Ocacional
4024210,429.48,Ocacional
4024452,469.14,Ocacional
4025639,414.58,Ocacional
4026497,445.14,Ocacional
4030464,1743.54,Frecuente
4033685,176.04,Ocacional
4034853,807.7,Ocacional
4040146,32.3,Ocacional
4042572,48.12,Ocacional
4043518,63.32,Ocacional
4043564,71.1,Ocacional
4043811,17.86,Ocacional
4044717,141.54,Ocacional
4046858,107.84,Ocacional
4054564,1465.68,Frecuente
4058834,41.24,Ocacional
4062888,1157.46,Frecuente
4065933,353.15999999999997,Ocacional
4067697,145.8,Ocacional
4069719,1473.68,Frecuente
4071526,39.0,Ocacional
4071779,96.92,Ocacional
4071789,325.44,Ocacional
4072137,146.3,Ocacional
4074504,232.84,Ocacional
4076869,175.22,Ocacional
4078576,216.6,Ocacional
4079068,661.68,Ocacional
4079246,225.12,Ocacional
4081724,16.64,Ocacional
4084146,300.91999999999996,Ocacional
4087654,49.18,Ocacional
4088390,1146.56,Frecuente
4097007,154.42,Ocacional
4097254,191.36,Ocacional
4098966,184.02,Ocacional
4099399,341.2,Ocacional
4101204,709.22,Ocacional
4101503,1799.06,Frecuente
4101739,113.38,Ocacional
4102017,211.18,Ocacional
4103088,1906.64,Frecuente
4104399,92.08,Ocacional
4107220,46.12,Ocacional
4110334,40.72,Ocacional
4110592,115.86,Ocacional
4110628,228.28,Ocacional
4118914,51.92,Ocacional
4118993,321.04,Ocacional
4119204,388.36,Ocacional
4122693,44.66,Ocacional
4126318,969.74,Ocacional
4127285,324.0,Ocacional
4128143,888.62,Ocacional
4130264,223.34,Ocacional
4130701,41.98,Ocacional
4130872,241.64,Ocacional
4134012,478.28,Ocacional
4134392,59.38,Ocacional
4135192,90.94,Ocacional
4136478,782.48,Ocacional
4137213,108.32,Ocacional
4140489,216.84,Ocacional
4142562,301.06,Ocacional
4146086,202.14,Ocacional
4146340,286.15999999999997,Ocacional
4146417,159.1,Ocacional
4147503,61.06,Ocacional
4148125,102.34,Ocacional
4148636,1864.86,Frecuente
4150962,43.92,Ocacional
4151922,128.76,Ocacional
4152964,107.04,Ocacional
4155405,1371.44,Frecuente
4156596,498.54,Ocacional
4158864,75.04,Ocacional
4160093,2857.64,Frecuente
4161963,603.64,Ocacional
4162546,1491.0,Frecuente
4167307,1938.82,Frecuente
4167975,256.3,Ocacional
4168300,90.64,Ocacional
4172961,68.84,Ocacional
4187536,525.88,Ocacional
4188743,181.5,Ocacional
4190378,48.48,Ocacional
4192036,82.06,Ocacional
4193015,722.64,Ocacional
4193327,191.18,Ocacional
4193819,588.02,Ocacional
4194228,239.84,Ocacional
4194306,36.06,Ocacional
4195223,303.18,Ocacional
4200200,328.53000000000003,Ocacional
4206339,253.26,Ocacional
4206948,140.38,Ocacional
4207038,438.86,Ocacional
4207735,49.9,Ocacional
4207742,102.28,Ocacional
4214218,495.16,Ocacional
4217382,313.98,Ocacional
4222607,100.72,Ocacional
4223810,646.04,Ocacional
4224234,146.44,Ocacional
4228516,537.26,Ocacional
4229278,371.06,Ocacional
4232633,163.98,Ocacional
4235041,382.7,Ocacional
4235197,73.78,Ocacional
4238087,681.03,Ocacional
4242602,885.7,Ocacional
4245605,15.94,Ocacional
4246677,18.54,Ocacional
4251897,1753.6999999999998,Frecuente
4252749,245.62,Ocacional
4253476,39.22,Ocacional
4257099,276.36,Ocacional
4257450,160.64,Ocacional
4258704,367.38,Ocacional
4262181,830.82,Ocacional
4262796,425.44,Ocacional
4264322,203.24,Ocacional
4266797,343.98,Ocacional
4267574,614.62,Ocacional
4275136,12.86,Ocacional
4275518,63.82,Ocacional
4277485,227.96,Ocacional
4279861,472.0,Ocacional
4280226,10.78,Ocacional
4281077,1259.62,Frecuente
4285742,1571.88,Frecuente
4285978,1227.42,Frecuente
4286044,305.22,Ocacional
4286910,45.98,Ocacional
4294694,87.52,Ocacional
4297849,87.14,Ocacional
4304939,57.86,Ocacional
4305101,573.51,Ocacional
4307893,2419.24,Frecuente
4308250,2300.04,Frecuente
4308283,110.6,Ocacional
4308566,574.2,Ocacional
4310308,405.65999999999997,Ocacional
4314375,61.06,Ocacional
4316059,90.44,Ocacional
4316333,532.22,Ocacional
4316883,786.48,Ocacional
4317024,669.2,Ocacional
4322538,38.94,Ocacional
4322707,364.38,Ocacional
4324990,132.82,Ocacional
4325115,65.76,Ocacional
4327643,102.34,Ocacional
4332913,2939.4,Frecuente
4332957,563.36,Ocacional
4338804,770.28,Ocacional
4339123,710.88,Ocacional
4343048,616.4,Ocacional
4344270,899.86,Ocacional
4345334,1028.74,Frecuente
4350236,54.94,Ocacional
4352753,909.34,Ocacional
4354144,215.74,Ocacional
4357641,79.36,Ocacional
4358452,240.6,Ocacional
4364206,85.11,Ocacional
4367217,1188.64,Frecuente
4367645,107.1,Ocacional
4372553,99.28,Ocacional
4374290,44.46,Ocacional
4376221,149.02,Ocacional
4377642,701.8199999999999,Ocacional
4379873,2180.16,Frecuente
4382139,2098.86,Frecuente
4382807,395.0,Ocacional
4386649,268.84,Ocacional
4386735,820.9,Ocacional
4387131,202.24,Ocacional
4392443,36.72,Ocacional
4393365,1879.24,Frecuente
4406793,786.5,Ocacional
4408482,924.1,Ocacional
4409139,393.0,Ocacional
4409579,191.88,Ocacional
4409651,618.1,Ocacional
4414053,365.46,Ocacional
4418947,201.2,Ocacional
4419200,106.54,Ocacional
4424203,1668.24,Frecuente
4426703,43.83,Ocacional
4429252,2618.66,Frecuente
4429925,636.06,Ocacional
4431949,183.02,Ocacional
4433406,218.7,Ocacional
4434179,1403.8,Frecuente
4438977,116.42,Ocacional
4440178,170.8,Ocacional
4443967,80.6,Ocacional
4446010,117.12,Ocacional
4447235,75.84,Ocacional
4449254,285.04,Ocacional
4449318,388.58,Ocacional
4453513,368.36,Ocacional
4456383,270.7,Ocacional
4456953,38.26,Ocacional
4457681,115.14,Ocacional
4460363,2098.86,Frecuente
4462703,664.4,Ocacional
4463701,84.94,Ocacional
4463901,43.94,Ocacional
4464045,113.38,Ocacional
4465379,35.22,Ocacional
4466574,571.47,Ocacional
4467257,219.76,Ocacional
4472535,372.6,Ocacional
4474597,361.52,Ocacional
4477976,141.38,Ocacional
4480363,133.41,Ocacional
4480888,299.73,Ocacional
4482792,88.22,Ocacional
4483995,84.69,Ocacional
4484477,357.34,Ocacional
4485401,397.22,Ocacional
4488283,543.36,Ocacional
4488460,169.7,Ocacional
4495644,60.9,Ocacional
4496128,86.96,Ocacional
4496741,792.74,Ocacional
4497616,135.84,Ocacional
4502021,171.22,Ocacional
4504933,78.38,Ocacional
4505708,116.76,Ocacional
4509517,117.30000000000001,Ocacional
4509670,182.0,Ocacional
4510044,19.34,Ocacional
4513082,998.04,Ocacional
4513561,117.26,Ocacional
4516280,121.92,Ocacional
4516291,774.16,Ocacional
4524846,740.14,Ocacional
4526397,89.64,Ocacional
4526911,2482.46,Frecuente
4526996,183.46,Ocacional
4528539,793.76,Ocacional
4529571,105.5,Ocacional
4529978,289.86,Ocacional
4530603,334.66,Ocacional
4531838,229.26,Ocacional
4531839,181.5,Ocacional
4534475,214.22,Ocacional
4536823,307.58,Ocacional
4538238,197.28,Ocacional
4540003,185.38,Ocacional
4541203,208.6,Ocacional
4541391,5248.0,VIP
4545532,431.0,Ocacional
4548130,2907.88,Frecuente
4558027,98.14,Ocacional
4558119,102.98,Ocacional
4559071,117.9,Ocacional
4559705,46.589999999999996,Ocacional
4561143,1396.78,Frecuente
4565209,166.38,Ocacional
4566811,83.44,Ocacional
4567792,1640.94,Frecuente
4568075,602.74,Ocacional
4572141,26.18,Ocacional
4578508,191.78,Ocacional
4585716,163.2,Ocacional
4590724,972.04,Ocacional
4590851,87.5,Ocacional
4593196,41.76,Ocacional
4593424,180.71999999999997,Ocacional
4593926,732.26,Ocacional
4603237,220.66,Ocacional
4605414,242.54,Ocacional
4610082,106.12,Ocacional
4614054,43.74,Ocacional
4614251,62.32,Ocacional
4619167,36.28,Ocacional
4620095,48.84,Ocacional
4621751,123.58,Ocacional
4621899,594.4,Ocacional
4622633,63.6,Ocacional
4624910,1624.08,Frecuente
4628358,2839.0,Frecuente
4631818,291.54,Ocacional
4633785,2581.62,Frecuente
4635276,560.48,Ocacional
4636894,818.4100000000001,Ocacional
4643359,119.16,Ocacional
4647828,1134.64,Frecuente
4649622,2362.56,Frecuente
4650209,353.35,Ocacional
4650787,42.4,Ocacional
4654949,1426.62,Frecuente
4656684,91.26,Ocacional
4658766,58.22,Ocacional
4659191,1863.82,Frecuente
4667229,1105.26,Frecuente
4667648,486.72,Ocacional
4673816,1161.96,Frecuente
4676906,231.76,Ocacional
4677590,174.48,Ocacional
4679439,201.5,Ocacional
4682383,95.96,Ocacional
4691903,130.12,Ocacional
4695088,40.2,Ocacional
4697099,22.6,Ocacional
4701045,66.46,Ocacional
4705535,742.34,Ocacional
4706512,221.02,Ocacional
4709866,952.98,Ocacional
4711239,398.24,Ocacional
4713702,1016.1800000000001,Frecuente
4714215,1395.93,Frecuente
4715118,195.16,Ocacional
4716450,19.22,Ocacional
4718171,85.38,Ocacional
4722891,112.04,Ocacional
4723539,2237.04,Frecuente
4723887,150.51,Ocacional
4726134,356.46,Ocacional
4726849,176.14,Ocacional
4727909,21.18,Ocacional
4728353,699.06,Ocacional
4729863,290.68,Ocacional
4736492,2648.96,Frecuente
4746781,460.88,Ocacional
4749863,509.90999999999997,Ocacional
4751793,411.32,Ocacional
4754055,608.28,Ocacional
4760139,41.54,Ocacional
4762637,160.38,Ocacional
4762730,389.0,Ocacional
4766073,185.44,Ocacional
4775113,641.54,Ocacional
4775707,297.66,Ocacional
4778985,484.0,Ocacional
4781028,1829.48,Frecuente
4784197,2159.84,Frecuente
4785674,176.1,Ocacional
4786004,1813.76,Frecuente
4787555,212.45999999999998,Ocacional
4789730,111.82,Ocacional
4797148,495.04,Ocacional
4799919,2581.1,Frecuente
4800111,38.24,Ocacional
4800775,43.94,Ocacional
4804178,1054.64,Frecuente
4805697,355.88,Ocacional
4807456,82.11,Ocacional
4809552,205.34,Ocacional
4809855,25.26,Ocacional
4810202,2781.26,Frecuente
4810556,30.32,Ocacional
4819365,95.3,Ocacional
4819841,286.34,Ocacional
4821319,2969.31,Frecuente
4823800,598.38,Ocacional
4824823,75.8,Ocacional
4824926,371.64,Ocacional
4828921,166.44,Ocacional
4829682,207.48,Ocacional
4830425,238.34,Ocacional
4839796,909.16,Ocacional
4845845,750.14,Ocacional
4846572,194.06,Ocacional
4853539,108.86,Ocacional
4853605,2854.78,Frecuente
4853991,418.68,Ocacional
4856704,690.3,Ocacional
4856973,521.74,Ocacional
4858485,295.96,Ocacional
4867465,107.04,Ocacional
4867906,345.4,Ocacional
4868502,889.46,Ocacional
4868684,61.74,Ocacional
4871084,91.92,Ocacional
4874475,494.42,Ocacional
4877291,69.34,Ocacional
4877729,177.28,Ocacional
4878205,25.7,Ocacional
4878730,29.9,Ocacional
4882701,174.04,Ocacional
4885725,15.26,Ocacional
4886095,105.78,Ocacional
4891192,42.94,Ocacional
4894371,34.68,Ocacional
4897641,55.58,Ocacional
4901782,163.78,Ocacional
4906784,418.72,Ocacional
4907051,77.86,Ocacional
4908484,97.8,Ocacional
4909508,357.52,Ocacional
4911390,182.0,Ocacional
4912369,147.82,Ocacional
4912577,131.74,Ocacional
4918436,1354.1,Frecuente
4920151,1399.16,Frecuente
4921846,133.6,Ocacional
4928444,2574.12,Frecuente
4946613,58.52,Ocacional
4947972,609.54,Ocacional
4950885,80.32,Ocacional
4951911,228.52,Ocacional
4956548,130.34,Ocacional
4967638,315.74,Ocacional
4970758,176.48,Ocacional
4973716,111.02,Ocacional
4977551,1387.9499999999998,Frecuente
4978038,114.22,Ocacional
4984868,208.68,Ocacional
4986760,41.38,Ocacional
4990778,214.12,Ocacional
4996073,500.86,Ocacional
4998935,132.4,Ocacional
5001665,282.28,Ocacional
5001868,714.28,Ocacional
5004395,591.72,Ocacional
5005533,2528.8,Frecuente
5006170,49.92,Ocacional
5010286,1496.58,Frecuente
5012426,138.1,Ocacional
5012527,87.02,Ocacional
5015180,982.14,Ocacional
5016402,715.48,Ocacional
5017322,916.02,Ocacional
5019709,80.48,Ocacional
5019878,73.14,Ocacional
5021425,111.34,Ocacional
5022332,1723.66,Frecuente
5023527,87.58,Ocacional
5026179,376.6,Ocacional
5027342,791.88,Ocacional
5039228,87.46,Ocacional
5040972,367.5,Ocacional
5049296,319.68,Ocacional
5049416,813.38,Ocacional
5056998,1790.96,Frecuente
5057109,54.72,Ocacional
5057551,61.66,Ocacional
5060724,831.64,Ocacional
5069331,696.9,Ocacional
5069588,418.76,Ocacional
5072691,294.51,Ocacional
5073154,116.92,Ocacional
5079253,206.26,Ocacional
5084160,226.56,Ocacional
5090162,109.42,Ocacional
5104262,992.08,Ocacional
5110773,489.34000000000003,Ocacional
5111987,84.28,Ocacional
5112390,580.44,Ocacional
5113495,3563.1000000000004,VIP
5116746,2594.34,Frecuente
5120840,170.92,Ocacional
5120963,506.28,Ocacional
5126817,37.3,Ocacional
5133106,528.68,Ocacional
5134822,16.06,Ocacional
5134996,95.42,Ocacional
5135202,197.4,Ocacional
5138442,60.33,Ocacional
5143900,91.26,Ocacional
5146115,298.44,Ocacional
5146177,43.04,Ocacional
5146858,652.02,Ocacional
5148593,362.14,Ocacional
5149071,115.18,Ocacional
5150852,68.18,Ocacional
5151804,49.64,Ocacional
5156815,152.26,Ocacional
5159454,214.64999999999998,Ocacional
5166469,419.14,Ocacional
5172021,84.38,Ocacional
5172637,465.24,Ocacional
5177144,82.5,Ocacional
5177412,61.74,Ocacional
5177766,99.98,Ocacional
5191799,108.0,Ocacional
5193093,676.24,Ocacional
5201783,47.9,Ocacional
5206413,410.62,Ocacional
5207885,35.2,Ocacional
5209583,1533.94,Frecuente
5210312,1386.84,Frecuente
5211136,1422.6,Frecuente
5213525,547.9,Ocacional
5215019,586.02,Ocacional
5216868,204.71999999999997,Ocacional
5221395,984.0,Ocacional
5222234,37.5,Ocacional
5223530,93.96,Ocacional
5224058,2810.14,Frecuente
5226041,2029.2199999999998,Frecuente
5237884,1695.88,Frecuente
5238763,611.4,Ocacional
5239479,10.22,Ocacional
5240205,1836.62,Frecuente
5240760,357.24,Ocacional
5246416,769.12,Ocacional
5246884,72.7,Ocacional
5257643,34.8,Ocacional
5259564,85.41,Ocacional
5260382,218.08,Ocacional
5261749,811.11,Ocacional
5261986,250.0,Ocacional
5268756,318.34,Ocacional
5271087,1106.18,Frecuente
5277863,572.0,Ocacional
5280808,340.04999999999995,Ocacional
5284709,328.23,Ocacional
5288742,513.26,Ocacional
5289273,671.64,Ocacional
5289942,143.02,Ocacional
5290507,3156.64,VIP
5290786,68.14,Ocacional
5298420,225.38,Ocacional
5301786,497.58,Ocacional
5302022,122.1,Ocacional
5302457,279.72,Ocacional
5313364,117.28,Ocacional
5322254,62.74,Ocacional
5325759,1170.68,Frecuente
5327679,83.44,Ocacional
5331836,141.64,Ocacional
5334313,768.98,Ocacional
5334524,2113.76,Frecuente
5335233,243.56,Ocacional
5337552,116.58,Ocacional
5344687,226.56,Ocacional
5349740,732.52,Ocacional
5350094,292.0,Ocacional
5353901,1299.2,Frecuente
5356857,20.32,Ocacional
5358644,281.2,Ocacional
5359169,2312.62,Frecuente
5363618,2642.58,Frecuente
5364670,157.23,Ocacional
5365274,774.16,Ocacional
5366342,667.02,Ocacional
5369697,2227.12,Frecuente
5373830,1244.88,Frecuente
5374051,385.42,Ocacional
5378158,2961.2400000000002,Frecuente
5378891,71.78,Ocacional
5379376,56.7,Ocacional
5385301,501.18,Ocacional
5385382,313.04999999999995,Ocacional
5391782,42.52,Ocacional
5391974,448.24,Ocacional
5396459,233.66,Ocacional
5401806,191.48000000000002,Ocacional
5417365,675.06,Ocacional
5417887,27.2,Ocacional
5418374,213.56,Ocacional
5418399,100.6,Ocacional
5418793,312.96,Ocacional
5419115,765.5699999999999,Ocacional
5419198,125.76,Ocacional
5420350,2852.64,Frecuente
5421624,77.46,Ocacional
5426453,113.32,Ocacional
5426967,513.56,Ocacional
5429666,767.5,Ocacional
5433192,19.26,Ocacional
5433408,298.62,Ocacional
5434225,479.52,Ocacional
5435540,99.0,Ocacional
5442357,197.0,Ocacional
5442899,81.09,Ocacional
5444984,10.9,Ocacional
5447999,200.88,Ocacional
5451363,1541.3,Frecuente
5455296,92.08,Ocacional
5455827,185.0,Ocacional
5456318,67.5,Ocacional
5460068,670.22,Ocacional
5460617,191.2,Ocacional
5462301,45.62,Ocacional
5464640,269.66,Ocacional
5465946,232.94,Ocacional
5467067,97.24,Ocacional
5467615,306.84,Ocacional
5469682,280.16,Ocacional
5473345,54.2,Ocacional
5473556,234.18,Ocacional
5475540,54.26,Ocacional
5478739,22.94,Ocacional
5481225,1789.6,Frecuente
5482065,235.78,Ocacional
5486309,65.58,Ocacional
5488841,2108.0,Frecuente
5489000,73.14,Ocacional
5489084,316.02,Ocacional
5489481,3535.4700000000003,VIP
5490617,1352.16,Frecuente
5492430,82.2,Ocacional
5495114,537.0,Ocacional
5496381,834.6,Ocacional
5498029,725.46,Ocacional
5498365,47.6,Ocacional
5498592,1569.36,Frecuente
5500151,655.36,Ocacional
5508993,49.78,Ocacional
5510720,119.4,Ocacional
5511782,1555.38,Frecuente
5512168,108.06,Ocacional
5514255,489.48,Ocacional
5518731,310.71,Ocacional
5519703,727.6,Ocacional
5522175,25.7,Ocacional
5534147,151.66,Ocacional
5541595,194.92,Ocacional
5543180,75.18,Ocacional
5544140,100.26,Ocacional
5544473,641.36,Ocacional
5547270,652.86,Ocacional
5552437,277.84,Ocacional
5553344,964.94,Ocacional
5555070,230.16,Ocacional
5560767,1353.9,Frecuente
5567590,203.96,Ocacional
5567649,1881.9,Frecuente
5567719,195.56,Ocacional
5569064,399.6,Ocacional
5570375,433.34,Ocacional
5572352,37.16,Ocacional
5574347,173.79,Ocacional
5577712,155.08,Ocacional
5581479,112.94,Ocacional
5583268,1367.08,Frecuente
5585119,232.78,Ocacional
5586690,85.22,Ocacional
5593374,739.08,Ocacional
5600193,475.59000000000003,Ocacional
5600509,142.04,Ocacional
5601179,194.32,Ocacional
5606111,127.76,Ocacional
5614700,23.2,Ocacional
5617019,2938.36,Frecuente
5622708,374.28,Ocacional
5624333,139.28,Ocacional
5626500,254.94,Ocacional
5629689,413.4,Ocacional
5631885,336.34,Ocacional
5632656,109.36,Ocacional
5633622,81.48,Ocacional
5637020,81.88,Ocacional
5643357,288.16,Ocacional
5644687,185.24,Ocacional
5648037,240.0,Ocacional
5649761,832.52,Ocacional
5654207,51.98,Ocacional
5662234,2102.31,Frecuente
5662646,244.96,Ocacional
5663414,50.48,Ocacional
5664439,1063.6200000000001,Frecuente
5670619,236.22,Ocacional
5672659,90.53999999999999,Ocacional
5674879,365.26,Ocacional
5678397,100.46,Ocacional
5682752,28.38,Ocacional
5683753,491.70000000000005,Ocacional
5685521,722.82,Ocacional
5690976,26.68,Ocacional
5693195,197.56,Ocacional
5694612,166.96,Ocacional
5698933,2902.3,Frecuente
5704305,183.5,Ocacional
5709923,164.26,Ocacional
5711758,510.54,Ocacional
5712801,1970.52,Frecuente
5714860,790.38,Ocacional
5715175,1839.74,Frecuente
5715355,803.36,Ocacional
5715829,416.86,Ocacional
5717221,46.22,Ocacional
5722521,2145.54,Frecuente
5723976,1637.96,Frecuente
5729641,1884.96,Frecuente
5736506,78.1,Ocacional
5741515,90.18,Ocacional
5741728,655.86,Ocacional
5742991,265.46,Ocacional
5749532,98.84,Ocacional
5750273,41.36,Ocacional
5750351,344.96,Ocacional
5752656,195.16,Ocacional
5753681,443.68,Ocacional
5759101,2649.62,Frecuente
5761661,771.86,Ocacional
5763046,108.1,Ocacional
5768123,600.12,Ocacional
5773808,90.8,Ocacional
5774027,672.62,Ocacional
5780869,64.4,Ocacional
5781366,70.02,Ocacional
5784391,221.58,Ocacional
5786209,550.32,Ocacional
5788079,689.42,Ocacional
5789873,1944.1,Frecuente
5791658,1378.56,Frecuente
5794402,51.88,Ocacional
5795103,63.18,Ocacional
5796415,28.48,Ocacional
5796838,529.08,Ocacional
5796879,2005.48,Frecuente
5797857,91.26,Ocacional
5799421,2781.04,Frecuente
5801605,878.04,Ocacional
5804738,449.82,Ocacional
5806549,35.26,Ocacional
5811690,330.26,Ocacional
5812950,42.84,Ocacional
5819490,57.34,Ocacional
5826986,94.83,Ocacional
5827769,1835.6,Frecuente
5827890,188.92,Ocacional
5832791,1478.04,Frecuente
5836969,514.16,Ocacional
5838528,831.08,Ocacional
5845919,680.82,Ocacional
5857060,580.46,Ocacional
5857090,160.58,Ocacional
5857107,187.48000000000002,Ocacional
5861183,83.44,Ocacional
5863268,110.62,Ocacional
5868753,180.12,Ocacional
5873737,811.14,Ocacional
5877839,88.74,Ocacional
5882148,225.76,Ocacional
5882647,118.5,Ocacional
5890086,11.58,Ocacional
5896682,73.2,Ocacional
5897414,71.46,Ocacional
5906042,352.68,Ocacional
5906254,684.64,Ocacional
5907211,157.7,Ocacional
5907988,446.0,Ocacional
5908037,2716.32,Frecuente
5908881,78.2,Ocacional
5909291,33.02,Ocacional
5910511,1851.66,Frecuente
5911065,131.34,Ocacional
5922469,1094.3200000000002,Frecuente
5925123,231.18,Ocacional
5932302,47.24,Ocacional
5934061,38.78,Ocacional
5938403,681.62,Ocacional
5941857,114.4,Ocacional
5942314,14.8,Ocacional
5942729,2071.96,Frecuente
5948899,255.38,Ocacional
5950731,120.3,Ocacional
5953524,371.66,Ocacional
5957280,346.14,Ocacional
5958284,489.9,Ocacional
5965356,168.21,Ocacional
5965701,1007.3399999999999,Frecuente
5966900,510.91,Ocacional
5968851,45.54,Ocacional
5969030,547.52,Ocacional
5977357,743.92,Ocacional
5979450,717.58,Ocacional
5980367,2590.88,Frecuente
5981417,568.4,Ocacional
5984987,125.52,Ocacional
5986070,548.91,Ocacional
5986829,95.32,Ocacional
5988013,1809.04,Frecuente
5990130,1060.8,Frecuente
5992997,233.34,Ocacional
5994381,577.18,Ocacional
5996333,116.76,Ocacional
5996752,686.54,Ocacional
5998746,87.24,Ocacional
6000130,1229.7,Frecuente
6000156,840.9,Ocacional
6000420,1581.18,Frecuente
6001178,433.56,Ocacional
6003052,351.22,Ocacional
6005150,46.650000000000006,Ocacional
6005770,100.7,Ocacional
6006742,116.54,Ocacional
6007608,349.16,Ocacional
6008959,890.04,Ocacional
6015735,378.56,Ocacional
6017349,896.98,Ocacional
6017415,668.92,Ocacional
6030085,308.98,Ocacional
6031997,456.1,Ocacional
6036410,206.38,Ocacional
6039395,2349.0,Frecuente
6039838,502.02,Ocacional
6042806,573.86,Ocacional
6043352,136.0,Ocacional
6054069,220.66,Ocacional
6054564,487.5,Ocacional
6055639,100.9,Ocacional
6056954,1177.52,Frecuente
6058057,51.14,Ocacional
6058905,199.7,Ocacional
6059704,97.35000000000001,Ocacional
6059840,148.36,Ocacional
6060037,41.76,Ocacional
6060408,93.98,Ocacional
6067518,1079.2,Frecuente
6070800,46.36,Ocacional
6071459,657.56,Ocacional
6075886,342.02,Ocacional
6076821,40.86,Ocacional
6077057,355.14,Ocacional
6077855,1218.86,Frecuente
6078348,2611.06,Frecuente
6079137,2216.74,Frecuente
6080612,2567.09,Frecuente
6088744,209.86,Ocacional
6089504,598.66,Ocacional
6092282,869.04,Ocacional
6092999,2283.5,Frecuente
6097445,895.66,Ocacional
6099280,273.22,Ocacional
6099415,2622.1,Frecuente
6099568,81.56,Ocacional
6101082,236.06,Ocacional
6102057,305.02,Ocacional
6105260,48.02,Ocacional
6105545,242.18,Ocacional
6109116,227.28,Ocacional
6110894,204.76,Ocacional
6111658,1049.7,Frecuente
6112881,22.94,Ocacional
6124371,1043.58,Frecuente
6124503,296.66,Ocacional
6126340,1137.64,Frecuente
6127586,763.66,Ocacional
6128936,545.54,Ocacional
6132172,2566.04,Frecuente
6136166,68.92,Ocacional
6137147,2076.86,Frecuente
6142642,1281.32,Frecuente
6147417,1145.42,Frecuente
6148235,1559.58,Frecuente
6153491,2817.12,Frecuente
6159340,395.1,Ocacional
6161653,382.68,Ocacional
6167560,139.34,Ocacional
6169742,2753.6,Frecuente
6172892,273.76,Ocacional
6176265,2558.68,Frecuente
6181370,51.69,Ocacional
6184554,295.56,Ocacional
6188828,264.12,Ocacional
6188938,73.24,Ocacional
6193561,55.84,Ocacional
6196415,2033.8,Frecuente
6196495,226.82,Ocacional
6205119,374.26,Ocacional
6209255,1478.7,Frecuente
6209977,510.64,Ocacional
6219851,119.56,Ocacional
6221014,813.68,Ocacional
6221364,428.58000000000004,Ocacional
6221732,282.48,Ocacional
6223553,121.72,Ocacional
6224666,220.24,Ocacional
6225443,34.12,Ocacional
6225524,520.15,Ocacional
6233600,304.7,Ocacional
6235233,132.78,Ocacional
6238540,229.01,Ocacional
6242020,4431.0,VIP
6246283,521.4,Ocacional
6247310,194.34,Ocacional
6247811,240.2,Ocacional
6253658,910.24,Ocacional
6262657,2539.04,Frecuente
6263557,575.28,Ocacional
6267900,143.46,Ocacional
6269351,58.8,Ocacional
6271729,422.34,Ocacional
6275243,1565.12,Frecuente
6290140,148.34,Ocacional
6292160,824.58,Ocacional
6293454,272.96,Ocacional
6296943,95.82,Ocacional
6297187,369.08,Ocacional
6301450,111.56,Ocacional
6302535,37.32,Ocacional
6303363,1923.04,Frecuente
6303550,117.02,Ocacional
6305531,3610.32,VIP
6310562,93.98,Ocacional
6311315,1093.44,Frecuente
6312054,48.56,Ocacional
6312726,240.28,Ocacional
6317149,160.86,Ocacional
6319658,66.56,Ocacional
6325456,567.0,Ocacional
6334420,291.98,Ocacional
6336377,627.98,Ocacional
6337102,62.92,Ocacional
6343215,19.9,Ocacional
6347589,1024.1,Frecuente
6347718,251.06,Ocacional
6353439,95.48,Ocacional
6354480,31.92,Ocacional
6358676,113.48,Ocacional
6362911,257.1,Ocacional
6365793,3249.2999999999997,VIP
6366685,33.5,Ocacional
6370314,221.06,Ocacional
6371156,483.07000000000005,Ocacional
6375037,56.52,Ocacional
6378097,131.24,Ocacional
6386597,226.52,Ocacional
6387544,155.82,Ocacional
6389762,81.72,Ocacional
6390226,1208.74,Frecuente
6391728,2417.0,Frecuente
6403039,282.69,Ocacional
6414907,430.04,Ocacional
6415039,558.46,Ocacional
6415060,244.4,Ocacional
6432613,474.4,Ocacional
6434969,76.6,Ocacional
6443095,212.3,Ocacional
6447080,967.48,Ocacional
6449416,145.94,Ocacional
6452484,127.28,Ocacional
6455604,368.48,Ocacional
6456252,730.96,Ocacional
6457098,1158.9,Frecuente
6458101,148.32,Ocacional
6458172,23.64,Ocacional
6460157,752.76,Ocacional
6466628,281.72,Ocacional
6468156,56.38,Ocacional
6470033,182.24,Ocacional
6474614,583.24,Ocacional
6476633,617.62,Ocacional
6479379,255.78,Ocacional
6484624,372.12,Ocacional
6487416,620.42,Ocacional
6491396,733.1,Ocacional
6500611,223.41,Ocacional
6503890,195.6,Ocacional
6505362,1978.64,Frecuente
6508554,65.34,Ocacional
6512068,83.5,Ocacional
6512395,180.84,Ocacional
6513371,107.14,Ocacional
6514476,2195.18,Frecuente
6518232,49.67999999999999,Ocacional
6520034,1082.34,Frecuente
6520460,67.96,Ocacional
6524135,34.76,Ocacional
6525305,252.3,Ocacional
6527066,65.7,Ocacional
6527460,184.02,Ocacional
6527616,37.06,Ocacional
6528965,296.86,Ocacional
6530468,782.98,Ocacional
6530798,67.72,Ocacional
6532399,592.06,Ocacional
6534097,218.26,Ocacional
6534125,157.35000000000002,Ocacional
6535026,71.46000000000001,Ocacional
6535705,853.92,Ocacional
6538962,17.36,Ocacional
6555506,54.44,Ocacional
6558847,202.35000000000002,Ocacional
6559725,544.83,Ocacional
6564136,104.25,Ocacional
6572051,2145.54,Frecuente
6574624,1205.97,Frecuente
6576244,545.74,Ocacional
6577623,234.6,Ocacional
6578617,720.84,Ocacional
6579600,584.44,Ocacional
6586108,234.24,Ocacional
6586134,383.56,Ocacional
6589921,224.72,Ocacional
6592178,562.6800000000001,Ocacional
6592264,41.82,Ocacional
6594893,295.71,Ocacional
6595683,672.42,Ocacional
6596082,533.22,Ocacional
6596623,91.28,Ocacional
6597669,221.94,Ocacional
6602891,286.22,Ocacional
6615121,118.98,Ocacional
6617308,929.02,Ocacional
6619879,23.18,Ocacional
6622389,280.9,Ocacional
6624544,52.78,Ocacional
6625065,715.94,Ocacional
6628476,170.86,Ocacional
6629782,138.64,Ocacional
6631130,130.32,Ocacional
6632945,772.56,Ocacional
6633004,587.02,Ocacional
6640362,260.52,Ocacional
6643456,151.2,Ocacional
6644897,16.44,Ocacional
6646465,26.68,Ocacional
6652706,338.7,Ocacional
6654018,666.3,Ocacional
6654501,24.88,Ocacional
6657646,260.46,Ocacional
6659421,34.28,Ocacional
6660557,70.68,Ocacional
6663580,158.7,Ocacional
6666499,122.92,Ocacional
6666550,619.02,Ocacional
6667213,91.92,Ocacional
6668020,32.04,Ocacional
6676525,2773.6,Frecuente
6677529,325.9,Ocacional
6678412,29.94,Ocacional
6682678,114.9,Ocacional
6683186,71.9,Ocacional
6685018,536.82,Ocacional
6686010,661.7,Ocacional
6686142,267.68,Ocacional
6687491,1302.4,Frecuente
6691077,220.14,Ocacional
6691217,22.919999999999998,Ocacional
6692792,538.56,Ocacional
6695404,358.78,Ocacional
6698307,4249.5599999999995,VIP
6702825,574.06,Ocacional
6703137,393.04,Ocacional
6703225,387.46,Ocacional
6703599,1207.76,Frecuente
6703685,1966.54,Frecuente
6703900,949.66,Ocacional
6707480,164.12,Ocacional
6707544,587.06,Ocacional
6709030,196.8,Ocacional
6713964,677.18,Ocacional
6714000,750.14,Ocacional
6717031,126.4,Ocacional
6722227,16.34,Ocacional
6722608,125.88,Ocacional
6723024,172.88,Ocacional
6724051,398.4,Ocacional
6724636,17.58,Ocacional
6731393,879.54,Ocacional
6731654,194.56,Ocacional
6732271,74.3,Ocacional
6737355,74.78,Ocacional
6737398,265.68,Ocacional
6742997,12.02,Ocacional
6744962,532.61,Ocacional
6748620,36.76,Ocacional
6753135,777.24,Ocacional
6755161,698.0799999999999,Ocacional
6763170,723.24,Ocacional
6763361,207.96,Ocacional
6764036,371.72,Ocacional
6766041,689.84,Ocacional
6768434,366.72,Ocacional
6776302,1482.36,Frecuente
6780061,83.86,Ocacional
6782897,113.54,Ocacional
6784124,4201.88,VIP
6788101,3587.2200000000003,VIP
6789356,2044.02,Frecuente
6789773,776.64,Ocacional
6792585,218.32,Ocacional
6794258,355.84,Ocacional
6795064,196.78,Ocacional
6795295,236.26,Ocacional
6818987,363.6,Ocacional
6824889,637.96,Ocacional
6827368,694.88,Ocacional
6829708,68.08,Ocacional
6833130,170.54,Ocacional
6834886,36.06,Ocacional
6838234,94.16,Ocacional
6839198,665.66,Ocacional
6841356,82.26,Ocacional
6844709,75.18,Ocacional
6845619,123.44,Ocacional
6848446,206.88,Ocacional
6855206,105.3,Ocacional
6863264,236.62,Ocacional
6865669,357.21,Ocacional
6871663,209.82,Ocacional
6889657,1315.64,Frecuente
6890644,11.36,Ocacional
6891470,462.72,Ocacional
6894804,75.7,Ocacional
6899719,235.68,Ocacional
6902420,1417.26,Frecuente
6914655,111.2,Ocacional
6917044,31.68,Ocacional
6924480,605.94,Ocacional
6925765,309.1,Ocacional
6929222,265.44,Ocacional
6935069,640.58,Ocacional
6940390,326.32,Ocacional
6943286,1510.42,Frecuente
6943736,1097.88,Frecuente
6945297,131.26,Ocacional
6945888,691.68,Ocacional
6946873,160.62,Ocacional
6948836,224.67000000000002,Ocacional
6966360,131.94,Ocacional
6966375,1336.68,Frecuente
6967122,155.1,Ocacional
6972801,88.3,Ocacional
6973908,105.32,Ocacional
6977469,451.26,Ocacional
6977692,2118.9,Frecuente
6980223,91.32,Ocacional
6980938,30.7,Ocacional
6984463,43.98,Ocacional
6985014,348.14,Ocacional
6987540,439.28,Ocacional
6987550,826.62,Ocacional
6995202,927.14,Ocacional
6998612,186.66,Ocacional
6999140,118.04,Ocacional
7002243,206.82,Ocacional
7006004,115.14,Ocacional
7009603,66.3,Ocacional
7012896,18.84,Ocacional
7022847,144.2,Ocacional
7028048,456.54,Ocacional
7028977,2356.34,Frecuente
7037610,474.03,Ocacional
7039343,359.04,Ocacional
7041409,272.58,Ocacional
7044260,1177.58,Frecuente
7044948,155.22,Ocacional
7046473,172.71,Ocacional
7046780,131.46,Ocacional
7050341,85.1,Ocacional
7051054,104.06,Ocacional
7052105,130.42,Ocacional
7052488,51.36,Ocacional
7052947,35.94,Ocacional
7053402,11.7,Ocacional
7069081,941.04,Ocacional
7070617,4812.04,VIP
7073795,237.1,Ocacional
7082304,112.68,Ocacional
7083687,2145.54,Frecuente
7084043,72.3,Ocacional
7087177,211.42,Ocacional
7091748,69.0,Ocacional
7097820,2656.04,Frecuente
7099788,116.52,Ocacional
7100207,149.04,Ocacional
7103181,57.68,Ocacional
7104441,44.78,Ocacional
7107786,237.12,Ocacional
7110578,718.96,Ocacional
7115174,27.1,Ocacional
7117308,200.68,Ocacional
7122160,117.8,Ocacional
7127462,232.06,Ocacional
7130105,2065.82,Frecuente
7130239,856.58,Ocacional
7134655,1370.24,Frecuente
7138226,1744.81,Frecuente
7143014,2952.04,Frecuente
7144982,795.98,Ocacional
7146785,38.64,Ocacional
7146997,2862.82,Frecuente
7147162,22.16,Ocacional
7150930,185.04,Ocacional
7150976,656.04,Ocacional
7155204,163.74,Ocacional
7155608,81.44,Ocacional
7158656,4024.08,VIP
7161867,1591.78,Frecuente
7163363,1868.4900000000002,Frecuente
7171969,507.62,Ocacional
7173043,771.54,Ocacional
7174091,148.86,Ocacional
7178842,2642.38,Frecuente
7180992,156.4,Ocacional
7184702,248.31,Ocacional
7210390,732.06,Ocacional
7210671,150.52,Ocacional
7212428,470.46,Ocacional
7216193,2693.28,Frecuente
7217106,535.24,Ocacional
7218588,786.64,Ocacional
7228888,361.52,Ocacional
7234452,69.0,Ocacional
7235219,461.28,Ocacional
7238888,697.02,Ocacional
7239165,145.8,Ocacional
7243178,2516.84,Frecuente
7245035,74.82,Ocacional
7247312,274.96000000000004,Ocacional
7248420,2234.5,Frecuente
7259037,35.12,Ocacional
7260037,563.06,Ocacional
7261600,198.1,Ocacional
7264434,11.4,Ocacional
7264839,1691.24,Frecuente
7267228,178.02,Ocacional
7267600,1124.6799999999998,Frecuente
7272237,36.66,Ocacional
7275830,2896.86,Frecuente
7277842,246.9,Ocacional
7282421,199.82,Ocacional
7283153,835.92,Ocacional
7283206,192.02,Ocacional
7283830,814.56,Ocacional
7284718,345.98,Ocacional
7295941,115.9,Ocacional
7297983,656.96,Ocacional
7298547,119.02,Ocacional
7299506,802.96,Ocacional
7304567,258.22,Ocacional
7305800,215.46,Ocacional
7308660,39.28,Ocacional
7315814,433.38,Ocacional
7317954,63.02,Ocacional
7323567,32.6,Ocacional
7324572,585.54,Ocacional
7328112,23.92,Ocacional
7332073,120.74,Ocacional
7334399,318.2,Ocacional
7341063,164.9,Ocacional
7341330,345.8,Ocacional
7342344,743.9,Ocacional
7346907,226.28,Ocacional
7350589,117.66,Ocacional
7352293,2406.82,Frecuente
7352542,56.48,Ocacional
7354199,522.14,Ocacional
7364776,1469.94,Frecuente
7366704,194.2,Ocacional
7374067,361.72,Ocacional
7375011,265.2,Ocacional
7375713,47.34,Ocacional
7380851,708.0,Ocacional
7383993,164.94,Ocacional
7387044,153.52,Ocacional
7387435,274.02,Ocacional
7388250,1759.58,Frecuente
7392349,185.92,Ocacional
7393776,298.0,Ocacional
7397796,399.34,Ocacional
7398622,224.76,Ocacional
7403337,191.06,Ocacional
7412320,299.54,Ocacional
7414832,1962.34,Frecuente
7415052,312.56,Ocacional
7419150,255.77999999999997,Ocacional
7419249,249.76,Ocacional
7422281,75.08,Ocacional
7423850,483.34,Ocacional
7429554,618.72,Ocacional
7435936,548.5,Ocacional
7436718,97.08,Ocacional
7443837,143.82,Ocacional
7444936,98.14,Ocacional
7445938,71.22,Ocacional
7450365,113.54,Ocacional
7456395,890.76,Ocacional
7456705,624.8,Ocacional
7456770,3054.14,VIP
7456941,174.3,Ocacional
7458860,110.32,Ocacional
7459539,1031.1,Frecuente
7463078,702.62,Ocacional
7467019,352.32,Ocacional
7479692,18.66,Ocacional
7489941,2857.0,Frecuente
7492085,1667.6,Frecuente
7492341,76.46,Ocacional
7492596,211.28,Ocacional
7493649,30.76,Ocacional
7499005,101.52,Ocacional
7499129,77.16,Ocacional
7500859,298.92,Ocacional
7501698,773.24,Ocacional
7502147,118.3,Ocacional
7508036,95.5,Ocacional
7515195,224.06,Ocacional
7526852,2992.5,Frecuente
7527790,270.18,Ocacional
7528369,724.26,Ocacional
7529258,680.64,Ocacional
7534532,3039.2000000000003,VIP
7535921,722.54,Ocacional
7547758,59.9,Ocacional
7552597,818.44,Ocacional
7557003,598.38,Ocacional
7557884,409.48,Ocacional
7558906,130.8,Ocacional
7564832,5584.66,VIP
7566219,55.36,Ocacional
7572275,331.04999999999995,Ocacional
7579566,37.74,Ocacional
7590156,65.68,Ocacional
7592175,646.12,Ocacional
7597043,573.04,Ocacional
7601627,2831.02,Frecuente
7602216,173.76,Ocacional
7603224,281.8,Ocacional
7606415,1705.32,Frecuente
7614855,497.56,Ocacional
7616253,1551.3200000000002,Frecuente
7617065,13.1,Ocacional
7622396,68.18,Ocacional
7625477,462.36,Ocacional
7630252,151.58,Ocacional
7631085,139.06,Ocacional
7633309,327.02,Ocacional
7633367,1753.7,Frecuente
7635142,544.42,Ocacional
7641227,51.44,Ocacional
7642340,239.46,Ocacional
7646365,110.94,Ocacional
7647985,271.9,Ocacional
7648267,923.78,Ocacional
7653228,313.98,Ocacional
7654263,728.8499999999999,Ocacional
7661735,276.3,Ocacional
7666005,1330.24,Frecuente
7669580,67.2,Ocacional
7671484,71.64,Ocacional
7671791,1731.21,Frecuente
7686056,469.78,Ocacional
7687787,148.32,Ocacional
7689478,636.2,Ocacional
7694755,153.16,Ocacional
7695255,181.0,Ocacional
7706788,91.1,Ocacional
7710743,96.16,Ocacional
7715373,690.04,Ocacional
7719252,1035.74,Frecuente
7723519,291.28,Ocacional
7723972,395.88,Ocacional
7730413,80.16,Ocacional
7731638,36.42,Ocacional
7736788,261.08,Ocacional
7745503,42.7,Ocacional
7749860,575.78,Ocacional
7750833,35.64,Ocacional
7751651,291.96,Ocacional
7757937,1018.17,Frecuente
7763203,215.32,Ocacional
7763579,184.34,Ocacional
7768276,231.62,Ocacional
7772943,220.66,Ocacional
7778697,950.04,Ocacional
7782295,728.85,Ocacional
7791450,24.82,Ocacional
7793131,2857.52,Frecuente
7793181,45.48,Ocacional
7794731,421.40999999999997,Ocacional
7794858,208.3,Ocacional
7795332,836.12,Ocacional
7795588,1325.2,Frecuente
7804274,1149.74,Frecuente
7809863,317.42,Ocacional
7811913,379.1,Ocacional
7813115,1169.34,Frecuente
7819584,87.14,Ocacional
7830207,24.12,Ocacional
7831271,53.38,Ocacional
7833786,121.98,Ocacional
7835564,138.1,Ocacional
7838507,72.26,Ocacional
7839237,441.5,Ocacional
7841217,27.64,Ocacional
7844739,493.72,Ocacional
7851168,3087.44,VIP
7861165,279.82,Ocacional
7877729,1975.96,Frecuente
7877875,924.39,Ocacional
7879236,890.76,Ocacional
7894818,368.06,Ocacional
7900086,202.78,Ocacional
7905255,72.94,Ocacional
7906530,2291.8,Frecuente
7917467,44.31,Ocacional
7929364,198.3,Ocacional
7932772,368.78,Ocacional
7935393,352.78,Ocacional
7936353,53.92,Ocacional
7939826,159.18,Ocacional
7943723,70.88,Ocacional
7943805,2844.5,Frecuente
7943991,95.76,Ocacional
7946882,12.02,Ocacional
7949853,707.66,Ocacional
7950100,188.64,Ocacional
7952173,41.54,Ocacional
7955924,279.24,Ocacional
7961520,138.3,Ocacional
7973995,82.14,Ocacional
7980375,2406.82,Frecuente
7986595,753.54,Ocacional
7986873,33.04,Ocacional
7986968,689.12,Ocacional
7990252,110.18,Ocacional
8002522,121.7,Ocacional
8003912,521.94,Ocacional
8005415,49.22,Ocacional
8019414,394.1,Ocacional
8021251,326.32,Ocacional
8031732,2189.88,Frecuente
8033941,820.7,Ocacional
8040843,250.16,Ocacional
8041793,193.48,Ocacional
8043386,91.72,Ocacional
8046157,212.76,Ocacional
8058952,496.0,Ocacional
8059320,1474.78,Frecuente
8059868,378.82,Ocacional
8060399,2237.04,Frecuente
8060496,408.24,Ocacional
8067680,245.58,Ocacional
8068742,103.3,Ocacional
8076985,207.54,Ocacional
8086205,23.78,Ocacional
8091075,118.76,Ocacional
8093009,176.5,Ocacional
8093645,398.66,Ocacional
8098236,1279.13,Frecuente
8112918,178.36,Ocacional
8115601,630.48,Ocacional
8115770,582.0799999999999,Ocacional
8116136,10.82,Ocacional
8119155,10.92,Ocacional
8134634,443.18,Ocacional
8137852,1163.6200000000001,Frecuente
8139673,45.2,Ocacional
8140514,1993.86,Frecuente
8145345,60.7,Ocacional
8148047,961.92,Ocacional
8153002,2646.06,Frecuente
8157340,42.8,Ocacional
8163513,791.72,Ocacional
8166455,164.96,Ocacional
8168076,105.26,Ocacional
8175081,539.02,Ocacional
8176157,493.72,Ocacional
8198194,2283.54,Frecuente
8198231,64.80000000000001,Ocacional
8199256,600.3,Ocacional
8200465,151.23,Ocacional
8212642,916.12,Ocacional
8214662,398.66,Ocacional
8221263,335.08,Ocacional
8227755,124.72,Ocacional
8235102,438.86,Ocacional
8237511,121.8,Ocacional
8238919,184.96,Ocacional
8243697,1647.1,Frecuente
8250830,180.6,Ocacional
8252808,323.42,Ocacional
8272334,1030.56,Frecuente
8272570,234.0,Ocacional
8274047,21.0,Ocacional
8276341,27.18,Ocacional
8276934,5197.200000000001,VIP
8278235,95.62,Ocacional
8278372,293.6,Ocacional
8279920,955.6,Ocacional
8288991,853.16,Ocacional
8290685,106.48,Ocacional
8291715,71.62,Ocacional
8293531,290.68,Ocacional
8294608,170.18,Ocacional
8295229,214.22000000000003,Ocacional
8298728,161.22,Ocacional
8300351,207.84,Ocacional
8300448,24.96,Ocacional
8302728,112.84,Ocacional
8303787,28.200000000000003,Ocacional
8305889,169.54,Ocacional
8309537,461.74,Ocacional
8317542,198.72,Ocacional
8318755,643.68,Ocacional
8318842,399.26,Ocacional
8322712,146.66,Ocacional
8332543,2818.36,Frecuente
8336862,565.28,Ocacional
8337444,304.79999999999995,Ocacional
8344220,799.7,Ocacional
8345727,144.06,Ocacional
8345844,109.78,Ocacional
8346522,622.1,Ocacional
8346817,36.6,Ocacional
8347906,117.26,Ocacional
8348151,88.18,Ocacional
8348637,303.96,Ocacional
8352486,193.28,Ocacional
8355702,116.52,Ocacional
8366377,213.96,Ocacional
8367721,680.52,Ocacional
8370564,191.54,Ocacional
8372057,408.62,Ocacional
8373631,685.96,Ocacional
8380911,902.12,Ocacional
8380933,284.92,Ocacional
8384958,446.3,Ocacional
8386481,37.36,Ocacional
8387908,444.62,Ocacional
8391357,633.08,Ocacional
8393749,2700.08,Frecuente
8397312,842.58,Ocacional
8405691,233.78,Ocacional
8418862,222.48,Ocacional
8420358,81.82,Ocacional
8429675,188.62,Ocacional
8436068,1955.14,Frecuente
8436327,358.98,Ocacional
8448887,173.4,Ocacional
8448912,107.92,Ocacional
8450906,390.08,Ocacional
8453248,255.64,Ocacional
8453553,51.34,Ocacional
8454739,240.62,Ocacional
8457318,1784.92,Frecuente
8463259,562.96,Ocacional
8468187,99.52,Ocacional
8475003,134.98,Ocacional
8476780,277.94,Ocacional
8478708,254.22,Ocacional
8489045,455.0,Ocacional
8489297,911.25,Ocacional
8490321,44.54,Ocacional
8508353,60.92,Ocacional
8508775,138.78,Ocacional
8513488,205.6,Ocacional
8519727,58.92,Ocacional
8527529,787.1,Ocacional
8529822,2220.62,Frecuente
8540823,617.46,Ocacional
8562683,91.6,Ocacional
8571659,184.96,Ocacional
8578203,728.22,Ocacional
8580713,502.58,Ocacional
8587241,696.6,Ocacional
8592674,195.16,Ocacional
8597015,2556.33,Frecuente
8598794,722.08,Ocacional
8605329,158.12,Ocacional
8609949,422.64,Ocacional
8621783,102.62,Ocacional
8622069,47.76,Ocacional
8623227,58.42,Ocacional
8623579,1299.7,Frecuente
8627996,386.46,Ocacional
8628598,120.62,Ocacional
8633902,734.5,Ocacional
8634273,110.18,Ocacional
8635714,319.62,Ocacional
8638758,534.12,Ocacional
8639975,147.94,Ocacional
8648968,1792.0200000000002,Frecuente
8651992,484.58,Ocacional
8653841,52.36,Ocacional
8654461,96.02,Ocacional
8655171,35.76,Ocacional
8658771,109.92,Ocacional
8659512,1624.34,Frecuente
8669388,816.74,Ocacional
8674346,73.72,Ocacional
8676335,330.02,Ocacional
8679176,754.5,Ocacional
8692458,55.82,Ocacional
8696369,97.64,Ocacional
8697145,98.52000000000001,Ocacional
8702523,168.35,Ocacional
8702954,495.98,Ocacional
8703001,102.1,Ocacional
8705988,585.96,Ocacional
8707143,351.58,Ocacional
8712692,134.88,Ocacional
8713820,655.22,Ocacional
8722199,503.52,Ocacional
8723848,507.7,Ocacional
8729982,169.24,Ocacional
8731612,74.94,Ocacional
8742448,322.58,Ocacional
8744624,25.86,Ocacional
8751738,89.88,Ocacional
8753231,356.36,Ocacional
8754708,131.5,Ocacional
8761263,103.54,Ocacional
8761667,340.6,Ocacional
8764256,118.38,Ocacional
8769770,354.96,Ocacional
8771698,1886.2,Frecuente
8773677,98.8,Ocacional
8774376,445.74,Ocacional
8779696,107.86,Ocacional
8779704,435.36,Ocacional
8784194,126.1,Ocacional
8789930,5461.58,VIP
8793111,61.4,Ocacional
8800094,30.16,Ocacional
8802348,313.1,Ocacional
8804181,110.24,Ocacional
8804525,214.56,Ocacional
8805587,624.9,Ocacional
8807791,277.22,Ocacional
8809792,104.3,Ocacional
8811755,27.08,Ocacional
8814008,2171.88,Frecuente
8815528,626.74,Ocacional
8823403,314.14,Ocacional
8825007,87.82,Ocacional
8831763,114.72,Ocacional
8840284,276.46,Ocacional
8840617,15.04,Ocacional
8840929,218.74,Ocacional
8841410,11.4,Ocacional
8842095,82.18,Ocacional
8842411,2821.24,Frecuente
8843186,47.94,Ocacional
8845324,351.8,Ocacional
8846080,590.88,Ocacional
8846741,545.56,Ocacional
8848196,112.36,Ocacional
8849939,107.76,Ocacional
8854575,275.02,Ocacional
8858312,78.96,Ocacional
8861726,920.72,Ocacional
8862040,443.2,Ocacional
8869980,212.12,Ocacional
8871236,27.2,Ocacional
8872488,74.66,Ocacional
8874595,2499.42,Frecuente
8874681,156.38,Ocacional
8881825,67.48,Ocacional
8882575,1179.72,Frecuente
8883708,48.0,Ocacional
8883780,144.6,Ocacional
8885750,358.8,Ocacional
8886084,99.12,Ocacional
8888724,35.3,Ocacional
8890437,372.76,Ocacional
8891556,100.64,Ocacional
8893517,127.0,Ocacional
8895052,282.28,Ocacional
8896417,106.72,Ocacional
8905854,16.78,Ocacional
8906488,899.32,Ocacional
8907905,462.4,Ocacional
8908635,411.92,Ocacional
8910251,276.36,Ocacional
8910467,23.76,Ocacional
8914032,10.38,Ocacional
8917417,795.16,Ocacional
8918284,74.02,Ocacional
8918488,559.36,Ocacional
8918760,69.34,Ocacional
8918787,35.62,Ocacional
8922968,109.38,Ocacional
8926048,71.6,Ocacional
8928341,185.62,Ocacional
8929991,45.0,Ocacional
8930407,600.8199999999999,Ocacional
8932193,933.78,Ocacional
8932380,951.68,Ocacional
8935558,41.18,Ocacional
8935832,344.46,Ocacional
8936455,490.32000000000005,Ocacional
8939964,27.6,Ocacional
8942043,109.76,Ocacional
8943424,839.4,Ocacional
8946168,47.67,Ocacional
8951424,91.42,Ocacional
8951518,74.4,Ocacional
8952579,655.9,Ocacional
8956042,318.62,Ocacional
8959073,76.84,Ocacional
8963327,1385.22,Frecuente
8963578,22.9,Ocacional
8969270,98.0,Ocacional
8974343,93.86,Ocacional
8974800,592.1,Ocacional
8980600,3825.84,VIP
8983685,271.5,Ocacional
8984175,158.16,Ocacional
8984222,29.86,Ocacional
8984867,510.96,Ocacional
8984932,231.78000000000003,Ocacional
8988362,132.56,Ocacional
8989755,144.3,Ocacional
8991620,572.2,Ocacional
8992082,52.54,Ocacional
8993622,13.04,Ocacional
8996118,1944.26,Frecuente
9002371,107.32,Ocacional
9011399,233.08,Ocacional
9012459,393.92,Ocacional
9014847,78.06,Ocacional
9015996,2440.84,Frecuente
9016445,685.86,Ocacional
9017122,335.96999999999997,Ocacional
9019646,193.66,Ocacional
9026716,94.34,Ocacional
9028021,351.54,Ocacional
9031439,709.88,Ocacional
9032293,47.62,Ocacional
9032395,91.34,Ocacional
9033189,24.92,Ocacional
9036689,344.15999999999997,Ocacional
9038487,226.18,Ocacional
9039456,135.0,Ocacional
9039511,91.58,Ocacional
9039910,23.4,Ocacional
9042001,54.42,Ocacional
9044746,288.3,Ocacional
9046834,180.8,Ocacional
9047478,945.6999999999999,Ocacional
9063546,1433.2,Frecuente
9066934,1260.75,Frecuente
9078396,450.08,Ocacional
9082348,150.84,Ocacional
9083634,606.72,Ocacional
9084471,473.54,Ocacional
9085224,51.68,Ocacional
9089170,311.02,Ocacional
9091499,248.74,Ocacional
9098736,1402.64,Frecuente
9099368,157.4,Ocacional
9099422,239.22,Ocacional
9110597,177.16,Ocacional
9116458,163.32,Ocacional
9126845,90.78,Ocacional
9132019,178.18,Ocacional
9132059,866.68,Ocacional
9137611,607.04,Ocacional
9137819,32.55,Ocacional
9142656,1839.18,Frecuente
9144139,2284.56,Frecuente
9144782,87.88,Ocacional
9147922,327.48,Ocacional
9155035,72.6,Ocacional
9158844,276.3,Ocacional
9160125,25.02,Ocacional
9171523,155.68,Ocacional
9172393,225.68,Ocacional
9173457,140.0,Ocacional
9176786,343.38,Ocacional
9180050,236.5,Ocacional
9181426,51.56,Ocacional
9183332,378.54,Ocacional
9183472,551.96,Ocacional
9184931,830.06,Ocacional
9186380,743.1600000000001,Ocacional
9187564,77.94,Ocacional
9189226,439.62,Ocacional
9189955,226.28,Ocacional
9193677,1876.38,Frecuente
9197941,420.87,Ocacional
9201466,740.36,Ocacional
9202388,116.22,Ocacional
9203108,15.46,Ocacional
9205634,491.62,Ocacional
9210777,292.02,Ocacional
9211935,786.38,Ocacional
9212163,128.0,Ocacional
9213881,345.64,Ocacional
9215104,379.16,Ocacional
9228095,182.94,Ocacional
9231427,91.32,Ocacional
9231946,49.64,Ocacional
9234102,266.26,Ocacional
9241519,81.56,Ocacional
9244559,659.08,Ocacional
9246792,146.36,Ocacional
9246841,145.26,Ocacional
9246913,804.4,Ocacional
9247619,345.4,Ocacional
9249646,279.04,Ocacional
9253830,67.78,Ocacional
9254545,130.92,Ocacional
9256247,99.68,Ocacional
9256800,232.14,Ocacional
9259751,682.96,Ocacional
9259923,2806.1,Frecuente
9260021,52.88,Ocacional
9260543,55.16,Ocacional
9261462,36.62,Ocacional
9262650,36.12,Ocacional
9265285,36.92,Ocacional
9267706,50.08,Ocacional
9272300,22.68,Ocacional
9272386,125.46,Ocacional
9273014,70.14,Ocacional
9276293,38.28,Ocacional
9278410,684.1,Ocacional
9280695,3417.18,VIP
9282597,114.08,Ocacional
9283280,258.56,Ocacional
9287073,34.46,Ocacional
9292470,120.14,Ocacional
9294635,233.32,Ocacional
9294854,181.04,Ocacional
9296148,236.2,Ocacional
9299415,38.94,Ocacional
9300029,888.32,Ocacional
9300417,173.0,Ocacional
9301476,233.3,Ocacional
9309064,246.1,Ocacional
9316266,487.72,Ocacional
9323902,1907.2,Frecuente
9325143,255.32,Ocacional
9327336,750.7,Ocacional
9331482,240.02,Ocacional
9332864,150.14999999999998,Ocacional
9334856,2211.84,Frecuente
9340746,787.58,Ocacional
9342951,237.06,Ocacional
9347823,30.68,Ocacional
9351890,363.34,Ocacional
9355097,284.3,Ocacional
9356492,676.48,Ocacional
9357581,88.48,Ocacional
9360198,1029.9,Frecuente
9365424,83.5,Ocacional
9367092,657.84,Ocacional
9367872,173.92,Ocacional
9367887,533.64,Ocacional
9373982,66.74,Ocacional
9377703,2855.4199999999996,Frecuente
9377786,441.04,Ocacional
9380756,216.38,Ocacional
9381148,46.58,Ocacional
9382577,520.56,Ocacional
9388532,146.94,Ocacional
9389409,2024.14,Frecuente
9393043,3409.88,VIP
9393252,67.02,Ocacional
9393973,158.52,Ocacional
9394121,1944.1,Frecuente
9404039,627.45,Ocacional
9405853,821.04,Ocacional
9406745,52.28,Ocacional
9408235,75.74,Ocacional
9414112,186.86,Ocacional
9414170,38.26,Ocacional
9414285,74.16,Ocacional
9418479,549.1600000000001,Ocacional
9419094,1066.52,Frecuente
9422787,57.28,Ocacional
9424762,148.9,Ocacional
9425890,1073.3899999999999,Frecuente
9429615,153.18,Ocacional
9430651,930.26,Ocacional
9430864,45.94,Ocacional
9434510,3232.7,VIP
9434920,93.28,Ocacional
9436076,721.4,Ocacional
9437993,17.36,Ocacional
9439391,743.9,Ocacional
9442643,201.34,Ocacional
9442795,224.32,Ocacional
9445930,404.64,Ocacional
9446779,141.74,Ocacional
9448293,2892.3,Frecuente
9448610,300.7,Ocacional
9451664,114.04,Ocacional
9452702,106.6,Ocacional
9454442,427.96,Ocacional
9471737,94.7,Ocacional
9473380,234.92,Ocacional
9475670,72.98,Ocacional
9476102,1916.8,Frecuente
9483360,202.32,Ocacional
9485747,877.3199999999999,Ocacional
9485954,220.42,Ocacional
9487198,2229.04,Frecuente
9487528,149.08,Ocacional
9488146,741.14,Ocacional
9490540,2656.4,Frecuente
9491615,78.2,Ocacional
9500765,1021.29,Frecuente
9500785,373.52,Ocacional
9500953,170.22,Ocacional
9501400,209.64,Ocacional
9502045,535.52,Ocacional
9505273,242.78,Ocacional
9508067,935.52,Ocacional
9521507,73.0,Ocacional
9524925,2179.7200000000003,Frecuente
9525014,87.68,Ocacional
9527403,38.5,Ocacional
9537384,186.16,Ocacional
9538673,111.32,Ocacional
9541149,115.52,Ocacional
9541291,1091.32,Frecuente
9541730,165.88,Ocacional
9542191,967.12,Ocacional
9542613,542.58,Ocacional
9543873,659.3800000000001,Ocacional
9545469,103.0,Ocacional
9549999,278.4,Ocacional
9558233,452.02,Ocacional
9558601,233.98,Ocacional
9559298,174.72,Ocacional
9559560,774.28,Ocacional
9559596,975.14,Ocacional
9559868,235.94,Ocacional
9561565,163.24,Ocacional
9562608,239.01,Ocacional
9566162,638.88,Ocacional
9567372,269.06,Ocacional
9570427,1313.28,Frecuente
9575031,80.36,Ocacional
9580273,62.84,Ocacional
9584581,11.3,Ocacional
9586834,1481.04,Frecuente
9596027,1565.16,Frecuente
9598354,2375.4,Frecuente
9610903,69.88,Ocacional
9614444,1419.38,Frecuente
9615299,345.34,Ocacional
9617168,174.39000000000001,Ocacional
9624453,636.06,Ocacional
9624676,414.58,Ocacional
9625386,101.16,Ocacional
9625718,64.66,Ocacional
9627098,504.78,Ocacional
9628562,92.68,Ocacional
9629076,1219.18,Frecuente
9630341,87.08,Ocacional
9631172,58.04,Ocacional
9636148,368.9,Ocacional
9638796,78.16,Ocacional
9649603,109.44,Ocacional
9649763,92.64,Ocacional
9654043,316.3,Ocacional
9656203,234.6,Ocacional
9660199,272.0,Ocacional
9663092,125.26,Ocacional
9669628,140.72,Ocacional
9673243,77.84,Ocacional
9675660,10.78,Ocacional
9680363,674.06,Ocacional
9680600,359.1,Ocacional
9683228,727.2,Ocacional
9683428,1079.0,Frecuente
9684026,1024.51,Frecuente
9685176,201.04,Ocacional
9691301,503.22,Ocacional
9692550,80.58,Ocacional
9695376,189.89999999999998,Ocacional
9697423,1594.94,Frecuente
9700145,22.4,Ocacional
9702837,2624.14,Frecuente
9704083,225.36,Ocacional
9708443,324.62,Ocacional
9721864,1415.82,Frecuente
9723286,248.06,Ocacional
9724568,979.29,Ocacional
9724657,86.69999999999999,Ocacional
9731632,70.06,Ocacional
9738785,1380.08,Frecuente
9744470,46.32,Ocacional
9750738,36.22,Ocacional
9751980,787.68,Ocacional
9757421,2287.62,Frecuente
9759091,84.08,Ocacional
9761086,244.84,Ocacional
9764589,486.54,Ocacional
9775473,1343.4,Frecuente
9778200,736.5,Ocacional
9780343,419.36,Ocacional
9784337,548.94,Ocacional
9784424,189.26,Ocacional
9785080,98.5,Ocacional
9785476,2726.48,Frecuente
9789982,4077.8,VIP
9792012,1358.64,Frecuente
9792113,64.0,Ocacional
9794140,328.62,Ocacional
9796555,795.6600000000001,Ocacional
9798330,863.94,Ocacional
9804585,163.4,Ocacional
9805453,425.86,Ocacional
9811655,184.1,Ocacional
9813288,192.22,Ocacional
9813881,2848.32,Frecuente
9820242,108.5,Ocacional
9823678,632.48,Ocacional
9827678,75.52,Ocacional
9828764,61.5,Ocacional
9829440,30.78,Ocacional
9830707,777.58,Ocacional
9835392,620.24,Ocacional
9835890,291.18,Ocacional
9837384,44.400000000000006,Ocacional
9838072,2899.78,Frecuente
9839037,384.24,Ocacional
9841786,2178.68,Frecuente
9842588,47.06,Ocacional
9847161,922.06,Ocacional
9847312,53.66,Ocacional
9847505,169.52,Ocacional
9851473,92.24,Ocacional
9853293,244.36,Ocacional
9853442,115.46,Ocacional
9855398,220.66,Ocacional
9862156,110.9,Ocacional
9863584,292.0,Ocacional
9869383,359.18,Ocacional
9870965,738.76,Ocacional
9873005,982.3600000000001,Ocacional
9875271,66.36,Ocacional
9879389,130.48,Ocacional
9883534,109.84,Ocacional
9883638,533.64,Ocacional
9885377,74.7,Ocacional
9885515,105.68,Ocacional
9904278,117.6,Ocacional
9905865,382.82,Ocacional
9912477,116.48,Ocacional
9914727,198.22,Ocacional
9917039,2331.68,Frecuente
9917254,56.52,Ocacional
9919565,2954.96,Frecuente
9922482,254.82,Ocacional
9927857,2325.74,Frecuente
9928421,475.59000000000003,Ocacional
9928829,2857.44,Frecuente
9929334,100.4,Ocacional
9929814,42.46,Ocacional
9930306,1489.08,Frecuente
9931006,41.92,Ocacional
9933636,475.78,Ocacional
9940892,311.94,Ocacional
9943692,468.68,Ocacional
9946649,1035.62,Frecuente
9953930,51.4,Ocacional
9958585,237.89999999999998,Ocacional
9958869,39.92,Ocacional
9959761,1069.0,Frecuente
9968566,473.5,Ocacional
9973821,1430.1,Frecuente
9974648,97.24,Ocacional
9978619,67.98,Ocacional
9982302,13.74,Ocacional
9982674,1184.08,Frecuente
9984555,396.74,Ocacional
9986440,348.4,Ocacional
9986478,53.66,Ocacional
9994685,78.94,Ocacional
9999399,78.78,Ocacional
10002119,109.82,Ocacional
10002881,475.59000000000003,Ocacional
10004748,388.58,Ocacional
10005844,33.5,Ocacional
10008787,382.74,Ocacional
10009775,4379.3,VIP
10010642,15.3,Ocacional
10013001,2561.46,Frecuente
10013783,293.62,Ocacional
10017706,460.58,Ocacional
10020087,112.5,Ocacional
10020207,210.98,Ocacional
10028770,86.46,Ocacional
10033953,105.9,Ocacional
10036116,117.76,Ocacional
10037650,87.3,Ocacional
10039533,17.3,Ocacional
10041655,2196.26,Frecuente
10041814,77.96,Ocacional
10042206,345.1,Ocacional
10044452,594.9,Ocacional
10044453,808.38,Ocacional
10044922,2881.48,Frecuente
10051963,131.96,Ocacional
10052039,210.5,Ocacional
10055503,2814.66,Frecuente
10059053,92.0,Ocacional
10065595,121.72,Ocacional
10065751,168.5,Ocacional
10069515,172.84,Ocacional
10076914,1000.16,Frecuente
10080039,223.76,Ocacional
10081544,231.46,Ocacional
10082024,76.62,Ocacional
10086026,112.28,Ocacional
10091470,2098.86,Frecuente
10091967,187.44,Ocacional
10095537,24.16,Ocacional
10098635,467.04,Ocacional
10100619,271.66,Ocacional
10100671,69.74,Ocacional
10102105,495.14,Ocacional
10102205,946.58,Ocacional
10102993,309.7,Ocacional
10103076,757.72,Ocacional
10108369,332.42,Ocacional
10109215,104.28,Ocacional
10110796,741.34,Ocacional
10110846,329.18,Ocacional
10111290,203.52,Ocacional
10112457,1280.78,Frecuente
10113448,2352.08,Frecuente
10113586,389.2,Ocacional
10113788,431.43,Ocacional
10114965,37.78,Ocacional
10118866,398.0,Ocacional
10121429,524.76,Ocacional
10128335,282.38,Ocacional
10128351,391.52,Ocacional
10130121,49.96,Ocacional
10132506,51.64,Ocacional
10133951,216.34,Ocacional
10138794,431.88,Ocacional
10144086,885.7,Ocacional
10145316,356.0,Ocacional
10154720,473.54,Ocacional
10155102,56.78,Ocacional
10155108,112.5,Ocacional
10156557,618.68,Ocacional
10156673,21.1,Ocacional
10159197,416.7,Ocacional
10162800,550.98,Ocacional
10163722,34.96,Ocacional
10166620,155.36,Ocacional
10166806,703.06,Ocacional
10170558,1161.24,Frecuente
10170834,21.72,Ocacional
10171704,15.22,Ocacional
10175553,705.5,Ocacional
10176737,116.08,Ocacional
10181236,619.58,Ocacional
10182760,92.08,Ocacional
10186108,224.34,Ocacional
10187053,168.09,Ocacional
10187888,751.42,Ocacional
10188028,64.18,Ocacional
10188852,214.14,Ocacional
10193689,919.1099999999999,Ocacional
10194406,394.54,Ocacional
10198505,163.36,Ocacional
10200781,1066.04,Frecuente
10206092,620.42,Ocacional
10210477,254.06,Ocacional
10211304,363.16,Ocacional
10211703,2360.98,Frecuente
10213632,1261.1,Frecuente
10213716,411.14,Ocacional
10214767,697.92,Ocacional
10218194,334.4,Ocacional
10219296,302.16,Ocacional
10220948,590.46,Ocacional
10227294,357.96,Ocacional
10228799,757.64,Ocacional
10229340,202.52,Ocacional
10229596,2234.38,Frecuente
10233112,124.8,Ocacional
10236381,27.04,Ocacional
10236522,211.0,Ocacional
10241442,35.72,Ocacional
10242057,589.4,Ocacional
10243265,686.1,Ocacional
10243528,70.68,Ocacional
10247584,1760.7,Frecuente
10249191,125.46,Ocacional
10250331,1819.9,Frecuente
10250791,990.08,Ocacional
10253527,2053.72,Frecuente
10254980,2142.09,Frecuente
10255672,316.7,Ocacional
10256788,968.22,Ocacional
10257164,310.42,Ocacional
10259590,196.9,Ocacional
10260771,2696.36,Frecuente
10261005,120.82,Ocacional
10261161,209.64,Ocacional
10261173,517.98,Ocacional
10263661,245.56,Ocacional
10265598,85.46,Ocacional
10267929,736.08,Ocacional
10268541,184.96,Ocacional
10269048,685.62,Ocacional
10269952,1900.06,Frecuente
10270665,718.22,Ocacional
10272344,387.54,Ocacional
10272368,201.98,Ocacional
10274042,291.21,Ocacional
10278631,211.36,Ocacional
10280016,835.12,Ocacional
10281522,180.38,Ocacional
10283527,48.34,Ocacional
10283637,770.44,Ocacional
10288753,2139.1,Frecuente
10289026,363.1,Ocacional
10290230,559.14,Ocacional
10290742,236.0,Ocacional
10292143,542.64,Ocacional
10294350,541.38,Ocacional
10295644,1225.48,Frecuente
10295847,86.5,Ocacional
10297894,491.86,Ocacional
10299074,509.94,Ocacional
10299520,2037.92,Frecuente
10303171,208.06,Ocacional
10307037,116.08,Ocacional
10310097,628.1,Ocacional
10311897,222.16,Ocacional
10312426,69.48,Ocacional
10313836,1463.2,Frecuente
10314963,94.64,Ocacional
10315252,202.22,Ocacional
10316209,68.26,Ocacional
10316957,151.18,Ocacional
10317043,304.46,Ocacional
10317889,153.4,Ocacional
10319221,84.8,Ocacional
10319526,1243.32,Frecuente
10320563,48.24,Ocacional
10321290,519.42,Ocacional
10323231,113.28,Ocacional
10323880,743.8,Ocacional
10324322,83.34,Ocacional
10325651,72.4,Ocacional
10326159,381.42,Ocacional
10326611,449.8,Ocacional
10327624,601.84,Ocacional
10328308,294.88,Ocacional
10330920,147.68,Ocacional
10332467,88.97,Ocacional
10334185,329.74,Ocacional
10334216,90.84,Ocacional
10337199,204.82,Ocacional
10337846,197.58,Ocacional
10343764,45.72,Ocacional
10344548,1985.9,Frecuente
10345004,101.42,Ocacional
10345878,1674.94,Frecuente
10347012,300.1,Ocacional
10347177,100.9,Ocacional
10351681,371.54,Ocacional
10352139,40.04,Ocacional
10352156,138.75,Ocacional
10352434,619.76,Ocacional
10355262,356.84,Ocacional
10356359,13.88,Ocacional
10357518,41.78,Ocacional
10360190,887.32,Ocacional
10360445,41.54,Ocacional
10360944,57.9,Ocacional
10362970,597.8,Ocacional
10366249,92.48,Ocacional
10367050,680.68,Ocacional
10368597,305.32,Ocacional
10368663,2753.9,Frecuente
10370271,25.18,Ocacional
10371152,149.84,Ocacional
10374356,803.88,Ocacional
10375443,316.52,Ocacional
10378320,113.32,Ocacional
10382333,404.4,Ocacional
10385144,652.56,Ocacional
10386007,585.44,Ocacional
10391362,326.28000000000003,Ocacional
10393421,237.6,Ocacional
10393796,62.22,Ocacional
10394153,14.98,Ocacional
10395500,1864.76,Frecuente
10395582,988.94,Ocacional
10396249,156.12,Ocacional
10397602,710.52,Ocacional
10399218,228.75,Ocacional
10399629,119.96,Ocacional
10401178,102.62,Ocacional
10404952,928.38,Ocacional
10407940,60.6,Ocacional
10408231,208.3,Ocacional
10409231,933.96,Ocacional
10410178,824.04,Ocacional
10410828,21.04,Ocacional
10412539,1750.3,Frecuente
10413163,191.78,Ocacional
10414434,56.7,Ocacional
10414915,741.6,Ocacional
10416769,1788.82,Frecuente
10416862,741.24,Ocacional
10418168,217.94,Ocacional
10419615,608.74,Ocacional
10420512,982.92,Ocacional
10421405,62.76,Ocacional
10423524,980.1999999999999,Ocacional
10423690,985.1,Ocacional
10424239,1263.88,Frecuente
10424885,67.42,Ocacional
10425338,2467.36,Frecuente
10428591,2621.42,Frecuente
10429470,58.44,Ocacional
10430741,233.5,Ocacional
10432642,336.72,Ocacional
10435114,2004.02,Frecuente
10437074,954.3000000000001,Ocacional
10439331,264.7,Ocacional
10443865,218.42000000000002,Ocacional
10445052,30.88,Ocacional
10445362,531.9300000000001,Ocacional
10448492,42.48,Ocacional
10450205,534.36,Ocacional
10452229,80.67,Ocacional
10452359,141.62,Ocacional
10458906,417.46,Ocacional
10462291,671.58,Ocacional
10464756,2502.04,Frecuente
10465604,99.3,Ocacional
10467741,307.7,Ocacional
10472522,341.72,Ocacional
10475784,2266.46,Frecuente
10476832,155.64,Ocacional
10478130,44.12,Ocacional
10478324,24.46,Ocacional
10478837,1836.04,Frecuente
10479285,120.22,Ocacional
10480499,738.7,Ocacional
10480892,477.04,Ocacional
10481823,792.06,Ocacional
10482108,95.76,Ocacional
10482795,621.04,Ocacional
10484836,120.14,Ocacional
10485558,197.32,Ocacional
10487130,181.66,Ocacional
10488008,68.92,Ocacional
10488732,130.42,Ocacional
10489724,162.52,Ocacional
10492689,567.98,Ocacional
10492722,205.44,Ocacional
10492867,23.82,Ocacional
10493536,299.82,Ocacional
10496024,906.52,Ocacional
10500261,147.84,Ocacional
10500751,238.80999999999997,Ocacional
10500960,412.32,Ocacional
10501415,980.42,Ocacional
10503418,405.9,Ocacional
10504952,1637.44,Frecuente
10505869,145.52,Ocacional
10507781,922.06,Ocacional
10511336,26.82,Ocacional
10511529,107.7,Ocacional
10515884,515.7,Ocacional
10518182,340.74,Ocacional
10519704,79.16,Ocacional
10523816,722.7,Ocacional
10524464,1843.83,Frecuente
10526465,1054.8,Frecuente
10540281,199.72,Ocacional
10541623,91.9,Ocacional
10542488,85.9,Ocacional
10543059,172.84,Ocacional
10543509,594.16,Ocacional
10547353,64.32,Ocacional
10547390,382.6,Ocacional
10549100,64.14,Ocacional
10549250,357.29999999999995,Ocacional
10552778,630.78,Ocacional
10555182,1738.94,Frecuente
10555893,233.16,Ocacional
10559451,31.06,Ocacional
10559787,649.62,Ocacional
10560359,450.62,Ocacional
10566879,1888.5,Frecuente
10567414,770.72,Ocacional
10567485,208.9,Ocacional
10568555,144.08,Ocacional
10568670,1598.62,Frecuente
10570236,210.16,Ocacional
10572483,70.59,Ocacional
10573350,236.66,Ocacional
10575141,88.48,Ocacional
10578286,639.22,Ocacional
10580452,342.39,Ocacional
10580454,181.9,Ocacional
10583576,12.8,Ocacional
10585499,423.72,Ocacional
10586156,319.64,Ocacional
10586786,122.68,Ocacional
10587160,198.22,Ocacional
10587248,433.6,Ocacional
10589254,941.38,Ocacional
10590039,366.54,Ocacional
10590236,1051.06,Frecuente
10592511,363.28,Ocacional
10595065,772.5,Ocacional
10595885,973.53,Ocacional
10596298,217.5,Ocacional
10596402,37.46,Ocacional
10596610,782.22,Ocacional
10596751,447.68000000000006,Ocacional
10597034,192.02,Ocacional
10597547,475.98,Ocacional
10597696,748.5,Ocacional
10602207,32.9,Ocacional
10602845,371.46,Ocacional
10603399,96.98,Ocacional
10605212,384.42,Ocacional
10606855,614.62,Ocacional
10607902,753.52,Ocacional
10608089,158.52,Ocacional
10609460,73.76,Ocacional
10610300,165.16,Ocacional
10611261,116.26,Ocacional
10613318,442.34,Ocacional
10614172,958.02,Ocacional
10614212,521.64,Ocacional
10615428,234.32,Ocacional
10616115,301.66,Ocacional
10619833,138.12,Ocacional
10621740,53.66,Ocacional
10622590,2848.78,Frecuente
10622851,227.14000000000001,Ocacional
10624241,893.68,Ocacional
10626244,474.36,Ocacional
10626435,297.64,Ocacional
10628622,251.56,Ocacional
10629563,23.74,Ocacional
10630917,428.66,Ocacional
10635646,490.47999999999996,Ocacional
10635836,212.42,Ocacional
10639384,194.92,Ocacional
10640869,255.5,Ocacional
10642300,302.28,Ocacional
10644306,599.73,Ocacional
10647120,767.0,Ocacional
10647692,1342.84,Frecuente
10648625,21.74,Ocacional
10651043,142.38,Ocacional
10651280,92.7,Ocacional
10652667,21.9,Ocacional
10652925,1064.8600000000001,Frecuente
10657871,100.22,Ocacional
10658950,107.34,Ocacional
10659550,73.38,Ocacional
10659838,562.36,Ocacional
10660273,428.98,Ocacional
10661289,487.72,Ocacional
10661854,313.84,Ocacional
10662191,2244.54,Frecuente
10663332,203.66,Ocacional
10663366,286.56,Ocacional
10663592,58.82,Ocacional
10663599,221.96,Ocacional
10666130,2480.44,Frecuente
10667537,41.14,Ocacional
10670665,370.86,Ocacional
10671541,189.06,Ocacional
10673417,2298.1400000000003,Frecuente
10676820,900.86,Ocacional
10679675,28.7,Ocacional
10681350,857.9100000000001,Ocacional
10684104,345.66,Ocacional
10684428,539.68,Ocacional
10687311,310.82,Ocacional
10688592,538.94,Ocacional
10689144,101.26,Ocacional
10692281,545.22,Ocacional
10692299,927.54,Ocacional
10694997,93.42,Ocacional
10698013,769.62,Ocacional
10698587,3080.31,VIP
10699954,198.04,Ocacional
10700241,366.28,Ocacional
10700511,392.36,Ocacional
10701151,1823.78,Frecuente
10702365,2177.42,Frecuente
10705820,188.37,Ocacional
10706231,110.3,Ocacional
10707999,304.89,Ocacional
10708644,2760.48,Frecuente
10712879,104.94,Ocacional
10714417,158.3,Ocacional
10715226,62.68,Ocacional
10716322,2178.24,Frecuente
10717184,22.740000000000002,Ocacional
10722521,615.24,Ocacional
10723647,233.64,Ocacional
10725392,981.94,Ocacional
10727010,91.19999999999999,Ocacional
10728155,76.6,Ocacional
10729198,328.29,Ocacional
10730798,2839.6499999999996,Frecuente
10730981,151.71,Ocacional
10733600,2308.48,Frecuente
10734196,128.5,Ocacional
10736250,93.12,Ocacional
10736354,21.58,Ocacional
10740606,39.06,Ocacional
10742453,689.66,Ocacional
10742708,357.12,Ocacional
10743823,91.44,Ocacional
10745535,135.66,Ocacional
10747882,51.6,Ocacional
10750015,204.22,Ocacional
10750348,1900.74,Frecuente
10751265,388.36,Ocacional
10752108,3022.08,VIP
10752999,1478.38,Frecuente
10753151,162.68,Ocacional
10754268,768.06,Ocacional
10754770,35.66,Ocacional
10754980,221.14,Ocacional
10756241,362.32,Ocacional
10757553,1329.64,Frecuente
10763119,698.76,Ocacional
10763323,608.74,Ocacional
10766124,114.14,Ocacional
10771166,779.16,Ocacional
10771210,338.34,Ocacional
10771763,51.48,Ocacional
10773358,319.64,Ocacional
10778627,47.76,Ocacional
10779958,1375.12,Frecuente
10783197,190.48,Ocacional
10785340,2712.78,Frecuente
10786249,167.74,Ocacional
10792636,593.82,Ocacional
10793404,753.14,Ocacional
10794659,181.66,Ocacional
10800153,222.58,Ocacional
10803991,149.56,Ocacional
10804226,134.98,Ocacional
10804460,46.0,Ocacional
10805809,203.1,Ocacional
10806978,634.28,Ocacional
10808925,529.98,Ocacional
10809728,160.72,Ocacional
10810061,813.38,Ocacional
10811723,163.58,Ocacional
10813406,1445.8500000000001,Frecuente
10814041,2191.5,Frecuente
10815695,324.72,Ocacional
10817002,75.94,Ocacional
10818211,2671.54,Frecuente
10819999,505.62,Ocacional
10820537,180.66,Ocacional
10823943,92.24,Ocacional
10824947,418.86,Ocacional
10826029,670.76,Ocacional
10828955,52.28,Ocacional
10829781,562.14,Ocacional
10829822,92.08,Ocacional
10830027,172.7,Ocacional
10834730,154.44,Ocacional
10836250,188.68,Ocacional
10836587,82.76,Ocacional
10837000,239.66,Ocacional
10837058,2719.04,Frecuente
10838160,14.3,Ocacional
10841188,35.66,Ocacional
10843691,321.32,Ocacional
10843945,257.5,Ocacional
10847061,1584.0,Frecuente
10848692,926.68,Ocacional
10849021,82.78,Ocacional
10850705,209.52,Ocacional
10852104,382.52,Ocacional
10855008,307.24,Ocacional
10855761,90.72,Ocacional
10861153,507.42,Ocacional
10861306,408.24,Ocacional
10862459,2569.46,Frecuente
10863584,1656.08,Frecuente
10866814,101.64,Ocacional
10867349,97.56,Ocacional
10869247,476.56,Ocacional
10870368,51.1,Ocacional
10870411,818.52,Ocacional
10871565,36.06,Ocacional
10871751,4442.56,VIP
10872372,1584.1100000000001,Frecuente
10872901,46.36,Ocacional
10873128,121.94,Ocacional
10873726,82.16,Ocacional
10874904,1449.78,Frecuente
10879583,163.66,Ocacional
10880227,112.26,Ocacional
10880484,43.26,Ocacional
10882262,47.72,Ocacional
10883403,342.24,Ocacional
10883999,84.78,Ocacional
10884335,453.32,Ocacional
10886180,655.36,Ocacional
10887881,411.54,Ocacional
10890326,11.96,Ocacional
10890708,510.64,Ocacional
10890842,50.06,Ocacional
10892654,184.96,Ocacional
10895464,85.06,Ocacional
10896092,157.64,Ocacional
10896485,37.52,Ocacional
10898704,106.78,Ocacional
10899268,708.3,Ocacional
10901789,74.86,Ocacional
10901889,46.2,Ocacional
10905641,1679.1,Frecuente
10905712,641.68,Ocacional
10908917,200.86,Ocacional
10911319,172.72,Ocacional
10911553,351.58,Ocacional
10911883,68.86,Ocacional
10913976,375.64,Ocacional
10914884,449.8,Ocacional
10918211,470.44,Ocacional
10918767,2371.68,Frecuente
10923850,316.92,Ocacional
10926280,630.2,Ocacional
10927202,1566.32,Frecuente
10928272,354.53999999999996,Ocacional
10928566,389.84,Ocacional
10929242,772.0,Ocacional
10929748,345.4,Ocacional
10933777,57.94,Ocacional
10940119,1438.1999999999998,Frecuente
10941009,187.62,Ocacional
10942296,771.86,Ocacional
10944100,173.97,Ocacional
10947066,254.24,Ocacional
10948318,56.74,Ocacional
10948884,334.17,Ocacional
10949098,1731.28,Frecuente
10949347,92.48,Ocacional
10949651,94.16,Ocacional
10950679,387.66,Ocacional
10950796,239.92,Ocacional
10951268,294.12,Ocacional
10951795,46.8,Ocacional
10953333,56.66,Ocacional
10954350,695.97,Ocacional
10954695,376.1,Ocacional
10956908,37.1,Ocacional
10968398,140.26,Ocacional
10969352,272.2,Ocacional
10969410,94.28,Ocacional
10969890,205.24,Ocacional
10970501,210.74,Ocacional
10970628,900.74,Ocacional
10971360,269.56,Ocacional
10971462,545.94,Ocacional
10971884,212.84,Ocacional
10971921,77.72,Ocacional
10974245,985.1,Ocacional
10974747,342.54,Ocacional
10975920,1543.04,Frecuente
10976678,2362.2,Frecuente
10977637,951.2,Ocacional
10978737,4250.5199999999995,VIP
10979259,85.54,Ocacional
10979741,125.6,Ocacional
10979970,588.46,Ocacional
10984058,322.44,Ocacional
10984928,1108.26,Frecuente
10985300,271.38,Ocacional
10991939,1158.74,Frecuente
10991963,551.64,Ocacional
10992306,105.26,Ocacional
10992790,90.1,Ocacional
10992792,81.18,Ocacional
10993290,561.14,Ocacional
10995295,1823.98,Frecuente
10996343,452.84,Ocacional
10996476,750.7,Ocacional
10996543,71.22,Ocacional
10996812,228.12,Ocacional
11000203,384.28,Ocacional
11002031,218.4,Ocacional
11002154,1452.04,Frecuente
11004449,154.88,Ocacional
11004573,134.04,Ocacional
11009014,394.84,Ocacional
11009054,201.20000000000002,Ocacional
11009114,220.02,Ocacional
11010131,267.32,Ocacional
11012606,114.16,Ocacional
11014967,153.22,Ocacional
11015071,493.52000000000004,Ocacional
11016015,330.02,Ocacional
11016229,3872.43,VIP
11018038,477.18,Ocacional
11019657,141.7,Ocacional
11020716,87.5,Ocacional
11021956,666.3,Ocacional
11025050,305.62,Ocacional
11029654,566.44,Ocacional
11030019,377.84,Ocacional
11033724,168.54,Ocacional
11035754,659.14,Ocacional
11035879,221.7,Ocacional
11037371,579.06,Ocacional
11040084,203.68,Ocacional
11042645,56.38,Ocacional
11043847,44.96,Ocacional
11046084,158.36,Ocacional
11053594,422.84,Ocacional
11055064,112.32,Ocacional
11055363,118.2,Ocacional
11055739,1309.46,Frecuente
11056540,230.44,Ocacional
11056769,48.12,Ocacional
11057322,774.16,Ocacional
11057641,80.98,Ocacional
11058752,394.7,Ocacional
11060326,241.22,Ocacional
11060813,197.46,Ocacional
11063305,89.12,Ocacional
11063503,173.9,Ocacional
11065006,5408.22,VIP
11065803,253.59,Ocacional
11066333,1237.52,Frecuente
11067811,340.79999999999995,Ocacional
11072047,416.13,Ocacional
11072713,614.46,Ocacional
11076032,56.7,Ocacional
11076087,2714.26,Frecuente
11076946,21.84,Ocacional
11079344,163.26,Ocacional
11081930,908.7,Ocacional
11082045,113.86,Ocacional
11082470,2516.94,Frecuente
11082585,973.3699999999999,Ocacional
11083399,221.76,Ocacional
11086979,116.2,Ocacional
11086980,331.6,Ocacional
11087205,268.24,Ocacional
11089130,2493.6,Frecuente
11089921,346.06,Ocacional
11090737,148.84,Ocacional
11091886,867.51,Ocacional
11105321,152.64000000000001,Ocacional
11105613,564.22,Ocacional
11106782,252.51,Ocacional
11107767,149.56,Ocacional
11108233,244.1,Ocacional
11112685,49.64,Ocacional
11115881,1912.88,Frecuente
11116425,327.96,Ocacional
11117128,734.5,Ocacional
11121759,116.26,Ocacional
11122860,1704.24,Frecuente
11124432,223.54,Ocacional
11125829,677.16,Ocacional
11129316,69.66,Ocacional
11130927,135.1,Ocacional
11133733,895.04,Ocacional
11134679,198.76,Ocacional
11135908,383.24,Ocacional
11136777,305.9,Ocacional
11136977,835.32,Ocacional
11139195,34.34,Ocacional
11140745,2561.48,Frecuente
11142030,668.42,Ocacional
11142526,692.1,Ocacional
11142949,378.22,Ocacional
11144612,1797.1200000000001,Frecuente
11144730,132.78,Ocacional
11151081,56.18,Ocacional
11153219,729.2,Ocacional
11153706,752.18,Ocacional
11154377,627.2,Ocacional
11155901,813.44,Ocacional
11158709,91.08,Ocacional
11159506,837.2,Ocacional
11159614,88.0,Ocacional
11159834,279.72,Ocacional
11163416,1753.7,Frecuente
11164716,139.6,Ocacional
11165335,178.38,Ocacional
11165656,152.14,Ocacional
11170009,2941.96,Frecuente
11170339,102.26,Ocacional
11171318,621.44,Ocacional
11172135,101.62,Ocacional
11174253,120.62,Ocacional
11174575,279.88,Ocacional
11174957,73.96,Ocacional
11178011,466.88,Ocacional
11180430,111.62,Ocacional
11181021,142.10999999999999,Ocacional
11181056,71.8,Ocacional
11182414,11.44,Ocacional
11182857,86.54,Ocacional
11183411,850.28,Ocacional
11183665,91.2,Ocacional
11185404,1974.64,Frecuente
11187470,451.32,Ocacional
11190126,234.86,Ocacional
11192694,1049.19,Frecuente
11192719,337.74,Ocacional
11193250,21.44,Ocacional
11194348,88.54,Ocacional
11197017,94.78,Ocacional
11198824,13.38,Ocacional
11204126,355.2,Ocacional
11204960,88.34,Ocacional
11207304,70.88,Ocacional
11208358,645.26,Ocacional
11211922,191.02,Ocacional
11213506,611.16,Ocacional
11213690,494.52,Ocacional
11216706,734.5,Ocacional
11217267,73.3,Ocacional
11218040,871.48,Ocacional
11218160,231.42,Ocacional
11222196,2758.74,Frecuente
11225126,58.16,Ocacional
11225937,109.92,Ocacional
11228137,463.42,Ocacional
11229165,20.52,Ocacional
11230356,354.66,Ocacional
11233112,94.66,Ocacional
11233339,894.06,Ocacional
11234513,294.09000000000003,Ocacional
11235217,85.94,Ocacional
11235545,15.24,Ocacional
11236276,168.54,Ocacional
11241918,85.54,Ocacional
11242407,21.74,Ocacional
11245334,295.64,Ocacional
11246793,229.48,Ocacional
11250957,520.1,Ocacional
11251151,1162.36,Frecuente
11254699,484.66,Ocacional
11257203,1041.56,Frecuente
11257276,324.32,Ocacional
11257601,1504.34,Frecuente
11259103,13.7,Ocacional
11261234,95.96,Ocacional
11263917,1139.06,Frecuente
11265143,263.32,Ocacional
11267882,33.8,Ocacional
11268041,365.6,Ocacional
11268281,696.8,Ocacional
11268507,112.34,Ocacional
11269000,116.04,Ocacional
11270669,76.6,Ocacional
11271543,60.0,Ocacional
11271671,171.54,Ocacional
11275643,609.84,Ocacional
11278316,85.7,Ocacional
11279916,591.52,Ocacional
11281050,301.7,Ocacional
11281097,115.92,Ocacional
11284240,175.38,Ocacional
11286724,20.78,Ocacional
11288803,62.82,Ocacional
11289512,714.1,Ocacional
11294262,38.96,Ocacional
11294525,54.2,Ocacional
11294761,736.4399999999999,Ocacional
11295059,231.84,Ocacional
11295608,386.02,Ocacional
11296700,141.58,Ocacional
11298972,308.34,Ocacional
11299334,2086.7000000000003,Frecuente
11300689,98.26,Ocacional
11301935,155.38,Ocacional
11307312,41.74,Ocacional
11312070,395.04,Ocacional
11312297,1895.52,Frecuente
11313419,175.24,Ocacional
11322935,308.46,Ocacional
11324840,563.16,Ocacional
11324947,34.9,Ocacional
11328636,520.0,Ocacional
11328733,636.28,Ocacional
11328861,527.1800000000001,Ocacional
11331594,111.48,Ocacional
11332929,591.46,Ocacional
11333624,656.04,Ocacional
11334208,1039.96,Frecuente
11335756,189.36,Ocacional
11336643,427.3,Ocacional
11336914,124.84,Ocacional
11337214,180.42,Ocacional
11337720,231.92,Ocacional
11339322,229.56,Ocacional
11339384,2417.0,Frecuente
11339585,36.88,Ocacional
11342056,118.6,Ocacional
11342525,1962.7,Frecuente
11342929,21.84,Ocacional
11343222,1903.66,Frecuente
11343413,21.54,Ocacional
11343764,219.9,Ocacional
11344926,23.14,Ocacional
11346069,145.56,Ocacional
11348365,36.1,Ocacional
11349749,487.12,Ocacional
11350281,2946.84,Frecuente
11350524,545.5,Ocacional
11350944,977.36,Ocacional
11350951,436.68,Ocacional
11352992,178.72,Ocacional
11353053,242.34,Ocacional
11356890,63.04,Ocacional
11358334,214.98,Ocacional
11359398,482.32,Ocacional
11359812,277.22,Ocacional
11360880,251.72,Ocacional
11361297,1587.08,Frecuente
11362300,97.08,Ocacional
11362460,923.9,Ocacional
11363982,413.62,Ocacional
11369282,37.0,Ocacional
11369908,3176.04,VIP
11373645,46.96,Ocacional
11378671,42.92,Ocacional
11381180,156.8,Ocacional
11381268,118.96,Ocacional
11381758,96.96000000000001,Ocacional
11382767,74.46,Ocacional
11383051,639.08,Ocacional
11385117,184.66,Ocacional
11386502,193.04,Ocacional
11388555,323.88,Ocacional
11391991,799.98,Ocacional
11392706,588.4,Ocacional
11396664,237.96,Ocacional
11397119,181.36,Ocacional
11399734,1753.7,Frecuente
11404573,480.94,Ocacional
11404710,16.4,Ocacional
11407787,130.95,Ocacional
11411742,662.54,Ocacional
11411790,580.38,Ocacional
11414867,792.74,Ocacional
11415780,715.34,Ocacional
11418195,935.38,Ocacional
11418500,218.62,Ocacional
11418863,1508.64,Frecuente
11419385,566.24,Ocacional
11420958,334.26,Ocacional
11421723,216.09,Ocacional
11421802,823.0500000000001,Ocacional
11423684,47.78,Ocacional
11424608,182.82,Ocacional
11426019,2151.08,Frecuente
11431533,1002.76,Frecuente
11431687,303.3,Ocacional
11432090,62.42999999999999,Ocacional
11440499,136.18,Ocacional
11441974,308.4,Ocacional
11443043,310.56,Ocacional
11446253,777.02,Ocacional
11448876,150.86,Ocacional
11449365,462.6,Ocacional
11451577,2318.94,Frecuente
11454128,333.78,Ocacional
11454817,194.62,Ocacional
11455296,106.22,Ocacional
11455412,693.42,Ocacional
11457058,100.78,Ocacional
11458418,2964.24,Frecuente
11459791,37.58,Ocacional
11462240,187.92,Ocacional
11463328,223.02,Ocacional
11465094,314.0,Ocacional
11467901,430.98,Ocacional
11467975,215.14,Ocacional
11468090,304.02,Ocacional
11468982,68.3,Ocacional
11469121,567.44,Ocacional
11469744,223.36,Ocacional
11470640,81.56,Ocacional
11471429,209.46,Ocacional
11476892,22.92,Ocacional
11479263,2511.04,Frecuente
11479935,1002.5,Frecuente
11480916,205.06,Ocacional
11482022,175.26,Ocacional
11485250,165.9,Ocacional
11489555,140.96,Ocacional
11489662,200.72,Ocacional
11491372,2540.1,Frecuente
11491587,66.98,Ocacional
11491965,700.96,Ocacional
11492468,208.06,Ocacional
11492564,16.78,Ocacional
11496000,3162.68,VIP
11496078,3844.2000000000003,VIP
11496581,671.68,Ocacional
11498047,25.74,Ocacional
11499730,233.08,Ocacional
11499970,100.0,Ocacional
11500390,117.6,Ocacional
11501530,1131.08,Frecuente
11503319,1108.44,Frecuente
11503453,2326.46,Frecuente
11507063,1601.76,Frecuente
11509800,553.34,Ocacional
11509921,95.58,Ocacional
11511299,2688.66,Frecuente
11511475,18.26,Ocacional
11512109,127.18,Ocacional
11513475,1131.3999999999999,Frecuente
11513979,53.3,Ocacional
11515779,90.78,Ocacional
11518334,93.28,Ocacional
11521000,358.0,Ocacional
11523908,504.44,Ocacional
11524140,691.8,Ocacional
11525016,261.92,Ocacional
11525877,234.94,Ocacional
11526999,2617.64,Frecuente
11527472,321.4,Ocacional
11529612,922.94,Ocacional
11533214,220.66,Ocacional
11533499,140.31,Ocacional
11534080,2205.92,Frecuente
11534362,69.06,Ocacional
11535756,110.22,Ocacional
11539058,108.2,Ocacional
11539436,63.599999999999994,Ocacional
11542303,750.28,Ocacional
11542544,837.56,Ocacional
11543584,582.3,Ocacional
11543730,396.92,Ocacional
11545668,470.6,Ocacional
11546766,565.12,Ocacional
11556932,2953.14,Frecuente
11557015,138.9,Ocacional
11561105,27.58,Ocacional
11561540,214.0,Ocacional
11562451,542.08,Ocacional
11565402,124.54,Ocacional
11567956,12.86,Ocacional
11569547,742.12,Ocacional
11570620,952.94,Ocacional
11573669,843.58,Ocacional
11577171,583.68,Ocacional
11582011,184.24,Ocacional
11585368,170.94,Ocacional
11588273,116.26,Ocacional
11588379,79.94,Ocacional
11590762,81.64,Ocacional
11591210,340.18,Ocacional
11591513,249.66,Ocacional
11592714,217.58,Ocacional
11594570,1127.68,Frecuente
11597469,1429.32,Frecuente
11598486,2081.58,Frecuente
11598489,1533.42,Frecuente
11598796,72.98,Ocacional
11601751,839.12,Ocacional
11605736,348.06,Ocacional
11608660,799.64,Ocacional
11609427,288.36,Ocacional
11610125,199.64,Ocacional
11610668,2395.98,Frecuente
11611441,655.96,Ocacional
11614084,46.86,Ocacional
11614173,2270.9,Frecuente
11614878,640.02,Ocacional
11618106,58.84,Ocacional
11618367,170.08,Ocacional
11620597,195.16,Ocacional
11623542,74.72,Ocacional
11623549,106.86,Ocacional
11624786,1617.08,Frecuente
11625495,581.72,Ocacional
11627458,449.58,Ocacional
11628657,139.4,Ocacional
11629231,12.8,Ocacional
11629889,1556.26,Frecuente
11629930,474.04,Ocacional
11632407,834.26,Ocacional
11634334,1062.06,Frecuente
11634928,1378.04,Frecuente
11637769,87.34,Ocacional
11639894,123.14,Ocacional
11640035,2994.7799999999997,Frecuente
11641966,58.22,Ocacional
11642542,141.64,Ocacional
11643014,304.12,Ocacional
11644794,287.9,Ocacional
11646781,191.24,Ocacional
11646880,70.14,Ocacional
11648916,609.84,Ocacional
11649578,851.26,Ocacional
11652491,334.62,Ocacional
11652518,198.6,Ocacional
11654471,1042.26,Frecuente
11655009,72.48,Ocacional
11657314,437.36,Ocacional
11658458,102.75,Ocacional
11659916,2749.64,Frecuente
11661397,60.44,Ocacional
11663715,250.44,Ocacional
11665521,377.82,Ocacional
11667784,209.76,Ocacional
11671999,1234.02,Frecuente
11672545,35.12,Ocacional
11673289,398.8,Ocacional
11678182,703.06,Ocacional
11679305,3078.0299999999997,VIP
11679676,111.7,Ocacional
11680103,5526.86,VIP
11684789,112.48,Ocacional
11685431,765.04,Ocacional
11685855,1239.54,Frecuente
11685931,328.16,Ocacional
11689234,74.82,Ocacional
11689435,716.76,Ocacional
11696740,1435.24,Frecuente
11697297,92.08,Ocacional
11697886,60.9,Ocacional
11698642,2005.48,Frecuente
11701612,368.48,Ocacional
11703313,29.56,Ocacional
11703593,40.72,Ocacional
11706560,101.43,Ocacional
11712370,317.06,Ocacional
11712406,352.0,Ocacional
11713136,74.12,Ocacional
11714402,2280.32,Frecuente
11717115,388.24,Ocacional
11718105,646.12,Ocacional
11722396,74.5,Ocacional
11724853,213.94,Ocacional
11729889,271.7,Ocacional
11730063,186.84,Ocacional
11730552,71.0,Ocacional
11731608,145.1,Ocacional
11732044,1441.22,Frecuente
11732494,5908.98,VIP
11732694,123.08,Ocacional
11732904,75.16,Ocacional
11734864,587.24,Ocacional
11735094,302.28,Ocacional
11735888,21.22,Ocacional
11736001,1570.86,Frecuente
11737579,2416.82,Frecuente
11738256,1569.4,Frecuente
11740836,173.64,Ocacional
11740906,270.06,Ocacional
11744031,514.24,Ocacional
11744266,1685.82,Frecuente
11745021,53.0,Ocacional
11748715,2254.14,Frecuente
11750254,974.58,Ocacional
11752392,255.32,Ocacional
11753613,1391.08,Frecuente
11755537,133.64,Ocacional
11755552,545.78,Ocacional
11761196,148.48,Ocacional
11764624,1824.6799999999998,Frecuente
11766081,2692.04,Frecuente
11772310,166.44,Ocacional
11773328,181.74,Ocacional
11773345,127.66,Ocacional
11773935,2375.4,Frecuente
11775763,55.66,Ocacional
11775838,753.72,Ocacional
11778396,448.86,Ocacional
11779291,130.74,Ocacional
11780945,120.14,Ocacional
11783678,672.92,Ocacional
11784852,684.1,Ocacional
11789588,233.66,Ocacional
11791229,67.6,Ocacional
11793650,1815.64,Frecuente
11795145,357.52,Ocacional
11797108,100.80000000000001,Ocacional
11797188,236.86,Ocacional
11797381,378.32,Ocacional
11800343,73.8,Ocacional
11800475,2303.0099999999998,Frecuente
11804826,389.0,Ocacional
11805220,922.72,Ocacional
11805950,682.68,Ocacional
11806511,304.5,Ocacional
11807112,22.14,Ocacional
11807287,432.88,Ocacional
11809317,2647.3,Frecuente
11815782,70.84,Ocacional
11816431,17.24,Ocacional
11816980,335.76,Ocacional
11818468,450.08,Ocacional
11824761,1527.94,Frecuente
11827492,608.28,Ocacional
11828664,41.56,Ocacional
11829463,364.35,Ocacional
11829515,250.5,Ocacional
11830281,738.84,Ocacional
11831309,120.46,Ocacional
11834839,2782.12,Frecuente
11835415,121.56,Ocacional
11835492,2326.02,Frecuente
11839895,881.06,Ocacional
11840377,67.92,Ocacional
11840482,70.84,Ocacional
11842343,460.28,Ocacional
11847302,136.52,Ocacional
11851484,30.28,Ocacional
11854382,955.4,Ocacional
11857227,61.72,Ocacional
11857332,113.74,Ocacional
11858271,20.1,Ocacional
11860419,880.8000000000001,Ocacional
11864517,112.7,Ocacional
11869297,124.84,Ocacional
11869304,139.08,Ocacional
11869797,87.12,Ocacional
11871010,385.68,Ocacional
11874042,11.58,Ocacional
11875250,698.26,Ocacional
11880260,76.74,Ocacional
11880767,494.42,Ocacional
11882853,347.76,Ocacional
11883111,320.52,Ocacional
11887056,163.08,Ocacional
11887830,298.32,Ocacional
11887857,2954.8,Frecuente
11892496,2196.7,Frecuente
11893910,185.5,Ocacional
11897274,374.44,Ocacional
11898651,965.26,Ocacional
11899228,123.34,Ocacional
11899597,55.9,Ocacional
11903487,43.52,Ocacional
11903705,427.96,Ocacional
11905585,44.61,Ocacional
11906158,330.99,Ocacional
11909337,278.01,Ocacional
11912036,806.96,Ocacional
11913128,122.64000000000001,Ocacional
11915957,151.78,Ocacional
11917105,142.46,Ocacional
11919834,520.78,Ocacional
11921421,48.72,Ocacional
11926455,198.72,Ocacional
11926480,685.9,Ocacional
11930089,197.26,Ocacional
11930487,191.84,Ocacional
11931953,704.16,Ocacional
11932469,180.9,Ocacional
11934200,900.54,Ocacional
11944853,268.26,Ocacional
11946075,116.3,Ocacional
11946820,294.84,Ocacional
11947502,2406.82,Frecuente
11949131,430.04,Ocacional
11955630,1225.9,Frecuente
11959093,85.9,Ocacional
11960802,151.48,Ocacional
11965155,482.32,Ocacional
11970685,70.6,Ocacional
11971415,885.7,Ocacional
11972023,94.78,Ocacional
11974087,713.26,Ocacional
11974900,669.02,Ocacional
11977174,36.7,Ocacional
11978293,425.82,Ocacional
11979088,103.04,Ocacional
11979337,741.64,Ocacional
11982491,101.62,Ocacional
11982567,355.42,Ocacional
11982590,761.68,Ocacional
11983492,703.76,Ocacional
11985331,104.42,Ocacional
11985436,2231.43,Frecuente
11985615,45.0,Ocacional
11986273,642.72,Ocacional
11987292,288.04,Ocacional
11988543,1800.52,Frecuente
11990637,298.68,Ocacional
11991387,387.08,Ocacional
11993240,181.7,Ocacional
11994272,1488.2,Frecuente
11997851,156.42,Ocacional
11997888,66.58,Ocacional
11999919,492.08,Ocacional
12000525,368.22,Ocacional
12000671,10.98,Ocacional
12002104,756.84,Ocacional
12006832,367.48,Ocacional
12010556,92.08,Ocacional
12014855,28.38,Ocacional
12018326,603.56,Ocacional
12018634,142.34,Ocacional
12018695,459.66,Ocacional
12020432,163.6,Ocacional
12021410,688.12,Ocacional
12021460,710.74,Ocacional
12023001,184.88,Ocacional
12024673,1738.5,Frecuente
12026132,147.78,Ocacional
12027854,107.56,Ocacional
12028647,1049.84,Frecuente
12028941,833.6,Ocacional
12032315,582.9,Ocacional
12032674,70.82,Ocacional
12034214,538.96,Ocacional
12035911,79.48,Ocacional
12036826,92.61,Ocacional
12039508,489.66,Ocacional
12039696,595.08,Ocacional
12041588,593.86,Ocacional
12041932,24.54,Ocacional
12043748,2936.24,Frecuente
12047829,756.02,Ocacional
12048062,96.5,Ocacional
12048308,569.22,Ocacional
12048872,216.86,Ocacional
12049346,384.26,Ocacional
12051049,644.04,Ocacional
12051491,415.6,Ocacional
12052177,304.54,Ocacional
12055250,1257.72,Frecuente
12057144,107.78,Ocacional
12057509,499.52,Ocacional
12059341,220.76,Ocacional
12062224,299.62,Ocacional
12066389,21.32,Ocacional
12066558,73.08,Ocacional
12068995,705.4399999999999,Ocacional
12069362,1761.38,Frecuente
12069778,293.16,Ocacional
12070555,159.26,Ocacional
12070638,274.4,Ocacional
12070983,674.42,Ocacional
12071986,159.9,Ocacional
12072251,2061.4500000000003,Frecuente
12073194,425.94,Ocacional
12074353,548.8,Ocacional
12074377,961.92,Ocacional
12079130,136.92000000000002,Ocacional
12079554,310.12,Ocacional
12081532,2345.06,Frecuente
12081612,4683.95,VIP
12083870,118.44,Ocacional
12084607,81.4,Ocacional
12090333,170.82,Ocacional
12093341,187.46,Ocacional
12094158,318.94,Ocacional
12095897,1432.5,Frecuente
12097496,531.86,Ocacional
12098545,159.84,Ocacional
12105867,512.5,Ocacional
12113064,202.88,Ocacional
12115442,659.72,Ocacional
12117378,982.14,Ocacional
12118001,197.2,Ocacional
12119052,950.1,Ocacional
12121746,163.58,Ocacional
12124578,1451.26,Frecuente
12126340,170.04,Ocacional
12127619,583.14,Ocacional
12130738,180.54,Ocacional
12131190,284.48,Ocacional
12131352,524.76,Ocacional
12135546,3372.54,VIP
12138125,120.38,Ocacional
12138383,198.68,Ocacional
12140694,60.9,Ocacional
12143540,221.34,Ocacional
12143621,63.42,Ocacional
12144444,283.02,Ocacional
12145066,3917.6099999999997,VIP
12146840,808.12,Ocacional
12148044,41.4,Ocacional
12148618,77.78,Ocacional
12149856,159.42,Ocacional
12152470,67.88,Ocacional
12152565,241.48000000000002,Ocacional
12153741,185.98,Ocacional
12154577,881.72,Ocacional
12155970,25.44,Ocacional
12157370,82.78,Ocacional
12157599,2258.18,Frecuente
12164942,54.86,Ocacional
12165193,244.7,Ocacional
12167252,654.84,Ocacional
12168994,606.82,Ocacional
12169864,652.24,Ocacional
12171319,73.54,Ocacional
12173890,132.85,Ocacional
12177259,468.48,Ocacional
12177425,114.38,Ocacional
12178835,730.46,Ocacional
12179508,75.34,Ocacional
12179673,442.54,Ocacional
12181491,352.96,Ocacional
12182081,1510.18,Frecuente
12182725,239.14,Ocacional
12186773,276.63,Ocacional
12190577,33.48,Ocacional
12194304,704.14,Ocacional
12202485,122.12,Ocacional
12204561,170.2,Ocacional
12205688,59.42,Ocacional
12207259,63.86,Ocacional
12209825,72.72,Ocacional
12211563,330.26,Ocacional
12212223,1937.92,Frecuente
12215398,304.12,Ocacional
12215462,588.1800000000001,Ocacional
12217613,604.9200000000001,Ocacional
12218866,192.56,Ocacional
12219685,285.71999999999997,Ocacional
12220139,124.08,Ocacional
12221726,2207.02,Frecuente
12224273,341.4,Ocacional
12224937,228.2,Ocacional
12225055,103.72,Ocacional
12225446,29.56,Ocacional
12230340,1207.96,Frecuente
12230878,257.88,Ocacional
12232145,636.2,Ocacional
12232970,223.98,Ocacional
12236171,493.68,Ocacional
12237175,479.02,Ocacional
12239287,343.88,Ocacional
12241156,162.44,Ocacional
12242496,168.99,Ocacional
12245738,53.18,Ocacional
12246393,74.94,Ocacional
12247698,404.3,Ocacional
12247902,243.06,Ocacional
12247921,184.92,Ocacional
12249601,53.18,Ocacional
12254251,428.54999999999995,Ocacional
12256874,230.78,Ocacional
12257649,624.84,Ocacional
12258039,1035.24,Frecuente
12258338,30.18,Ocacional
12260070,201.2,Ocacional
12260079,423.08,Ocacional
12266675,1594.14,Frecuente
12267160,972.54,Ocacional
12269091,54.42,Ocacional
12273495,546.16,Ocacional
12273841,479.18,Ocacional
12276538,358.5,Ocacional
12277469,228.74,Ocacional
12280385,137.16,Ocacional
12282377,90.68,Ocacional
12282528,1489.08,Frecuente
12284964,135.16,Ocacional
12285985,799.86,Ocacional
12288192,83.06,Ocacional
12290178,130.62,Ocacional
12291237,108.26,Ocacional
12291780,109.7,Ocacional
12296374,220.68,Ocacional
12296571,636.2,Ocacional
12301170,782.1,Ocacional
12303964,246.76,Ocacional
12304334,997.3799999999999,Ocacional
12305835,877.6,Ocacional
12307685,69.48,Ocacional
12307754,277.18,Ocacional
12307992,208.88,Ocacional
12308128,47.76,Ocacional
12308774,188.38,Ocacional
12309201,838.04,Ocacional
12311830,66.66,Ocacional
12312429,1429.44,Frecuente
12313171,365.52,Ocacional
12317686,33.3,Ocacional
12318984,119.96,Ocacional
12319686,41.76,Ocacional
12320062,776.9,Ocacional
12321210,238.54,Ocacional
12322397,87.78,Ocacional
12322456,2956.24,Frecuente
12322866,194.78,Ocacional
12324048,140.88,Ocacional
12329644,722.6,Ocacional
12334032,151.88,Ocacional
12334403,906.64,Ocacional
12334483,62.519999999999996,Ocacional
12335092,368.48,Ocacional
12337035,406.88,Ocacional
12337851,814.48,Ocacional
12339590,982.14,Ocacional
12342646,220.66,Ocacional
12343877,103.14,Ocacional
12344612,885.7,Ocacional
12344706,149.18,Ocacional
12345984,263.52,Ocacional
12346770,324.62,Ocacional
12348512,189.94,Ocacional
12349894,200.5,Ocacional
12350300,875.6,Ocacional
12351208,18.94,Ocacional
12354562,176.38,Ocacional
12355121,62.06,Ocacional
12355130,2650.36,Frecuente
12356703,843.68,Ocacional
12356881,311.58,Ocacional
12357978,80.16,Ocacional
12358511,531.78,Ocacional
12359985,138.88,Ocacional
12361800,2299.44,Frecuente
12365205,2838.88,Frecuente
12366226,1753.7,Frecuente
12366322,608.52,Ocacional
12367243,480.52,Ocacional
12367481,531.94,Ocacional
12369211,1911.72,Frecuente
12370153,74.02,Ocacional
12370956,340.64,Ocacional
12372850,534.14,Ocacional
12372999,462.9,Ocacional
12373981,121.92,Ocacional
12374008,38.96,Ocacional
12374297,366.94,Ocacional
12374774,229.1,Ocacional
12375065,3071.3599999999997,VIP
12375575,331.44,Ocacional
12375741,92.56,Ocacional
12376534,43.42,Ocacional
12376998,1977.3000000000002,Frecuente
12385041,63.34,Ocacional
12386202,614.62,Ocacional
12386486,115.44,Ocacional
12387631,1337.5500000000002,Frecuente
12388090,71.78,Ocacional
12388446,263.21999999999997,Ocacional
12389615,48.04,Ocacional
12389631,141.54,Ocacional
12391091,2105.64,Frecuente
12391681,21.44,Ocacional
12396519,206.42,Ocacional
12400900,46.86,Ocacional
12402516,229.24,Ocacional
12404079,208.78,Ocacional
12404127,171.66,Ocacional
12407113,20.48,Ocacional
12409657,187.46,Ocacional
12410180,15.8,Ocacional
12410433,86.36,Ocacional
12410447,47.86,Ocacional
12414477,54.42,Ocacional
12415600,952.6,Ocacional
12416188,2113.76,Frecuente
12416371,201.92,Ocacional
12418668,2977.16,Frecuente
12420988,955.72,Ocacional
12422730,133.46,Ocacional
12423839,47.66,Ocacional
12424542,1328.52,Frecuente
12426688,70.94,Ocacional
12431243,174.66,Ocacional
12431548,562.56,Ocacional
12431721,19.2,Ocacional
12434467,122.8,Ocacional
12434585,167.56,Ocacional
12435203,103.14,Ocacional
12438736,201.98,Ocacional
12439421,77.76,Ocacional
12440964,766.4,Ocacional
12441250,273.78000000000003,Ocacional
12443053,562.96,Ocacional
12444064,198.98,Ocacional
12447507,161.84,Ocacional
12447846,147.26,Ocacional
12451237,335.08,Ocacional
12453563,1905.62,Frecuente
12453813,26.38,Ocacional
12459151,71.4,Ocacional
12459874,635.44,Ocacional
12460218,2424.8,Frecuente
12462443,122.1,Ocacional
12463024,461.28,Ocacional
12463746,903.82,Ocacional
12466235,107.3,Ocacional
12466578,894.0,Ocacional
12471429,109.42,Ocacional
12472173,316.52,Ocacional
12473992,164.92,Ocacional
12475274,220.66,Ocacional
12476168,386.76,Ocacional
12478033,147.52,Ocacional
12479630,875.16,Ocacional
12482053,92.08,Ocacional
12482470,2551.48,Frecuente
12482787,95.04,Ocacional
12483354,168.9,Ocacional
12484629,408.45000000000005,Ocacional
12485146,107.76,Ocacional
12485453,1686.06,Frecuente
12486437,1303.64,Frecuente
12486928,116.26,Ocacional
12487133,940.34,Ocacional
12487496,28.38,Ocacional
12490270,637.46,Ocacional
12490462,50.56,Ocacional
12494166,1791.96,Frecuente
12494756,69.62,Ocacional
12496746,70.44,Ocacional
12500204,602.74,Ocacional
12501022,17.34,Ocacional
12504462,425.61,Ocacional
12511407,1945.3,Frecuente
12525354,308.94,Ocacional
12527753,550.34,Ocacional
12533067,26.38,Ocacional
12533792,113.6,Ocacional
12533982,87.92,Ocacional
12534063,653.16,Ocacional
12534301,2058.68,Frecuente
12534615,46.0,Ocacional
12536744,2270.94,Frecuente
12545957,339.22,Ocacional
12547554,703.04,Ocacional
12549225,333.14,Ocacional
12553056,543.9,Ocacional
12555746,568.86,Ocacional
12559183,877.48,Ocacional
12559303,276.12,Ocacional
12563016,281.56,Ocacional
12564622,1249.5,Frecuente
12569293,365.9,Ocacional
12569320,72.56,Ocacional
12570782,1948.76,Frecuente
12574090,127.3,Ocacional
12574113,2276.88,Frecuente
12574165,67.64,Ocacional
12574807,149.66,Ocacional
12579425,225.14,Ocacional
12580092,119.96,Ocacional
12582378,72.03,Ocacional
12582398,2140.04,Frecuente
12583279,136.12,Ocacional
12583364,348.2,Ocacional
12583794,41.04,Ocacional
12585276,75.1,Ocacional
12585701,41.5,Ocacional
12586321,835.3599999999999,Ocacional
12589174,390.22,Ocacional
12589415,248.5,Ocacional
12590507,140.62,Ocacional
12591228,521.76,Ocacional
12593835,2938.9,Frecuente
12594490,1015.38,Frecuente
12595011,289.4,Ocacional
12597932,369.64,Ocacional
12598297,424.78,Ocacional
12599000,115.46,Ocacional
12603577,73.19999999999999,Ocacional
12603915,424.14,Ocacional
12609023,734.16,Ocacional
12609230,197.96,Ocacional
12611154,83.08,Ocacional
12612857,2448.21,Frecuente
12618337,242.2,Ocacional
12618937,730.76,Ocacional
12620619,28.0,Ocacional
12623507,601.94,Ocacional
12624988,20.38,Ocacional
12625926,297.51,Ocacional
12628694,949.86,Ocacional
12632964,411.96,Ocacional
12633586,177.76,Ocacional
12635981,380.68,Ocacional
12636874,144.42,Ocacional
12638063,208.5,Ocacional
12640525,111.2,Ocacional
12642525,746.54,Ocacional
12644904,104.5,Ocacional
12648110,119.36,Ocacional
12649158,527.46,Ocacional
12649705,565.16,Ocacional
12649842,229.86,Ocacional
12651278,585.09,Ocacional
12652260,98.16,Ocacional
12654582,783.66,Ocacional
12660143,191.44,Ocacional
12661488,305.82,Ocacional
12662941,590.4,Ocacional
12666849,84.9,Ocacional
12666932,138.06,Ocacional
12667011,118.06,Ocacional
12667796,300.54,Ocacional
12670911,91.64,Ocacional
12675434,784.02,Ocacional
12675542,11.0,Ocacional
12676315,568.82,Ocacional
12679715,1132.9,Frecuente
12680670,959.34,Ocacional
12681910,520.5,Ocacional
12683346,2390.66,Frecuente
12685008,843.26,Ocacional
12685556,54.4,Ocacional
12686122,2263.96,Frecuente
12686440,644.36,Ocacional
12687292,64.68,Ocacional
12689211,792.52,Ocacional
12690705,705.34,Ocacional
12693053,29.86,Ocacional
12695270,183.94,Ocacional
12695940,502.34,Ocacional
12698145,202.9,Ocacional
12698831,97.98,Ocacional
12701734,225.2,Ocacional
12701993,197.58,Ocacional
12702294,226.66,Ocacional
12704370,182.9,Ocacional
12705823,2471.84,Frecuente
12707370,53.34,Ocacional
12709304,39.8,Ocacional
12712401,500.56,Ocacional
12713284,464.20000000000005,Ocacional
12713638,130.72,Ocacional
12713979,156.70000000000002,Ocacional
12717629,393.41999999999996,Ocacional
12717749,90.72,Ocacional
12719718,224.34,Ocacional
12724189,94.38,Ocacional
12724531,2791.88,Frecuente
12726066,198.52,Ocacional
12726502,202.8,Ocacional
12727710,295.7,Ocacional
12728370,572.36,Ocacional
12728762,186.86,Ocacional
12733745,236.02,Ocacional
12737235,270.78000000000003,Ocacional
12739398,224.7,Ocacional
12739828,456.2,Ocacional
12739916,846.2,Ocacional
12741498,62.18,Ocacional
12745761,75.98,Ocacional
12747124,333.12,Ocacional
12747139,330.32,Ocacional
12747218,104.02,Ocacional
12747704,494.42,Ocacional
12754931,42.36,Ocacional
12759094,450.08,Ocacional
12759979,146.38,Ocacional
12759997,344.18,Ocacional
12763804,50.8,Ocacional
12768672,151.66,Ocacional
12773734,444.87,Ocacional
12774894,310.64,Ocacional
12774948,122.97,Ocacional
12775222,899.5,Ocacional
12776446,474.04,Ocacional
12776793,71.5,Ocacional
12777696,112.26,Ocacional
12779109,48.06,Ocacional
12780744,47.08,Ocacional
12785282,482.6,Ocacional
12790227,968.34,Ocacional
12790681,101.62,Ocacional
12791591,533.95,Ocacional
12792262,1042.78,Frecuente
12794456,1870.2199999999998,Frecuente
12795957,514.88,Ocacional
12796437,413.1,Ocacional
12797034,251.5,Ocacional
12797235,260.74,Ocacional
12798596,950.74,Ocacional
12800899,821.96,Ocacional
12801903,398.94,Ocacional
12807346,1198.66,Frecuente
12807466,51.6,Ocacional
12808937,36.8,Ocacional
12810242,26.9,Ocacional
12811308,593.14,Ocacional
12816065,288.9,Ocacional
12816113,228.9,Ocacional
12816652,162.5,Ocacional
12817128,877.92,Ocacional
12817653,239.74,Ocacional
12818005,217.9,Ocacional
12820221,2501.64,Frecuente
12820357,102.64,Ocacional
12823179,1255.36,Frecuente
12823442,165.12,Ocacional
12825242,355.2,Ocacional
12825437,608.28,Ocacional
12833485,48.28,Ocacional
12839605,416.06,Ocacional
12841336,2034.94,Frecuente
12842882,353.6,Ocacional
12843966,737.54,Ocacional
12845699,197.32,Ocacional
12847066,106.78,Ocacional
12850307,448.48,Ocacional
12850919,161.62,Ocacional
12851438,1087.94,Frecuente
12851479,370.0,Ocacional
12852244,2365.24,Frecuente
12853844,450.62,Ocacional
12856886,66.44,Ocacional
12857595,190.54,Ocacional
12859593,514.28,Ocacional
12863379,93.28,Ocacional
12863641,769.42,Ocacional
12864544,1828.06,Frecuente
12866407,269.56,Ocacional
12869523,367.38,Ocacional
12870354,368.42,Ocacional
12876193,1222.68,Frecuente
12876484,95.84,Ocacional
12877792,1193.26,Frecuente
12878521,771.12,Ocacional
12879427,34.72,Ocacional
12879836,593.58,Ocacional
12880415,148.38,Ocacional
12884350,211.98,Ocacional
12888384,801.5,Ocacional
12890841,42.26,Ocacional
12891204,237.12,Ocacional
12892586,209.36,Ocacional
12893296,27.78,Ocacional
12893630,386.2,Ocacional
12896272,20.08,Ocacional
12899543,255.32,Ocacional
12899622,1321.17,Frecuente
12900294,1452.4099999999999,Frecuente
12901520,159.32999999999998,Ocacional
12903833,192.06,Ocacional
12904611,176.62,Ocacional
12905388,53.4,Ocacional
12910056,261.14,Ocacional
12916559,55.96,Ocacional
12917560,88.48,Ocacional
12923418,308.64,Ocacional
12925158,885.78,Ocacional
12925788,383.9,Ocacional
12926120,1363.94,Frecuente
12927882,16.58,Ocacional
12928033,245.54,Ocacional
12930453,812.66,Ocacional
12930983,12.44,Ocacional
12931717,726.08,Ocacional
12935635,97.82,Ocacional
12938301,79.18,Ocacional
12938904,640.38,Ocacional
12939583,180.9,Ocacional
12940487,277.6,Ocacional
12954409,1802.38,Frecuente
12956027,1706.56,Frecuente
12956228,170.6,Ocacional
12956577,54.4,Ocacional
12957990,2973.06,Frecuente
12959845,115.02000000000001,Ocacional
12960459,628.4399999999999,Ocacional
12960808,86.5,Ocacional
12962797,1643.52,Frecuente
12964351,417.84,Ocacional
12967389,232.04,Ocacional
12967708,128.28,Ocacional
12967948,54.06,Ocacional
12970796,302.78,Ocacional
12972213,416.5,Ocacional
12975178,628.9,Ocacional
12976168,144.18,Ocacional
12977006,235.16,Ocacional
12977503,96.02,Ocacional
12979710,76.56,Ocacional
12982690,152.42,Ocacional
12986048,609.54,Ocacional
12987217,210.82,Ocacional
12993545,251.72,Ocacional
12994215,100.96,Ocacional
12994441,892.22,Ocacional
12994690,250.7,Ocacional
13001154,160.48,Ocacional
13002727,49.0,Ocacional
13003083,524.88,Ocacional
13003272,189.08,Ocacional
13003322,98.54,Ocacional
13011447,850.16,Ocacional
13011518,252.38,Ocacional
13011687,289.92,Ocacional
13015401,87.88,Ocacional
13015566,94.56,Ocacional
13016133,297.36,Ocacional
13016886,336.4,Ocacional
13017625,239.92,Ocacional
13017806,24.33,Ocacional
13018063,18.03,Ocacional
13018380,2664.82,Frecuente
13023100,203.78,Ocacional
13024669,687.6,Ocacional
13026303,356.2,Ocacional
13027783,117.7,Ocacional
13029694,530.74,Ocacional
13029949,257.66,Ocacional
13030216,236.66,Ocacional
13036334,51.5,Ocacional
13036338,888.76,Ocacional
13039344,16.54,Ocacional
13039569,120.34,Ocacional
13039737,50.9,Ocacional
13042796,296.04,Ocacional
13042855,626.2,Ocacional
13043101,112.82,Ocacional
13045055,47.76,Ocacional
13045281,1216.29,Frecuente
13045446,47.14,Ocacional
13046136,2760.73,Frecuente
13046220,715.44,Ocacional
13048259,355.14,Ocacional
13062024,277.3,Ocacional
13063842,54.1,Ocacional
13068367,450.62,Ocacional
13070554,23.5,Ocacional
13073454,118.38,Ocacional
13074285,68.26,Ocacional
13178401,42.06,Ocacional
13179498,109.14,Ocacional
13181633,88.52,Ocacional
13182417,134.4,Ocacional
13184166,246.12,Ocacional
13193744,231.46,Ocacional
13195305,393.86,Ocacional
13195320,366.28,Ocacional
13195597,74.28,Ocacional
13195748,18.72,Ocacional
13195803,11.4,Ocacional
13197764,270.7,Ocacional
13198318,38.339999999999996,Ocacional
13198388,114.52,Ocacional
13200389,1322.94,Frecuente
13201758,435.38,Ocacional
13201813,20.78,Ocacional
13205114,1531.36,Frecuente
13208246,649.72,Ocacional
13209694,1283.34,Frecuente
13210776,103.72,Ocacional
13212485,418.22,Ocacional
13213174,268.74,Ocacional
13213504,722.7,Ocacional
13213941,216.72,Ocacional
13215746,111.72,Ocacional
13215981,1678.83,Frecuente
13216368,290.22,Ocacional
13219075,530.74,Ocacional
13219312,16.78,Ocacional
13223195,861.14,Ocacional
13224130,124.34,Ocacional
13225892,87.4,Ocacional
13228523,89.34,Ocacional
13231083,246.82,Ocacional
13239944,398.94,Ocacional
13240509,69.24,Ocacional
13240956,118.12,Ocacional
13241753,829.48,Ocacional
13244746,364.62,Ocacional
13245048,2204.74,Frecuente
13248628,12.64,Ocacional
13248815,185.39999999999998,Ocacional
13249101,67.4,Ocacional
13250116,236.88,Ocacional
13251941,17.1,Ocacional
13253363,107.14,Ocacional
13253444,1238.86,Frecuente
13255039,576.5,Ocacional
13256379,2060.08,Frecuente
13258026,38.14,Ocacional
13258321,710.22,Ocacional
13259594,273.5,Ocacional
13260154,2224.34,Frecuente
13263642,129.72,Ocacional
13263739,562.18,Ocacional
13265395,106.48,Ocacional
13270651,80.94,Ocacional
13272529,216.87,Ocacional
13276476,194.22,Ocacional
13278573,347.14,Ocacional
13280762,1515.14,Frecuente
13281853,491.34,Ocacional
13283850,2300.04,Frecuente
13284187,95.88,Ocacional
13285298,357.38,Ocacional
13285767,318.58,Ocacional
13292276,2210.36,Frecuente
13292406,45.64,Ocacional
13294872,60.06,Ocacional
13295157,900.8,Ocacional
13296977,294.06,Ocacional
13301490,104.32,Ocacional
13302888,92.25,Ocacional
13306100,813.12,Ocacional
13308066,81.5,Ocacional
13308419,1369.08,Frecuente
13308904,45.62,Ocacional
13309012,746.32,Ocacional
13309168,298.76,Ocacional
13309524,148.66,Ocacional
13310345,967.34,Ocacional
13310767,715.78,Ocacional
13311704,1280.72,Frecuente
13311808,3357.3599999999997,VIP
13315794,84.78,Ocacional
13322915,235.04,Ocacional
13323036,123.6,Ocacional
13323537,491.54,Ocacional
13323931,26.7,Ocacional
13324693,421.14,Ocacional
13324768,715.36,Ocacional
13325320,3550.6000000000004,VIP
13327288,50.82,Ocacional
13330047,336.0,Ocacional
13330074,85.68,Ocacional
13332804,206.22,Ocacional
13332954,709.22,Ocacional
13334180,212.08,Ocacional
13334387,107.38,Ocacional
13338350,396.66,Ocacional
13338554,297.0,Ocacional
13339290,87.54,Ocacional
13341679,514.98,Ocacional
13344872,326.96,Ocacional
13348368,74.44,Ocacional
13348596,88.16,Ocacional
13350001,68.78,Ocacional
13350447,2059.16,Frecuente
13351569,79.03999999999999,Ocacional
13353414,623.84,Ocacional
13356036,768.02,Ocacional
13357084,147.44,Ocacional
13357475,752.22,Ocacional
13357703,107.34,Ocacional
13358885,211.82,Ocacional
13358999,188.32,Ocacional
13362600,789.74,Ocacional
13362834,2808.08,Frecuente
13363635,337.14,Ocacional
13364706,51.68,Ocacional
13368317,75.78,Ocacional
13368784,86.66,Ocacional
13369485,785.14,Ocacional
13370145,328.24,Ocacional
13372025,262.56,Ocacional
13374362,294.51,Ocacional
13374538,341.64,Ocacional
13376074,403.36,Ocacional
13376996,637.82,Ocacional
13377839,947.96,Ocacional
13378127,276.52,Ocacional
13379626,292.34,Ocacional
13379990,2450.8,Frecuente
13381507,2440.84,Frecuente
13385475,76.82,Ocacional
13387319,344.44,Ocacional
13391947,50.02,Ocacional
13392381,493.12,Ocacional
13397948,1313.04,Frecuente
13398649,154.9,Ocacional
13399220,495.04,Ocacional
13401865,903.02,Ocacional
13402697,381.5,Ocacional
13402854,677.28,Ocacional
13403472,42.24,Ocacional
13404848,283.7,Ocacional
13405849,50.7,Ocacional
13406635,92.08,Ocacional
13409469,27.3,Ocacional
13410136,1016.5500000000001,Frecuente
13410786,136.0,Ocacional
13410793,69.86,Ocacional
13410800,245.6,Ocacional
13411691,1652.3899999999999,Frecuente
13412673,170.76,Ocacional
13415150,482.4,Ocacional
13415900,2984.76,Frecuente
13416526,2405.76,Frecuente
13417290,212.72,Ocacional
13418756,52.46,Ocacional
13421148,1887.18,Frecuente
13423630,364.04,Ocacional
13423892,460.36,Ocacional
13425882,304.32,Ocacional
13428124,47.76,Ocacional
13428508,278.28000000000003,Ocacional
13429821,1180.98,Frecuente
13433045,354.98,Ocacional
13441226,50.44,Ocacional
13441349,769.7,Ocacional
13441666,180.86,Ocacional
13444974,882.7,Ocacional
13447190,980.58,Ocacional
13447270,132.76,Ocacional
13447316,111.12,Ocacional
13447942,2887.3399999999997,Frecuente
13448240,2406.82,Frecuente
13448445,423.86,Ocacional
13455970,56.4,Ocacional
13455982,1188.6,Frecuente
13456910,1204.56,Frecuente
13460605,1105.56,Frecuente
13465160,78.9,Ocacional
13467890,314.16,Ocacional
13470784,255.56,Ocacional
13471539,2658.5,Frecuente
13471979,285.84,Ocacional
13473417,846.1500000000001,Ocacional
13475251,132.54,Ocacional
13475802,70.0,Ocacional
13477050,128.56,Ocacional
13477530,117.47999999999999,Ocacional
13480685,375.18,Ocacional
13482757,651.96,Ocacional
13483322,61.58,Ocacional
13487802,828.36,Ocacional
13488736,129.45,Ocacional
13490291,410.92,Ocacional
13497390,450.9,Ocacional
13497860,20.44,Ocacional
13498531,1272.4,Frecuente
13498575,69.62,Ocacional
13498582,173.96,Ocacional
13503586,1396.02,Frecuente
13506120,175.12,Ocacional
13507264,331.72,Ocacional
13508856,2164.88,Frecuente
13509454,53.18,Ocacional
13513631,1316.1,Frecuente
13514938,976.3,Ocacional
13517269,134.26,Ocacional
13517453,511.78,Ocacional
13518044,398.66,Ocacional
13518490,216.88,Ocacional
13518936,51.06,Ocacional
13520921,163.38,Ocacional
13525698,15.22,Ocacional
13525979,296.6,Ocacional
13527344,155.5,Ocacional
13532761,41.48,Ocacional
13532864,106.83,Ocacional
13535048,2454.74,Frecuente
13537921,33.24,Ocacional
13538285,569.22,Ocacional
13539664,355.84,Ocacional
13540295,471.26,Ocacional
13542192,225.8,Ocacional
13543317,84.94,Ocacional
13543638,299.02,Ocacional
13545670,294.64,Ocacional
13546827,130.76,Ocacional
13550604,33.42,Ocacional
13552495,17.68,Ocacional
13552640,1158.38,Frecuente
13558903,97.54,Ocacional
13561610,47.24,Ocacional
13561808,1300.61,Frecuente
13565747,5485.16,VIP
13567154,28.89,Ocacional
13568524,632.1,Ocacional
13574146,91.76,Ocacional
13575368,678.88,Ocacional
13575708,95.84,Ocacional
13578760,594.74,Ocacional
13579675,678.82,Ocacional
13580772,107.72,Ocacional
13581795,118.18,Ocacional
13584114,166.44,Ocacional
13584361,40.88,Ocacional
13586567,198.86,Ocacional
13589136,1611.86,Frecuente
13589703,97.54,Ocacional
13598404,347.68,Ocacional
13599605,80.2,Ocacional
13602858,73.02,Ocacional
13606607,109.92,Ocacional
13607354,97.08,Ocacional
13608763,71.94,Ocacional
13609426,46.72,Ocacional
13611133,1473.36,Frecuente
13612831,339.52,Ocacional
13615719,1797.9,Frecuente
13616629,761.01,Ocacional
13619421,63.56,Ocacional
13622603,753.5699999999999,Ocacional
13622787,126.52,Ocacional
13622859,667.14,Ocacional
13623056,100.34,Ocacional
13623123,68.34,Ocacional
13624400,257.8,Ocacional
13625423,55.12,Ocacional
13628198,3376.3,VIP
13630995,164.94,Ocacional
13635398,147.66,Ocacional
13636390,1246.54,Frecuente
13643903,280.6,Ocacional
13645456,39.2,Ocacional
13646126,353.6,Ocacional
13646301,200.7,Ocacional
13647337,94.0,Ocacional
13648518,53.34,Ocacional
13649293,57.44,Ocacional
13649413,3757.1400000000003,VIP
13653991,37.16,Ocacional
13656176,119.28,Ocacional
13657556,175.92000000000002,Ocacional
13660218,1539.28,Frecuente
13661908,742.26,Ocacional
13665782,65.1,Ocacional
13665968,90.6,Ocacional
13666275,120.54,Ocacional
13667156,71.26,Ocacional
13667834,105.4,Ocacional
13668017,81.76,Ocacional
13668955,1319.72,Frecuente
13669336,281.5,Ocacional
13669871,241.32,Ocacional
13673443,39.56,Ocacional
13675139,267.32,Ocacional
13678707,67.4,Ocacional
13683840,1370.46,Frecuente
13687091,642.04,Ocacional
13688924,43.18,Ocacional
13692706,502.78,Ocacional
13695392,140.38,Ocacional
13695551,484.78,Ocacional
13700326,105.12,Ocacional
13700515,342.42,Ocacional
13703468,571.72,Ocacional
13705186,564.72,Ocacional
13709385,540.72,Ocacional
13709852,1337.04,Frecuente
13710008,225.44,Ocacional
13710368,2137.02,Frecuente
13710506,29.6,Ocacional
13711734,117.1,Ocacional
13712039,24.14,Ocacional
13712659,681.34,Ocacional
13721320,150.94,Ocacional
13721986,233.06,Ocacional
13723113,544.64,Ocacional
13723735,878.96,Ocacional
13724402,487.94,Ocacional
13726202,314.7,Ocacional
13726970,239.62,Ocacional
13727562,1944.82,Frecuente
13730794,102.26,Ocacional
13735618,311.4,Ocacional
13736852,251.26,Ocacional
13738776,1731.28,Frecuente
13741598,289.82,Ocacional
13742067,324.38,Ocacional
13742617,180.7,Ocacional
13743271,98.92,Ocacional
13743431,434.6,Ocacional
13748824,27.88,Ocacional
13750024,66.38,Ocacional
13755862,207.22,Ocacional
13757272,287.06,Ocacional
13757875,26.12,Ocacional
13759559,943.62,Ocacional
13760507,145.8,Ocacional
13760655,105.54,Ocacional
13766200,401.42,Ocacional
13766202,826.68,Ocacional
13776147,210.06,Ocacional
13777132,205.26,Ocacional
13782307,655.48,Ocacional
13783453,952.78,Ocacional
13783774,515.56,Ocacional
13793040,50.010000000000005,Ocacional
13794518,365.6,Ocacional
13797050,295.48,Ocacional
13797112,89.74,Ocacional
13797175,2092.17,Frecuente
13797626,1204.53,Frecuente
13799308,149.76,Ocacional
13802507,53.52,Ocacional
13805785,1187.28,Frecuente
13806228,235.18,Ocacional
13806512,370.28,Ocacional
13806648,471.94,Ocacional
13808045,24.04,Ocacional
13811364,315.42,Ocacional
13814739,1009.92,Frecuente
13815238,2867.66,Frecuente
13815454,376.28,Ocacional
13815886,944.79,Ocacional
13817971,197.32,Ocacional
13818544,232.56,Ocacional
13818735,114.78,Ocacional
13820449,287.36,Ocacional
13821839,1424.31,Frecuente
13822458,1552.6,Frecuente
13823620,263.96999999999997,Ocacional
13825279,333.12,Ocacional
13827633,4054.0199999999995,VIP
13827818,676.2,Ocacional
13828616,369.54,Ocacional
13829570,807.4,Ocacional
13830223,1450.3,Frecuente
13833411,104.32,Ocacional
13834490,547.42,Ocacional
13835433,1115.54,Frecuente
13836163,983.3,Ocacional
13839071,3219.74,VIP
13839876,50.26,Ocacional
13840467,296.5,Ocacional
13840545,1637.96,Frecuente
13842559,668.02,Ocacional
13843496,98.7,Ocacional
13843632,723.34,Ocacional
13846194,43.58,Ocacional
13846388,2447.78,Frecuente
13848208,1915.22,Frecuente
13848215,713.18,Ocacional
13851811,559.04,Ocacional
13852143,371.22,Ocacional
13852150,2698.64,Frecuente
13855243,107.04,Ocacional
13855498,899.06,Ocacional
13855886,2215.58,Frecuente
13857875,243.8,Ocacional
13859120,126.58,Ocacional
13859648,2332.8,Frecuente
13860247,657.12,Ocacional
13860597,312.76,Ocacional
13861475,56.14,Ocacional
13862383,188.02,Ocacional
13865225,65.3,Ocacional
13865786,300.1,Ocacional
13866782,1286.1,Frecuente
13867797,739.54,Ocacional
13871654,1573.56,Frecuente
13872256,2092.18,Frecuente
13872801,2009.16,Frecuente
13872977,84.30000000000001,Ocacional
13874898,40.72,Ocacional
13875874,2619.7799999999997,Frecuente
13877884,278.28,Ocacional
13878074,60.6,Ocacional
13878990,93.24,Ocacional
13881458,33.56,Ocacional
13883942,364.3,Ocacional
13884331,499.22,Ocacional
13885979,134.42,Ocacional
13891336,459.0,Ocacional
13892991,1330.32,Frecuente
13894088,957.24,Ocacional
13895557,497.92,Ocacional
13895716,203.12,Ocacional
13896560,788.64,Ocacional
13896564,1254.64,Frecuente
13896619,76.06,Ocacional
13897365,214.32,Ocacional
13897897,71.56,Ocacional
13898422,1678.2199999999998,Frecuente
13899054,186.04000000000002,Ocacional
13900500,57.62,Ocacional
13900602,96.54,Ocacional
13900919,101.98,Ocacional
13902427,115.82,Ocacional
13902871,507.44,Ocacional
13902935,224.0,Ocacional
13903158,560.4,Ocacional
13904818,45.56,Ocacional
13905866,34.0,Ocacional
13909713,686.44,Ocacional
13913120,317.42,Ocacional
13914820,1940.64,Frecuente
13919159,658.64,Ocacional
13919712,103.18,Ocacional
13921518,125.72,Ocacional
13922890,88.32,Ocacional
13923710,649.64,Ocacional
13926859,636.2,Ocacional
13926903,216.12,Ocacional
13927500,48.64,Ocacional
13928706,12.46,Ocacional
13929365,1704.24,Frecuente
13930211,53.66,Ocacional
13930580,15.98,Ocacional
13932645,228.34,Ocacional
13933292,86.64,Ocacional
13937512,781.62,Ocacional
13939034,1178.04,Frecuente
13939405,820.42,Ocacional
13940221,275.8,Ocacional
13943634,276.64,Ocacional
13943890,3398.25,VIP
13944543,261.36,Ocacional
13947203,144.78,Ocacional
13948866,431.06,Ocacional
13948912,309.12,Ocacional
13952748,885.7,Ocacional
13953765,888.6299999999999,Ocacional
13955770,761.64,Ocacional
13957320,165.54,Ocacional
13960736,3295.74,VIP
13965763,758.18,Ocacional
13965961,3124.06,VIP
13970397,77.62,Ocacional
13970780,152.4,Ocacional
13971755,438.87,Ocacional
13976394,46.96,Ocacional
13976907,267.56,Ocacional
13978938,416.88,Ocacional
13979043,74.26,Ocacional
13982785,798.34,Ocacional
13983201,132.72,Ocacional
13986549,307.86,Ocacional
13986649,199.56,Ocacional
13986971,65.72,Ocacional
13992747,107.7,Ocacional
13994540,107.22,Ocacional
13997203,635.14,Ocacional
13998179,242.5,Ocacional
13998446,136.92,Ocacional
13999712,847.18,Ocacional
14000446,247.14,Ocacional
14001077,35.66,Ocacional
14001975,810.94,Ocacional
14003493,30.92,Ocacional
14004503,591.8,Ocacional
14004850,108.34,Ocacional
14006582,1221.64,Frecuente
14009553,236.66,Ocacional
14010537,2814.82,Frecuente
14013495,776.2,Ocacional
14014803,102.82,Ocacional
14016898,72.04,Ocacional
14017139,725.28,Ocacional
14017560,2465.94,Frecuente
14018667,90.18,Ocacional
14018800,36.52,Ocacional
14020042,933.36,Ocacional
14023496,16.8,Ocacional
14023859,380.84,Ocacional
14025815,2770.44,Frecuente
14028637,288.86,Ocacional
14030831,577.66,Ocacional
14032838,94.96,Ocacional
14034973,28.380000000000003,Ocacional
14039788,860.46,Ocacional
14040143,605.9,Ocacional
14040569,220.66,Ocacional
14040695,646.8,Ocacional
14040776,72.2,Ocacional
14042312,39.2,Ocacional
14043510,319.96,Ocacional
14043963,238.28,Ocacional
14044033,104.18,Ocacional
14045686,263.8,Ocacional
14048332,147.58,Ocacional
14049116,508.46000000000004,Ocacional
14051477,172.24,Ocacional
14053193,1108.7,Frecuente
14061266,300.7,Ocacional
14062608,92.08,Ocacional
14063206,22.88,Ocacional
14067945,60.8,Ocacional
14069677,58.2,Ocacional
14070716,300.42,Ocacional
14070773,71.54,Ocacional
14073876,586.28,Ocacional
14076060,87.68,Ocacional
14076155,99.24,Ocacional
14081455,519.2,Ocacional
14081587,108.66,Ocacional
14083826,387.44,Ocacional
14085108,748.56,Ocacional
14086615,107.24,Ocacional
14086699,573.8,Ocacional
14089219,1112.34,Frecuente
14091250,32.56,Ocacional
14091942,645.82,Ocacional
14093906,116.7,Ocacional
14094358,65.74,Ocacional
14097719,761.14,Ocacional
14099401,709.94,Ocacional
14101248,386.8,Ocacional
14102700,2576.44,Frecuente
14111029,519.8,Ocacional
14112231,132.72,Ocacional
14114016,169.66,Ocacional
14114704,408.03999999999996,Ocacional
14117265,107.34,Ocacional
14117889,23.1,Ocacional
14121940,838.22,Ocacional
14124144,2553.4,Frecuente
14124972,98.2,Ocacional
14126380,20.5,Ocacional
14126388,486.42,Ocacional
14126653,573.54,Ocacional
14132707,401.45,Ocacional
14134718,338.7,Ocacional
14135117,377.62,Ocacional
14138086,770.44,Ocacional
14140130,2022.88,Frecuente
14142745,322.92,Ocacional
14143207,46.38,Ocacional
14150273,210.52,Ocacional
14150699,637.7,Ocacional
14153173,98.54,Ocacional
14156152,59.3,Ocacional
14156235,1471.83,Frecuente
14156768,2085.42,Frecuente
14156811,391.4,Ocacional
14157483,67.02,Ocacional
14157537,4336.2300000000005,VIP
14157956,322.88,Ocacional
14158869,2453.52,Frecuente
14160229,42.24,Ocacional
14162977,171.32,Ocacional
14169186,225.92,Ocacional
14169380,275.62,Ocacional
14169543,46.76,Ocacional
14175616,76.94,Ocacional
14175889,187.14,Ocacional
14179514,1829.52,Frecuente
14179807,982.14,Ocacional
14180262,114.5,Ocacional
14180645,293.0,Ocacional
14183600,313.98,Ocacional
14183878,128.52,Ocacional
14187240,347.08,Ocacional
14189168,163.98,Ocacional
14191766,149.4,Ocacional
14196230,300.94,Ocacional
14201708,118.28999999999999,Ocacional
14203164,73.64,Ocacional
14207427,194.64,Ocacional
14208167,1912.76,Frecuente
14209280,28.22,Ocacional
14210483,478.76,Ocacional
14211340,2011.6000000000001,Frecuente
14215352,475.43999999999994,Ocacional
14215778,89.08,Ocacional
14220003,1268.4,Frecuente
14220459,96.54,Ocacional
14221291,435.42,Ocacional
14222724,2633.66,Frecuente
14227476,291.14,Ocacional
14231659,119.68,Ocacional
14235638,107.08,Ocacional
14238559,201.44,Ocacional
14243962,148.42,Ocacional
14244825,51.08,Ocacional
14246440,301.6,Ocacional
14247846,165.32,Ocacional
14248059,657.66,Ocacional
14248378,278.43,Ocacional
14248963,402.58,Ocacional
14249751,26.66,Ocacional
14250260,683.64,Ocacional
14252152,813.32,Ocacional
14252967,89.96,Ocacional
14255600,376.9,Ocacional
14257282,531.02,Ocacional
14258068,200.22,Ocacional
14260416,167.96,Ocacional
14260601,56.94,Ocacional
14268613,2108.3599999999997,Frecuente
14269718,243.46,Ocacional
14271542,116.3,Ocacional
14272215,402.8,Ocacional
14273158,505.52,Ocacional
14273568,943.6800000000001,Ocacional
14273886,107.92,Ocacional
14274401,264.56,Ocacional
14275045,71.56,Ocacional
14277421,754.76,Ocacional
14279155,165.35,Ocacional
14281437,772.36,Ocacional
14282269,159.84,Ocacional
14284138,786.68,Ocacional
14289585,538.06,Ocacional
14290134,769.17,Ocacional
14291131,281.34,Ocacional
14293107,97.1,Ocacional
14294961,265.14,Ocacional
14295702,875.72,Ocacional
14296592,172.12,Ocacional
14297494,58.18,Ocacional
14298198,30.4,Ocacional
14300275,2130.08,Frecuente
14302199,97.42,Ocacional
14303900,2643.08,Frecuente
14304196,389.26,Ocacional
14304817,135.24,Ocacional
14304959,57.74,Ocacional
14305718,60.06,Ocacional
14305857,52.96,Ocacional
14310591,72.48,Ocacional
14310835,86.6,Ocacional
14311247,1911.27,Frecuente
14317641,80.94,Ocacional
14323489,135.52,Ocacional
14328312,393.72,Ocacional
14329664,74.9,Ocacional
14330340,123.82,Ocacional
14332031,499.24,Ocacional
14332610,73.32,Ocacional
14332637,273.63,Ocacional
14333317,503.74,Ocacional
14334769,193.28,Ocacional
14336226,2070.96,Frecuente
14338384,96.56,Ocacional
14339018,192.4,Ocacional
14341577,69.27,Ocacional
14342422,341.94,Ocacional
14347236,37.08,Ocacional
14348822,2651.08,Frecuente
14350408,97.28,Ocacional
14351257,2026.7400000000002,Frecuente
14351914,774.16,Ocacional
14361718,1061.08,Frecuente
14365114,106.82,Ocacional
14365801,464.78,Ocacional
14366807,254.09000000000003,Ocacional
14371633,826.66,Ocacional
14372518,114.9,Ocacional
14373489,3085.74,VIP
14376617,597.1,Ocacional
14376744,186.1,Ocacional
14378191,238.06,Ocacional
14378591,83.14,Ocacional
14380066,487.42,Ocacional
14381871,105.04,Ocacional
14382275,349.14,Ocacional
14388005,53.78,Ocacional
14392550,126.44,Ocacional
14392700,133.36,Ocacional
14393628,56.74,Ocacional
14398982,1342.39,Frecuente
14400879,1436.96,Frecuente
14401308,42.8,Ocacional
14401599,243.78,Ocacional
14403553,1763.0,Frecuente
14405707,193.34,Ocacional
14406271,69.2,Ocacional
14408223,3622.17,VIP
14410326,2126.62,Frecuente
14411070,27.62,Ocacional
14411551,127.54,Ocacional
14414276,231.6,Ocacional
14415789,244.4,Ocacional
14416763,127.48,Ocacional
14416859,75.17999999999999,Ocacional
14418825,2357.02,Frecuente
14422627,148.42,Ocacional
14423874,233.4,Ocacional
14424303,772.48,Ocacional
14425020,293.48,Ocacional
14426986,173.4,Ocacional
14431931,56.7,Ocacional
14433089,287.06,Ocacional
14433107,2451.7,Frecuente
14434259,76.8,Ocacional
14434524,125.76,Ocacional
14434848,50.86,Ocacional
14436742,197.10000000000002,Ocacional
14439367,97.68,Ocacional
14441793,475.44,Ocacional
14442999,1888.52,Frecuente
14449162,75.78,Ocacional
14449256,79.62,Ocacional
14449946,711.38,Ocacional
14450436,108.42,Ocacional
14452778,214.22,Ocacional
14453433,16.64,Ocacional
14453758,1502.3,Frecuente
14454079,178.64,Ocacional
14456660,715.84,Ocacional
14458392,18.72,Ocacional
14461578,34.46,Ocacional
14463217,290.5,Ocacional
14463316,11.38,Ocacional
14464739,2270.84,Frecuente
14465121,261.58,Ocacional
14469359,126.44,Ocacional
14469980,67.12,Ocacional
14471527,694.94,Ocacional
14471967,77.08,Ocacional
14472867,301.06,Ocacional
14475843,2652.16,Frecuente
14479107,20.98,Ocacional
14483973,537.66,Ocacional
14486329,2711.72,Frecuente
14489160,726.1,Ocacional
14491963,498.94,Ocacional
14496193,3164.67,VIP
14497614,2620.6,Frecuente
14502203,670.44,Ocacional
14504240,217.02,Ocacional
14505268,438.92,Ocacional
14505847,105.8,Ocacional
14508158,988.98,Ocacional
14513272,1106.44,Frecuente
14516781,175.29,Ocacional
14518380,89.94,Ocacional
14518408,2052.02,Frecuente
14518493,211.35000000000002,Ocacional
14523922,261.12,Ocacional
14526152,665.28,Ocacional
14526735,1532.68,Frecuente
14527238,22.34,Ocacional
14529548,306.29999999999995,Ocacional
14532800,406.18,Ocacional
14533497,542.78,Ocacional
14534034,95.42,Ocacional
14535938,239.88,Ocacional
14536264,1071.02,Frecuente
14541341,530.44,Ocacional
14542584,564.1,Ocacional
14542663,129.93,Ocacional
14543953,32.9,Ocacional
14544227,627.44,Ocacional
14545319,54.8,Ocacional
14547998,710.9,Ocacional
14552309,258.33,Ocacional
14553201,4273.32,VIP
14553296,188.72,Ocacional
14553398,584.56,Ocacional
14555986,141.94,Ocacional
14556433,11.36,Ocacional
14557377,295.79999999999995,Ocacional
14568273,2966.3999999999996,Frecuente
14568867,16.8,Ocacional
14571214,43.64,Ocacional
14571889,57.4,Ocacional
14572248,37.4,Ocacional
14576013,154.18,Ocacional
14578028,119.78,Ocacional
14579048,111.68,Ocacional
14580591,690.3,Ocacional
14581789,356.9,Ocacional
14585273,99.3,Ocacional
14590627,32.56,Ocacional
14595343,648.4,Ocacional
14597660,1642.24,Frecuente
14600660,104.12,Ocacional
14602191,617.46,Ocacional
14602860,66.27,Ocacional
14603135,67.2,Ocacional
14603612,220.66,Ocacional
14607282,396.14,Ocacional
14607446,579.56,Ocacional
14610144,56.88,Ocacional
14614026,64.34,Ocacional
14618571,298.08,Ocacional
14660851,578.66,Ocacional
14667819,124.76,Ocacional
14676715,48.92,Ocacional
14688888,121.42,Ocacional
14699327,184.56,Ocacional
14710624,531.52,Ocacional
14711224,944.94,Ocacional
14712920,180.84,Ocacional
14716698,103.2,Ocacional
14718433,287.32,Ocacional
14723671,232.14,Ocacional
14723943,210.0,Ocacional
14724192,962.16,Ocacional
14732363,303.08,Ocacional
14732719,116.5,Ocacional
14735625,67.68,Ocacional
14737656,68.28,Ocacional
14740684,97.02,Ocacional
14743611,63.46,Ocacional
14744517,265.04,Ocacional
14744568,668.92,Ocacional
14744634,635.62,Ocacional
14745127,81.5,Ocacional
14745667,73.96,Ocacional
14748663,39.64,Ocacional
14753728,190.62,Ocacional
14754993,37.3,Ocacional
14756018,760.2,Ocacional
14757319,299.38,Ocacional
14760473,170.76,Ocacional
14765476,2789.98,Frecuente
14765618,694.6600000000001,Ocacional
14765689,196.66,Ocacional
14771289,3528.96,VIP
14772856,367.92,Ocacional
14773924,100.3,Ocacional
14774492,17.72,Ocacional
14775756,50.26,Ocacional
14777030,12.26,Ocacional
14779229,193.9,Ocacional
14780474,911.8199999999999,Ocacional
14782014,97.22,Ocacional
14782939,51.18000000000001,Ocacional
14783730,230.28,Ocacional
14785011,204.5,Ocacional
14787732,2142.44,Frecuente
14787997,2139.1099999999997,Frecuente
14789872,311.14,Ocacional
14790311,237.57,Ocacional
14790391,109.48,Ocacional
14792714,917.8,Ocacional
14794405,504.54,Ocacional
14798690,315.02,Ocacional
14803110,459.9,Ocacional
14803229,156.38,Ocacional
14804360,200.58,Ocacional
14804808,243.88,Ocacional
14806814,106.5,Ocacional
14808378,423.24,Ocacional
14811656,841.3199999999999,Ocacional
14816142,75.78,Ocacional
14816338,90.44999999999999,Ocacional
14816421,303.26,Ocacional
14817740,218.02,Ocacional
14817762,289.7,Ocacional
14817893,648.68,Ocacional
14818649,60.3,Ocacional
14818720,171.84,Ocacional
14818869,227.2,Ocacional
14819495,194.56,Ocacional
14821193,231.24,Ocacional
14821894,1054.8999999999999,Frecuente
14822047,873.48,Ocacional
14823625,272.5,Ocacional
14825374,771.1,Ocacional
14825520,330.94,Ocacional
14826637,2148.24,Frecuente
14828895,483.26,Ocacional
14831594,3277.0499999999997,VIP
14832633,2254.5,Frecuente
14833732,729.14,Ocacional
14834867,2021.6499999999999,Frecuente
14835167,378.68,Ocacional
14835307,1150.38,Frecuente
14839603,228.44,Ocacional
14844640,665.0,Ocacional
14844927,117.06,Ocacional
14846254,2218.92,Frecuente
14846810,139.47,Ocacional
14849129,1215.46,Frecuente
14849245,94.56,Ocacional
14850948,589.14,Ocacional
14853370,167.84,Ocacional
14855981,109.32,Ocacional
14861788,81.34,Ocacional
14869199,238.22,Ocacional
14870122,526.12,Ocacional
14873253,448.12,Ocacional
14878426,299.54,Ocacional
14878847,216.74,Ocacional
14879728,268.96,Ocacional
14889845,370.32,Ocacional
14890428,95.88,Ocacional
14891102,146.5,Ocacional
14892103,437.54,Ocacional
14892656,531.42,Ocacional
14895832,153.44,Ocacional
14899985,1528.0,Frecuente
14901160,258.02,Ocacional
14902491,366.53999999999996,Ocacional
14903153,1913.23,Frecuente
14904055,1428.44,Frecuente
14904145,370.52,Ocacional
14907923,145.94,Ocacional
14908321,183.98,Ocacional
14910741,336.14,Ocacional
14911347,331.5,Ocacional
14911904,30.6,Ocacional
14914693,2678.68,Frecuente
14915452,230.2,Ocacional
14918831,544.5,Ocacional
14919086,113.4,Ocacional
14919669,116.94,Ocacional
14926575,89.05,Ocacional
14927874,287.82,Ocacional
14929441,57.54,Ocacional
14929656,1690.62,Frecuente
14929705,2924.14,Frecuente
14933418,210.36,Ocacional
14935072,85.14,Ocacional
14935335,97.08,Ocacional
14939209,40.48,Ocacional
14940218,762.26,Ocacional
14941718,127.08,Ocacional
14942922,2300.04,Frecuente
14943692,2867.68,Frecuente
14947966,504.96,Ocacional
14949683,573.4,Ocacional
14951436,116.86,Ocacional
14951611,128.62,Ocacional
14952393,305.92,Ocacional
14953708,414.55,Ocacional
14958027,45.66,Ocacional
14958679,85.42,Ocacional
14960192,398.66,Ocacional
14961410,208.22,Ocacional
14964150,967.12,Ocacional
14964803,558.96,Ocacional
14966315,387.44,Ocacional
14966496,2296.68,Frecuente
14967181,166.76,Ocacional
14967447,204.38,Ocacional
14968765,217.48,Ocacional
14969601,2177.04,Frecuente
14970784,181.0,Ocacional
14973081,285.1,Ocacional
14973452,299.06,Ocacional
14974219,367.18,Ocacional
14974624,52.64,Ocacional
14974834,963.86,Ocacional
14979066,386.58,Ocacional
14979396,30.5,Ocacional
14985306,90.94,Ocacional
14988557,110.97,Ocacional
14989141,116.34,Ocacional
14992751,1525.04,Frecuente
14994759,496.16,Ocacional
14997362,67.94,Ocacional
15000947,1975.82,Frecuente
15001152,23.58,Ocacional
15001172,33.12,Ocacional
15001478,39.18,Ocacional
15003284,879.3,Ocacional
15004019,117.06,Ocacional
15006184,178.92000000000002,Ocacional
15009179,232.22,Ocacional
15009924,788.16,Ocacional
15016775,1461.7,Frecuente
15021439,584.6,Ocacional
15021509,710.8,Ocacional
15029044,1124.24,Frecuente
15029180,389.8,Ocacional
15029605,1954.34,Frecuente
15032011,361.16,Ocacional
15032776,186.5,Ocacional
15034092,560.48,Ocacional
15035288,755.15,Ocacional
15035496,49.58,Ocacional
15037460,46.62,Ocacional
15037773,895.42,Ocacional
15039219,218.28,Ocacional
15040970,208.22,Ocacional
15041298,101.26,Ocacional
15041803,117.28,Ocacional
15042321,227.32,Ocacional
15042927,177.06,Ocacional
15043528,47.92,Ocacional
15043550,1581.34,Frecuente
15044811,61.5,Ocacional
15050104,351.06,Ocacional
15050928,2742.58,Frecuente
15051816,230.67000000000002,Ocacional
15053013,171.22,Ocacional
15053689,764.76,Ocacional
15057727,103.12,Ocacional
15060430,90.04,Ocacional
15060749,402.68,Ocacional
15062884,2589.5,Frecuente
15067633,200.08,Ocacional
15068798,141.58,Ocacional
15069912,297.28,Ocacional
15072012,854.68,Ocacional
15072256,81.42,Ocacional
15072438,179.92,Ocacional
15072439,11.4,Ocacional
15080815,109.02,Ocacional
15083015,72.46,Ocacional
15088745,278.3,Ocacional
15089881,105.42,Ocacional
15091806,2274.04,Frecuente
15094133,541.18,Ocacional
15095025,119.46000000000001,Ocacional
15097859,462.54,Ocacional
15098135,2072.72,Frecuente
15102152,2229.68,Frecuente
15104059,623.56,Ocacional
15104564,49.32000000000001,Ocacional
15105861,91.28,Ocacional
15106430,119.46,Ocacional
15108687,194.56,Ocacional
15108895,916.32,Ocacional
15109620,126.96,Ocacional
15119740,199.48,Ocacional
15119942,37.98,Ocacional
15121620,208.66,Ocacional
15123120,116.28,Ocacional
15124393,2228.76,Frecuente
15124673,61.4,Ocacional
15125470,166.36,Ocacional
15128078,53.12,Ocacional
15130120,212.98,Ocacional
15130423,223.7,Ocacional
15131954,2912.82,Frecuente
15133068,62.0,Ocacional
15133106,338.36,Ocacional
15133258,168.38,Ocacional
15133603,333.08,Ocacional
15133727,77.62,Ocacional
15138700,29.9,Ocacional
15139174,183.02,Ocacional
15139238,3593.9700000000003,VIP
15140102,103.84,Ocacional
15141119,309.12,Ocacional
15142895,73.38,Ocacional
15144321,1481.79,Frecuente
15147252,210.3,Ocacional
15148259,157.16,Ocacional
15148443,109.6,Ocacional
15150586,709.98,Ocacional
15155243,1391.56,Frecuente
15157363,115.14,Ocacional
15157848,2004.74,Frecuente
15157997,812.5,Ocacional
15158963,169.46,Ocacional
15159037,33.24,Ocacional
15163741,17.74,Ocacional
15176330,395.7,Ocacional
15176986,2560.96,Frecuente
15177298,792.42,Ocacional
15178465,619.12,Ocacional
15179797,387.96,Ocacional
15180752,1222.5,Frecuente
15181798,97.12,Ocacional
15181975,106.76,Ocacional
15183384,2139.8,Frecuente
15184668,178.0,Ocacional
15185649,1336.0,Frecuente
15188935,400.66,Ocacional
15189501,433.56,Ocacional
15190814,250.94,Ocacional
15192149,72.8,Ocacional
15192667,122.18,Ocacional
15192826,703.78,Ocacional
15195098,953.06,Ocacional
15196705,651.8199999999999,Ocacional
15206960,159.5,Ocacional
15208544,341.42,Ocacional
15213376,555.5,Ocacional
15216112,477.12,Ocacional
15217613,55.22,Ocacional
15218509,54.42,Ocacional
15219201,197.96,Ocacional
15223492,1761.0,Frecuente
15223983,144.54,Ocacional
15224916,228.94,Ocacional
15225033,108.74,Ocacional
15227203,74.84,Ocacional
15227801,759.34,Ocacional
15228519,74.72,Ocacional
15229115,903.06,Ocacional
15231761,272.96,Ocacional
15236013,1944.69,Frecuente
15237969,133.12,Ocacional
15239711,149.56,Ocacional
15240260,108.46,Ocacional
15241015,50.04,Ocacional
15242524,902.9,Ocacional
15245900,182.42,Ocacional
15248145,637.18,Ocacional
15253960,29.6,Ocacional
15254106,985.1,Ocacional
15259207,332.44,Ocacional
15259481,938.56,Ocacional
15262453,977.92,Ocacional
15264340,944.14,Ocacional
15264934,63.84,Ocacional
15266656,180.58,Ocacional
15266950,139.18,Ocacional
15277082,10436.0,VIP
15278569,965.46,Ocacional
15278766,4113.15,VIP
15279376,484.18,Ocacional
15279413,675.2,Ocacional
15284205,27.52,Ocacional
15287564,991.56,Ocacional
15288679,236.66,Ocacional
15290624,23.64,Ocacional
15294302,281.66,Ocacional
15294543,112.77000000000001,Ocacional
15295219,26.62,Ocacional
15296825,1441.47,Frecuente
15298262,867.0,Ocacional
15300275,274.54,Ocacional
15300551,610.24,Ocacional
15301534,137.3,Ocacional
15304052,371.06,Ocacional
15305247,168.4,Ocacional
15310682,514.38,Ocacional
15311157,125.76,Ocacional
15312401,789.92,Ocacional
15313695,628.42,Ocacional
15314197,263.32,Ocacional
15316394,146.1,Ocacional
15318789,76.18,Ocacional
15319966,173.45,Ocacional
15324273,782.26,Ocacional
15326760,188.24,Ocacional
15327475,1266.16,Frecuente
15327562,149.96,Ocacional
15328180,305.1,Ocacional
15331321,142.92,Ocacional
15333523,1818.08,Frecuente
15335022,163.32,Ocacional
15341402,72.5,Ocacional
15342364,270.08,Ocacional
15344090,484.32,Ocacional
15344931,4361.82,VIP
15349207,900.48,Ocacional
15357077,77.96,Ocacional
15359316,641.22,Ocacional
15360126,334.32,Ocacional
15362248,85.64,Ocacional
15364398,73.64,Ocacional
15367221,546.9,Ocacional
15367725,85.7,Ocacional
15377500,52.96,Ocacional
15380973,87.94,Ocacional
15386017,340.3,Ocacional
15387635,2453.5,Frecuente
15387795,1383.28,Frecuente
15388687,1392.5,Frecuente
15390197,713.06,Ocacional
15392344,112.32,Ocacional
15401993,328.32,Ocacional
15402844,809.64,Ocacional
15404127,466.94,Ocacional
15404902,55.82,Ocacional
15406680,332.64,Ocacional
15409172,154.52,Ocacional
15409499,125.66,Ocacional
15417224,348.54,Ocacional
15419113,104.10000000000001,Ocacional
15422261,231.22,Ocacional
15423305,604.48,Ocacional
15423393,62.8,Ocacional
15425056,754.62,Ocacional
15426951,167.82,Ocacional
15427128,317.38,Ocacional
15431105,118.4,Ocacional
15432100,89.06,Ocacional
15432257,67.32000000000001,Ocacional
15435247,17.16,Ocacional
15436007,982.14,Ocacional
15436141,451.16,Ocacional
15437033,562.88,Ocacional
15437236,25.32,Ocacional
15437572,185.62,Ocacional
15437971,828.64,Ocacional
15438710,153.52,Ocacional
15438751,232.76,Ocacional
15444156,81.28,Ocacional
15453102,75.04,Ocacional
15454991,282.28,Ocacional
15455778,20.28,Ocacional
15458058,760.65,Ocacional
15465815,209.0,Ocacional
15467466,267.04,Ocacional
15469495,103.46,Ocacional
15472197,430.18,Ocacional
15477726,145.76,Ocacional
15481322,70.9,Ocacional
15483576,1824.34,Frecuente
15489185,720.26,Ocacional
15489830,58.82,Ocacional
15491715,219.34,Ocacional
15495413,147.5,Ocacional
15497001,66.16,Ocacional
15497222,2438.98,Frecuente
15498437,154.59,Ocacional
15498873,41.18,Ocacional
15500990,496.26,Ocacional
15502447,32.88,Ocacional
15508921,1044.94,Frecuente
15514797,98.58,Ocacional
15514972,72.7,Ocacional
15516375,423.57,Ocacional
15518016,90.18,Ocacional
15519157,1789.9,Frecuente
15524684,108.72,Ocacional
15525570,165.06,Ocacional
15525719,593.96,Ocacional
15526271,160.38,Ocacional
15530944,29.04,Ocacional
15531744,95.36,Ocacional
15532029,611.24,Ocacional
15536130,89.48,Ocacional
15536324,510.64,Ocacional
15542665,751.7,Ocacional
15545150,42.2,Ocacional
15546298,61.48,Ocacional
15549455,154.59,Ocacional
15551583,90.98,Ocacional
15552074,94.68,Ocacional
15555628,236.0,Ocacional
15555923,588.0,Ocacional
15559320,2378.13,Frecuente
15566897,595.5999999999999,Ocacional
15569319,1471.64,Frecuente
15569513,963.86,Ocacional
15569929,127.88,Ocacional
15570161,422.70000000000005,Ocacional
15570891,469.22,Ocacional
15573109,845.92,Ocacional
15573369,46.08,Ocacional
15574344,1667.54,Frecuente
15575753,461.7,Ocacional
15575961,1109.01,Frecuente
15576914,84.32,Ocacional
15577486,64.24,Ocacional
15578861,107.82,Ocacional
15581053,30.38,Ocacional
15583612,155.16,Ocacional
15584379,2305.58,Frecuente
15591549,112.08,Ocacional
15593130,33.74,Ocacional
15593370,578.6,Ocacional
15597126,102.54,Ocacional
15603907,477.64,Ocacional
15606039,460.54,Ocacional
15606177,277.8,Ocacional
15615198,22.06,Ocacional
15615253,84.64,Ocacional
15616965,335.42,Ocacional
15617735,2157.09,Frecuente
15620411,573.98,Ocacional
15622457,650.79,Ocacional
15622570,39.2,Ocacional
15623897,256.62,Ocacional
15630707,317.7,Ocacional
15634220,29.94,Ocacional
15634459,1988.34,Frecuente
15637554,140.54,Ocacional
15639931,104.04,Ocacional
15648097,60.8,Ocacional
15667146,254.18,Ocacional
15667586,224.8,Ocacional
15674604,214.0,Ocacional
15684526,275.26,Ocacional
15684817,2521.14,Frecuente
15688066,187.16,Ocacional
15690085,2951.26,Frecuente
15690666,141.76,Ocacional
15691002,53.38,Ocacional
15693666,1114.44,Frecuente
15695122,211.52,Ocacional
15698134,890.3,Ocacional
15701750,59.18,Ocacional
15702609,381.24,Ocacional
15703928,118.96,Ocacional
15704834,186.08,Ocacional
15708009,1715.74,Frecuente
15709171,801.76,Ocacional
15711228,235.92,Ocacional
15713721,387.82,Ocacional
15716332,29.06,Ocacional
15730258,52.3,Ocacional
15735935,185.28,Ocacional
15740554,2785.52,Frecuente
15740766,1092.26,Frecuente
15741841,3253.87,VIP
15746913,994.48,Ocacional
15748844,114.1,Ocacional
15752623,375.94,Ocacional
15754739,3561.99,VIP
15757042,68.6,Ocacional
15758531,3676.62,VIP
15762379,613.1,Ocacional
15765548,437.31000000000006,Ocacional
15765995,16.54,Ocacional
15769388,118.9,Ocacional
15774701,386.76,Ocacional
15780616,427.96,Ocacional
15782051,187.86,Ocacional
15785149,166.02,Ocacional
15787380,172.72,Ocacional
15787539,154.98,Ocacional
15788270,43.92,Ocacional
15793576,337.02,Ocacional
15794427,181.12,Ocacional
15797919,2897.78,Frecuente
15798100,71.72,Ocacional
15808945,212.56,Ocacional
15817960,170.72,Ocacional
15818884,786.96,Ocacional
15820003,347.28,Ocacional
15821092,820.36,Ocacional
15823837,2302.3,Frecuente
15827738,57.38,Ocacional
15829328,199.2,Ocacional
15832031,1792.84,Frecuente
15836687,42.2,Ocacional
15839894,2423.98,Frecuente
15840179,98.3,Ocacional
15845436,210.60000000000002,Ocacional
15846663,91.16,Ocacional
15849059,127.66,Ocacional
15853025,429.56,Ocacional
15857800,902.88,Ocacional
15858726,1727.7,Frecuente
15866083,592.22,Ocacional
15867129,348.36,Ocacional
15867445,160.5,Ocacional
15870307,13.42,Ocacional
15871343,194.68,Ocacional
15872188,2300.98,Frecuente
15876172,75.12,Ocacional
15879516,751.62,Ocacional
15882061,350.84,Ocacional
15884343,783.72,Ocacional
15885055,154.5,Ocacional
15885844,255.32,Ocacional
15888808,80.48,Ocacional
15892414,91.0,Ocacional
15897644,30.22,Ocacional
15897962,332.66,Ocacional
15903461,209.66,Ocacional
15906542,233.06,Ocacional
15906798,17.82,Ocacional
15906890,266.70000000000005,Ocacional
15907625,210.98,Ocacional
15911368,487.42,Ocacional
15913776,143.02,Ocacional
15915437,238.92,Ocacional
15917206,24.42,Ocacional
15917789,254.76,Ocacional
15917990,231.48,Ocacional
15918437,93.82,Ocacional
15919301,589.28,Ocacional
15919546,117.6,Ocacional
15923101,212.26,Ocacional
15923290,383.36,Ocacional
15932127,2713.68,Frecuente
15934947,635.3,Ocacional
15935212,180.42,Ocacional
15936330,41.56,Ocacional
15936332,162.3,Ocacional
15940555,202.98,Ocacional
15940633,232.98,Ocacional
15942149,238.4,Ocacional
15942849,140.34,Ocacional
15951671,190.24,Ocacional
15953818,165.84,Ocacional
15959602,174.82,Ocacional
15965180,224.82,Ocacional
15965598,690.3,Ocacional
15965636,449.12,Ocacional
15966022,2048.36,Frecuente
15968333,2217.7,Frecuente
15969212,207.28,Ocacional
15973636,765.26,Ocacional
15974156,201.48,Ocacional
15974311,1186.8000000000002,Frecuente
15986352,25.88,Ocacional
15986972,731.38,Ocacional
15988409,305.82,Ocacional
15988967,138.12,Ocacional
15990489,53.24,Ocacional
15993554,47.78,Ocacional
15994713,161.68,Ocacional
15997309,134.24,Ocacional
15998773,65.76,Ocacional
16001792,180.26,Ocacional
16005736,432.78,Ocacional
16007706,840.9,Ocacional
16011981,152.84,Ocacional
16012461,25.62,Ocacional
16013173,2761.18,Frecuente
16013202,241.14,Ocacional
16015208,614.62,Ocacional
16017418,33.72,Ocacional
16018342,214.74,Ocacional
16020756,2691.24,Frecuente
16022180,465.1,Ocacional
16024819,34.5,Ocacional
16025125,83.16,Ocacional
16027495,108.03,Ocacional
16029475,602.02,Ocacional
16034170,925.7,Ocacional
16034566,2146.66,Frecuente
16038539,2642.38,Frecuente
16042702,2309.48,Frecuente
16047162,223.77,Ocacional
16047488,54.269999999999996,Ocacional
16048941,187.9,Ocacional
16049446,829.44,Ocacional
16049544,2984.22,Frecuente
16049746,618.72,Ocacional
16052334,459.74,Ocacional
16054648,159.98,Ocacional
16054853,718.6,Ocacional
16060286,236.78,Ocacional
16062797,279.72,Ocacional
16063454,107.04,Ocacional
16065556,1123.1100000000001,Frecuente
16066305,601.66,Ocacional
16067847,99.82,Ocacional
16068363,2792.02,Frecuente
16068606,297.28,Ocacional
16070456,123.0,Ocacional
16071446,36.5,Ocacional
16072082,2281.84,Frecuente
16072144,114.02,Ocacional
16074697,2508.7200000000003,Frecuente
16075028,621.56,Ocacional
16077841,50.8,Ocacional
16079467,69.78,Ocacional
16079623,307.34,Ocacional
16081711,448.14,Ocacional
16083360,21.22,Ocacional
16094724,329.78,Ocacional
16097166,61.74,Ocacional
16102679,1373.26,Frecuente
16103204,169.32,Ocacional
16107948,338.84,Ocacional
16110242,846.8399999999999,Ocacional
16110275,220.66,Ocacional
16117487,1848.72,Frecuente
16118505,260.66,Ocacional
16124531,326.66,Ocacional
16125099,604.14,Ocacional
16126677,46.64,Ocacional
16132330,128.64,Ocacional
16132892,704.3199999999999,Ocacional
16137382,155.58,Ocacional
16138603,743.4599999999999,Ocacional
16142382,70.04,Ocacional
16143421,715.74,Ocacional
16144536,368.04,Ocacional
16146606,1740.0800000000002,Frecuente
16147886,24.36,Ocacional
16149891,949.18,Ocacional
16150001,200.08,Ocacional
16154209,114.0,Ocacional
16156305,48.54,Ocacional
16158773,445.28,Ocacional
16160195,1225.7,Frecuente
16162006,90.5,Ocacional
16166278,452.98,Ocacional
16167134,62.9,Ocacional
16167867,1986.7,Frecuente
16168859,336.0,Ocacional
16169437,230.0,Ocacional
16170488,367.02,Ocacional
16173336,215.12,Ocacional
16176479,2216.74,Frecuente
16177151,75.34,Ocacional
16178046,835.6800000000001,Ocacional
16179159,87.14,Ocacional
16180330,775.52,Ocacional
16180466,114.96,Ocacional
16186634,569.2,Ocacional
16187580,246.02,Ocacional
16188853,1093.32,Frecuente
16189295,395.12,Ocacional
16193364,2540.46,Frecuente
16194220,255.32,Ocacional
16195802,45.52,Ocacional
16198630,445.18,Ocacional
16198912,399.46,Ocacional
16200345,1456.58,Frecuente
16204543,1912.96,Frecuente
16207448,773.56,Ocacional
16208007,364.6,Ocacional
16208712,4061.2799999999997,VIP
16209711,66.22,Ocacional
16210631,280.38,Ocacional
16215491,30.82,Ocacional
16217030,351.36,Ocacional
16220815,653.22,Ocacional
16221796,573.76,Ocacional
16225768,40.92,Ocacional
16226432,143.0,Ocacional
16226841,320.24,Ocacional
16227867,984.06,Ocacional
16227911,159.92,Ocacional
16234548,445.68,Ocacional
16241511,232.58,Ocacional
16241523,660.44,Ocacional
16243638,128.66,Ocacional
16247087,667.34,Ocacional
16248528,263.24,Ocacional
16249872,477.56,Ocacional
16250463,2977.16,Frecuente
16254588,2496.46,Frecuente
16256826,212.2,Ocacional
16259680,778.98,Ocacional
16263361,326.48,Ocacional
16265674,82.18,Ocacional
16268811,207.54,Ocacional
16271276,248.1,Ocacional
16272415,532.18,Ocacional
16273806,151.02,Ocacional
16276269,81.64,Ocacional
16277670,1204.14,Frecuente
16282789,37.12,Ocacional
16283536,60.06,Ocacional
16284275,552.8,Ocacional
16289848,420.26,Ocacional
16292331,144.42,Ocacional
16292407,661.5,Ocacional
16292752,117.58,Ocacional
16293368,170.72,Ocacional
16298030,1774.48,Frecuente
16299786,513.42,Ocacional
16304550,267.36,Ocacional
16304932,1383.46,Frecuente
16310921,106.28,Ocacional
16313049,84.22,Ocacional
16314453,122.72,Ocacional
16316523,57.46,Ocacional
16317718,292.54,Ocacional
16319123,108.6,Ocacional
16322581,104.62,Ocacional
16322860,495.72,Ocacional
16325373,802.48,Ocacional
16328227,26.88,Ocacional
16328452,179.0,Ocacional
16329700,344.56,Ocacional
16329880,82.62,Ocacional
16332299,92.48,Ocacional
16332891,163.24,Ocacional
16339578,328.5,Ocacional
16341776,374.8,Ocacional
16343382,124.78,Ocacional
16345054,38.24,Ocacional
16346123,292.94,Ocacional
16348784,263.12,Ocacional
16355173,92.61,Ocacional
16355904,763.2,Ocacional
16356768,77.72,Ocacional
16357397,526.06,Ocacional
16358801,182.0,Ocacional
16363790,1034.95,Frecuente
16368558,210.48,Ocacional
16372415,709.22,Ocacional
16378242,106.66,Ocacional
16379498,479.54,Ocacional
16382353,1794.96,Frecuente
16383450,242.96,Ocacional
16384775,2591.16,Frecuente
16386109,116.58,Ocacional
16391827,585.84,Ocacional
16393100,730.4300000000001,Ocacional
16394419,154.5,Ocacional
16395039,701.92,Ocacional
16396260,220.66,Ocacional
16398473,767.02,Ocacional
16405877,95.38,Ocacional
16405990,22.92,Ocacional
16406829,2668.6,Frecuente
16409604,86.84,Ocacional
16415127,647.76,Ocacional
16415236,379.64,Ocacional
16418326,155.28,Ocacional
16421992,334.14,Ocacional
16422457,132.56,Ocacional
16425482,1096.44,Frecuente
16430866,1446.16,Frecuente
16431178,1360.98,Frecuente
16433138,990.54,Ocacional
16438453,72.7,Ocacional
16439448,61.36,Ocacional
16439769,79.06,Ocacional
16440101,102.1,Ocacional
16440109,255.32,Ocacional
16444318,234.94,Ocacional
16445225,1662.24,Frecuente
16450598,150.6,Ocacional
16454313,55.8,Ocacional
16454778,268.32,Ocacional
16461482,421.24,Ocacional
16465097,362.86,Ocacional
16465509,202.68,Ocacional
16465734,109.92,Ocacional
16470889,180.3,Ocacional
16471195,482.44,Ocacional
16472178,474.14,Ocacional
16473822,73.7,Ocacional
16474902,288.8,Ocacional
16474976,152.3,Ocacional
16482976,1877.82,Frecuente
16483351,912.38,Ocacional
16487795,74.01,Ocacional
16489073,34.0,Ocacional
16499405,143.32,Ocacional
16501552,69.2,Ocacional
16501745,152.64000000000001,Ocacional
16501885,409.38,Ocacional
16503652,187.7,Ocacional
16503853,85.46,Ocacional
16510569,633.42,Ocacional
16511857,2341.0,Frecuente
16515148,105.1,Ocacional
16515800,244.76,Ocacional
16516277,1439.67,Frecuente
16517084,2004.64,Frecuente
16517558,719.84,Ocacional
16518500,149.2,Ocacional
16518928,117.54,Ocacional
16520591,62.32,Ocacional
16521783,276.72,Ocacional
16530923,1067.5500000000002,Frecuente
16535972,276.94,Ocacional
16538610,82.54,Ocacional
16540496,85.0,Ocacional
16543212,173.04,Ocacional
16545851,166.14,Ocacional
16546059,2876.22,Frecuente
16554371,229.58,Ocacional
16555483,150.3,Ocacional
16558815,164.62,Ocacional
16559856,141.64,Ocacional
16564722,361.98,Ocacional
16565625,117.47999999999999,Ocacional
16567290,117.28,Ocacional
16569724,188.36,Ocacional
16569855,546.3,Ocacional
16572640,352.35,Ocacional
16573881,251.62,Ocacional
16574170,49.24,Ocacional
16574592,183.46,Ocacional
16575652,255.32,Ocacional
16579488,2866.98,Frecuente
16580996,1779.88,Frecuente
16585442,1909.66,Frecuente
16586799,99.18,Ocacional
16590127,936.21,Ocacional
16592857,568.86,Ocacional
16593356,125.5,Ocacional
16597785,2339.3,Frecuente
16600977,484.14,Ocacional
16606123,1567.16,Frecuente
16607123,128.82,Ocacional
16609130,326.32,Ocacional
16612662,1992.32,Frecuente
16620611,574.94,Ocacional
16624613,211.36,Ocacional
16630248,2280.98,Frecuente
16632878,432.88,Ocacional
16636470,44.38,Ocacional
16637572,125.03999999999999,Ocacional
16638283,317.8,Ocacional
16639431,34.46,Ocacional
16639768,572.58,Ocacional
16641065,276.3,Ocacional
16642576,399.42,Ocacional
16642696,520.38,Ocacional
16644141,109.82,Ocacional
16644292,1527.04,Frecuente
16644642,283.4,Ocacional
16645670,554.2,Ocacional
16645929,538.98,Ocacional
16651015,2243.88,Frecuente
16653807,764.32,Ocacional
16653866,735.1,Ocacional
16653942,4127.07,VIP
16656378,60.44,Ocacional
16662538,93.9,Ocacional
16664366,99.46,Ocacional
16664548,224.22,Ocacional
16671220,75.74,Ocacional
16673963,86.2,Ocacional
16679058,239.88,Ocacional
16680427,675.3,Ocacional
16680821,2410.12,Frecuente
16681451,52.38,Ocacional
16682715,111.14,Ocacional
16684380,191.54,Ocacional
16685116,48.66,Ocacional
16685888,1954.4099999999999,Frecuente
16686007,89.42,Ocacional
16686588,600.1800000000001,Ocacional
16691706,616.58,Ocacional
16691917,894.5999999999999,Ocacional
16691951,14.74,Ocacional
16695080,1757.18,Frecuente
16695389,302.06,Ocacional
16703373,66.32,Ocacional
16711944,45.24,Ocacional
16713260,188.62,Ocacional
16714474,84.24,Ocacional
16715886,1818.72,Frecuente
16716178,239.76,Ocacional
16717175,268.22,Ocacional
16721767,91.32,Ocacional
16721967,354.18,Ocacional
16722849,101.84,Ocacional
16724241,172.88,Ocacional
16727337,190.92000000000002,Ocacional
16728416,418.94000000000005,Ocacional
16735523,4699.5,VIP
16736596,2870.31,Frecuente
16740494,359.7,Ocacional
16741759,937.6099999999999,Ocacional
16743545,942.38,Ocacional
16743858,1438.2,Frecuente
16744999,107.08,Ocacional
16745239,442.16,Ocacional
16747383,608.28,Ocacional
16748028,101.62,Ocacional
16748749,672.22,Ocacional
16751135,307.56,Ocacional
16751688,57.48,Ocacional
16755080,1235.74,Frecuente
16755262,284.3,Ocacional
16759228,452.8,Ocacional
16761955,54.64,Ocacional
16762778,674.42,Ocacional
16767236,22.3,Ocacional
16767490,847.04,Ocacional
16771102,1697.88,Frecuente
16772676,72.56,Ocacional
16773665,201.16,Ocacional
16775503,63.34,Ocacional
16775863,221.92,Ocacional
16777849,250.2,Ocacional
16779137,520.64,Ocacional
16785460,222.14,Ocacional
16788239,2653.48,Frecuente
16797959,61.0,Ocacional
16798175,1408.44,Frecuente
16799569,592.18,Ocacional
16811495,1015.8,Frecuente
16811520,1338.76,Frecuente
16811911,219.66,Ocacional
16812225,92.08,Ocacional
16813209,92.08,Ocacional
16814944,2523.16,Frecuente
16823179,698.38,Ocacional
16823449,325.44,Ocacional
16824375,86.84,Ocacional
16826449,492.38,Ocacional
16826617,704.56,Ocacional
16826822,36.86,Ocacional
16829059,130.78,Ocacional
16829249,139.8,Ocacional
16831877,206.18,Ocacional
16834458,1082.88,Frecuente
16837353,271.18,Ocacional
16837891,343.48,Ocacional
16838194,2977.16,Frecuente
16839189,619.7,Ocacional
16842829,480.72,Ocacional
16846220,399.06,Ocacional
16846885,191.92,Ocacional
16851060,691.56,Ocacional
16852839,39.66,Ocacional
16853759,193.16,Ocacional
16853842,2689.78,Frecuente
16858061,71.32,Ocacional
16864800,446.94,Ocacional
16866822,684.92,Ocacional
16876096,92.08,Ocacional
16880382,452.24,Ocacional
16881160,793.84,Ocacional
16883386,495.6,Ocacional
16887829,825.2,Ocacional
16893320,102.88,Ocacional
16897375,1183.22,Frecuente
16898467,73.4,Ocacional
16901390,345.94,Ocacional
16911398,134.44,Ocacional
16913952,668.92,Ocacional
16915612,392.32,Ocacional
16917020,251.92,Ocacional
16919797,66.28,Ocacional
16922933,138.22,Ocacional
16923971,2595.24,Frecuente
16932751,2236.38,Frecuente
16936033,2784.64,Frecuente
16936406,674.6,Ocacional
16941074,81.9,Ocacional
16941817,50.44,Ocacional
16944627,977.9,Ocacional
16945810,869.86,Ocacional
16948613,277.74,Ocacional
16955111,28.56,Ocacional
16956679,439.14,Ocacional
16957533,106.04,Ocacional
16959102,115.0,Ocacional
16960159,396.52,Ocacional
16962437,768.42,Ocacional
16964248,2414.14,Frecuente
16965699,233.4,Ocacional
16965734,2342.6,Frecuente
16966547,433.6,Ocacional
16966591,116.44,Ocacional
16973550,708.34,Ocacional
16974894,193.6,Ocacional
16977156,396.26,Ocacional
16978648,347.5,Ocacional
16986999,15.96,Ocacional
16992445,877.04,Ocacional
16992703,190.94,Ocacional
16995888,626.16,Ocacional
16997024,112.42,Ocacional
16997345,523.88,Ocacional
16998267,264.64,Ocacional
17003757,2484.42,Frecuente
17006924,2417.32,Frecuente
17007255,991.56,Ocacional
17008509,746.62,Ocacional
17008807,354.98,Ocacional
17009472,915.34,Ocacional
17010521,240.8,Ocacional
17012165,283.08,Ocacional
17015074,46.58,Ocacional
17020047,948.36,Ocacional
17022528,256.68,Ocacional
17023357,531.16,Ocacional
17023554,2047.2,Frecuente
17027802,1601.04,Frecuente
17028971,20.02,Ocacional
17030714,142.14,Ocacional
17034672,128.58,Ocacional
17036313,22.72,Ocacional
17042922,300.48,Ocacional
17043946,475.44,Ocacional
17050261,3152.6200000000003,VIP
17050565,2546.9200000000005,Frecuente
17054241,22.94,Ocacional
17057824,92.2,Ocacional
17059654,1064.16,Frecuente
17060589,220.66,Ocacional
17062823,465.63,Ocacional
17065672,68.74,Ocacional
17076177,45.04,Ocacional
17078448,350.95,Ocacional
17081543,224.52,Ocacional
17085630,215.06,Ocacional
17087143,26.68,Ocacional
17094159,37.06,Ocacional
17095300,180.9,Ocacional
17096045,1712.02,Frecuente
17097963,75.08,Ocacional
17098730,188.25,Ocacional
17102297,778.82,Ocacional
17103113,191.8,Ocacional
17106595,63.0,Ocacional
17107137,357.54,Ocacional
17111379,306.6,Ocacional
17112134,88.91,Ocacional
17113923,125.16,Ocacional
17116812,158.13,Ocacional
17118861,56.16,Ocacional
17124927,256.3,Ocacional
17128037,182.44,Ocacional
17128424,921.21,Ocacional
17129477,87.84,Ocacional
17132431,22.88,Ocacional
17132963,172.54,Ocacional
17136552,1059.49,Frecuente
17141692,760.44,Ocacional
17145156,47.9,Ocacional
17146210,64.78,Ocacional
17147978,416.92,Ocacional
17148738,318.78,Ocacional
17152081,51.86,Ocacional
17152640,70.14,Ocacional
17155831,1534.4,Frecuente
17156296,104.02,Ocacional
17156912,259.26,Ocacional
17157548,261.28,Ocacional
17159675,156.21,Ocacional
17160748,844.04,Ocacional
17160961,34.28,Ocacional
17162250,1469.96,Frecuente
17167183,143.56,Ocacional
17170040,15.36,Ocacional
17171976,579.32,Ocacional
17172389,110.8,Ocacional
17174391,96.78,Ocacional
17176536,1240.36,Frecuente
17177309,572.46,Ocacional
17177355,59.56,Ocacional
17177741,101.76,Ocacional
17180829,164.98,Ocacional
17180949,2694.78,Frecuente
17182055,155.79,Ocacional
17182363,283.74,Ocacional
17187869,2572.32,Frecuente
17189829,265.82,Ocacional
17190398,828.04,Ocacional
17191992,2272.1,Frecuente
17194048,25.0,Ocacional
17194055,329.88,Ocacional
17201902,140.4,Ocacional
17209419,705.7,Ocacional
17211359,1674.54,Frecuente
17212763,149.22,Ocacional
17216773,16.06,Ocacional
17217392,84.74,Ocacional
17217459,717.66,Ocacional
17218390,874.24,Ocacional
17223642,24.2,Ocacional
17225589,13.58,Ocacional
17228715,388.66,Ocacional
17233281,449.14,Ocacional
17275844,99.06,Ocacional
17289176,53.62,Ocacional
17289843,24.88,Ocacional
17295014,1477.99,Frecuente
17295961,65.19,Ocacional
17296187,568.02,Ocacional
17296521,568.92,Ocacional
17296588,51.26,Ocacional
17301112,2746.9,Frecuente
17303458,91.0,Ocacional
17303815,115.6,Ocacional
17306812,483.45000000000005,Ocacional
17308408,666.4,Ocacional
17309432,195.56,Ocacional
17310682,135.75,Ocacional
17313521,1076.76,Frecuente
17318971,1087.96,Frecuente
17320451,775.52,Ocacional
17344749,315.86,Ocacional
17374772,877.3,Ocacional
17375987,64.58,Ocacional
17383906,286.56,Ocacional
17385714,100.14,Ocacional
17390448,910.42,Ocacional
17398974,208.28,Ocacional
17399516,286.56,Ocacional
17399967,332.64,Ocacional
17401353,311.02,Ocacional
17408277,21.38,Ocacional
17409172,1141.68,Frecuente
17409811,233.66,Ocacional
17410394,252.02,Ocacional
17410516,266.04,Ocacional
17413026,13.76,Ocacional
17416239,493.36,Ocacional
17417570,88.08,Ocacional
17418412,324.96,Ocacional
17420231,191.88,Ocacional
17421835,2833.68,Frecuente
17427019,2311.36,Frecuente
17427093,781.02,Ocacional
17430377,614.62,Ocacional
17433400,132.76,Ocacional
17434639,637.38,Ocacional
17436586,2237.62,Frecuente
17437437,98.26,Ocacional
17448944,115.14,Ocacional
17450646,305.58,Ocacional
17451751,529.2,Ocacional
17453528,171.06,Ocacional
17464883,46.6,Ocacional
17471391,76.89,Ocacional
17472453,236.84,Ocacional
17473569,96.62,Ocacional
17475207,58.36,Ocacional
17476043,105.62,Ocacional
17476846,143.76,Ocacional
17477779,220.82,Ocacional
17479116,237.3,Ocacional
17481873,1855.7400000000002,Frecuente
17486924,202.18,Ocacional
17488329,474.9,Ocacional
17491351,245.28,Ocacional
17491858,2387.26,Frecuente
17492261,45.36,Ocacional
17492983,1027.92,Frecuente
17501898,369.22,Ocacional
17504765,82.06,Ocacional
17504938,45.22,Ocacional
17505758,14.12,Ocacional
17509370,608.28,Ocacional
17512293,46.54,Ocacional
17520264,62.42,Ocacional
17522614,647.9,Ocacional
17526448,791.78,Ocacional
17529574,760.1,Ocacional
17531667,215.36,Ocacional
17535783,139.7,Ocacional
17540525,50.88,Ocacional
17542539,186.08,Ocacional
17546749,120.8,Ocacional
17549198,937.8,Ocacional
17550335,668.9399999999999,Ocacional
17552873,973.32,Ocacional
17552897,198.24,Ocacional
17559973,221.74,Ocacional
17565651,495.90000000000003,Ocacional
17565828,1997.64,Frecuente
17566888,98.84,Ocacional
17572286,102.82,Ocacional
17576259,337.66,Ocacional
17581277,260.18,Ocacional
17584307,47.5,Ocacional
17586951,685.0300000000001,Ocacional
17587189,136.96,Ocacional
17589490,2624.04,Frecuente
17589697,1165.1100000000001,Frecuente
17589956,45.72,Ocacional
17592366,27.0,Ocacional
17592469,238.48,Ocacional
17595125,97.18,Ocacional
17595536,738.1,Ocacional
17596951,509.78,Ocacional
17602359,503.14,Ocacional
17602365,864.78,Ocacional
17606573,125.54,Ocacional
17608131,1111.8600000000001,Frecuente
17608133,229.12,Ocacional
17608282,345.4,Ocacional
17615857,1162.36,Frecuente
17619419,2200.2,Frecuente
17624503,158.48,Ocacional
17626017,563.7,Ocacional
17626105,104.22,Ocacional
17628022,398.8,Ocacional
17629793,2808.7,Frecuente
17631200,126.86,Ocacional
17631930,29.84,Ocacional
17632599,521.7,Ocacional
17633071,184.26,Ocacional
17633431,2476.6,Frecuente
17638919,137.97,Ocacional
17639074,119.24,Ocacional
17646760,264.86,Ocacional
17646978,36.64,Ocacional
17649744,660.0,Ocacional
17655456,436.6,Ocacional
17657032,145.4,Ocacional
17658310,68.38,Ocacional
17662567,68.16,Ocacional
17662897,29.86,Ocacional
17665678,232.84,Ocacional
17670712,689.52,Ocacional
17673003,1115.9,Frecuente
17674158,1288.2,Frecuente
17680022,13.12,Ocacional
17680225,158.2,Ocacional
17680784,2606.98,Frecuente
17681617,81.46,Ocacional
17682914,83.16,Ocacional
17684842,867.62,Ocacional
17686249,228.9,Ocacional
17686569,143.28,Ocacional
17688198,2040.44,Frecuente
17689507,4113.15,VIP
17690764,220.66,Ocacional
17690878,118.38,Ocacional
17693311,342.78,Ocacional
17694774,117.84,Ocacional
17702832,69.04,Ocacional
17709000,892.22,Ocacional
17710749,622.11,Ocacional
17716085,119.28,Ocacional
17719739,193.9,Ocacional
17721015,198.78,Ocacional
17723736,1309.26,Frecuente
17724791,239.26,Ocacional
17730316,1023.48,Frecuente
17734059,120.98,Ocacional
17734198,239.88,Ocacional
17743952,522.14,Ocacional
17744754,312.04,Ocacional
17746174,66.18,Ocacional
17755017,145.58,Ocacional
17755209,465.54,Ocacional
17762161,97.5,Ocacional
17762286,209.0,Ocacional
17765806,80.4,Ocacional
17766947,208.9,Ocacional
17768765,580.84,Ocacional
17769680,295.12,Ocacional
17770584,316.56,Ocacional
17770825,939.98,Ocacional
17772500,80.94,Ocacional
17775124,308.2,Ocacional
17778484,24.02,Ocacional
17783060,361.74,Ocacional
17783595,59.6,Ocacional
17788419,18.54,Ocacional
17788820,649.48,Ocacional
17789115,356.58,Ocacional
17791502,741.24,Ocacional
17792403,939.3000000000001,Ocacional
17793249,791.78,Ocacional
17796558,81.12,Ocacional
17796778,516.78,Ocacional
17797437,86.2,Ocacional
17797705,2606.84,Frecuente
17800363,119.62,Ocacional
17805126,220.2,Ocacional
17810942,65.44,Ocacional
17815803,1805.5,Frecuente
17817839,760.08,Ocacional
17821456,252.06,Ocacional
17822223,203.24,Ocacional
17822867,156.04,Ocacional
17823252,1088.94,Frecuente
17824990,23.44,Ocacional
17829873,348.34,Ocacional
17830393,127.52,Ocacional
17831364,2505.04,Frecuente
17839785,99.27000000000001,Ocacional
17849405,252.52,Ocacional
17849944,105.89999999999999,Ocacional
17850010,283.94,Ocacional
17853204,676.5999999999999,Ocacional
17862575,763.89,Ocacional
17864715,855.58,Ocacional
17867374,223.82999999999998,Ocacional
17870367,551.88,Ocacional
17870914,186.66,Ocacional
17873099,47.36,Ocacional
17873989,375.44,Ocacional
17888201,381.68,Ocacional
17888455,446.31000000000006,Ocacional
17896229,598.56,Ocacional
17896630,951.74,Ocacional
17898575,277.88,Ocacional
17902453,485.66,Ocacional
17906308,1957.2,Frecuente
17907387,589.66,Ocacional
17908692,92.48,Ocacional
17909829,139.59,Ocacional
17910202,1153.1399999999999,Frecuente
17912303,372.7,Ocacional
17915586,138.62,Ocacional
17916485,944.94,Ocacional
17921229,37.96,Ocacional
17922174,546.36,Ocacional
17922308,52.4,Ocacional
17927217,1300.76,Frecuente
17933574,183.24,Ocacional
17935568,373.35,Ocacional
17936038,1137.58,Frecuente
17938258,62.46,Ocacional
17938320,172.1,Ocacional
17938479,212.32,Ocacional
17940315,520.82,Ocacional
17941789,979.83,Ocacional
17944480,63.72,Ocacional
17946324,204.88,Ocacional
17946575,202.8,Ocacional
17946707,975.08,Ocacional
17947080,712.76,Ocacional
17952160,457.44,Ocacional
17952816,45.26,Ocacional
17957933,255.66,Ocacional
17958951,216.46,Ocacional
17968227,87.1,Ocacional
17973327,513.38,Ocacional
17975466,173.14,Ocacional
17978060,201.6,Ocacional
17979405,198.36,Ocacional
17981931,65.28,Ocacional
17982183,55.38,Ocacional
17986052,13.66,Ocacional
17992778,320.3,Ocacional
18000040,2240.8,Frecuente
18003381,462.88,Ocacional
18004553,448.76,Ocacional
18009274,59.56,Ocacional
18009792,684.92,Ocacional
18012306,564.86,Ocacional
18013107,169.76,Ocacional
18019422,134.04,Ocacional
18019470,50.12,Ocacional
18023173,907.58,Ocacional
18023559,4102.47,VIP
18026530,61.47,Ocacional
18028363,24.84,Ocacional
18033932,154.68,Ocacional
18036534,59.88,Ocacional
18037488,38.38,Ocacional
18037917,294.68,Ocacional
18040171,2004.46,Frecuente
18041956,451.09,Ocacional
18042615,72.34,Ocacional
18042632,441.8,Ocacional
18043716,2679.06,Frecuente
18047060,129.35999999999999,Ocacional
18048083,293.14,Ocacional
18049886,239.88,Ocacional
18050551,402.45000000000005,Ocacional
18050632,23.28,Ocacional
18053854,559.5,Ocacional
18054905,279.22,Ocacional
18059019,41.72,Ocacional
18062403,658.82,Ocacional
18064400,257.64,Ocacional
18068133,141.64,Ocacional
18068996,316.48,Ocacional
18070488,2348.18,Frecuente
18072106,31.0,Ocacional
18072602,184.44,Ocacional
18074147,803.4,Ocacional
18075888,59.36,Ocacional
18076436,897.03,Ocacional
18077463,738.78,Ocacional
18089180,57.92,Ocacional
18093938,1040.56,Frecuente
18107295,159.54,Ocacional
18108299,506.3,Ocacional
18109598,115.14,Ocacional
18113560,1540.72,Frecuente
18115723,172.78,Ocacional
18118142,1500.22,Frecuente
18120831,417.5,Ocacional
18121777,682.9,Ocacional
18121781,110.68,Ocacional
18123815,83.08,Ocacional
18125549,21.72,Ocacional
18127754,187.0,Ocacional
18127819,2216.74,Frecuente
18128940,483.34,Ocacional
18130520,79.2,Ocacional
18131652,1459.98,Frecuente
18133227,778.98,Ocacional
18134102,1906.52,Frecuente
18138945,245.52,Ocacional
18140664,1473.68,Frecuente
18141226,1150.66,Frecuente
18142562,865.48,Ocacional
18142588,4419.66,VIP
18143907,44.6,Ocacional
18144248,93.22,Ocacional
18146945,2430.54,Frecuente
18147150,1848.72,Frecuente
18147294,1990.46,Frecuente
18149051,1936.52,Frecuente
18149648,4137.33,VIP
18151709,103.18,Ocacional
18152189,706.36,Ocacional
18152197,1436.67,Frecuente
18154274,74.48,Ocacional
18156817,187.38,Ocacional
18160167,369.74,Ocacional
18163329,1657.04,Frecuente
18166644,11.84,Ocacional
18167160,460.4,Ocacional
18168048,371.54,Ocacional
18168215,878.14,Ocacional
18170286,359.28000000000003,Ocacional
18171334,668.28,Ocacional
18174166,42.62,Ocacional
18174618,192.98,Ocacional
18177089,375.34,Ocacional
18181418,238.64,Ocacional
18181568,624.4,Ocacional
18182420,1283.3700000000001,Frecuente
18183178,900.94,Ocacional
18183886,341.94,Ocacional
18186147,607.4399999999999,Ocacional
18198559,628.71,Ocacional
18198713,176.84,Ocacional
18201043,176.34,Ocacional
18204892,1444.46,Frecuente
18206002,211.14,Ocacional
18206452,548.96,Ocacional
18212035,562.28,Ocacional
18215871,513.42,Ocacional
18218843,304.74,Ocacional
18221002,44.3,Ocacional
18221646,719.72,Ocacional
18228698,158.36,Ocacional
18231425,221.86,Ocacional
18231550,105.3,Ocacional
18232091,753.16,Ocacional
18235856,546.32,Ocacional
18235865,423.6,Ocacional
18236002,184.54,Ocacional
18236285,287.9,Ocacional
18240320,165.88,Ocacional
18246487,843.3,Ocacional
18247340,450.08,Ocacional
18248413,550.1,Ocacional
18250146,795.42,Ocacional
18251019,53.3,Ocacional
18253196,993.9,Ocacional
18256077,155.56,Ocacional
18257991,150.86,Ocacional
18259218,177.12,Ocacional
18259846,127.08,Ocacional
18262088,69.32,Ocacional
18268828,335.84,Ocacional
18277178,251.18,Ocacional
18280984,362.72,Ocacional
18281002,327.16,Ocacional
18282382,268.24,Ocacional
18283005,98.06,Ocacional
18283909,107.22,Ocacional
18285383,2414.8,Frecuente
18287109,23.2,Ocacional
18287146,201.82,Ocacional
18291174,2255.82,Frecuente
18294671,230.88,Ocacional
18304921,151.5,Ocacional
18306542,251.34,Ocacional
18307736,357.32,Ocacional
18309495,47.78,Ocacional
18310543,40.82,Ocacional
18320896,123.3,Ocacional
18327021,29.6,Ocacional
18327857,491.64,Ocacional
18328538,2860.02,Frecuente
18330806,2402.2999999999997,Frecuente
18335150,1043.16,Frecuente
18338640,201.0,Ocacional
18345633,41.34,Ocacional
18353034,941.14,Ocacional
18356534,42.24,Ocacional
18366078,2012.4,Frecuente
18370724,202.86,Ocacional
18374227,128.76,Ocacional
18377299,4295.88,VIP
18377541,618.68,Ocacional
18381634,338.88,Ocacional
18383566,591.56,Ocacional
18385781,925.88,Ocacional
18386240,741.2,Ocacional
18387258,358.52,Ocacional
18389468,102.56,Ocacional
18391033,385.14,Ocacional
18391245,771.86,Ocacional
18393314,2298.42,Frecuente
18395288,186.42,Ocacional
18396067,100.02,Ocacional
18396597,2896.24,Frecuente
18396726,197.26,Ocacional
18401072,637.48,Ocacional
18401341,107.26,Ocacional
18403208,740.04,Ocacional
18408084,2274.64,Frecuente
18409255,81.18,Ocacional
18409948,1795.12,Frecuente
18411704,2514.92,Frecuente
18411956,203.66,Ocacional
18419817,77.6,Ocacional
18422272,1101.9,Frecuente
18428224,246.87,Ocacional
18429167,236.38,Ocacional
18429434,1155.48,Frecuente
18429781,272.0,Ocacional
18432267,213.18,Ocacional
18439703,1613.8,Frecuente
18440437,1424.16,Frecuente
18440650,426.54,Ocacional
18440655,195.66,Ocacional
18443378,84.34,Ocacional
18448638,71.08,Ocacional
18454467,320.2,Ocacional
18457711,111.4,Ocacional
18457714,290.32,Ocacional
18462553,346.06,Ocacional
18466485,104.46,Ocacional
18467665,729.78,Ocacional
18470844,49.96,Ocacional
18471045,167.08,Ocacional
18471267,118.06,Ocacional
18473931,144.92,Ocacional
18475050,2925.44,Frecuente
18477398,24.18,Ocacional
18483017,92.4,Ocacional
18488690,126.0,Ocacional
18490110,157.0,Ocacional
18491342,4259.58,VIP
18493131,30.66,Ocacional
18495860,319.02,Ocacional
18499617,200.8,Ocacional
18505252,508.56000000000006,Ocacional
18505999,343.06,Ocacional
18506224,388.84,Ocacional
18506470,85.62,Ocacional
18512468,1156.16,Frecuente
18514496,168.98,Ocacional
18516271,38.08,Ocacional
18524852,866.5799999999999,Ocacional
18525838,529.36,Ocacional
18526237,257.5,Ocacional
18532107,1328.5500000000002,Frecuente
18534853,149.22,Ocacional
18536768,2945.9700000000003,Frecuente
18538136,73.96,Ocacional
18541762,180.9,Ocacional
18543803,87.53999999999999,Ocacional
18545475,381.38,Ocacional
18547748,527.92,Ocacional
18556263,2111.7599999999998,Frecuente
18559663,43.53,Ocacional
18559881,476.88,Ocacional
18567335,2815.78,Frecuente
18568068,140.72,Ocacional
18570293,38.12,Ocacional
18572413,142.2,Ocacional
18572459,32.3,Ocacional
18572593,422.46,Ocacional
18573134,693.6,Ocacional
18574658,229.38,Ocacional
18575429,283.54,Ocacional
18580875,873.9,Ocacional
18582682,441.04999999999995,Ocacional
18583766,866.62,Ocacional
18589164,85.96,Ocacional
18591367,48.1,Ocacional
18592210,967.98,Ocacional
18596023,234.54,Ocacional
18599284,163.96,Ocacional
18599299,218.58,Ocacional
18605248,1984.92,Frecuente
18608994,1106.22,Frecuente
18613667,325.28,Ocacional
18614423,131.38,Ocacional
18616643,103.64,Ocacional
18617678,1854.51,Frecuente
18619400,55.88,Ocacional
18631833,101.24,Ocacional
18634054,317.62,Ocacional
18635206,219.32,Ocacional
18638232,1194.12,Frecuente
18651905,182.1,Ocacional
18652425,202.86,Ocacional
18655138,90.56,Ocacional
18657713,37.98,Ocacional
18662540,19.32,Ocacional
18664571,919.32,Ocacional
18666788,29.6,Ocacional
18673883,122.96,Ocacional
18673906,82.08,Ocacional
18678994,197.1,Ocacional
18682629,2679.52,Frecuente
18683628,425.3,Ocacional
18686037,142.88,Ocacional
18692589,232.24,Ocacional
18701121,642.94,Ocacional
18703427,71.2,Ocacional
18707011,644.56,Ocacional
18709136,812.66,Ocacional
18710442,829.62,Ocacional
18710522,159.9,Ocacional
18712043,378.92,Ocacional
18715249,315.6,Ocacional
18718208,195.0,Ocacional
18720230,208.24,Ocacional
18721224,19.26,Ocacional
18723409,2458.52,Frecuente
18723801,643.48,Ocacional
18726314,2505.62,Frecuente
18727988,527.1,Ocacional
18730672,2233.58,Frecuente
18732677,765.96,Ocacional
18733920,495.32,Ocacional
18740507,375.86,Ocacional
18744507,333.12,Ocacional
18746606,1989.28,Frecuente
18747259,73.8,Ocacional
18747782,60.9,Ocacional
18749606,490.0,Ocacional
18753781,340.66,Ocacional
18754580,246.96,Ocacional
18763422,520.5,Ocacional
18766442,100.62,Ocacional
18769267,176.7,Ocacional
18774902,108.98,Ocacional
18775831,56.74,Ocacional
18777098,352.04,Ocacional
18785860,325.44,Ocacional
18787311,214.16,Ocacional
18787320,15.76,Ocacional
18787352,99.58,Ocacional
18790776,2059.56,Frecuente
18793826,1762.5,Frecuente
18806737,79.76,Ocacional
18824121,180.9,Ocacional
18832433,2391.16,Frecuente
18833186,23.22,Ocacional
18838262,161.14,Ocacional
18840355,400.24,Ocacional
18840719,342.86,Ocacional
18843169,823.4,Ocacional
18845718,531.2,Ocacional
18845788,355.82,Ocacional
18850976,181.94,Ocacional
18852448,1253.42,Frecuente
18855469,57.5,Ocacional
18857055,13.84,Ocacional
18857630,2237.56,Frecuente
18857861,112.38,Ocacional
18857971,163.6,Ocacional
18863475,546.02,Ocacional
18864484,383.14,Ocacional
18868537,233.38,Ocacional
18870091,71.54,Ocacional
18873710,88.9,Ocacional
18874786,48.74,Ocacional
18875443,298.02,Ocacional
18877853,2111.22,Frecuente
18878598,392.96,Ocacional
18884031,119.64,Ocacional
18892315,338.7,Ocacional
18893235,83.48,Ocacional
18893992,108.78,Ocacional
18897493,119.38,Ocacional
18897502,439.4,Ocacional
18899165,335.76,Ocacional
18899764,534.24,Ocacional
18901865,51.96,Ocacional
18902150,316.48,Ocacional
18905306,184.24,Ocacional
18906257,465.14,Ocacional
18906339,22.4,Ocacional
18907162,143.48,Ocacional
18910817,418.34,Ocacional
18912602,961.06,Ocacional
18916293,1971.46,Frecuente
18918178,134.98,Ocacional
18922253,388.02,Ocacional
18926381,88.74,Ocacional
18930909,21.36,Ocacional
18941441,344.34,Ocacional
18942153,436.8,Ocacional
18944699,759.56,Ocacional
18947829,525.44,Ocacional
18953670,753.36,Ocacional
18958747,277.98,Ocacional
18969918,137.26,Ocacional
18970823,252.22,Ocacional
18973742,481.32,Ocacional
18983127,255.76,Ocacional
18984005,2383.2,Frecuente
18986938,92.26,Ocacional
18989594,255.32,Ocacional
18990225,618.56,Ocacional
18999831,850.42,Ocacional
19005040,86.04,Ocacional
19005199,30.4,Ocacional
19013327,51.84,Ocacional
19014704,1845.76,Frecuente
19015209,212.12,Ocacional
19016816,745.4,Ocacional
19018436,633.9,Ocacional
19020796,18.56,Ocacional
19030086,285.6,Ocacional
19031645,44.86,Ocacional
19035009,744.46,Ocacional
19035700,103.32,Ocacional
19035921,320.72,Ocacional
19045177,445.18,Ocacional
19048159,410.58000000000004,Ocacional
19052001,29.08,Ocacional
19052628,176.28,Ocacional
19056189,158.84,Ocacional
19058164,239.96,Ocacional
19061408,239.42,Ocacional
19061686,112.84,Ocacional
19064783,19.84,Ocacional
19066278,1455.72,Frecuente
19067941,2943.2,Frecuente
19071290,98.08,Ocacional
19072505,43.12,Ocacional
19093994,652.56,Ocacional
19108839,769.8,Ocacional
19112664,737.79,Ocacional
19113999,14.26,Ocacional
19117155,742.9200000000001,Ocacional
19118352,112.26,Ocacional
19130254,127.98,Ocacional
19130925,32.62,Ocacional
19138173,149.22,Ocacional
19139666,180.9,Ocacional
19141129,1351.76,Frecuente
19142200,53.76,Ocacional
19143317,186.81,Ocacional
19143534,460.88,Ocacional
19146118,42.86,Ocacional
19146630,58.3,Ocacional
19147904,395.7,Ocacional
19150835,23.94,Ocacional
19156423,474.63,Ocacional
19160929,564.48,Ocacional
19162339,363.94,Ocacional
19171725,1620.28,Frecuente
19172666,585.46,Ocacional
19172824,681.54,Ocacional
19173779,368.06,Ocacional
19174393,60.06,Ocacional
19175251,26.08,Ocacional
19178467,1716.2,Frecuente
19187517,277.26,Ocacional
19193080,1383.28,Frecuente
19196729,139.68,Ocacional
19197177,356.2,Ocacional
19197926,990.54,Ocacional
19199963,50.78,Ocacional
19201830,345.4,Ocacional
19207610,2380.98,Frecuente
19208397,330.3,Ocacional
19209779,63.9,Ocacional
19210608,278.28,Ocacional
19214699,12.4,Ocacional
19217911,654.54,Ocacional
19221728,47.44,Ocacional
19223067,2258.58,Frecuente
19223886,244.8,Ocacional
19225808,317.78,Ocacional
19228797,2504.66,Frecuente
19233606,124.84,Ocacional
19236382,115.26,Ocacional
19282386,3785.3999999999996,VIP
19323174,614.1,Ocacional
19342886,62.64,Ocacional
19359587,95.5,Ocacional
19503301,50.82,Ocacional
19505790,69.12,Ocacional
19505898,54.86,Ocacional
19507533,302.44,Ocacional
19513742,17.24,Ocacional
19538187,264.12,Ocacional
19558150,67.7,Ocacional
19563271,817.0,Ocacional
19625674,933.7,Ocacional
19698075,82.64,Ocacional
19772846,472.9,Ocacional
19775008,988.7,Ocacional
19776676,546.4100000000001,Ocacional
19777963,1494.36,Frecuente
19778543,688.82,Ocacional
19780728,102.52,Ocacional
19788964,16.92,Ocacional
19796782,534.24,Ocacional
19799113,2522.16,Frecuente
19805826,3576.51,VIP
19810249,60.9,Ocacional
19813630,230.06,Ocacional
19821339,292.72,Ocacional
19823266,404.56,Ocacional
19825480,7442.9,VIP
19829849,49.34,Ocacional
19849126,73.58,Ocacional
19853916,162.62,Ocacional
19856876,181.52,Ocacional
19860890,210.5,Ocacional
19863975,86.6,Ocacional
19877706,41.12,Ocacional
19879095,156.96,Ocacional
19885264,82.2,Ocacional
19885600,388.32,Ocacional
19887163,280.28,Ocacional
19890398,582.8,Ocacional
19892569,222.82,Ocacional
19895071,1116.4,Frecuente
19896925,642.24,Ocacional
19897155,258.88,Ocacional
19897583,12.16,Ocacional
19897994,56.62,Ocacional
19898032,256.72,Ocacional
19901573,1986.28,Frecuente
19903186,108.78,Ocacional
19905083,891.36,Ocacional
19912903,842.34,Ocacional
19914034,13.6,Ocacional
19915077,434.58,Ocacional
19916941,846.72,Ocacional
19923330,55.5,Ocacional
19923466,1101.46,Frecuente
19926088,304.06,Ocacional
19941675,706.94,Ocacional
19945035,39.72,Ocacional
19947522,4114.88,VIP
19949307,79.0,Ocacional
19952141,86.14,Ocacional
19954070,22.78,Ocacional
19954582,223.6,Ocacional
19955266,871.06,Ocacional
19963203,200.2,Ocacional
19967910,282.92,Ocacional
19969253,2190.6000000000004,Frecuente
19969459,92.08,Ocacional
19972762,172.44,Ocacional
19974467,391.59000000000003,Ocacional
19980812,553.24,Ocacional
19982467,285.82,Ocacional
19985935,540.16,Ocacional
19988649,765.72,Ocacional
19991035,31.6,Ocacional
19999829,398.26,Ocacional
20004048,327.46,Ocacional
20004245,669.6,Ocacional
20019509,399.24,Ocacional
20021289,398.66,Ocacional
20021526,147.84,Ocacional
20024851,772.52,Ocacional
20025599,850.12,Ocacional
20026531,766.34,Ocacional
20034758,700.04,Ocacional
20039582,347.15999999999997,Ocacional
20042089,744.34,Ocacional
20042611,254.54999999999998,Ocacional
20043143,117.1,Ocacional
20044750,202.04,Ocacional
20048553,40.2,Ocacional
20049228,383.66,Ocacional
20053366,71.08,Ocacional
20053767,246.76,Ocacional
20055170,15.96,Ocacional
20056533,123.44,Ocacional
20056678,332.64,Ocacional
20064859,144.04,Ocacional
20066577,288.4,Ocacional
20069676,648.24,Ocacional
20073000,842.22,Ocacional
20077209,206.94,Ocacional
20077745,258.88,Ocacional
20085664,86.5,Ocacional
20092715,1084.71,Frecuente
20094027,113.38,Ocacional
20096056,1130.28,Frecuente
20096067,56.42,Ocacional
20096198,273.28,Ocacional
20098151,6531.16,VIP
20102580,29.78,Ocacional
20102678,153.92,Ocacional
20104836,1919.56,Frecuente
20105999,679.7,Ocacional
20110192,669.0799999999999,Ocacional
20111538,127.16,Ocacional
20113660,176.64,Ocacional
20124178,38.16,Ocacional
20125304,296.02,Ocacional
20130172,892.22,Ocacional
20139639,494.42,Ocacional
20143632,41.76,Ocacional
20149726,724.88,Ocacional
20151594,137.74,Ocacional
20153919,25.76,Ocacional
20155868,937.68,Ocacional
20161247,73.84,Ocacional
20163162,336.42,Ocacional
20167644,107.0,Ocacional
20174063,565.22,Ocacional
20174358,583.24,Ocacional
20180585,737.26,Ocacional
20180646,2947.36,Frecuente
20186105,80.66,Ocacional
20191476,31.24,Ocacional
20192944,154.0,Ocacional
20195219,128.04,Ocacional
20197362,115.24,Ocacional
20205826,92.82,Ocacional
20206669,20.28,Ocacional
20213690,385.96,Ocacional
20217262,174.04000000000002,Ocacional
20222477,307.7,Ocacional
20223637,636.2,Ocacional
20225527,87.24,Ocacional
20226226,90.3,Ocacional
20230958,182.1,Ocacional
20236456,236.61,Ocacional
20241362,45.08,Ocacional
20244270,220.66,Ocacional
20253664,163.98,Ocacional
20253882,53.1,Ocacional
20255995,1999.9,Frecuente
20263776,422.06,Ocacional
20264617,78.34,Ocacional
20265311,2527.64,Frecuente
20265369,1923.14,Frecuente
20265792,74.94,Ocacional
20266368,411.92,Ocacional
20266760,767.36,Ocacional
20269781,134.42,Ocacional
20278571,281.8,Ocacional
20282821,16.54,Ocacional
20283643,133.76,Ocacional
20284701,14.26,Ocacional
20287735,105.21000000000001,Ocacional
20293421,636.2,Ocacional
20294893,568.86,Ocacional
20298013,1402.38,Frecuente
20298980,2876.2,Frecuente
20308212,90.52,Ocacional
20312927,737.54,Ocacional
20316367,324.76,Ocacional
20324031,34.8,Ocacional
20329390,89.66,Ocacional
20335327,122.22,Ocacional
20338788,99.04,Ocacional
20343034,367.54,Ocacional
20343377,1025.48,Frecuente
20344190,343.1,Ocacional
20344495,862.07,Ocacional
20345687,219.68,Ocacional
20348157,376.9,Ocacional
20353158,275.3,Ocacional
20354683,84.7,Ocacional
20362680,71.96,Ocacional
20369383,762.84,Ocacional
20374133,248.58,Ocacional
20378483,691.38,Ocacional
20380480,236.22,Ocacional
20380836,392.72,Ocacional
20381993,121.84,Ocacional
20384404,514.02,Ocacional
20385109,33.84,Ocacional
20391905,19.44,Ocacional
20393302,147.62,Ocacional
20400518,505.14,Ocacional
20402176,141.44,Ocacional
20403523,453.12,Ocacional
20406446,147.62,Ocacional
20408589,86.42,Ocacional
20409420,2203.32,Frecuente
20411457,245.52,Ocacional
20415020,80.54,Ocacional
20419233,871.62,Ocacional
20421053,65.58,Ocacional
20421157,777.24,Ocacional
20428942,1606.38,Frecuente
20434617,471.5,Ocacional
20442432,346.14,Ocacional
20448579,1732.1,Frecuente
20450170,594.94,Ocacional
20452912,689.86,Ocacional
20455005,871.02,Ocacional
20456389,139.3,Ocacional
20460491,1353.66,Frecuente
20468245,117.96,Ocacional
20472178,344.06,Ocacional
20472376,237.64,Ocacional
20487298,623.68,Ocacional
20488716,55.64,Ocacional
20499435,41.96,Ocacional
20503332,206.7,Ocacional
20504107,921.7,Ocacional
20505706,108.44,Ocacional
20506162,116.69999999999999,Ocacional
20506239,101.76,Ocacional
20509017,578.04,Ocacional
20509427,749.84,Ocacional
20509609,742.74,Ocacional
20510425,87.56,Ocacional
20512454,366.34,Ocacional
20514888,708.72,Ocacional
20516199,367.98,Ocacional
20517889,2860.12,Frecuente
20525350,116.26,Ocacional
20531085,3274.83,VIP
20534202,56.04,Ocacional
20541451,57.82,Ocacional
20547718,48.8,Ocacional
20552303,81.84,Ocacional
20553065,214.1,Ocacional
20561778,539.78,Ocacional
20569323,704.54,Ocacional
20573531,1327.16,Frecuente
20575244,264.08,Ocacional
20577541,29.6,Ocacional
20580968,329.52,Ocacional
20582856,2574.86,Frecuente
20591145,80.26,Ocacional
20593131,447.82,Ocacional
20597972,2191.72,Frecuente
20600381,139.4,Ocacional
20600600,52.7,Ocacional
20602144,39.12,Ocacional
20602191,92.26,Ocacional
20604866,107.44,Ocacional
20606650,56.34,Ocacional
20617874,183.88,Ocacional
20618656,546.48,Ocacional
20622189,286.06,Ocacional
20622377,331.62,Ocacional
20623797,314.44,Ocacional
20624246,93.24,Ocacional
20626559,513.6,Ocacional
20632871,233.8,Ocacional
20632897,171.34,Ocacional
20633512,232.64999999999998,Ocacional
20642454,655.36,Ocacional
20645673,3063.48,VIP
20646407,1771.22,Frecuente
20647832,786.52,Ocacional
20650625,2049.27,Frecuente
20653360,414.74,Ocacional
20653843,337.28,Ocacional
20654394,128.34,Ocacional
20654683,53.66,Ocacional
20658607,341.56,Ocacional
20663005,515.2,Ocacional
20663279,217.8,Ocacional
20668736,647.78,Ocacional
20669868,116.22,Ocacional
20672223,476.06,Ocacional
20674301,39.42,Ocacional
20679150,141.2,Ocacional
20679227,978.0,Ocacional
20679336,175.38,Ocacional
20687780,359.88,Ocacional
20694325,1502.65,Frecuente
20696488,452.42,Ocacional
20698372,90.8,Ocacional
20701996,587.26,Ocacional
20703289,90.72,Ocacional
20713767,10.22,Ocacional
20723643,707.0699999999999,Ocacional
20724095,780.18,Ocacional
20728956,69.94,Ocacional
20733433,37.74,Ocacional
20738234,652.68,Ocacional
20742148,2150.2000000000003,Frecuente
20743777,131.16,Ocacional
20746656,506.64,Ocacional
20749755,26.8,Ocacional
20755608,566.64,Ocacional
20760480,1473.5,Frecuente
20760649,2030.12,Frecuente
20761596,586.74,Ocacional
20766120,1375.44,Frecuente
20772195,1566.08,Frecuente
20772339,239.92,Ocacional
20773136,192.5,Ocacional
20773601,1840.4,Frecuente
20773813,67.66,Ocacional
20773928,36.06,Ocacional
20775645,1511.62,Frecuente
20776299,74.0,Ocacional
20780183,16.28,Ocacional
20782268,70.34,Ocacional
20782825,95.84,Ocacional
20785522,64.1,Ocacional
20789769,154.48,Ocacional
20791769,254.9,Ocacional
20793153,106.02,Ocacional
20793903,101.46000000000001,Ocacional
20795353,204.64,Ocacional
20797583,2849.94,Frecuente
20804975,683.14,Ocacional
20805024,187.14,Ocacional
20805204,189.86,Ocacional
20812249,664.22,Ocacional
20817465,232.56,Ocacional
20819875,121.54,Ocacional
20828615,333.77,Ocacional
20829231,268.2,Ocacional
20835455,23.32,Ocacional
20836638,137.44,Ocacional
20839786,657.76,Ocacional
20842216,2199.33,Frecuente
20846737,781.28,Ocacional
20850178,29.2,Ocacional
20850782,379.88,Ocacional
20856024,1058.3,Frecuente
20860227,872.46,Ocacional
20861832,229.82,Ocacional
20862325,24.54,Ocacional
20866405,2528.24,Frecuente
20871486,248.68,Ocacional
20874772,501.22,Ocacional
20875351,152.98,Ocacional
20875705,15.56,Ocacional
20877880,889.06,Ocacional
20886661,109.12,Ocacional
20888959,629.76,Ocacional
20888996,2689.7,Frecuente
20893031,703.74,Ocacional
20898500,67.62,Ocacional
20904946,555.18,Ocacional
20905400,1039.22,Frecuente
20908608,577.96,Ocacional
20909262,74.96,Ocacional
20910847,452.54,Ocacional
20911321,84.12,Ocacional
20913085,2995.06,Frecuente
20915876,400.4,Ocacional
20919327,375.68,Ocacional
20924191,1840.52,Frecuente
20925767,127.98,Ocacional
20935214,128.28,Ocacional
20936125,311.36,Ocacional
20938462,71.56,Ocacional
20940404,270.66,Ocacional
20942540,84.22,Ocacional
20943143,530.9,Ocacional
20943994,2991.36,Frecuente
20944368,106.86,Ocacional
20948986,177.46,Ocacional
20951539,728.18,Ocacional
20955861,21.8,Ocacional
20963776,190.04,Ocacional
20964754,346.48,Ocacional
20965285,494.42,Ocacional
20966121,124.24,Ocacional
20967242,34.0,Ocacional
20968374,308.0,Ocacional
20968393,291.92,Ocacional
20980018,638.1,Ocacional
20980115,643.74,Ocacional
20980355,798.38,Ocacional
20986128,1443.26,Frecuente
20993758,103.82,Ocacional
20997659,60.12,Ocacional
20998007,547.58,Ocacional
20999345,2098.86,Frecuente
21001725,246.0,Ocacional
21003257,966.44,Ocacional
21008227,909.46,Ocacional
21010398,78.1,Ocacional
21010705,119.36,Ocacional
21014608,1863.82,Frecuente
21014793,72.74,Ocacional
21015976,109.82,Ocacional
21018698,587.9,Ocacional
21019139,381.64,Ocacional
21019743,141.7,Ocacional
21021492,506.2,Ocacional
21022449,1614.52,Frecuente
21026002,119.46,Ocacional
21026802,2513.92,Frecuente
21036740,193.52,Ocacional
21037642,197.32,Ocacional
21037821,16.54,Ocacional
21040688,141.12,Ocacional
21042857,106.68,Ocacional
21046425,553.16,Ocacional
21053410,203.12,Ocacional
21060863,245.54,Ocacional
21064124,61.76,Ocacional
21064285,226.78,Ocacional
21073893,1188.78,Frecuente
21080482,112.88,Ocacional
21080588,901.71,Ocacional
21082375,189.58,Ocacional
21083122,57.58,Ocacional
21084058,771.4,Ocacional
21084485,52.62,Ocacional
21087726,167.79,Ocacional
21093104,295.76,Ocacional
21093713,608.28,Ocacional
21096205,534.42,Ocacional
21108765,111.0,Ocacional
21110405,304.7,Ocacional
21114142,353.4,Ocacional
21115160,198.84,Ocacional
21116160,289.9,Ocacional
21121476,780.3,Ocacional
21132249,271.42,Ocacional
21134222,769.42,Ocacional
21141233,263.7,Ocacional
21142247,169.82,Ocacional
21142632,55.36,Ocacional
21148364,334.12,Ocacional
21149551,118.48,Ocacional
21156259,118.04,Ocacional
21159449,94.46,Ocacional
21159636,185.8,Ocacional
21165709,23.28,Ocacional
21168306,2524.62,Frecuente
21172357,1022.8,Frecuente
21176496,616.14,Ocacional
21179125,2066.2799999999997,Frecuente
21187289,235.12,Ocacional
21193204,955.6,Ocacional
21201247,591.1,Ocacional
21203401,565.04,Ocacional
21205800,218.0,Ocacional
21206673,80.48,Ocacional
21207156,215.24,Ocacional
21216220,194.8,Ocacional
21216351,926.36,Ocacional
21216563,297.88,Ocacional
21216948,201.32,Ocacional
21217061,166.68,Ocacional
21227061,2925.44,Frecuente
21233070,799.52,Ocacional
21233274,209.56,Ocacional
21233568,902.44,Ocacional
21238623,459.22,Ocacional
21242349,34.46,Ocacional
21245896,107.38,Ocacional
21251142,298.17,Ocacional
21253100,89.46,Ocacional
21253146,4026.09,VIP
21255519,174.98,Ocacional
21258197,624.6899999999999,Ocacional
21276382,444.38,Ocacional
21283591,939.26,Ocacional
21286558,22.38,Ocacional
21293119,260.48,Ocacional
21302162,386.14,Ocacional
21312368,54.4,Ocacional
21318513,1714.17,Frecuente
21319024,586.72,Ocacional
21327726,1601.82,Frecuente
21331892,340.78,Ocacional
21335222,2224.34,Frecuente
21338592,202.16,Ocacional
21342823,35.46,Ocacional
21343820,910.9,Ocacional
21344288,228.44,Ocacional
21354334,156.9,Ocacional
21356905,271.6,Ocacional
21357272,2977.16,Frecuente
21357446,2811.1,Frecuente
21359557,26.92,Ocacional
21362113,2456.9199999999996,Frecuente
21373901,347.92,Ocacional
21375707,130.88,Ocacional
21378306,53.4,Ocacional
21378366,172.16,Ocacional
21385173,110.1,Ocacional
21387807,112.92,Ocacional
21389886,181.82,Ocacional
21391102,1753.7,Frecuente
21392609,32.98,Ocacional
21393306,1223.52,Frecuente
21396444,1234.88,Frecuente
21403786,395.7,Ocacional
21407539,138.64,Ocacional
21409861,145.72,Ocacional
21413037,239.36,Ocacional
21414215,416.6,Ocacional
21421134,104.94,Ocacional
21424625,1108.15,Frecuente
21424853,218.8,Ocacional
21425501,705.66,Ocacional
21432740,684.26,Ocacional
21438317,137.96,Ocacional
21443412,355.96,Ocacional
21448629,431.07,Ocacional
21454459,2683.3,Frecuente
21454463,105.53999999999999,Ocacional
21460251,1815.9,Frecuente
21460912,530.82,Ocacional
21470435,158.54,Ocacional
21473656,2273.04,Frecuente
21474089,2989.54,Frecuente
21474243,412.18,Ocacional
21476833,25.22,Ocacional
21480077,362.72,Ocacional
21491503,526.6,Ocacional
21493191,105.76,Ocacional
21495082,358.14,Ocacional
21497601,269.08,Ocacional
21501062,642.54,Ocacional
21502393,71.72,Ocacional
21502721,30.24,Ocacional
21503042,1284.0800000000002,Frecuente
21508365,1076.6,Frecuente
21508450,77.4,Ocacional
21509421,892.22,Ocacional
21511212,433.38,Ocacional
21518510,958.82,Ocacional
21518659,156.8,Ocacional
21519752,34.3,Ocacional
21520985,796.84,Ocacional
21528761,717.36,Ocacional
21535473,1536.44,Frecuente
21536227,1753.7,Frecuente
21542136,828.78,Ocacional
21542567,451.48,Ocacional
21545074,239.36,Ocacional
21545261,59.04,Ocacional
21546310,732.48,Ocacional
21549732,323.88,Ocacional
21550289,69.36,Ocacional
21550358,1536.58,Frecuente
21558426,23.79,Ocacional
21564033,54.4,Ocacional
21566205,33.24,Ocacional
21568965,327.46,Ocacional
21569108,347.48,Ocacional
21569297,523.08,Ocacional
21581569,558.46,Ocacional
21594413,311.9,Ocacional
21594921,1304.24,Frecuente
21597009,284.22,Ocacional
21598150,99.12,Ocacional
21600496,259.48,Ocacional
21617059,10.36,Ocacional
21618471,561.18,Ocacional
21625318,267.8,Ocacional
21630091,773.92,Ocacional
21630318,422.24,Ocacional
21631118,1149.02,Frecuente
21635941,121.38,Ocacional
21638428,53.489999999999995,Ocacional
21639494,98.21,Ocacional
21641559,57.74,Ocacional
21642527,352.98,Ocacional
21642983,361.62,Ocacional
21643509,905.08,Ocacional
21647073,351.96,Ocacional
21649896,165.9,Ocacional
21650416,289.54,Ocacional
21660595,721.82,Ocacional
21663487,268.38,Ocacional
21663894,916.56,Ocacional
21668192,75.48,Ocacional
21682642,125.46,Ocacional
21683246,828.06,Ocacional
21700599,3053.63,VIP
21701039,4242.41,VIP
21708003,40.72,Ocacional
21710992,92.06,Ocacional
21712168,49.18,Ocacional
21712605,3080.76,VIP
21712819,136.98,Ocacional
21723241,107.64,Ocacional
21723947,19.1,Ocacional
21725036,378.68,Ocacional
21734102,44.92,Ocacional
21734820,336.44,Ocacional
21742641,206.86,Ocacional
21743719,331.86,Ocacional
21746081,97.84,Ocacional
21746788,59.26,Ocacional
21747395,1785.58,Frecuente
21758633,170.02,Ocacional
21761643,473.08,Ocacional
21762714,433.22,Ocacional
21764029,670.08,Ocacional
21765975,1529.04,Frecuente
21767748,113.19999999999999,Ocacional
21769808,190.72,Ocacional
21770471,22.56,Ocacional
21775820,211.35000000000002,Ocacional
21778121,204.34,Ocacional
21781413,1590.96,Frecuente
21784778,182.58,Ocacional
21784816,239.85000000000002,Ocacional
21789915,836.08,Ocacional
21790479,1864.12,Frecuente
21797671,216.56,Ocacional
21799633,295.18,Ocacional
21805576,975.5,Ocacional
21806664,780.46,Ocacional
21810647,232.26,Ocacional
21811327,1842.21,Frecuente
21814828,192.0,Ocacional
21816558,277.74,Ocacional
21817275,193.18,Ocacional
21819629,1149.77,Frecuente
21826067,1073.91,Frecuente
21842776,932.3,Ocacional
21845007,81.52,Ocacional
21845194,133.4,Ocacional
21865503,211.9,Ocacional
21865814,982.14,Ocacional
21869501,386.9,Ocacional
21870768,308.48,Ocacional
21870822,635.88,Ocacional
21874749,427.24,Ocacional
21875238,416.6,Ocacional
21875564,19.96,Ocacional
21876547,357.68,Ocacional
21880588,260.56,Ocacional
21881508,173.88,Ocacional
21890656,287.94,Ocacional
21898560,31.12,Ocacional
21899512,116.26,Ocacional
21900504,547.2,Ocacional
21901261,165.35999999999999,Ocacional
21903035,170.18,Ocacional
21905534,373.96,Ocacional
21913047,415.36,Ocacional
21918310,442.92,Ocacional
21918877,370.3,Ocacional
21920340,270.96,Ocacional
21920775,101.66,Ocacional
21923600,878.86,Ocacional
21925845,239.4,Ocacional
21929050,196.48,Ocacional
21941151,186.0,Ocacional
21941758,690.3,Ocacional
21942625,436.28,Ocacional
21951326,170.08,Ocacional
21952857,46.92,Ocacional
21954794,258.42,Ocacional
21965082,279.1,Ocacional
21965799,104.3,Ocacional
21968387,146.31,Ocacional
21969593,55.68,Ocacional
21970127,255.22,Ocacional
21972831,630.0,Ocacional
21975488,130.88,Ocacional
21983860,324.8,Ocacional
21984100,46.8,Ocacional
21992473,258.28,Ocacional
21997870,370.52,Ocacional
22001614,2351.74,Frecuente
22006024,949.42,Ocacional
22008750,226.34,Ocacional
22008852,190.78,Ocacional
22012641,616.0,Ocacional
22014237,44.92,Ocacional
22015506,40.98,Ocacional
22017554,1576.42,Frecuente
22024451,534.24,Ocacional
22025907,1543.1,Frecuente
22031304,41.32,Ocacional
22034134,206.82,Ocacional
22035564,720.5999999999999,Ocacional
22040530,42.94,Ocacional
22051328,31.88,Ocacional
22053293,79.24,Ocacional
22053466,1461.04,Frecuente
22054163,141.92,Ocacional
22056438,85.96,Ocacional
22060268,386.76,Ocacional
22065039,186.42,Ocacional
22068103,187.46,Ocacional
22068710,234.98,Ocacional
22075322,57.58,Ocacional
22084883,15.64,Ocacional
22089315,612.22,Ocacional
22090157,724.1,Ocacional
22091650,433.66,Ocacional
22094125,151.66,Ocacional
22098159,374.74,Ocacional
22102270,271.71,Ocacional
22102387,226.28,Ocacional
22104809,1533.33,Frecuente
22105144,310.26,Ocacional
22106382,89.1,Ocacional
22115752,813.34,Ocacional
22119172,2355.5,Frecuente
22122865,71.78,Ocacional
22125978,231.0,Ocacional
22128871,43.42,Ocacional
22131791,49.42,Ocacional
22134581,472.88,Ocacional
22143181,364.76,Ocacional
22146828,34.14,Ocacional
22153719,242.3,Ocacional
22153766,1451.28,Frecuente
22157501,37.86,Ocacional
22164573,89.66,Ocacional
22175352,1579.4,Frecuente
22181039,86.12,Ocacional
22186148,541.86,Ocacional
22188917,1320.4,Frecuente
22190147,60.58,Ocacional
22197863,396.58,Ocacional
22203667,782.46,Ocacional
22206804,117.06,Ocacional
22207405,383.0,Ocacional
22207461,60.48,Ocacional
22218879,1010.78,Frecuente
22220474,601.66,Ocacional
22222235,643.26,Ocacional
22241968,2719.86,Frecuente
22241985,377.28,Ocacional
22246543,30.06,Ocacional
22252802,323.04,Ocacional
22275763,725.01,Ocacional
22277393,300.58,Ocacional
22282234,49.28,Ocacional
22283288,187.2,Ocacional
22286164,1437.48,Frecuente
22286274,152.66,Ocacional
22302316,817.76,Ocacional
22317213,540.46,Ocacional
22318342,33.14,Ocacional
22318571,205.42,Ocacional
22320798,241.94,Ocacional
22322658,600.36,Ocacional
22325431,310.38,Ocacional
22331225,927.0,Ocacional
22333670,104.64,Ocacional
22342103,84.44,Ocacional
22344978,698.1,Ocacional
22347587,353.67,Ocacional
22353427,705.88,Ocacional
22357640,60.2,Ocacional
22361190,89.06,Ocacional
22362574,346.26,Ocacional
22363691,489.48,Ocacional
22369330,55.04,Ocacional
22371751,862.84,Ocacional
22372003,125.58,Ocacional
22373806,530.8,Ocacional
22374464,2842.06,Frecuente
22376708,33.2,Ocacional
22377527,1668.42,Frecuente
22384802,942.38,Ocacional
22386183,566.06,Ocacional
22387026,2404.83,Frecuente
22389183,217.64,Ocacional
22394309,332.14,Ocacional
22399918,58.86,Ocacional
22404273,56.52,Ocacional
22404350,519.2,Ocacional
22410357,275.34,Ocacional
22410597,148.64,Ocacional
22410884,505.58,Ocacional
22411657,1904.7,Frecuente
22423590,2764.4,Frecuente
22424206,463.14,Ocacional
22427428,203.76,Ocacional
22428568,282.28,Ocacional
22429675,634.28,Ocacional
22441366,81.48,Ocacional
22442076,10.9,Ocacional
22443573,2724.58,Frecuente
22443939,220.66,Ocacional
22447594,242.0,Ocacional
22448555,99.36,Ocacional
22452493,455.42,Ocacional
22452574,224.26,Ocacional
22453495,416.94,Ocacional
22464080,30.32,Ocacional
22467597,621.64,Ocacional
22468228,771.86,Ocacional
22471018,358.5,Ocacional
22472947,1086.08,Frecuente
22478695,58.92,Ocacional
22479400,2745.52,Frecuente
22480185,59.16,Ocacional
22481754,345.5,Ocacional
22482092,56.3,Ocacional
22487777,106.48,Ocacional
22487946,235.08,Ocacional
22489039,334.46,Ocacional
22496505,127.48,Ocacional
22497287,211.46,Ocacional
22497901,63.22,Ocacional
22501905,392.2,Ocacional
22502926,454.7,Ocacional
22504924,218.0,Ocacional
22507982,631.17,Ocacional
22510170,167.92,Ocacional
22513253,102.22,Ocacional
22515057,22.02,Ocacional
22519846,106.16,Ocacional
22523990,189.02,Ocacional
22524187,591.02,Ocacional
22528066,307.18,Ocacional
22528516,130.24,Ocacional
22530163,215.12,Ocacional
22537371,202.54,Ocacional
22537988,2713.38,Frecuente
22541507,73.02,Ocacional
22544958,44.36,Ocacional
22547168,567.8399999999999,Ocacional
22547235,730.84,Ocacional
22547664,181.32,Ocacional
22548282,1471.8000000000002,Frecuente
22550786,239.88,Ocacional
22557528,173.8,Ocacional
22559912,325.26,Ocacional
22566886,19.5,Ocacional
22567291,50.28,Ocacional
22570980,212.12,Ocacional
22573283,53.34,Ocacional
22575230,588.82,Ocacional
22578717,566.74,Ocacional
22579201,176.85000000000002,Ocacional
22584346,47.98,Ocacional
22589376,134.48,Ocacional
22593914,591.62,Ocacional
22595294,331.54,Ocacional
22596705,133.68,Ocacional
22598408,117.06,Ocacional
22599195,219.24,Ocacional
22599222,43.32,Ocacional
22599232,134.6,Ocacional
22600624,167.4,Ocacional
22603309,479.98,Ocacional
22609785,158.02,Ocacional
22616229,133.4,Ocacional
22618754,203.64,Ocacional
22623969,907.52,Ocacional
22628266,466.94,Ocacional
22634410,77.0,Ocacional
22634802,2448.62,Frecuente
22636430,2969.68,Frecuente
22637982,344.56,Ocacional
22640687,149.22,Ocacional
22646340,159.94,Ocacional
22647278,117.35,Ocacional
22652310,943.48,Ocacional
22652997,1753.34,Frecuente
22666145,262.98,Ocacional
22667778,236.2,Ocacional
22668103,556.98,Ocacional
22669345,401.04,Ocacional
22673136,626.24,Ocacional
22686574,23.2,Ocacional
22691390,195.84,Ocacional
22697536,118.18,Ocacional
22709876,461.18,Ocacional
22709899,435.84000000000003,Ocacional
22710475,395.1,Ocacional
22711050,85.7,Ocacional
22715425,293.28000000000003,Ocacional
22716874,133.66,Ocacional
22722602,215.0,Ocacional
22724022,103.06,Ocacional
22727744,146.4,Ocacional
22729071,22.6,Ocacional
22730421,84.78,Ocacional
22732618,671.06,Ocacional
22734923,226.44,Ocacional
22735781,210.24,Ocacional
22736276,2711.98,Frecuente
22737141,2712.7200000000003,Frecuente
22737294,50.7,Ocacional
22737586,71.32,Ocacional
22743130,2164.76,Frecuente
22745541,120.68,Ocacional
22746028,219.9,Ocacional
22749301,671.02,Ocacional
22749783,180.8,Ocacional
22753667,46.36,Ocacional
22754642,259.44,Ocacional
22758818,141.7,Ocacional
22761909,156.46,Ocacional
22764795,279.64,Ocacional
22764918,287.9,Ocacional
22775450,2948.36,Frecuente
22779367,110.7,Ocacional
22786249,94.02,Ocacional
22786525,471.16,Ocacional
22787344,142.0,Ocacional
22789454,89.04,Ocacional
22795156,89.97,Ocacional
22802987,201.95999999999998,Ocacional
22808678,943.54,Ocacional
22810009,137.84,Ocacional
22811261,192.22,Ocacional
22813970,189.58,Ocacional
22816280,1307.54,Frecuente
22829547,2400.98,Frecuente
22836589,1705.42,Frecuente
22840901,164.66,Ocacional
22847566,239.85000000000002,Ocacional
22847976,239.5,Ocacional
22851012,203.5,Ocacional
22851594,519.38,Ocacional
22856051,191.48,Ocacional
22879004,2861.1,Frecuente
22880921,3996.2999999999997,VIP
22883020,215.62,Ocacional
22883964,149.56,Ocacional
22887195,167.84,Ocacional
22890261,18.64,Ocacional
22898113,280.48,Ocacional
22900630,40.62,Ocacional
22902648,25.18,Ocacional
22902740,161.28,Ocacional
22904036,2012.4,Frecuente
22905451,96.12,Ocacional
22913317,866.92,Ocacional
22916836,66.32,Ocacional
22917669,61.42,Ocacional
22920640,715.74,Ocacional
22921067,239.02,Ocacional
22928900,117.84,Ocacional
22931427,359.1,Ocacional
22933970,50.54,Ocacional
22936318,105.2,Ocacional
22936426,1403.6100000000001,Frecuente
22937101,15.22,Ocacional
22938030,508.6,Ocacional
22944975,308.68,Ocacional
22948466,845.1,Ocacional
22948818,80.1,Ocacional
22952344,382.98,Ocacional
22960888,30.68,Ocacional
22961781,75.9,Ocacional
22963164,2112.16,Frecuente
22966201,639.96,Ocacional
22971568,364.1,Ocacional
22973386,145.64,Ocacional
22975340,395.88,Ocacional
22983021,1845.24,Frecuente
22988999,4856.9800000000005,VIP
22990238,129.18,Ocacional
22996812,657.98,Ocacional
23002227,349.46,Ocacional
23003804,553.72,Ocacional
23004957,1207.25,Frecuente
23008753,358.06,Ocacional
23011543,973.32,Ocacional
23015915,996.78,Ocacional
23020438,298.4,Ocacional
23021690,336.56,Ocacional
23022651,48.14,Ocacional
23023379,166.8,Ocacional
23023686,195.26,Ocacional
23025064,141.64,Ocacional
23026945,688.54,Ocacional
23031606,2799.44,Frecuente
23031841,741.24,Ocacional
23036128,1504.47,Frecuente
23036600,122.12,Ocacional
23037981,220.08,Ocacional
23038260,909.26,Ocacional
23040764,605.32,Ocacional
23043803,17.56,Ocacional
23047535,799.0,Ocacional
23052778,1966.22,Frecuente
23055591,788.8,Ocacional
23055928,2323.5,Frecuente
23056301,218.1,Ocacional
23058999,2700.06,Frecuente
23064016,34.82,Ocacional
23065871,639.78,Ocacional
23066517,66.28,Ocacional
23068535,83.82,Ocacional
23071500,1601.44,Frecuente
23072030,130.88,Ocacional
23079643,988.36,Ocacional
23083174,951.4,Ocacional
23085684,124.74,Ocacional
23090076,173.56,Ocacional
23093036,457.54,Ocacional
23093482,223.5,Ocacional
23096725,209.32,Ocacional
23098381,64.42,Ocacional
23099771,2087.41,Frecuente
23104512,351.04,Ocacional
23104752,232.24,Ocacional
23106068,80.01,Ocacional
23106258,75.94,Ocacional
23106617,114.38,Ocacional
23108768,50.04,Ocacional
23113408,873.3,Ocacional
23118006,2485.98,Frecuente
23118899,987.86,Ocacional
23119586,572.9,Ocacional
23124181,302.38,Ocacional
23125307,595.04,Ocacional
23126415,1679.92,Frecuente
23126975,66.42,Ocacional
23130850,492.56,Ocacional
23131064,827.76,Ocacional
23132989,67.48,Ocacional
23133116,234.0,Ocacional
23147415,213.32999999999998,Ocacional
23149845,208.20000000000002,Ocacional
23151154,212.78,Ocacional
23159389,419.14,Ocacional
23160589,159.36,Ocacional
23164677,486.5,Ocacional
23165057,68.84,Ocacional
23167860,1508.06,Frecuente
23170687,291.11,Ocacional
23172615,1803.34,Frecuente
23179191,26.02,Ocacional
23182235,113.67,Ocacional
23184858,278.88,Ocacional
23193708,210.3,Ocacional
23201330,2517.18,Frecuente
23201893,105.66,Ocacional
23224112,2331.24,Frecuente
23225363,251.94,Ocacional
23227670,43.42,Ocacional
23237073,61.96,Ocacional
23237427,595.28,Ocacional
23247748,670.18,Ocacional
23247758,191.72,Ocacional
23259071,119.34,Ocacional
23259093,547.96,Ocacional
23260248,71.3,Ocacional
23275755,679.24,Ocacional
23279682,398.66,Ocacional
23283301,70.36,Ocacional
23291874,46.589999999999996,Ocacional
23302025,713.76,Ocacional
23304309,117.84,Ocacional
23304467,111.26,Ocacional
23306937,589.66,Ocacional
23309309,189.94,Ocacional
23316766,2167.04,Frecuente
23318599,271.52,Ocacional
23320139,332.96,Ocacional
23320341,92.88,Ocacional
23321786,395.04,Ocacional
23323786,741.24,Ocacional
23332082,2262.26,Frecuente
23343161,100.97999999999999,Ocacional
23348685,645.99,Ocacional
23348835,333.5,Ocacional
23350443,654.82,Ocacional
23356652,650.38,Ocacional
23358121,636.2,Ocacional
23359474,13.08,Ocacional
23366643,1062.76,Frecuente
23368358,85.47,Ocacional
23370528,358.78,Ocacional
23372820,73.36,Ocacional
23376308,1286.34,Frecuente
23376337,40.98,Ocacional
23377746,535.14,Ocacional
23377990,1073.48,Frecuente
23379653,224.28,Ocacional
23382497,268.96,Ocacional
23389241,65.9,Ocacional
23390601,2412.07,Frecuente
23393896,206.70000000000002,Ocacional
23394676,1128.05,Frecuente
23396352,2659.68,Frecuente
23398853,1473.21,Frecuente
23400524,373.42,Ocacional
23401238,138.24,Ocacional
23402752,111.88,Ocacional
23409956,162.94,Ocacional
23419058,2611.3,Frecuente
23420439,92.08,Ocacional
23424372,422.16,Ocacional
23426524,648.38,Ocacional
23430072,171.66,Ocacional
23441331,116.26,Ocacional
23441729,442.22,Ocacional
23450693,814.92,Ocacional
23455074,2716.8,Frecuente
23455364,98.54,Ocacional
23456773,115.34,Ocacional
23459438,257.28,Ocacional
23460100,1502.46,Frecuente
23462918,64.46,Ocacional
23464563,468.96,Ocacional
23469780,78.52,Ocacional
23472312,885.7,Ocacional
23474580,110.78,Ocacional
23480261,129.38,Ocacional
23482426,2756.62,Frecuente
23487927,314.66,Ocacional
23488762,211.56,Ocacional
23489080,106.82,Ocacional
23490767,891.08,Ocacional
23493795,714.28,Ocacional
23496611,2874.1,Frecuente
23497076,341.84,Ocacional
23502076,1251.22,Frecuente
23503707,267.9,Ocacional
23506051,347.72,Ocacional
23513861,71.22,Ocacional
23514838,128.12,Ocacional
23518621,1887.16,Frecuente
23520707,55.04,Ocacional
23529403,902.74,Ocacional
23531841,144.8,Ocacional
23531848,357.62,Ocacional
23533657,176.26,Ocacional
23540394,309.22,Ocacional
23540636,75.52,Ocacional
23544331,50.22,Ocacional
23546076,315.44,Ocacional
23552441,93.84,Ocacional
23555966,982.14,Ocacional
23563008,499.62,Ocacional
23563920,289.77,Ocacional
23569319,70.14,Ocacional
23572851,122.8,Ocacional
23574769,50.06,Ocacional
23584679,52.22,Ocacional
23590812,1388.82,Frecuente
23595898,2231.43,Frecuente
23597754,992.8799999999999,Ocacional
23599311,410.06,Ocacional
23604044,242.42,Ocacional
23607636,285.48,Ocacional
23607962,57.0,Ocacional
23609749,122.68,Ocacional
23615434,447.32,Ocacional
23618404,83.32,Ocacional
23618413,86.08,Ocacional
23619272,221.9,Ocacional
23634665,22.82,Ocacional
23636317,326.62,Ocacional
23637052,1162.36,Frecuente
23643204,34.2,Ocacional
23645414,101.78,Ocacional
23656566,361.72,Ocacional
23662805,468.92,Ocacional
23664247,169.48,Ocacional
23664427,142.48,Ocacional
23665314,175.82,Ocacional
23675493,249.87,Ocacional
23679751,83.96,Ocacional
23680619,128.5,Ocacional
23685843,71.48,Ocacional
23687454,80.0,Ocacional
23688006,2481.1,Frecuente
23691637,1193.0,Frecuente
23700265,68.74,Ocacional
23700377,307.2,Ocacional
23701761,92.84,Ocacional
23703358,85.83,Ocacional
23710685,314.32,Ocacional
23713179,1481.19,Frecuente
23718855,84.78,Ocacional
23725129,131.3,Ocacional
23725294,542.28,Ocacional
23726744,749.02,Ocacional
23731367,398.66,Ocacional
23738126,207.45000000000002,Ocacional
23743318,86.0,Ocacional
23748449,55.04,Ocacional
23748528,125.92,Ocacional
23749185,130.16,Ocacional
23754187,716.62,Ocacional
23756347,21.16,Ocacional
23757939,1727.9,Frecuente
23758530,77.16,Ocacional
23761425,97.77000000000001,Ocacional
23769996,77.0,Ocacional
23775179,122.76,Ocacional
23775258,554.52,Ocacional
23777810,382.88,Ocacional
23777924,274.64,Ocacional
23785286,202.74,Ocacional
23789246,742.94,Ocacional
23793284,212.36,Ocacional
23794329,831.76,Ocacional
23805181,209.36,Ocacional
23808286,144.46,Ocacional
23808530,391.0,Ocacional
23809874,421.59000000000003,Ocacional
23813544,177.06,Ocacional
23816615,950.1,Ocacional
23832850,2898.94,Frecuente
23838286,116.18,Ocacional
23843055,40.1,Ocacional
23847728,145.08,Ocacional
23850208,206.86,Ocacional
23852414,81.5,Ocacional
23852804,107.13,Ocacional
23858466,2488.82,Frecuente
23864669,788.02,Ocacional
23870040,219.88,Ocacional
23871366,1106.64,Frecuente
23873144,648.6,Ocacional
23873565,1375.34,Frecuente
23874265,2857.06,Frecuente
23875344,2924.74,Frecuente
23877079,116.14,Ocacional
23878579,103.14,Ocacional
23879203,270.7,Ocacional
23879843,134.94,Ocacional
23880110,131.86,Ocacional
23891664,191.88,Ocacional
23893799,580.8199999999999,Ocacional
23897790,381.15,Ocacional
23903614,47.24,Ocacional
23909830,357.18,Ocacional
23913662,329.67,Ocacional
23915973,3966.85,VIP
23917629,40.9,Ocacional
23926289,211.28,Ocacional
23994720,30.92,Ocacional
23998676,102.34,Ocacional
24001086,115.12,Ocacional
24003289,599.94,Ocacional
24006477,147.84,Ocacional
24008034,5366.96,VIP
24049873,145.62,Ocacional
24056635,296.1,Ocacional
24057520,433.38,Ocacional
24058515,1055.34,Frecuente
24081411,733.58,Ocacional
24089544,68.26,Ocacional
24092109,733.12,Ocacional
24094883,295.38,Ocacional
24095812,201.06,Ocacional
24098656,817.34,Ocacional
24108020,1828.24,Frecuente
24109911,465.06000000000006,Ocacional
24113947,1655.52,Frecuente
24114888,92.84,Ocacional
24122256,5173.2,VIP
24139170,1451.26,Frecuente
24141604,94.48,Ocacional
24145537,16.64,Ocacional
24150203,1609.74,Frecuente
24160761,33.0,Ocacional
24162190,389.06,Ocacional
24163148,118.26,Ocacional
24164901,755.82,Ocacional
24165118,206.44,Ocacional
24167111,52.04,Ocacional
24167116,317.62,Ocacional
24169804,106.04,Ocacional
24175303,232.36,Ocacional
24187307,220.66,Ocacional
24193435,164.44,Ocacional
24197832,804.2,Ocacional
24199628,22.92,Ocacional
24201695,4114.71,VIP
24201991,2134.54,Frecuente
24213670,234.64,Ocacional
24226922,239.9,Ocacional
24228890,706.96,Ocacional
24236504,41.68,Ocacional
24244415,15.74,Ocacional
24246144,407.58,Ocacional
24249270,40.64,Ocacional
24253036,427.96,Ocacional
24255265,615.4,Ocacional
24257394,214.68,Ocacional
24261946,988.36,Ocacional
24266699,217.66,Ocacional
24268025,903.44,Ocacional
24271798,1292.18,Frecuente
24274034,143.52,Ocacional
24274834,380.42,Ocacional
24276342,2236.02,Frecuente
24279022,1436.04,Frecuente
24279936,471.26,Ocacional
24310387,2625.1,Frecuente
24331904,590.54,Ocacional
24339806,704.2,Ocacional
24342209,223.06,Ocacional
24345881,181.12,Ocacional
24350480,92.48,Ocacional
24352515,1015.8,Frecuente
24352833,61.34,Ocacional
24357782,752.3,Ocacional
24358332,65.04,Ocacional
24361004,51.98,Ocacional
24364597,124.62,Ocacional
24369272,77.58,Ocacional
24370724,1015.8,Frecuente
24371097,23.3,Ocacional
24374452,221.44,Ocacional
24386589,50.84,Ocacional
24390400,2628.44,Frecuente
24393767,255.46,Ocacional
24399002,948.36,Ocacional
24404612,775.4,Ocacional
24410999,45.12,Ocacional
24413163,218.68,Ocacional
24414187,346.17,Ocacional
24415184,477.92,Ocacional
24418369,650.42,Ocacional
24419979,83.56,Ocacional
24423879,220.14,Ocacional
24427735,187.24,Ocacional
24434719,342.32,Ocacional
24441836,2225.96,Frecuente
24442495,800.72,Ocacional
24442716,698.78,Ocacional
24447886,137.3,Ocacional
24454235,2505.04,Frecuente
24456880,624.04,Ocacional
24464827,624.02,Ocacional
24472046,127.98,Ocacional
24472921,390.38,Ocacional
24472973,235.16,Ocacional
24473241,50.82,Ocacional
24473511,1019.3199999999999,Frecuente
24474481,287.62,Ocacional
24476930,363.1,Ocacional
24478275,146.28,Ocacional
24485871,102.02,Ocacional
24487124,2128.18,Frecuente
24494286,130.84,Ocacional
24501252,2814.32,Frecuente
24504465,320.66,Ocacional
24505061,351.89,Ocacional
24513946,130.35000000000002,Ocacional
24515022,379.1,Ocacional
24517289,334.1,Ocacional
24520563,111.92,Ocacional
24524768,45.06,Ocacional
24525855,1196.64,Frecuente
24546533,542.78,Ocacional
24547145,109.42,Ocacional
24548171,171.18,Ocacional
24549518,170.36,Ocacional
24554140,315.1,Ocacional
24560108,971.94,Ocacional
24561365,465.88,Ocacional
24563289,1571.6,Frecuente
24585758,172.92,Ocacional
24586025,31.88,Ocacional
24592439,89.66,Ocacional
24594693,383.06,Ocacional
24608339,177.12,Ocacional
24612686,2229.68,Frecuente
24616347,604.26,Ocacional
24618453,176.94,Ocacional
24621202,126.86,Ocacional
24621838,147.0,Ocacional
24625668,916.02,Ocacional
24632852,789.16,Ocacional
24633884,2661.04,Frecuente
24639135,616.26,Ocacional
24639633,688.78,Ocacional
24645721,220.84,Ocacional
24669520,37.2,Ocacional
24673441,58.18,Ocacional
24675675,370.36,Ocacional
24678828,54.04,Ocacional
24683458,377.94,Ocacional
24684758,104.66,Ocacional
24693542,1037.6999999999998,Frecuente
24693736,2926.56,Frecuente
24701280,91.92,Ocacional
24702348,49.44,Ocacional
24704851,57.6,Ocacional
24704882,1073.91,Frecuente
24710039,116.86,Ocacional
24713850,169.06,Ocacional
24714683,303.28,Ocacional
24715437,769.62,Ocacional
24718710,713.3,Ocacional
24718881,660.8900000000001,Ocacional
24720872,21.52,Ocacional
24723311,2711.82,Frecuente
24740889,2591.64,Frecuente
24742239,1641.64,Frecuente
24751546,2379.12,Frecuente
24754187,1637.08,Frecuente
24755744,272.8,Ocacional
24757440,2298.74,Frecuente
24757464,97.82,Ocacional
24766467,177.8,Ocacional
24767994,351.32,Ocacional
24768288,30.3,Ocacional
24771364,278.84000000000003,Ocacional
24772035,780.98,Ocacional
24775947,102.58,Ocacional
24781091,637.78,Ocacional
24782505,467.16,Ocacional
24787951,184.22,Ocacional
24788497,819.86,Ocacional
24795474,109.64,Ocacional
24799650,246.45000000000002,Ocacional
24801586,75.74,Ocacional
24807335,498.87,Ocacional
24836019,96.5,Ocacional
24839078,758.18,Ocacional
24845650,52.14,Ocacional
24858243,61.230000000000004,Ocacional
24863768,925.4000000000001,Ocacional
24877141,264.12,Ocacional
24877755,135.42,Ocacional
24885735,527.58,Ocacional
24895664,766.12,Ocacional
24905860,1115.3,Frecuente
24908175,287.62,Ocacional
24908331,69.12,Ocacional
24911637,792.4100000000001,Ocacional
24913415,388.66,Ocacional
24915415,28.32,Ocacional
24915931,159.82,Ocacional
24916673,696.52,Ocacional
24936371,256.14,Ocacional
24953744,414.06,Ocacional
24954835,76.6,Ocacional
24959397,501.32,Ocacional
24961011,43.42,Ocacional
24963514,885.7,Ocacional
24965204,1930.74,Frecuente
24965776,406.11,Ocacional
24966721,70.14,Ocacional
24968287,98.2,Ocacional
24971770,894.52,Ocacional
24972291,142.92,Ocacional
24977098,798.5799999999999,Ocacional
24986928,116.26,Ocacional
24987398,180.68,Ocacional
24989857,447.5,Ocacional
24991382,125.92,Ocacional
24991677,49.84,Ocacional
24992063,1043.68,Frecuente
24994146,294.46,Ocacional
24994660,498.1,Ocacional
24996804,2500.12,Frecuente
24997337,866.62,Ocacional
24998017,47.72,Ocacional
24999636,72.26,Ocacional
25001301,90.5,Ocacional
25010139,435.94,Ocacional
25011026,1656.58,Frecuente
25013161,650.82,Ocacional
25016192,54.82,Ocacional
25016249,138.3,Ocacional
25022242,372.18,Ocacional
25022521,96.56,Ocacional
25029770,582.74,Ocacional
25030469,178.02,Ocacional
25032920,392.6,Ocacional
25043110,2081.66,Frecuente
25043488,206.84,Ocacional
25046366,2428.76,Frecuente
25055107,135.84,Ocacional
25065018,2414.8,Frecuente
25068898,502.75,Ocacional
25081305,338.7,Ocacional
25083717,130.98,Ocacional
25085159,56.74,Ocacional
25094465,162.6,Ocacional
25105423,687.41,Ocacional
25106896,2755.98,Frecuente
25107199,207.76,Ocacional
25112548,704.04,Ocacional
25116540,592.42,Ocacional
25116567,608.28,Ocacional
25119433,552.46,Ocacional
25122619,518.66,Ocacional
25127578,687.28,Ocacional
25138988,812.66,Ocacional
25142751,961.26,Ocacional
25143365,81.6,Ocacional
25145430,2431.44,Frecuente
25145968,628.44,Ocacional
25150941,2921.98,Frecuente
25157921,237.62,Ocacional
25165160,343.29999999999995,Ocacional
25165298,345.42,Ocacional
25166081,66.28,Ocacional
25168874,851.82,Ocacional
25171895,917.3,Ocacional
25172860,56.46,Ocacional
25173707,2996.7,Frecuente
25173744,107.16,Ocacional
25174077,29.02,Ocacional
25174144,18.74,Ocacional
25181277,686.78,Ocacional
25187712,266.74,Ocacional
25188273,276.58,Ocacional
25196277,1408.8000000000002,Frecuente
25198888,892.22,Ocacional
25200100,22.46,Ocacional
25200552,210.5,Ocacional
25201708,85.96,Ocacional
25205025,572.6999999999999,Ocacional
25207448,188.84,Ocacional
25214316,633.76,Ocacional
25219639,419.58,Ocacional
25219817,77.53999999999999,Ocacional
25221424,98.92,Ocacional
25224605,357.5,Ocacional
25227328,2098.86,Frecuente
25228581,38.46,Ocacional
25232068,134.24,Ocacional
25236872,75.44999999999999,Ocacional
25245147,230.0,Ocacional
25248343,123.76,Ocacional
25250974,608.74,Ocacional
25251744,390.65999999999997,Ocacional
25257194,15.04,Ocacional
25259434,50.76,Ocacional
25261068,71.72,Ocacional
25262807,3135.39,VIP
25265598,525.54,Ocacional
25266594,263.82,Ocacional
25267576,188.67000000000002,Ocacional
25275828,38.92,Ocacional
25285523,159.84,Ocacional
25293808,145.58,Ocacional
25303331,208.9,Ocacional
25309986,2495.0,Frecuente
25339437,565.04,Ocacional
25345358,215.22,Ocacional
25349615,27.84,Ocacional
25364818,2360.2,Frecuente
25369814,57.21,Ocacional
25371082,68.16,Ocacional
25371269,171.42,Ocacional
25371310,761.98,Ocacional
25372690,381.5,Ocacional
25374458,1452.22,Frecuente
25381836,849.56,Ocacional
25383605,1555.38,Frecuente
25383646,107.22,Ocacional
25386160,347.68,Ocacional
25390118,40.72,Ocacional
25390770,64.3,Ocacional
25392329,230.04,Ocacional
25394941,338.6,Ocacional
25395338,280.62,Ocacional
25397464,375.9,Ocacional
25397904,1634.8,Frecuente
25398032,83.94,Ocacional
25401540,83.24,Ocacional
25402964,27.6,Ocacional
25403887,704.36,Ocacional
25404375,141.96,Ocacional
25404554,1156.56,Frecuente
25419098,1032.6,Frecuente
25421985,35.5,Ocacional
25427095,43.36,Ocacional
25428258,2874.96,Frecuente
25429754,231.64,Ocacional
25433532,1907.08,Frecuente
25438160,486.66,Ocacional
25440045,520.5,Ocacional
25444110,1025.28,Frecuente
25444735,386.5,Ocacional
25448326,21.12,Ocacional
25449878,826.28,Ocacional
25450701,286.32,Ocacional
25451279,291.02,Ocacional
25452764,153.18,Ocacional
25453329,5193.84,VIP
25458345,1097.18,Frecuente
25459528,21.9,Ocacional
25461089,15.58,Ocacional
25462676,114.88,Ocacional
25462740,77.76,Ocacional
25470100,102.06,Ocacional
25471284,139.10999999999999,Ocacional
25471414,709.22,Ocacional
25471946,715.82,Ocacional
25475508,500.02,Ocacional
25479094,1882.52,Frecuente
25486652,684.16,Ocacional
25493642,187.14,Ocacional
25496127,716.0,Ocacional
25498239,1805.2800000000002,Frecuente
25498832,512.46,Ocacional
25503977,355.96,Ocacional
25505893,180.0,Ocacional
25511213,570.94,Ocacional
25519617,83.78,Ocacional
25524437,1449.42,Frecuente
25526910,33.12,Ocacional
25527464,36.28,Ocacional
25533477,140.16,Ocacional
25543719,81.8,Ocacional
25543765,520.08,Ocacional
25545316,642.46,Ocacional
25546101,69.96,Ocacional
25547055,2502.02,Frecuente
25550048,71.98,Ocacional
25552864,779.4,Ocacional
25555802,972.96,Ocacional
25556268,380.46,Ocacional
25557037,494.9,Ocacional
25557224,2443.42,Frecuente
25558177,304.32,Ocacional
25562040,22.6,Ocacional
25562703,378.92,Ocacional
25564813,742.0,Ocacional
25565156,1595.22,Frecuente
25567283,102.46,Ocacional
25567908,186.52,Ocacional
25576738,479.76,Ocacional
25576769,345.82,Ocacional
25579957,554.12,Ocacional
25581094,356.46,Ocacional
25581310,138.04,Ocacional
25583006,243.16,Ocacional
25587702,392.16,Ocacional
25588038,923.78,Ocacional
25589854,88.74,Ocacional
25594396,41.22,Ocacional
25601143,755.64,Ocacional
25601806,629.08,Ocacional
25603072,100.5,Ocacional
25604965,549.92,Ocacional
25612202,91.2,Ocacional
25613270,47.8,Ocacional
25619879,421.3,Ocacional
25623029,241.4,Ocacional
25625768,74.96,Ocacional
25631707,171.72,Ocacional
25637010,733.08,Ocacional
25646127,631.6,Ocacional
25649242,220.74,Ocacional
25650320,1118.73,Frecuente
25652033,193.54,Ocacional
25653482,36.33,Ocacional
25655790,185.96,Ocacional
25657700,347.44,Ocacional
25673956,220.66,Ocacional
25679729,481.42,Ocacional
25680133,2273.06,Frecuente
25689839,73.78,Ocacional
25690943,87.02,Ocacional
25693416,75.34,Ocacional
25693443,20.06,Ocacional
25695489,840.84,Ocacional
25704389,626.84,Ocacional
25707035,2014.34,Frecuente
25707684,220.04,Ocacional
25713842,312.96,Ocacional
25725338,692.26,Ocacional
25730757,684.14,Ocacional
25734815,345.92,Ocacional
25735980,2565.12,Frecuente
25737534,596.1600000000001,Ocacional
25739927,214.82,Ocacional
25740618,3443.12,VIP
25741385,608.28,Ocacional
25742955,99.58,Ocacional
25748779,98.1,Ocacional
25752881,96.32,Ocacional
25752914,216.96,Ocacional
25756313,2599.18,Frecuente
25758549,282.98,Ocacional
25759354,394.6,Ocacional
25765670,351.48,Ocacional
25766678,49.96,Ocacional
25768686,549.34,Ocacional
25770207,124.74,Ocacional
25781249,586.14,Ocacional
25791545,90.74,Ocacional
25791551,65.66,Ocacional
25792685,255.32,Ocacional
25800781,87.36,Ocacional
25805898,87.72,Ocacional
25806658,2174.06,Frecuente
25807239,45.56,Ocacional
25826504,211.44,Ocacional
25831059,569.96,Ocacional
25842230,289.89,Ocacional
25850044,206.0,Ocacional
25851686,92.08,Ocacional
25854510,4710.08,VIP
25855104,76.54,Ocacional
25865659,618.7,Ocacional
25867326,282.74,Ocacional
25867738,1321.48,Frecuente
25868929,1039.96,Frecuente
25872103,77.52,Ocacional
25873050,305.1,Ocacional
25878086,420.26,Ocacional
25885647,1930.08,Frecuente
25891814,212.66,Ocacional
25892376,383.4,Ocacional
25895502,584.54,Ocacional
25897075,940.54,Ocacional
25898238,320.3,Ocacional
25898813,318.16,Ocacional
25902173,149.56,Ocacional
25913992,87.92999999999999,Ocacional
25915412,616.6,Ocacional
25916587,125.1,Ocacional
25919805,2059.32,Frecuente
25922705,16.049999999999997,Ocacional
25926216,110.46,Ocacional
25926423,644.74,Ocacional
25932153,188.74,Ocacional
25932578,163.08,Ocacional
25935533,560.58,Ocacional
25946319,2392.4,Frecuente
25947991,19.72,Ocacional
25948069,328.88,Ocacional
25948143,114.52,Ocacional
25948189,333.91999999999996,Ocacional
25948966,522.62,Ocacional
25964564,70.68,Ocacional
25966733,217.08,Ocacional
25974261,99.46,Ocacional
25979160,999.8,Ocacional
25980168,755.88,Ocacional
25984281,16.52,Ocacional
25984688,69.08,Ocacional
25987733,853.16,Ocacional
25989432,380.1,Ocacional
25992598,942.24,Ocacional
25992918,203.96,Ocacional
25993360,181.74,Ocacional
25995675,181.92,Ocacional
25997313,448.48,Ocacional
26001836,785.58,Ocacional
26004826,81.8,Ocacional
26017064,59.54,Ocacional
26019505,135.82,Ocacional
26020501,89.84,Ocacional
26023350,2505.04,Frecuente
26026693,677.22,Ocacional
26030612,237.0,Ocacional
26031855,321.82,Ocacional
26032889,115.94,Ocacional
26035021,285.36,Ocacional
26035753,745.0,Ocacional
26038751,532.14,Ocacional
26046771,188.54,Ocacional
26057337,259.94,Ocacional
26058161,22.92,Ocacional
26061022,574.68,Ocacional
26062074,298.68,Ocacional
26069093,552.04,Ocacional
26074294,37.16,Ocacional
26078290,74.46,Ocacional
26084308,542.96,Ocacional
26089095,1535.16,Frecuente
26091310,2475.2,Frecuente
26095368,587.72,Ocacional
26098430,15.46,Ocacional
26105022,39.86,Ocacional
26115146,186.76,Ocacional
26122546,683.92,Ocacional
26126544,898.33,Ocacional
26129211,471.7,Ocacional
26130684,646.12,Ocacional
26134085,2640.42,Frecuente
26135384,371.56,Ocacional
26139578,570.63,Ocacional
26140045,663.28,Ocacional
26145827,266.12,Ocacional
26147884,2875.66,Frecuente
26156899,149.22,Ocacional
26165880,985.44,Ocacional
26167866,101.76,Ocacional
26174422,131.4,Ocacional
26178617,142.4,Ocacional
26179687,81.8,Ocacional
26181007,1604.54,Frecuente
26182082,2727.72,Frecuente
26184595,120.14,Ocacional
26185717,1594.6799999999998,Frecuente
26194695,124.4,Ocacional
26203091,140.88,Ocacional
26205416,175.14,Ocacional
26209372,92.84,Ocacional
26209498,98.92,Ocacional
26211344,153.52,Ocacional
26215001,23.26,Ocacional
26215531,87.98,Ocacional
26224179,351.52,Ocacional
26226376,185.96,Ocacional
26229629,210.3,Ocacional
26247210,1938.54,Frecuente
26247318,320.52,Ocacional
26247740,24.96,Ocacional
26247781,92.48,Ocacional
26248305,70.68,Ocacional
26254969,139.02,Ocacional
26265040,352.78,Ocacional
26272376,97.85999999999999,Ocacional
26283035,877.86,Ocacional
26284639,62.48,Ocacional
26288400,70.76,Ocacional
26298686,50.06,Ocacional
26299095,144.48,Ocacional
26299595,675.5,Ocacional
26310295,152.96,Ocacional
26310745,1081.02,Frecuente
26310870,142.78,Ocacional
26312346,76.46,Ocacional
26312659,419.66,Ocacional
26312875,38.66,Ocacional
26314143,793.26,Ocacional
26317052,359.1,Ocacional
26318378,54.42,Ocacional
26321471,219.28,Ocacional
26322975,112.44,Ocacional
26325926,277.32,Ocacional
26337435,188.94,Ocacional
26339125,43.18,Ocacional
26347565,220.98000000000002,Ocacional
26358117,145.68,Ocacional
26360414,20.16,Ocacional
26370834,382.06,Ocacional
26374253,126.68,Ocacional
26376792,110.28,Ocacional
26377492,1412.8799999999999,Frecuente
26378514,1886.34,Frecuente
26379203,383.06,Ocacional
26379474,398.38,Ocacional
26379942,66.12,Ocacional
26382106,64.08,Ocacional
26382725,86.6,Ocacional
26383017,1534.4,Frecuente
26386449,2802.86,Frecuente
26391066,227.38,Ocacional
26392186,1063.46,Frecuente
26404919,163.2,Ocacional
26405401,79.92,Ocacional
26407543,358.18,Ocacional
26408745,609.88,Ocacional
26414470,33.22,Ocacional
26415963,36.6,Ocacional
26417581,3768.88,VIP
26421343,141.08,Ocacional
26422432,54.08,Ocacional
26422451,43.96,Ocacional
26432100,87.6,Ocacional
26434768,129.34,Ocacional
26435497,25.82,Ocacional
26445737,109.64,Ocacional
26449733,118.54,Ocacional
26455075,2112.24,Frecuente
26465260,99.74,Ocacional
26471778,343.6,Ocacional
26473199,1951.86,Frecuente
26473898,33.5,Ocacional
26485394,2020.42,Frecuente
26486638,1213.9,Frecuente
26491775,684.1,Ocacional
26494396,971.44,Ocacional
26496169,2819.48,Frecuente
26501818,146.04,Ocacional
26507386,501.22,Ocacional
26513626,43.0,Ocacional
26531048,24.36,Ocacional
26533977,20.18,Ocacional
26538791,341.06,Ocacional
26541148,121.34,Ocacional
26542536,1875.56,Frecuente
26548095,163.12,Ocacional
26554929,206.70000000000002,Ocacional
26571495,2733.1499999999996,Frecuente
26574038,484.94,Ocacional
26585458,236.2,Ocacional
26589925,302.19,Ocacional
26591599,175.76,Ocacional
26595523,92.48,Ocacional
26596420,102.22,Ocacional
26597283,370.2,Ocacional
26604896,119.08,Ocacional
26605306,339.7,Ocacional
26605762,39.0,Ocacional
26606680,136.23,Ocacional
26608353,89.28,Ocacional
26612664,64.9,Ocacional
26618627,372.42,Ocacional
26625329,884.84,Ocacional
26633229,992.99,Ocacional
26636370,729.8,Ocacional
26636828,329.3,Ocacional
26638709,90.66,Ocacional
26640040,1189.23,Frecuente
26645009,24.92,Ocacional
26652097,310.92,Ocacional
26655183,183.18,Ocacional
26655851,911.2,Ocacional
26670353,2598.08,Frecuente
26670920,183.12,Ocacional
26687758,517.18,Ocacional
26698997,327.76,Ocacional
26711546,36.82,Ocacional
26715761,14.18,Ocacional
26722134,112.16,Ocacional
26727883,47.06,Ocacional
26731518,50.08,Ocacional
26732899,645.58,Ocacional
26736739,665.3,Ocacional
26740342,2418.82,Frecuente
26740458,777.24,Ocacional
26749956,198.08,Ocacional
26751198,21.36,Ocacional
26752693,15.22,Ocacional
26771179,17.04,Ocacional
26775275,444.78,Ocacional
26778106,564.08,Ocacional
26778369,58.82,Ocacional
26778778,237.18,Ocacional
26780932,55.78,Ocacional
26783587,155.68,Ocacional
26787237,97.32,Ocacional
26788522,101.42,Ocacional
26793050,79.18,Ocacional
26795190,88.94,Ocacional
26801274,134.48,Ocacional
26806055,65.36,Ocacional
26811191,305.42,Ocacional
26812946,1804.34,Frecuente
26819568,1186.6599999999999,Frecuente
26820790,836.08,Ocacional
26822353,2434.7,Frecuente
26827986,450.65999999999997,Ocacional
26833450,32.26,Ocacional
26842207,382.56,Ocacional
26843183,276.56,Ocacional
26851751,163.9,Ocacional
26858435,117.74,Ocacional
26870632,186.68,Ocacional
26871279,135.44,Ocacional
26873653,28.06,Ocacional
26874608,297.92,Ocacional
26884941,742.4,Ocacional
26886911,390.04,Ocacional
26887778,818.38,Ocacional
26892242,407.7,Ocacional
26898883,210.38,Ocacional
26904129,484.14,Ocacional
26907327,182.1,Ocacional
26910608,99.52,Ocacional
26912629,335.38,Ocacional
26925881,358.94,Ocacional
26929011,189.58,Ocacional
26945304,125.82,Ocacional
26956161,111.74,Ocacional
26957654,49.62,Ocacional
26957859,68.56,Ocacional
26962765,460.78,Ocacional
26965197,81.48,Ocacional
26966532,83.88,Ocacional
26974325,16.26,Ocacional
26975670,298.96,Ocacional
26980163,148.36,Ocacional
26981441,776.98,Ocacional
26992248,660.02,Ocacional
26994027,205.96,Ocacional
26995391,1901.48,Frecuente
27004654,99.3,Ocacional
27018113,2029.6,Frecuente
27021765,374.53999999999996,Ocacional
27042311,116.86,Ocacional
27044277,483.0,Ocacional
27046009,164.25,Ocacional
27047240,83.16,Ocacional
27048181,25.44,Ocacional
27049824,31.74,Ocacional
27051751,515.8,Ocacional
27056389,113.94,Ocacional
27057704,731.54,Ocacional
27058296,2892.3,Frecuente
27062851,211.98,Ocacional
27063669,201.84,Ocacional
27067497,215.02,Ocacional
27069949,227.62,Ocacional
27073576,62.4,Ocacional
27074289,935.38,Ocacional
27075030,146.86,Ocacional
27079127,360.86,Ocacional
27080707,275.28,Ocacional
27081691,534.5799999999999,Ocacional
27083813,126.51,Ocacional
27084132,281.22,Ocacional
27085962,72.54,Ocacional
27092035,79.54,Ocacional
27092884,23.28,Ocacional
27093210,286.66,Ocacional
27096807,45.18,Ocacional
27098757,92.08,Ocacional
27100313,230.56,Ocacional
27102262,536.68,Ocacional
27106295,22.2,Ocacional
27108312,357.32,Ocacional
27108661,136.9,Ocacional
27115433,218.58,Ocacional
27117185,65.38,Ocacional
27121434,357.04,Ocacional
27123032,206.12,Ocacional
27131739,139.26,Ocacional
27136725,107.3,Ocacional
27137232,1755.96,Frecuente
27143437,92.08,Ocacional
27144048,64.08,Ocacional
27145707,173.02,Ocacional
27149897,791.3,Ocacional
27150835,73.12,Ocacional
27159769,153.18,Ocacional
27163087,779.06,Ocacional
27164552,350.28,Ocacional
27171770,73.02,Ocacional
27173924,263.62,Ocacional
27180541,2986.0,Frecuente
27186086,845.7,Ocacional
27188242,3218.31,VIP
27188252,419.64,Ocacional
27203582,2856.86,Frecuente
27209839,612.72,Ocacional
27220032,124.66,Ocacional
27221070,111.2,Ocacional
27223974,162.18,Ocacional
27240148,84.24,Ocacional
27250099,123.18,Ocacional
27252729,1726.68,Frecuente
27258415,394.7,Ocacional
27265596,60.2,Ocacional
27269562,115.4,Ocacional
27269805,95.67,Ocacional
27272473,394.24,Ocacional
27274863,822.84,Ocacional
27282817,49.08,Ocacional
27287023,98.78999999999999,Ocacional
27287794,149.56,Ocacional
27290724,109.54,Ocacional
27292364,1463.82,Frecuente
27305355,645.5,Ocacional
27305366,181.5,Ocacional
27306063,237.96,Ocacional
27306484,506.5,Ocacional
27308582,2279.48,Frecuente
27315361,1459.98,Frecuente
27315376,683.22,Ocacional
27317315,426.32,Ocacional
27317687,75.1,Ocacional
27329827,214.6,Ocacional
27330072,108.68,Ocacional
27332703,1361.46,Frecuente
27333347,43.94,Ocacional
27333445,175.76,Ocacional
27337699,431.58,Ocacional
27338143,537.02,Ocacional
27352923,299.16,Ocacional
27353728,62.88,Ocacional
27356223,2856.88,Frecuente
27362027,82.92,Ocacional
27362382,558.38,Ocacional
27362757,211.29000000000002,Ocacional
27363802,148.14,Ocacional
27365685,711.98,Ocacional
27370528,174.06,Ocacional
27372430,339.42,Ocacional
27373422,32.3,Ocacional
27399020,2607.68,Frecuente
27408290,154.3,Ocacional
27410117,4316.9400000000005,VIP
27416119,682.8,Ocacional
27422108,260.56,Ocacional
27426432,82.82,Ocacional
27427571,840.48,Ocacional
27437258,66.56,Ocacional
27450196,511.42,Ocacional
27450440,96.22,Ocacional
27451582,1343.52,Frecuente
27458102,326.98,Ocacional
27463094,155.38,Ocacional
27465432,133.72,Ocacional
27478159,305.34,Ocacional
27480027,411.9,Ocacional
27488432,133.06,Ocacional
27489034,684.22,Ocacional
27494230,105.38,Ocacional
27498772,954.46,Ocacional
27500511,806.24,Ocacional
27507650,909.72,Ocacional
27508441,5066.28,VIP
27510026,29.0,Ocacional
27513804,82.12,Ocacional
27516706,873.24,Ocacional
27518350,164.06,Ocacional
27518847,87.32,Ocacional
27522022,446.32,Ocacional
27523208,865.68,Ocacional
27523567,840.21,Ocacional
27526805,26.79,Ocacional
27527044,236.66,Ocacional
27527563,287.45,Ocacional
27527764,1027.72,Frecuente
27529215,421.74,Ocacional
27537014,115.74,Ocacional
27537619,1158.52,Frecuente
27542858,1321.74,Frecuente
27545162,89.42,Ocacional
27553369,1054.52,Frecuente
27557666,107.6,Ocacional
27571069,880.1600000000001,Ocacional
27572618,349.38,Ocacional
27588947,64.44,Ocacional
27602877,162.99,Ocacional
27606373,291.58,Ocacional
27611445,14.36,Ocacional
27617272,738.64,Ocacional
27617986,524.6800000000001,Ocacional
27620436,284.54,Ocacional
27620900,60.9,Ocacional
27621152,1517.66,Frecuente
27624976,374.46,Ocacional
27641594,669.03,Ocacional
27641628,69.16,Ocacional
27653955,176.01,Ocacional
27657559,191.96,Ocacional
27659902,35.42,Ocacional
27667331,373.8,Ocacional
27681051,88.44,Ocacional
27681096,74.08,Ocacional
27682078,2966.3999999999996,Frecuente
27682645,335.84,Ocacional
27682867,2645.16,Frecuente
27700671,134.48,Ocacional
27701316,92.08,Ocacional
27709115,880.6,Ocacional
27719698,389.72,Ocacional
27730251,712.28,Ocacional
27735759,29.2,Ocacional
27735784,94.76,Ocacional
27751733,56.46,Ocacional
27756591,390.3,Ocacional
27759754,78.0,Ocacional
27763138,15.94,Ocacional
27764485,491.34000000000003,Ocacional
27766356,221.44,Ocacional
27767006,15.22,Ocacional
27781043,193.66,Ocacional
27781169,97.34,Ocacional
27783454,166.89000000000001,Ocacional
27784075,270.7,Ocacional
27785630,330.02,Ocacional
27787248,169.74,Ocacional
27800658,41.52,Ocacional
27803702,153.9,Ocacional
27821901,77.6,Ocacional
27822377,103.1,Ocacional
27824129,206.36,Ocacional
27827997,65.55000000000001,Ocacional
27831380,123.1,Ocacional
27834705,897.5,Ocacional
27841975,35.12,Ocacional
27852199,45.34,Ocacional
27852258,344.44,Ocacional
27853763,10.34,Ocacional
27855842,1799.06,Frecuente
27861872,182.2,Ocacional
27862493,1320.44,Frecuente
27862935,105.08,Ocacional
27864205,369.44,Ocacional
27865136,226.34,Ocacional
27868542,72.08,Ocacional
27871565,79.54,Ocacional
27872295,202.22,Ocacional
27876804,566.6,Ocacional
27877572,171.32,Ocacional
27878672,320.28,Ocacional
27881156,23.28,Ocacional
27892898,97.28,Ocacional
27899849,195.69,Ocacional
27900281,101.42,Ocacional
27903281,236.66,Ocacional
27908027,132.24,Ocacional
27909361,418.22,Ocacional
27917168,47.64,Ocacional
27917603,889.44,Ocacional
27919142,741.24,Ocacional
27931228,1013.7,Frecuente
27932432,125.46,Ocacional
27932892,102.51,Ocacional
27933711,75.78,Ocacional
27940197,145.48,Ocacional
27943726,868.4,Ocacional
27944615,32.88,Ocacional
27955968,640.68,Ocacional
27961585,2700.08,Frecuente
27963287,147.36,Ocacional
27964608,239.86,Ocacional
27965663,731.24,Ocacional
27969243,2083.16,Frecuente
27969359,151.5,Ocacional
27980918,118.64,Ocacional
27996423,499.28,Ocacional
27999827,103.52,Ocacional
28004680,184.48,Ocacional
28005800,480.78,Ocacional
28011384,388.8,Ocacional
28013329,276.0,Ocacional
28016903,165.08,Ocacional
28018483,441.82,Ocacional
28019912,2435.88,Frecuente
28030115,149.52,Ocacional
28030931,370.52,Ocacional
28032211,388.84,Ocacional
28035379,724.86,Ocacional
28037137,2785.88,Frecuente
28045591,151.0,Ocacional
28048336,339.94,Ocacional
28048401,12.18,Ocacional
28050187,355.9,Ocacional
28052645,964.24,Ocacional
28054537,112.04,Ocacional
28062278,938.4,Ocacional
28072411,160.9,Ocacional
28073808,237.08,Ocacional
28077032,353.6,Ocacional
28079905,93.96,Ocacional
28081511,662.32,Ocacional
28083068,81.21000000000001,Ocacional
28089400,126.56,Ocacional
28097641,400.98,Ocacional
28110104,43.32,Ocacional
28120899,255.6,Ocacional
28122012,199.96,Ocacional
28150351,61.34,Ocacional
28160198,158.3,Ocacional
28163653,167.08,Ocacional
28178842,785.64,Ocacional
28183779,115.28,Ocacional
28187659,64.16,Ocacional
28198101,514.17,Ocacional
28198813,65.04,Ocacional
28199173,32.12,Ocacional
28201303,61.48,Ocacional
28204561,568.47,Ocacional
28206178,183.7,Ocacional
28213465,219.86,Ocacional
28214474,235.12,Ocacional
28219393,131.3,Ocacional
28220320,136.0,Ocacional
28223940,298.34,Ocacional
28226361,326.22,Ocacional
28246172,646.12,Ocacional
28251577,459.06,Ocacional
28261523,26.96,Ocacional
28268129,227.84,Ocacional
28310184,273.54,Ocacional
28311318,375.2,Ocacional
28317732,999.68,Ocacional
28322549,386.52,Ocacional
28322753,2488.0,Frecuente
28325465,520.54,Ocacional
28325485,210.98,Ocacional
28326129,186.76,Ocacional
28334573,1364.26,Frecuente
28337206,356.46,Ocacional
28338166,21.02,Ocacional
28345028,229.78,Ocacional
28355047,2107.02,Frecuente
28355444,1383.28,Frecuente
28378127,359.67,Ocacional
28379351,506.08,Ocacional
28383554,510.57,Ocacional
28387547,349.04,Ocacional
28395750,118.84,Ocacional
28396195,1036.53,Frecuente
28400479,124.22999999999999,Ocacional
28403103,110.28,Ocacional
28407707,225.2,Ocacional
28411144,271.3,Ocacional
28417270,1615.0500000000002,Frecuente
28421257,165.46,Ocacional
28426319,103.6,Ocacional
28427565,535.92,Ocacional
28429658,227.25,Ocacional
28431935,957.0,Ocacional
28451005,118.94,Ocacional
28451724,376.86,Ocacional
28461322,391.56000000000006,Ocacional
28466939,345.44,Ocacional
28468395,818.52,Ocacional
28472545,959.14,Ocacional
28473299,899.72,Ocacional
28476047,36.81,Ocacional
28490071,730.38,Ocacional
28499736,167.38,Ocacional
28500191,2324.72,Frecuente
28503155,27.34,Ocacional
28503728,96.92,Ocacional
28507042,23.92,Ocacional
28517519,141.08,Ocacional
28543641,254.86,Ocacional
28551947,1808.48,Frecuente
28556867,759.34,Ocacional
28556888,244.6,Ocacional
28565405,632.7,Ocacional
28575685,25.16,Ocacional
28580645,381.86,Ocacional
28581380,224.36,Ocacional
28587591,36.54,Ocacional
28588808,645.06,Ocacional
28595659,554.52,Ocacional
28598589,31.06,Ocacional
28601229,2873.58,Frecuente
28601837,379.22,Ocacional
28604924,2230.1,Frecuente
28605324,565.3499999999999,Ocacional
28609395,807.18,Ocacional
28611140,548.36,Ocacional
28615243,220.66,Ocacional
28616096,178.88,Ocacional
28621180,160.82999999999998,Ocacional
28621605,813.38,Ocacional
28627210,740.58,Ocacional
28638378,279.12,Ocacional
28639123,337.04,Ocacional
28639138,93.32,Ocacional
28640472,156.82,Ocacional
28641312,141.26,Ocacional
28642931,262.32,Ocacional
28645089,293.79,Ocacional
28645389,14.56,Ocacional
28651338,250.78,Ocacional
28652887,824.92,Ocacional
28653724,545.56,Ocacional
28654750,404.84,Ocacional
28655652,30.02,Ocacional
28660982,180.98,Ocacional
28661469,266.08,Ocacional
28666655,38.86,Ocacional
28674775,117.6,Ocacional
28699256,959.8,Ocacional
28724815,131.68,Ocacional
28733834,209.06,Ocacional
28745022,1810.54,Frecuente
28745576,64.48,Ocacional
28746274,87.74,Ocacional
28753822,222.24,Ocacional
28758609,822.9,Ocacional
28761152,2977.16,Frecuente
28768206,54.46,Ocacional
28772129,343.89,Ocacional
28774759,658.6800000000001,Ocacional
28775502,10.04,Ocacional
28790679,280.2,Ocacional
28792278,140.24,Ocacional
28806840,196.6,Ocacional
28810678,79.1,Ocacional
28816307,110.44,Ocacional
28816796,33.6,Ocacional
28822121,80.94,Ocacional
28829983,1890.62,Frecuente
28830282,32.0,Ocacional
28832293,960.2,Ocacional
28837806,517.7,Ocacional
28847536,453.9,Ocacional
28857386,591.34,Ocacional
28866144,57.38,Ocacional
28872519,479.34000000000003,Ocacional
28877923,701.2,Ocacional
28879781,92.08,Ocacional
28885872,61.04,Ocacional
28890942,64.42,Ocacional
28892358,74.13,Ocacional
28897095,2405.76,Frecuente
28899270,279.08,Ocacional
28909041,717.6,Ocacional
28920760,709.59,Ocacional
28922775,1970.9,Frecuente
28926291,73.44,Ocacional
28936541,1471.06,Frecuente
28948720,1423.3,Frecuente
28948946,62.16,Ocacional
28952850,366.88,Ocacional
28954370,221.46,Ocacional
28957555,255.32,Ocacional
28960977,12.04,Ocacional
28966583,1198.66,Frecuente
28967843,173.22,Ocacional
28980085,82.56,Ocacional
28980478,60.22,Ocacional
28982103,186.68,Ocacional
28987639,52.14,Ocacional
29011786,571.98,Ocacional
29020403,147.36,Ocacional
29036299,238.08,Ocacional
29040535,92.08,Ocacional
29047046,527.2,Ocacional
29051309,2202.78,Frecuente
29053222,460.28,Ocacional
29055334,65.62,Ocacional
29056519,141.7,Ocacional
29069069,1162.36,Frecuente
29088686,129.46,Ocacional
29088973,929.56,Ocacional
29089053,191.02,Ocacional
29102036,744.06,Ocacional
29102788,543.24,Ocacional
29108720,1168.76,Frecuente
29109719,763.02,Ocacional
29111718,45.26,Ocacional
29112582,261.24,Ocacional
29113769,23.64,Ocacional
29115689,43.48,Ocacional
29122874,430.28,Ocacional
29123887,198.18,Ocacional
29129307,1544.54,Frecuente
29133047,517.3199999999999,Ocacional
29137433,758.18,Ocacional
29142937,8712.96,VIP
29144255,1544.64,Frecuente
29145357,7263.07,VIP
29145400,44.76,Ocacional
29153079,49.64,Ocacional
29157115,635.4399999999999,Ocacional
29159285,119.68,Ocacional
29160154,97.54,Ocacional
29160504,312.96,Ocacional
29168148,398.66,Ocacional
29171009,1448.86,Frecuente
29194179,1828.24,Frecuente
29195120,2367.34,Frecuente
29196935,23.18,Ocacional
29199159,91.68,Ocacional
29202958,1092.09,Frecuente
29206105,185.02,Ocacional
29209330,234.0,Ocacional
29215183,22.22,Ocacional
29229918,69.72,Ocacional
29230276,235.18,Ocacional
29249149,275.58,Ocacional
29265254,53.3,Ocacional
29265447,1664.86,Frecuente
29295670,327.4,Ocacional
29319331,2136.78,Frecuente
29324974,135.74,Ocacional
29330251,640.6,Ocacional
29343690,220.56,Ocacional
29354862,1567.84,Frecuente
29359729,53.34,Ocacional
29361617,346.16,Ocacional
29363146,93.28,Ocacional
29367978,13.66,Ocacional
29375157,125.82,Ocacional
29382951,201.34,Ocacional
29387936,143.86,Ocacional
29388789,22.2,Ocacional
29390830,666.9300000000001,Ocacional
29395547,165.82,Ocacional
29396567,174.98,Ocacional
29396666,303.94,Ocacional
29403036,15.22,Ocacional
29405750,910.04,Ocacional
29413919,610.78,Ocacional
29414527,380.8,Ocacional
29419821,217.7,Ocacional
29430541,376.72,Ocacional
29448239,2446.2599999999998,Frecuente
29449700,225.12,Ocacional
29454806,1047.68,Frecuente
29458044,2160.4,Frecuente
29459861,207.28000000000003,Ocacional
29462763,672.84,Ocacional
29470501,620.84,Ocacional
29502676,181.54,Ocacional
29506527,656.46,Ocacional
29507155,618.62,Ocacional
29507520,985.86,Ocacional
29507724,557.12,Ocacional
29512504,357.08,Ocacional
29525561,86.36,Ocacional
29525964,136.86,Ocacional
29530825,92.54,Ocacional
29538551,49.98,Ocacional
29541442,170.2,Ocacional
29547209,1440.84,Frecuente
29550423,23.4,Ocacional
29556671,61.5,Ocacional
29561480,1594.86,Frecuente
29562338,1931.92,Frecuente
29564494,353.56,Ocacional
29565612,23.62,Ocacional
29566040,47.26,Ocacional
29573050,193.02,Ocacional
29574756,312.12,Ocacional
29577720,207.54,Ocacional
29582629,9535.4,VIP
29587830,273.12,Ocacional
29590510,690.87,Ocacional
29593790,253.58,Ocacional
29596373,573.4,Ocacional
29602740,1894.36,Frecuente
29606742,764.08,Ocacional
29606831,176.52,Ocacional
29617256,394.4,Ocacional
29621129,401.44,Ocacional
29621797,38.86,Ocacional
29632278,1123.24,Frecuente
29640223,374.02,Ocacional
29640741,33.16,Ocacional
29650636,72.92,Ocacional
29658667,1041.52,Frecuente
29660989,2093.76,Frecuente
29662842,790.94,Ocacional
29678950,75.76,Ocacional
29680005,985.1,Ocacional
29681408,486.88,Ocacional
29687652,51.98,Ocacional
29690029,612.42,Ocacional
29697847,2490.12,Frecuente
29709508,626.46,Ocacional
29711009,538.74,Ocacional
29712232,112.48,Ocacional
29730460,140.36,Ocacional
29732374,131.79,Ocacional
29734186,857.74,Ocacional
29740272,2528.28,Frecuente
29744936,64.36,Ocacional
29744941,103.46,Ocacional
29746324,307.8,Ocacional
29748565,1887.26,Frecuente
29755866,1870.2,Frecuente
29759788,229.02,Ocacional
29772213,189.84,Ocacional
29772946,546.06,Ocacional
29792079,64.14,Ocacional
29810170,47.96,Ocacional
29810443,232.44,Ocacional
29816325,330.65999999999997,Ocacional
29820690,398.66,Ocacional
29823450,88.32,Ocacional
29834415,368.96000000000004,Ocacional
29834886,224.52,Ocacional
29835991,79.8,Ocacional
29842632,735.62,Ocacional
29856677,834.44,Ocacional
29860147,12.26,Ocacional
29865301,1572.14,Frecuente
29869248,24.6,Ocacional
29871572,2910.8,Frecuente
29877718,1459.68,Frecuente
29878399,138.6,Ocacional
29903347,80.72,Ocacional
29908166,61.66,Ocacional
29908776,758.22,Ocacional
29912674,579.1800000000001,Ocacional
29916826,1483.6999999999998,Frecuente
29931923,78.36,Ocacional
29933911,41.04,Ocacional
29934326,668.46,Ocacional
29939376,622.72,Ocacional
29943784,62.9,Ocacional
29954353,560.16,Ocacional
29957090,629.1,Ocacional
29963161,365.7,Ocacional
29964285,2240.04,Frecuente
29964662,92.08,Ocacional
29966135,29.66,Ocacional
29966902,855.68,Ocacional
29972713,775.9,Ocacional
29973032,441.42,Ocacional
29977023,2223.48,Frecuente
29993217,597.24,Ocacional
29995287,473.16,Ocacional
29996693,3969.9700000000003,VIP
30005310,50.04,Ocacional
30015976,429.21000000000004,Ocacional
30022979,155.0,Ocacional
30023107,119.42,Ocacional
30026649,380.54,Ocacional
30034387,639.82,Ocacional
30036074,355.64,Ocacional
30038319,197.46,Ocacional
30040412,276.72,Ocacional
30052227,53.79,Ocacional
30053442,131.28,Ocacional
30054716,2504.66,Frecuente
30059836,4559.0,VIP
30062868,246.62,Ocacional
30074390,975.6600000000001,Ocacional
30075971,40.04,Ocacional
30077604,81.08,Ocacional
30085572,176.8,Ocacional
30086237,246.22,Ocacional
30094165,752.3,Ocacional
30107329,34.5,Ocacional
30108496,178.6,Ocacional
30115051,2283.75,Frecuente
30115084,123.58,Ocacional
30128661,206.78,Ocacional
30130964,778.58,Ocacional
30138225,276.7,Ocacional
30146493,264.09000000000003,Ocacional
30156081,156.28,Ocacional
30157361,334.48,Ocacional
30159294,328.14,Ocacional
30161124,2763.08,Frecuente
30166596,601.48,Ocacional
30166631,162.86,Ocacional
30173432,108.28,Ocacional
30176860,855.68,Ocacional
30191529,808.38,Ocacional
30192009,2130.94,Frecuente
30200345,729.06,Ocacional
30200958,1256.04,Frecuente
30203590,114.96,Ocacional
30216730,1365.8,Frecuente
30221569,93.84,Ocacional
30230384,778.5,Ocacional
30232674,62.400000000000006,Ocacional
30238986,1216.08,Frecuente
30246617,3611.01,VIP
30250287,216.69,Ocacional
30250774,97.2,Ocacional
30253415,137.72,Ocacional
30260047,82.02,Ocacional
30264141,5512.8,VIP
30265297,153.18,Ocacional
30266875,1627.56,Frecuente
30273175,778.86,Ocacional
30284954,178.56,Ocacional
30302330,3599.82,VIP
30311619,628.24,Ocacional
30311896,93.8,Ocacional
30317524,104.36,Ocacional
30317695,306.64,Ocacional
30341900,115.42,Ocacional
30345965,294.26,Ocacional
30356968,171.78,Ocacional
30359727,65.32,Ocacional
30363067,770.12,Ocacional
30366086,261.24,Ocacional
30374316,110.34,Ocacional
30379929,718.5,Ocacional
30386658,74.54,Ocacional
30398816,26.96,Ocacional
30411222,19.3,Ocacional
30413809,102.64,Ocacional
30415480,302.22,Ocacional
30418696,354.98,Ocacional
30419825,18.299999999999997,Ocacional
30422813,149.4,Ocacional
30423002,43.52,Ocacional
30424582,15.8,Ocacional
30424869,345.03000000000003,Ocacional
30440016,532.72,Ocacional
30441029,35.82,Ocacional
30443531,872.1,Ocacional
30448226,613.67,Ocacional
30451845,773.66,Ocacional
30461704,71.04,Ocacional
30469142,325.48,Ocacional
30469206,122.14,Ocacional
30479806,76.62,Ocacional
30482628,734.82,Ocacional
30485272,202.24,Ocacional
30494759,119.01,Ocacional
30499954,118.96,Ocacional
30523434,1498.8600000000001,Frecuente
30524132,461.7,Ocacional
30539965,364.32,Ocacional
30540195,164.32,Ocacional
30550478,1904.04,Frecuente
30558984,760.08,Ocacional
30563523,444.06,Ocacional
30578383,1972.72,Frecuente
30578628,89.18,Ocacional
30578720,127.3,Ocacional
30597010,2047.0,Frecuente
30598600,37.92,Ocacional
30599615,592.34,Ocacional
30602544,235.3,Ocacional
30607715,72.48,Ocacional
30617300,380.1,Ocacional
30637283,114.4,Ocacional
30638099,16.66,Ocacional
30639198,262.98,Ocacional
30646188,954.32,Ocacional
30647820,410.02,Ocacional
30649267,97.42,Ocacional
30652541,27.38,Ocacional
30656203,455.84,Ocacional
30656308,705.88,Ocacional
30659136,61.74,Ocacional
30662535,2287.96,Frecuente
30677632,108.96,Ocacional
30685511,363.1,Ocacional
30701956,181.24,Ocacional
30707948,367.18,Ocacional
30713100,273.36,Ocacional
30713502,32.66,Ocacional
30719425,700.5,Ocacional
30727264,147.56,Ocacional
30731025,438.82,Ocacional
30738231,668.64,Ocacional
30739160,596.92,Ocacional
30739733,1557.44,Frecuente
30761285,25.36,Ocacional
30762380,2971.26,Frecuente
30769451,477.75,Ocacional
30775825,21.62,Ocacional
30784368,180.58,Ocacional
30787806,672.4,Ocacional
30788861,94.5,Ocacional
30791531,1479.96,Frecuente
30795014,684.1,Ocacional
30796324,2045.04,Frecuente
30808630,87.57000000000001,Ocacional
30815300,54.26,Ocacional
30815502,1547.88,Frecuente
30821209,482.32,Ocacional
30821349,55.62,Ocacional
30821693,379.0,Ocacional
30827427,143.06,Ocacional
30828760,334.46999999999997,Ocacional
30832021,130.02,Ocacional
30837599,242.02,Ocacional
30848027,82.9,Ocacional
30848161,413.49,Ocacional
30851846,224.14,Ocacional
30853035,64.66,Ocacional
30868619,157.92,Ocacional
30885128,79.2,Ocacional
30887695,319.7,Ocacional
30888222,673.05,Ocacional
30888845,136.94,Ocacional
30889699,567.1800000000001,Ocacional
30896866,242.92,Ocacional
30902244,186.54,Ocacional
30913876,331.18,Ocacional
30944996,148.94,Ocacional
30948470,25.64,Ocacional
30950523,988.6,Ocacional
30955654,116.32,Ocacional
30968221,375.56,Ocacional
30980624,12.12,Ocacional
30994002,73.5,Ocacional
30996342,262.5,Ocacional
30997054,202.8,Ocacional
31001315,1683.0,Frecuente
31006483,267.72,Ocacional
31009386,125.76,Ocacional
31018904,2708.68,Frecuente
31019633,89.7,Ocacional
31041476,2832.48,Frecuente
31055688,2793.62,Frecuente
31064112,385.9,Ocacional
31069044,139.46,Ocacional
31074872,2379.52,Frecuente
31081685,514.28,Ocacional
31083171,973.32,Ocacional
31092133,119.96,Ocacional
31092389,142.92,Ocacional
31096293,2872.98,Frecuente
31105954,791.06,Ocacional
31116770,253.56,Ocacional
31119683,202.68,Ocacional
31120923,138.38,Ocacional
31125736,44.58,Ocacional
31159555,30.0,Ocacional
31166427,1114.64,Frecuente
31167134,839.4,Ocacional
31183588,77.4,Ocacional
31187768,39.2,Ocacional
31194945,54.7,Ocacional
31196172,398.32,Ocacional
31219350,108.04,Ocacional
31244601,87.32,Ocacional
31245534,4258.83,VIP
31249369,106.26,Ocacional
31253344,193.98,Ocacional
31254612,524.06,Ocacional
31258021,241.16,Ocacional
31276656,73.96,Ocacional
31289587,190.02,Ocacional
31290566,56.06,Ocacional
31291111,115.52,Ocacional
31296826,1005.6,Frecuente
31313887,120.86,Ocacional
31314056,117.62,Ocacional
31314085,119.96,Ocacional
31322906,173.36,Ocacional
31325846,432.88,Ocacional
31328347,21.86,Ocacional
31335606,670.2,Ocacional
31346632,1566.18,Frecuente
31349493,2697.66,Frecuente
31350244,33.38,Ocacional
31350578,102.64,Ocacional
31354521,731.38,Ocacional
31354670,107.68,Ocacional
31365431,2049.18,Frecuente
31370373,485.73,Ocacional
31378480,153.8,Ocacional
31379948,1829.38,Frecuente
31381601,43.24,Ocacional
31382390,89.8,Ocacional
31385317,1162.65,Frecuente
31386801,133.2,Ocacional
31393514,3224.12,VIP
31396889,31.38,Ocacional
31403328,162.06,Ocacional
31403780,84.16,Ocacional
31415140,860.08,Ocacional
31421118,167.46,Ocacional
31421684,638.96,Ocacional
31422215,951.48,Ocacional
31427523,25.68,Ocacional
31429941,83.68,Ocacional
31430734,272.62,Ocacional
31433176,693.62,Ocacional
31433641,357.52,Ocacional
31438612,356.14,Ocacional
31449878,884.34,Ocacional
31464570,560.1,Ocacional
31468232,89.46,Ocacional
31473775,50.46,Ocacional
31478705,41.54,Ocacional
31480906,238.22,Ocacional
31493048,22.88,Ocacional
31494759,181.36,Ocacional
31498743,361.32,Ocacional
31527453,78.06,Ocacional
31530074,333.62,Ocacional
31530910,398.66,Ocacional
31542773,1473.9999999999998,Frecuente
31550010,1729.74,Frecuente
31565506,77.16,Ocacional
31569661,908.22,Ocacional
31572660,115.24,Ocacional
31574543,374.6,Ocacional
31577575,2481.1,Frecuente
31585400,446.02,Ocacional
31589349,115.8,Ocacional
31591117,101.43,Ocacional
31600282,1691.48,Frecuente
31605714,92.91,Ocacional
31605955,1938.82,Frecuente
31606683,342.22,Ocacional
31606985,882.74,Ocacional
31608797,30.42,Ocacional
31611407,206.82,Ocacional
31611706,394.12,Ocacional
31613767,885.9399999999999,Ocacional
31615684,128.76,Ocacional
31616251,127.12,Ocacional
31620876,356.2,Ocacional
31624041,99.9,Ocacional
31625922,116.52,Ocacional
31629002,158.6,Ocacional
31638616,2866.88,Frecuente
31639027,570.12,Ocacional
31644267,105.84,Ocacional
31646784,105.66,Ocacional
31652456,1459.94,Frecuente
31656457,96.1,Ocacional
31661178,1153.78,Frecuente
31672227,122.42,Ocacional
31673644,88.66,Ocacional
31678102,105.44,Ocacional
31678719,1640.94,Frecuente
31682481,55.7,Ocacional
31694148,164.26,Ocacional
31695702,160.04,Ocacional
31699436,181.22,Ocacional
31700290,34.96,Ocacional
31706829,121.56,Ocacional
31711168,238.74,Ocacional
31714338,949.1,Ocacional
31719246,533.64,Ocacional
31729001,94.14,Ocacional
31731689,443.36,Ocacional
31733002,70.04,Ocacional
31733927,16.52,Ocacional
31748491,776.4,Ocacional
31757849,2681.92,Frecuente
31758106,70.36,Ocacional
31761053,619.34,Ocacional
31769922,237.8,Ocacional
31770936,128.4,Ocacional
31774436,737.06,Ocacional
31779998,192.78,Ocacional
31795087,719.45,Ocacional
31797629,136.22,Ocacional
31814678,158.9,Ocacional
31825240,48.44,Ocacional
31825528,1556.26,Frecuente
31827880,121.04,Ocacional
31829242,2134.96,Frecuente
31829839,106.4,Ocacional
31833381,2571.76,Frecuente
31852513,1394.42,Frecuente
31858890,80.94,Ocacional
31859171,691.3,Ocacional
31869932,454.54,Ocacional
31875167,62.74,Ocacional
31880048,84.30000000000001,Ocacional
31891323,170.2,Ocacional
31892981,97.36,Ocacional
31893007,57.42,Ocacional
31896986,48.08,Ocacional
31902526,68.68,Ocacional
31915317,104.88,Ocacional
31918931,439.2,Ocacional
31921662,3554.5499999999997,VIP
31931843,89.94,Ocacional
31938284,232.56,Ocacional
31942791,1020.0,Frecuente
31943484,1684.62,Frecuente
31944331,110.92,Ocacional
31970428,890.5,Ocacional
31973762,14.28,Ocacional
31983241,876.82,Ocacional
31991156,99.38,Ocacional
31996046,111.08,Ocacional
32007345,287.58,Ocacional
32008757,41.5,Ocacional
32009170,102.72,Ocacional
32015320,659.6,Ocacional
32023237,35.49,Ocacional
32030052,793.3,Ocacional
32032645,190.24,Ocacional
32033557,1928.26,Frecuente
32037116,511.71999999999997,Ocacional
32052783,1604.06,Frecuente
32052902,44.92,Ocacional
32058195,238.28,Ocacional
32062589,34.82,Ocacional
32067591,114.42,Ocacional
32069110,589.3199999999999,Ocacional
32070081,2617.48,Frecuente
32075208,594.34,Ocacional
32076350,209.2,Ocacional
32076881,1123.34,Frecuente
32080322,268.96,Ocacional
32104474,1167.42,Frecuente
32114131,1828.96,Frecuente
32123549,292.82,Ocacional
32123816,1542.8,Frecuente
32131349,79.2,Ocacional
32132118,131.01,Ocacional
32133740,174.89999999999998,Ocacional
32137840,654.86,Ocacional
32140977,311.88,Ocacional
32150442,231.08,Ocacional
32164882,192.22,Ocacional
32166887,32.74,Ocacional
32172298,80.68,Ocacional
32184509,192.46,Ocacional
32185322,77.98,Ocacional
32185708,117.42,Ocacional
32188329,113.28,Ocacional
32193498,583.46,Ocacional
32195999,200.4,Ocacional
32199201,191.98,Ocacional
32204535,2081.9,Frecuente
32211342,696.66,Ocacional
32212223,254.02,Ocacional
32217650,49.64,Ocacional
32229278,333.08,Ocacional
32229363,56.52,Ocacional
32229812,56.94,Ocacional
32231499,295.48,Ocacional
32231707,370.64,Ocacional
32233892,241.95000000000002,Ocacional
32234356,399.18,Ocacional
32237011,248.52,Ocacional
32242789,71.94,Ocacional
32245100,160.5,Ocacional
32246880,63.92,Ocacional
32250648,731.08,Ocacional
32257522,36.3,Ocacional
32261316,120.62,Ocacional
32263247,29.06,Ocacional
32277262,384.02,Ocacional
32280211,18.96,Ocacional
32280815,499.52,Ocacional
32287164,222.3,Ocacional
32287955,2102.94,Frecuente
32288305,147.04000000000002,Ocacional
32308548,58.1,Ocacional
32315230,608.74,Ocacional
32317276,458.54,Ocacional
32318580,623.76,Ocacional
32321309,40.82,Ocacional
32339704,151.98,Ocacional
32340937,525.18,Ocacional
32342432,202.14,Ocacional
32344985,60.84,Ocacional
32346027,98.78,Ocacional
32353510,54.6,Ocacional
32354478,132.75,Ocacional
32357096,86.22,Ocacional
32367995,67.04,Ocacional
32370078,229.62,Ocacional
32372820,204.0,Ocacional
32379330,540.76,Ocacional
32381778,247.45000000000002,Ocacional
32383168,59.8,Ocacional
32383922,156.16,Ocacional
32387202,111.98,Ocacional
32388331,20.68,Ocacional
32396494,40.9,Ocacional
32405086,668.92,Ocacional
32411032,131.22,Ocacional
32425647,109.92,Ocacional
32435660,67.36,Ocacional
32450845,459.32,Ocacional
32473394,236.28,Ocacional
32479629,106.4,Ocacional
32480826,1073.97,Frecuente
32485988,844.4,Ocacional
32494421,1405.87,Frecuente
32495644,892.22,Ocacional
32499044,1047.42,Frecuente
32506284,17.56,Ocacional
32516857,866.9,Ocacional
32522899,96.4,Ocacional
32526957,627.44,Ocacional
32555744,105.74,Ocacional
32556504,31.06,Ocacional
32577842,16.78,Ocacional
32579950,987.1400000000001,Ocacional
32592258,51.72,Ocacional
32609005,2040.14,Frecuente
32612926,881.98,Ocacional
32613638,313.9,Ocacional
32620354,690.9599999999999,Ocacional
32627110,960.9,Ocacional
32633918,2237.62,Frecuente
32645409,196.46999999999997,Ocacional
32653414,1155.42,Frecuente
32660177,524.64,Ocacional
32666996,226.02,Ocacional
32673921,51.8,Ocacional
32676666,2991.8,Frecuente
32680212,105.66,Ocacional
32682055,702.88,Ocacional
32684361,111.88,Ocacional
32695181,62.32,Ocacional
32701512,698.06,Ocacional
32708515,255.84,Ocacional
32715339,166.44,Ocacional
32715900,154.02,Ocacional
32717712,248.9,Ocacional
32718193,251.82,Ocacional
32727108,15.36,Ocacional
32732595,153.92,Ocacional
32741342,1123.34,Frecuente
32753931,66.46,Ocacional
32756438,149.84,Ocacional
32759289,94.06,Ocacional
32762280,665.28,Ocacional
32774082,151.86,Ocacional
32777197,106.54,Ocacional
32778613,187.66,Ocacional
32780795,117.24,Ocacional
32782176,193.76,Ocacional
32799631,151.3,Ocacional
32802263,684.16,Ocacional
32802916,277.44,Ocacional
32812108,2751.88,Frecuente
32833148,653.76,Ocacional
32859342,2684.06,Frecuente
32861420,132.4,Ocacional
32867679,2510.04,Frecuente
32876651,255.32,Ocacional
32881909,2276.02,Frecuente
32883990,241.36,Ocacional
32886251,326.3,Ocacional
32889121,764.34,Ocacional
32896704,166.98,Ocacional
32904777,232.24,Ocacional
32921530,73.08,Ocacional
32931169,2129.1,Frecuente
32936257,627.28,Ocacional
32939889,442.74,Ocacional
32948069,1116.92,Frecuente
32951014,59.5,Ocacional
32952002,22.04,Ocacional
32955183,581.4,Ocacional
32957587,231.2,Ocacional
32967274,92.04,Ocacional
32975405,111.02,Ocacional
32977209,312.0,Ocacional
32977727,1419.26,Frecuente
32978798,179.22,Ocacional
32998411,402.52,Ocacional
32999427,113.32,Ocacional
33001287,346.74,Ocacional
33003850,916.02,Ocacional
33008612,42.94,Ocacional
33011133,69.76,Ocacional
33013442,243.92,Ocacional
33019913,729.92,Ocacional
33022980,356.76,Ocacional
33024380,49.96,Ocacional
33029544,63.16,Ocacional
33035376,1479.78,Frecuente
33039898,1504.36,Frecuente
33060425,465.46,Ocacional
33065463,153.18,Ocacional
33073444,189.82,Ocacional
33087700,756.68,Ocacional
33094747,253.68,Ocacional
33097944,299.26,Ocacional
33100150,220.27999999999997,Ocacional
33111895,2555.5,Frecuente
33114055,68.02,Ocacional
33115349,16.36,Ocacional
33115945,725.06,Ocacional
33124662,344.43,Ocacional
33133156,751.7,Ocacional
33136761,1108.02,Frecuente
33153516,164.26,Ocacional
33172556,126.12,Ocacional
33172898,528.8000000000001,Ocacional
33173739,2143.88,Frecuente
33189827,1355.98,Frecuente
33196580,542.92,Ocacional
33211013,1196.79,Frecuente
33223275,103.94,Ocacional
33226045,650.82,Ocacional
33229333,105.14,Ocacional
33229713,159.94,Ocacional
33231351,251.94,Ocacional
33236286,2245.14,Frecuente
33239277,2719.7,Frecuente
33250169,2242.54,Frecuente
33252279,29.32,Ocacional
33266013,285.42,Ocacional
33271119,945.02,Ocacional
33273585,232.62,Ocacional
33278274,530.94,Ocacional
33278500,107.26,Ocacional
33279964,114.86,Ocacional
33280129,196.06,Ocacional
33284734,202.8,Ocacional
33292124,502.02,Ocacional
33294941,720.3,Ocacional
33299882,924.66,Ocacional
33300777,17.84,Ocacional
33303527,28.86,Ocacional
33309980,90.5,Ocacional
33312313,36.62,Ocacional
33315860,669.09,Ocacional
33322005,413.70000000000005,Ocacional
33325881,4212.09,VIP
33327501,714.44,Ocacional
33333394,2629.22,Frecuente
33335328,285.96,Ocacional
33336460,170.06,Ocacional
33337161,43.18,Ocacional
33353392,2313.24,Frecuente
33355779,682.86,Ocacional
33359579,107.36,Ocacional
33360218,495.98,Ocacional
33375493,55.6,Ocacional
33385644,1598.72,Frecuente
33385738,985.58,Ocacional
33389448,1315.26,Frecuente
33391426,194.34,Ocacional
33393155,426.78,Ocacional
33394739,589.74,Ocacional
33396654,1731.28,Frecuente
33402386,160.82,Ocacional
33404647,1078.5,Frecuente
33405040,843.34,Ocacional
33408597,205.94,Ocacional
33412339,145.8,Ocacional
33417336,2052.74,Frecuente
33423909,424.62,Ocacional
33426718,23.94,Ocacional
33433941,77.8,Ocacional
33439024,330.4,Ocacional
33439484,2323.46,Frecuente
33441827,63.46,Ocacional
33447297,44.54,Ocacional
33448459,416.92,Ocacional
33481184,389.18,Ocacional
33489229,607.64,Ocacional
33495468,205.74,Ocacional
33503340,87.06,Ocacional
33504943,166.38,Ocacional
33509667,2680.3,Frecuente
33513547,840.5,Ocacional
33516702,2079.46,Frecuente
33522382,2859.44,Frecuente
33528448,1383.28,Frecuente
33528534,674.56,Ocacional
33535795,452.68,Ocacional
33537121,200.98,Ocacional
33549138,391.02,Ocacional
33554701,178.8,Ocacional
33559397,425.3,Ocacional
33581268,247.92,Ocacional
33583562,170.4,Ocacional
33610632,1229.06,Frecuente
33615486,533.08,Ocacional
33633360,605.68,Ocacional
33634853,207.94,Ocacional
33641327,425.74,Ocacional
33644684,342.54,Ocacional
33650865,156.6,Ocacional
33652324,75.84,Ocacional
33656907,23.26,Ocacional
33657147,199.64,Ocacional
33659556,78.38,Ocacional
33683462,1241.38,Frecuente
33695110,118.72,Ocacional
33704542,83.54,Ocacional
33704963,438.26,Ocacional
33712351,115.1,Ocacional
33718323,114.87,Ocacional
33731480,550.68,Ocacional
33732369,2389.42,Frecuente
33736358,96.96000000000001,Ocacional
33738638,66.66,Ocacional
33743916,251.38,Ocacional
33745120,580.2,Ocacional
33745710,447.24,Ocacional
33747309,746.3,Ocacional
33750322,2466.18,Frecuente
33752126,209.64,Ocacional
33752532,44.08,Ocacional
33757541,268.3,Ocacional
33760259,148.04,Ocacional
33762683,36.92,Ocacional
33779521,537.66,Ocacional
33782856,961.98,Ocacional
33792938,965.4,Ocacional
33812509,1221.96,Frecuente
33819977,141.52,Ocacional
33826027,514.98,Ocacional
33828000,97.68,Ocacional
33831596,115.16,Ocacional
33832836,41.46,Ocacional
33836379,305.37,Ocacional
33840020,323.88,Ocacional
33845738,230.3,Ocacional
33847117,649.5600000000001,Ocacional
33848311,122.68,Ocacional
33856339,414.7,Ocacional
33856784,1636.56,Frecuente
33864474,344.32,Ocacional
33868785,886.58,Ocacional
33869609,97.66,Ocacional
33874307,887.46,Ocacional
33877868,105.76,Ocacional
33878826,2449.36,Frecuente
33878829,626.6,Ocacional
33890381,444.44,Ocacional
33893083,61.230000000000004,Ocacional
33895121,42.58,Ocacional
33896178,498.0,Ocacional
33903894,35.88,Ocacional
33908135,82.44,Ocacional
33918182,537.56,Ocacional
33924917,17.88,Ocacional
33935436,2653.54,Frecuente
33945828,48.74,Ocacional
33948628,770.06,Ocacional
33959374,255.96,Ocacional
33960238,493.44,Ocacional
33962088,354.36,Ocacional
33964816,322.74,Ocacional
33965324,79.2,Ocacional
33975778,1061.48,Frecuente
33976324,226.16,Ocacional
33976935,79.18,Ocacional
33981611,810.04,Ocacional
33983910,102.68,Ocacional
33998365,43.06,Ocacional
34004758,435.28,Ocacional
34015493,447.58,Ocacional
34017995,131.04,Ocacional
34025926,539.78,Ocacional
34027457,235.2,Ocacional
34040550,1700.18,Frecuente
34042133,25.86,Ocacional
34047346,521.22,Ocacional
34051466,222.1,Ocacional
34065232,184.16,Ocacional
34069104,371.76,Ocacional
34076111,472.94,Ocacional
34079808,957.48,Ocacional
34094284,124.58,Ocacional
34099280,538.12,Ocacional
34101808,291.22,Ocacional
34108693,308.5,Ocacional
34117298,382.22,Ocacional
34123593,11.4,Ocacional
34133550,132.22,Ocacional
34135567,131.34,Ocacional
34147147,629.18,Ocacional
34149185,90.8,Ocacional
34156801,115.66,Ocacional
34158801,67.58,Ocacional
34180009,152.82,Ocacional
34192107,175.32,Ocacional
34199158,325.86,Ocacional
34203511,310.86,Ocacional
34204514,722.78,Ocacional
34213733,79.8,Ocacional
34234418,676.6,Ocacional
34234488,2431.48,Frecuente
34243431,18.52,Ocacional
34244664,1045.53,Frecuente
34256671,97.7,Ocacional
34271770,732.46,Ocacional
34271820,432.88,Ocacional
34272762,87.26,Ocacional
34293068,955.54,Ocacional
34293830,86.74,Ocacional
34297507,822.0899999999999,Ocacional
34309522,117.28,Ocacional
34312435,109.76,Ocacional
34313045,724.46,Ocacional
34315455,84.68,Ocacional
34315490,115.48,Ocacional
34316815,381.71999999999997,Ocacional
34317177,988.6,Ocacional
34320424,544.02,Ocacional
34321040,186.46,Ocacional
34325684,221.12,Ocacional
34327643,1181.4,Frecuente
34327931,377.76,Ocacional
34331701,1243.2,Frecuente
34343971,78.4,Ocacional
34349185,458.68,Ocacional
34358357,362.8,Ocacional
34359536,151.26,Ocacional
34363312,170.0,Ocacional
34367016,91.86,Ocacional
34368983,114.02,Ocacional
34370378,551.14,Ocacional
34370528,1326.44,Frecuente
34376082,199.1,Ocacional
34376902,2977.16,Frecuente
34385809,1553.52,Frecuente
34392754,344.6,Ocacional
34393497,2632.0,Frecuente
34399611,232.16,Ocacional
34404655,260.56,Ocacional
34414192,125.46,Ocacional
34420558,395.88,Ocacional
34421631,895.9,Ocacional
34426129,56.68,Ocacional
34428870,25.76,Ocacional
34438907,184.98,Ocacional
34447277,529.88,Ocacional
34468515,31.96,Ocacional
34469495,885.02,Ocacional
34484771,87.38,Ocacional
34488624,275.02,Ocacional
34489471,777.24,Ocacional
34495711,468.52,Ocacional
34502100,115.14,Ocacional
34503671,1116.08,Frecuente
34505831,152.16,Ocacional
34508812,1972.18,Frecuente
34523093,87.24,Ocacional
34524624,259.66,Ocacional
34531043,587.86,Ocacional
34533356,2433.18,Frecuente
34535154,301.32,Ocacional
34538123,18.46,Ocacional
34539827,349.59000000000003,Ocacional
34546168,236.82,Ocacional
34546456,92.08,Ocacional
34548622,104.34,Ocacional
34554875,440.62,Ocacional
34555056,520.86,Ocacional
34562121,79.58,Ocacional
34563948,116.6,Ocacional
34572107,603.8199999999999,Ocacional
34587183,409.82,Ocacional
34591747,38.66,Ocacional
34594200,230.58,Ocacional
34595090,319.96,Ocacional
34599878,147.24,Ocacional
34606972,2129.34,Frecuente
34607877,326.5,Ocacional
34619376,87.28,Ocacional
34619604,898.7,Ocacional
34622988,57.22,Ocacional
34623598,243.46,Ocacional
34624302,409.52,Ocacional
34640213,724.02,Ocacional
34643718,34.5,Ocacional
34645168,755.0699999999999,Ocacional
34648695,226.69,Ocacional
34649858,287.9,Ocacional
34653008,61.96,Ocacional
34654104,93.28,Ocacional
34654144,779.7,Ocacional
34656214,702.7,Ocacional
34658130,637.7,Ocacional
34658195,1031.3200000000002,Frecuente
34663060,592.24,Ocacional
34664040,2471.6,Frecuente
34667012,1199.13,Frecuente
34673139,30.58,Ocacional
34673363,1433.9,Frecuente
34673895,2698.6499999999996,Frecuente
34674528,368.42,Ocacional
34676326,169.44,Ocacional
34677755,1187.25,Frecuente
34680648,162.04,Ocacional
34681500,2050.86,Frecuente
34681524,178.44,Ocacional
34689089,326.54,Ocacional
34694662,79.54,Ocacional
34701249,56.7,Ocacional
34710176,229.56,Ocacional
34713662,1157.46,Frecuente
34714822,2335.6,Frecuente
34715155,219.52,Ocacional
34715490,155.5,Ocacional
34717946,110.3,Ocacional
34720362,125.46,Ocacional
34721928,46.64,Ocacional
34739685,400.12,Ocacional
34747910,345.16,Ocacional
34753417,178.02,Ocacional
34758708,128.92,Ocacional
34774612,2086.86,Frecuente
34782452,289.02,Ocacional
34792550,148.32,Ocacional
34794172,641.92,Ocacional
34794336,72.92,Ocacional
34800122,55.14,Ocacional
34806561,375.7,Ocacional
34807773,114.69,Ocacional
34814069,255.74,Ocacional
34814096,574.46,Ocacional
34820841,380.6,Ocacional
34828924,389.04,Ocacional
34832304,140.64,Ocacional
34833066,2522.38,Frecuente
34842537,851.26,Ocacional
34843050,177.58,Ocacional
34846242,98.0,Ocacional
34847161,591.27,Ocacional
34847693,2663.94,Frecuente
34854974,188.32,Ocacional
34857404,184.74,Ocacional
34858982,2017.58,Frecuente
34859103,2786.82,Frecuente
34860756,14.68,Ocacional
34873859,199.34,Ocacional
34877364,23.66,Ocacional
34878264,3679.36,VIP
34885005,367.76,Ocacional
34888719,67.28,Ocacional
34890024,108.1,Ocacional
34890247,2917.52,Frecuente
34890586,957.74,Ocacional
34896885,233.36,Ocacional
34900245,78.54,Ocacional
34913992,740.28,Ocacional
34915158,56.06,Ocacional
34916149,352.96,Ocacional
34917758,434.5,Ocacional
34925034,1707.12,Frecuente
34943462,1097.8799999999999,Frecuente
34955959,568.2,Ocacional
34979291,26.36,Ocacional
34994924,722.58,Ocacional
34995710,741.24,Ocacional
34999038,1788.32,Frecuente
35023031,114.16,Ocacional
35023504,1808.48,Frecuente
35041130,391.0,Ocacional
35043400,567.22,Ocacional
35047496,87.38,Ocacional
35051713,1087.9,Frecuente
35054212,469.82000000000005,Ocacional
35068561,51.54,Ocacional
35080253,99.28,Ocacional
35086994,989.42,Ocacional
35092806,604.46,Ocacional
35097013,105.72,Ocacional
35105015,45.39,Ocacional
35109691,672.7,Ocacional
35111651,45.38,Ocacional
35126739,674.92,Ocacional
35130626,2260.28,Frecuente
35135523,467.82,Ocacional
35155481,201.36,Ocacional
35159364,324.38,Ocacional
35159924,511.74,Ocacional
35161754,1950.14,Frecuente
35161931,2109.8999999999996,Frecuente
35163844,292.54,Ocacional
35169304,2994.66,Frecuente
35171125,32.08,Ocacional
35172243,861.78,Ocacional
35177265,305.64,Ocacional
35178880,971.82,Ocacional
35180826,373.04999999999995,Ocacional
35181389,379.52,Ocacional
35198691,376.4,Ocacional
35199280,174.56,Ocacional
35202210,936.77,Ocacional
35208169,53.56,Ocacional
35209912,1592.4,Frecuente
35212838,144.28,Ocacional
35213852,62.0,Ocacional
35214724,3009.82,VIP
35220398,459.76,Ocacional
35222347,113.14,Ocacional
35225501,248.26,Ocacional
35228355,56.86,Ocacional
35230544,120.62,Ocacional
35233186,70.06,Ocacional
35234106,221.24,Ocacional
35240637,96.54,Ocacional
35261222,248.32,Ocacional
35275746,164.67000000000002,Ocacional
35287342,791.9,Ocacional
35289983,85.96,Ocacional
35290605,31.92,Ocacional
35325025,704.76,Ocacional
35328195,301.06,Ocacional
35334684,150.74,Ocacional
35337817,135.0,Ocacional
35348692,49.36,Ocacional
35353500,935.9399999999999,Ocacional
35364920,516.56,Ocacional
35365123,94.64,Ocacional
35367584,310.28,Ocacional
35373121,207.34,Ocacional
35389758,78.96,Ocacional
35392284,163.62,Ocacional
35393212,37.2,Ocacional
35393375,14.04,Ocacional
35397293,96.26,Ocacional
35401247,861.1200000000001,Ocacional
35421897,114.0,Ocacional
35422870,43.84,Ocacional
35426246,245.13,Ocacional
35434639,45.22,Ocacional
35436816,504.24,Ocacional
35440574,79.45,Ocacional
35445336,237.04,Ocacional
35452670,439.02,Ocacional
35458235,469.14,Ocacional
35460824,360.14,Ocacional
35460831,554.42,Ocacional
35464108,78.76,Ocacional
35467430,2929.8,Frecuente
35477297,235.79999999999998,Ocacional
35487049,2526.54,Frecuente
35489208,165.9,Ocacional
35493962,50.6,Ocacional
35497432,1887.04,Frecuente
35499502,414.72,Ocacional
35512352,5048.84,VIP
35523752,98.62,Ocacional
35524393,20.76,Ocacional
35530433,895.72,Ocacional
35543131,673.5,Ocacional
35557121,626.2,Ocacional
35558608,136.18,Ocacional
35559440,737.7,Ocacional
35561491,11.96,Ocacional
35564291,56.66,Ocacional
35564383,66.9,Ocacional
35568911,626.2,Ocacional
35569717,316.32,Ocacional
35573115,234.82,Ocacional
35573384,2787.68,Frecuente
35577431,212.12,Ocacional
35577558,1525.16,Frecuente
35579879,86.6,Ocacional
35584082,732.72,Ocacional
35585175,180.9,Ocacional
35586201,3600.0299999999997,VIP
35586882,973.32,Ocacional
35588061,1324.14,Frecuente
35590666,1808.48,Frecuente
35591952,99.8,Ocacional
35593857,167.52,Ocacional
35598913,568.22,Ocacional
35600091,21.66,Ocacional
35601139,121.5,Ocacional
35601794,471.93,Ocacional
35618462,377.68,Ocacional
35619503,203.26,Ocacional
35619671,196.12,Ocacional
35623249,155.52,Ocacional
35632627,36.02,Ocacional
35635728,120.0,Ocacional
35635859,2167.04,Frecuente
35637989,82.56,Ocacional
35639112,79.06,Ocacional
35640321,1013.72,Frecuente
35640762,304.9,Ocacional
35641465,1386.8400000000001,Frecuente
35642693,21.1,Ocacional
35643392,373.2,Ocacional
35649367,357.96,Ocacional
35649680,115.64,Ocacional
35652895,2449.86,Frecuente
35664377,430.77,Ocacional
35665873,67.62,Ocacional
35673950,2936.92,Frecuente
35675180,60.52,Ocacional
35677973,265.96,Ocacional
35678007,60.84,Ocacional
35683378,138.78,Ocacional
35685386,87.22,Ocacional
35685744,363.3,Ocacional
35697485,2712.7200000000003,Frecuente
35698111,95.52,Ocacional
35702170,1030.74,Frecuente
35703021,577.98,Ocacional
35706296,106.74000000000001,Ocacional
35708333,194.2,Ocacional
35710176,227.18,Ocacional
35715797,534.2,Ocacional
35716175,345.18,Ocacional
35729551,55.32,Ocacional
35731651,944.7,Ocacional
35733030,94.16,Ocacional
35734138,549.3,Ocacional
35743966,109.44,Ocacional
35746588,167.96,Ocacional
35748339,246.12,Ocacional
35754507,93.28,Ocacional
35758626,674.92,Ocacional
35761968,745.84,Ocacional
35763128,32.22,Ocacional
35767868,847.68,Ocacional
35769672,460.78,Ocacional
35770168,383.28,Ocacional
35771516,1887.04,Frecuente
35774586,105.82,Ocacional
35775142,247.8,Ocacional
35786784,394.86,Ocacional
35793550,1483.4,Frecuente
35794881,129.38,Ocacional
35810922,340.98,Ocacional
35810949,296.78,Ocacional
35814563,219.62,Ocacional
35818926,172.71,Ocacional
35820439,2581.62,Frecuente
35824692,54.9,Ocacional
35825017,371.96,Ocacional
35825813,157.18,Ocacional
35826815,234.94,Ocacional
35844028,174.64,Ocacional
35852080,706.62,Ocacional
35855797,111.12,Ocacional
35861369,626.68,Ocacional
35861460,587.78,Ocacional
35861469,66.58,Ocacional
35864107,2438.12,Frecuente
35871520,32.7,Ocacional
35873635,2400.02,Frecuente
35882653,316.46,Ocacional
35888312,269.92,Ocacional
35893669,310.6,Ocacional
35907794,858.72,Ocacional
35918909,182.78,Ocacional
35923213,146.34,Ocacional
35924348,680.04,Ocacional
35930299,50.04,Ocacional
35933030,93.94,Ocacional
35940245,210.06,Ocacional
35942911,403.98,Ocacional
35944144,447.3,Ocacional
35954982,82.52,Ocacional
35956821,104.0,Ocacional
35956841,672.4,Ocacional
35960037,474.45000000000005,Ocacional
35974370,293.24,Ocacional
35976421,659.94,Ocacional
35980728,56.74,Ocacional
35987424,752.79,Ocacional
35992006,923.78,Ocacional
35992310,71.96,Ocacional
35999139,303.1,Ocacional
36011814,76.46,Ocacional
36017560,365.6,Ocacional
36025877,43.44,Ocacional
36027741,627.2,Ocacional
36036936,760.06,Ocacional
36037113,1072.77,Frecuente
36050241,127.3,Ocacional
36059768,98.78999999999999,Ocacional
36071783,2832.16,Frecuente
36081427,1383.06,Frecuente
36090280,2962.32,Frecuente
36094745,282.54,Ocacional
36096252,448.28,Ocacional
36096454,65.36,Ocacional
36114493,566.4,Ocacional
36115179,1680.56,Frecuente
36116251,100.42,Ocacional
36121935,51.22,Ocacional
36122022,2049.66,Frecuente
36122309,173.12,Ocacional
36125061,1288.4999999999998,Frecuente
36129300,1310.68,Frecuente
36130560,603.96,Ocacional
36132534,261.63,Ocacional
36137129,13.6,Ocacional
36142211,330.98,Ocacional
36142645,477.06,Ocacional
36142665,949.0500000000001,Ocacional
36146459,158.06,Ocacional
36151469,211.22,Ocacional
36151937,182.38,Ocacional
36159494,460.78,Ocacional
36169832,229.77,Ocacional
36170151,1767.54,Frecuente
36183829,167.96,Ocacional
36189867,239.5,Ocacional
36215207,535.76,Ocacional
36216464,2491.38,Frecuente
36220649,699.18,Ocacional
36225168,91.46,Ocacional
36251234,394.64,Ocacional
36259165,22.1,Ocacional
36261258,164.32,Ocacional
36282900,280.38,Ocacional
36286523,185.24,Ocacional
36340850,52.6,Ocacional
36344015,1168.36,Frecuente
36344765,241.02,Ocacional
36350720,79.04,Ocacional
36351346,44.74,Ocacional
36351658,2938.76,Frecuente
36353983,111.12,Ocacional
36355195,108.53999999999999,Ocacional
36363697,591.56,Ocacional
36369312,284.62,Ocacional
36370791,923.78,Ocacional
36380745,315.48,Ocacional
36389302,467.8,Ocacional
36390445,2205.64,Frecuente
36391627,3672.93,VIP
36394798,145.18,Ocacional
36397486,275.62,Ocacional
36407864,761.46,Ocacional
36414409,122.42,Ocacional
36419750,704.2,Ocacional
36420587,678.49,Ocacional
36429854,420.55,Ocacional
36438522,739.54,Ocacional
36439756,45.02,Ocacional
36454092,83.04,Ocacional
36458566,1622.6399999999999,Frecuente
36468551,3927.99,VIP
36475974,296.84,Ocacional
36489692,385.0,Ocacional
36498375,105.26,Ocacional
36517910,539.12,Ocacional
36530138,1015.8,Frecuente
36531508,213.18,Ocacional
36543527,2243.04,Frecuente
36545949,103.88,Ocacional
36557175,645.74,Ocacional
36558479,662.64,Ocacional
36571594,346.02,Ocacional
36583572,600.74,Ocacional
36585170,604.66,Ocacional
36588016,645.94,Ocacional
36600055,47.52,Ocacional
36608502,460.78,Ocacional
36615423,270.37,Ocacional
36620991,615.09,Ocacional
36623391,61.86,Ocacional
36623903,88.88,Ocacional
36631443,516.9,Ocacional
36632179,83.24,Ocacional
36634573,220.66,Ocacional
36639392,148.82,Ocacional
36649196,205.38,Ocacional
36698884,1275.2,Frecuente
36708894,2148.08,Frecuente
36710547,27.42,Ocacional
36725019,358.0,Ocacional
36744663,2768.72,Frecuente
36757834,130.82,Ocacional
36763605,841.3,Ocacional
36768294,1204.58,Frecuente
36773443,146.58,Ocacional
36782111,1087.59,Frecuente
36786180,1162.36,Frecuente
36789062,34.7,Ocacional
36791765,143.5,Ocacional
36814462,427.3,Ocacional
36817123,1477.1599999999999,Frecuente
36820044,175.64,Ocacional
36837968,356.68,Ocacional
36845026,104.94,Ocacional
36860294,432.88,Ocacional
36872910,356.0,Ocacional
36879095,283.38,Ocacional
36879201,1183.06,Frecuente
36885746,30.22,Ocacional
36890368,80.9,Ocacional
36906952,219.54,Ocacional
36907643,58.96,Ocacional
36911435,136.84,Ocacional
36915399,2893.56,Frecuente
36921082,87.88,Ocacional
36922432,1100.85,Frecuente
36930709,2234.36,Frecuente
36943423,123.82,Ocacional
36955109,851.76,Ocacional
36955160,164.14,Ocacional
36956388,32.74,Ocacional
36959501,495.08,Ocacional
36959992,156.66,Ocacional
36960659,155.26,Ocacional
36962793,172.86,Ocacional
36966189,2134.8,Frecuente
36973002,338.26,Ocacional
36979010,121.3,Ocacional
37003864,2015.38,Frecuente
37036743,519.3499999999999,Ocacional
37046520,234.32,Ocacional
37049042,5010.6,VIP
37108659,219.5,Ocacional
37110636,2651.68,Frecuente
37110728,818.52,Ocacional
37115466,695.56,Ocacional
37115948,190.6,Ocacional
37117906,363.58000000000004,Ocacional
37120478,70.2,Ocacional
37136576,216.66,Ocacional
37137124,381.0,Ocacional
37230456,39.84,Ocacional
37235501,375.64,Ocacional
37235513,289.32,Ocacional
37235904,343.82,Ocacional
37239608,373.48,Ocacional
37240166,1566.0,Frecuente
37241515,1181.97,Frecuente
37245848,161.8,Ocacional
37248997,2897.64,Frecuente
37252444,327.1,Ocacional
37255232,517.47,Ocacional
37260026,141.7,Ocacional
37373331,42.02,Ocacional
37373667,203.5,Ocacional
37395593,858.78,Ocacional
37411320,84.26,Ocacional
37430167,77.08,Ocacional
37431900,2116.3,Frecuente
37433887,447.98,Ocacional
37440192,166.68,Ocacional
37441372,591.58,Ocacional
37442220,463.06,Ocacional
37456133,42.38,Ocacional
37465455,109.42,Ocacional
37465999,747.94,Ocacional
37467611,55.56,Ocacional
37495295,14.48,Ocacional
37501549,54.4,Ocacional
37504948,342.72,Ocacional
37508736,457.94,Ocacional
37550231,230.4,Ocacional
37551789,375.45000000000005,Ocacional
37551818,1626.9,Frecuente
37551932,82.28,Ocacional
37552161,1688.58,Frecuente
37555854,2481.7,Frecuente
37572622,138.92,Ocacional
37574236,4787.799999999999,VIP
37585168,63.18,Ocacional
37585696,285.86,Ocacional
37599071,608.12,Ocacional
37631769,13.58,Ocacional
37649774,179.06,Ocacional
37669315,15.56,Ocacional
37677071,699.66,Ocacional
37682611,279.86,Ocacional
37688716,203.76,Ocacional
37690723,356.66,Ocacional
37706282,132.92,Ocacional
37722033,720.0600000000001,Ocacional
37727031,170.68,Ocacional
37733587,111.46,Ocacional
37808159,1591.28,Frecuente
37868470,397.14,Ocacional
37878482,156.76,Ocacional
37882313,321.46,Ocacional
37882976,28.38,Ocacional
37901358,33.52,Ocacional
37906674,44.28,Ocacional
37908040,94.92,Ocacional
37911392,185.16,Ocacional
37912905,338.7,Ocacional
37914548,172.24,Ocacional
37918381,432.48,Ocacional
37926088,1403.5,Frecuente
37930874,143.78,Ocacional
37936895,2622.0,Frecuente
37937728,733.78,Ocacional
37941106,879.26,Ocacional
37957603,2934.42,Frecuente
37967678,1331.54,Frecuente
37973739,384.02,Ocacional
37981614,101.94,Ocacional
37983923,751.98,Ocacional
37990555,998.72,Ocacional
37996944,237.32,Ocacional
38023168,2031.98,Frecuente
38023560,547.2,Ocacional
38028120,1478.04,Frecuente
38035487,291.62,Ocacional
38035885,31.28,Ocacional
38037407,1662.96,Frecuente
38044260,549.48,Ocacional
38045370,542.44,Ocacional
38048511,235.82,Ocacional
38059551,96.12,Ocacional
38082289,594.2,Ocacional
38091892,129.06,Ocacional
38108047,1444.46,Frecuente
38120145,15.46,Ocacional
38143721,233.22,Ocacional
38161475,345.42,Ocacional
38167082,61.26,Ocacional
38168005,1378.04,Frecuente
38168324,2428.26,Frecuente
38185644,222.4,Ocacional
38202030,134.58,Ocacional
38207944,195.14,Ocacional
38211451,91.14,Ocacional
38212786,60.14,Ocacional
38222749,681.56,Ocacional
38224920,77.58,Ocacional
38229979,344.6,Ocacional
38241748,118.0,Ocacional
38267461,17.92,Ocacional
38267700,276.72,Ocacional
38290511,155.64,Ocacional
38295109,1918.22,Frecuente
38297844,301.06,Ocacional
38299303,57.5,Ocacional
38306681,301.62,Ocacional
38317010,187.78,Ocacional
38322444,2676.72,Frecuente
38323725,1600.56,Frecuente
38343713,78.96,Ocacional
38349322,1267.93,Frecuente
38356516,33.84,Ocacional
38357309,1616.3,Frecuente
38359345,10.12,Ocacional
38367645,1600.56,Frecuente
38368505,2650.3,Frecuente
38370493,782.86,Ocacional
38375410,673.06,Ocacional
38382699,854.0,Ocacional
38387437,223.98,Ocacional
38393609,109.74,Ocacional
38424610,550.82,Ocacional
38433180,661.28,Ocacional
38436624,921.9300000000001,Ocacional
38436981,60.599999999999994,Ocacional
38437825,1106.31,Frecuente
38454668,120.9,Ocacional
38463339,68.14,Ocacional
38464689,2656.28,Frecuente
38484442,1153.22,Frecuente
38487177,45.1,Ocacional
38494150,399.28,Ocacional
38494625,774.62,Ocacional
38528635,68.92,Ocacional
38542463,1166.94,Frecuente
38547897,49.18,Ocacional
38549593,51.980000000000004,Ocacional
38559295,11.58,Ocacional
38567857,60.02,Ocacional
38590971,372.36,Ocacional
38594013,399.86,Ocacional
38595586,270.84,Ocacional
38597649,243.14,Ocacional
38623961,579.52,Ocacional
38628941,785.98,Ocacional
38636681,296.1,Ocacional
38647080,75.76,Ocacional
38651152,1964.06,Frecuente
38652873,240.64,Ocacional
38663903,226.88,Ocacional
38708139,1363.9,Frecuente
38709413,123.12,Ocacional
38711384,24.94,Ocacional
38719685,117.06,Ocacional
38724412,766.76,Ocacional
38728423,1051.1999999999998,Frecuente
38731973,251.34,Ocacional
38749980,34.46,Ocacional
38751020,337.84,Ocacional
38753657,846.28,Ocacional
38756930,2844.22,Frecuente
38762923,215.86,Ocacional
38769127,624.52,Ocacional
38770403,1648.4,Frecuente
38792137,117.58,Ocacional
38793824,221.92,Ocacional
38799474,615.2,Ocacional
38803424,1433.22,Frecuente
38808691,2939.76,Frecuente
38813637,234.96,Ocacional
38834711,573.64,Ocacional
38845300,1808.48,Frecuente
38848132,80.36,Ocacional
38853982,121.72,Ocacional
38858625,207.22,Ocacional
38859953,176.16,Ocacional
38861989,221.24,Ocacional
38871336,727.1800000000001,Ocacional
38873546,12.04,Ocacional
38874792,119.22,Ocacional
38882646,268.4,Ocacional
38902196,180.76,Ocacional
38904948,40.66,Ocacional
38909975,216.7,Ocacional
38915725,83.32,Ocacional
38920203,125.28,Ocacional
38925737,182.1,Ocacional
38936413,211.44,Ocacional
38962029,671.32,Ocacional
38968310,336.62,Ocacional
38971265,160.76,Ocacional
38982004,1209.42,Frecuente
38996375,78.3,Ocacional
39005051,158.44,Ocacional
39017917,503.98,Ocacional
39020354,2434.78,Frecuente
39022166,161.84,Ocacional
39027175,231.63,Ocacional
39042593,41.98,Ocacional
39042643,259.68,Ocacional
39045626,131.54,Ocacional
39046709,835.72,Ocacional
39047088,376.48,Ocacional
39053758,45.5,Ocacional
39095347,944.22,Ocacional
39097594,339.6,Ocacional
39103069,146.64,Ocacional
39162395,192.46,Ocacional
39172110,224.26,Ocacional
39262866,128.88,Ocacional
39316786,112.2,Ocacional
39326986,16.52,Ocacional
39358565,203.98,Ocacional
39370401,239.66,Ocacional
39380323,613.4,Ocacional
39393146,202.68,Ocacional
39393974,583.26,Ocacional
39394487,278.56,Ocacional
39414972,75.0,Ocacional
39458128,338.7,Ocacional
39459131,2219.14,Frecuente
39474127,83.28,Ocacional
39476384,230.43,Ocacional
39489986,107.14,Ocacional
39605705,2708.14,Frecuente
39607725,119.66,Ocacional
39616471,1942.82,Frecuente
39617853,344.44,Ocacional
39620554,2966.82,Frecuente
39620846,469.88,Ocacional
39624831,93.78,Ocacional
39626737,320.08,Ocacional
39627532,88.82,Ocacional
39630337,115.66,Ocacional
39636304,760.4,Ocacional
39645932,396.06,Ocacional
39648552,16.18,Ocacional
39652736,1840.74,Frecuente
39655849,321.86,Ocacional
39657879,503.76,Ocacional
39671491,24.26,Ocacional
39696129,291.54,Ocacional
39697306,1535.87,Frecuente
39700049,69.62,Ocacional
39702940,59.88,Ocacional
39734354,93.72,Ocacional
39735049,203.08,Ocacional
39739497,312.56,Ocacional
39744737,161.56,Ocacional
39751714,528.06,Ocacional
39752163,342.36,Ocacional
39755436,172.62,Ocacional
39758320,234.2,Ocacional
39770825,936.88,Ocacional
39773364,173.52,Ocacional
39774234,1071.6,Frecuente
39780108,141.08,Ocacional
39799296,2926.56,Frecuente
39801641,20.6,Ocacional
39814593,2932.75,Frecuente
39845435,831.04,Ocacional
39862540,206.28,Ocacional
39864050,627.3,Ocacional
39867569,94.64,Ocacional
39875505,227.24,Ocacional
39882884,106.22,Ocacional
39886900,256.03999999999996,Ocacional
39888573,816.2,Ocacional
39889184,876.81,Ocacional
39891240,105.04,Ocacional
39891382,2486.06,Frecuente
39893551,267.06,Ocacional
39894565,140.96,Ocacional
39903436,99.5,Ocacional
39903751,57.98,Ocacional
39910363,201.36,Ocacional
39913245,111.04,Ocacional
39913332,121.26,Ocacional
39915848,390.0,Ocacional
39917958,1988.8,Frecuente
39927739,880.96,Ocacional
39932220,26.6,Ocacional
39941977,145.52,Ocacional
39942584,911.56,Ocacional
39955917,443.28,Ocacional
39959205,28.54,Ocacional
39964265,106.48,Ocacional
39993100,76.96,Ocacional
40005691,3831.2999999999997,VIP
40009974,50.92,Ocacional
40020822,112.68,Ocacional
40024484,2545.06,Frecuente
40030193,93.26,Ocacional
40030464,1117.44,Frecuente
40039666,956.26,Ocacional
40047858,16.66,Ocacional
40077348,158.84,Ocacional
40083823,1094.54,Frecuente
40083888,322.92,Ocacional
40096604,194.3,Ocacional
40115730,1017.4,Frecuente
40116123,218.44,Ocacional
40119948,645.8,Ocacional
40127972,109.5,Ocacional
40131806,2298.42,Frecuente
40137177,134.22,Ocacional
40137220,583.84,Ocacional
40146363,1688.6,Frecuente
40153674,30.16,Ocacional
40159801,365.72,Ocacional
40163715,60.3,Ocacional
40164857,63.36,Ocacional
40170685,555.78,Ocacional
40171904,637.52,Ocacional
40173349,852.7,Ocacional
40174249,796.94,Ocacional
40175527,513.42,Ocacional
40182338,431.38,Ocacional
40184788,46.38,Ocacional
40204264,549.6,Ocacional
40208931,176.38,Ocacional
40211743,2763.26,Frecuente
40213370,82.84,Ocacional
40218381,75.12,Ocacional
40218709,106.04,Ocacional
40222415,457.5,Ocacional
40222736,116.36,Ocacional
40228257,110.54,Ocacional
40228358,105.84,Ocacional
40230803,792.86,Ocacional
40234331,3041.84,VIP
40243744,68.82,Ocacional
40243756,2750.0,Frecuente
40243856,37.22,Ocacional
40244728,75.3,Ocacional
40252752,796.58,Ocacional
40259256,855.58,Ocacional
40264044,63.98,Ocacional
40269676,2116.1000000000004,Frecuente
40289163,248.26,Ocacional
40293362,763.5,Ocacional
40295939,230.74,Ocacional
40301348,379.12,Ocacional
40304809,13.56,Ocacional
40311615,1811.9,Frecuente
40316299,675.21,Ocacional
40325440,146.04,Ocacional
40327836,99.18,Ocacional
40330402,179.68,Ocacional
40331999,409.34,Ocacional
40332482,212.5,Ocacional
40352593,990.8000000000001,Ocacional
40361633,900.21,Ocacional
40364789,2997.36,Frecuente
40372251,337.3,Ocacional
40373032,13.44,Ocacional
40381125,5480.17,VIP
40382838,1946.5,Frecuente
40384856,343.16,Ocacional
40390818,455.84,Ocacional
40394089,138.32,Ocacional
40396326,180.93,Ocacional
40402980,270.56,Ocacional
40406649,2085.98,Frecuente
40410876,76.06,Ocacional
40411008,1937.3,Frecuente
40411726,79.98,Ocacional
40419438,211.48,Ocacional
40420125,524.8,Ocacional
40423253,324.88,Ocacional
40424017,108.84,Ocacional
40432578,245.22,Ocacional
40433759,149.2,Ocacional
40447755,14.28,Ocacional
40449474,124.56,Ocacional
40450871,45.72,Ocacional
40462199,2399.14,Frecuente
40469744,253.36,Ocacional
40471482,1372.84,Frecuente
40471841,124.44,Ocacional
40472323,24.5,Ocacional
40473222,67.4,Ocacional
40474152,147.28,Ocacional
40476991,2051.46,Frecuente
40477269,76.04,Ocacional
40481233,102.52,Ocacional
40481348,823.72,Ocacional
40481431,1217.24,Frecuente
40485213,73.06,Ocacional
40485385,184.02,Ocacional
40488917,427.4,Ocacional
40495569,74.04,Ocacional
40496145,432.88,Ocacional
40496946,231.76,Ocacional
40497703,1522.6399999999999,Frecuente
40502615,190.82,Ocacional
40503057,374.74,Ocacional
40508450,195.36,Ocacional
40511499,225.24,Ocacional
40512393,21.06,Ocacional
40513303,311.04,Ocacional
40515010,946.6,Ocacional
40515728,115.14,Ocacional
40516717,498.38,Ocacional
40520963,269.1,Ocacional
40522141,682.4399999999999,Ocacional
40523799,745.78,Ocacional
40528737,86.52,Ocacional
40531269,534.24,Ocacional
40532178,175.86,Ocacional
40540447,1096.05,Frecuente
40540686,164.92,Ocacional
40541195,353.66,Ocacional
40548414,937.68,Ocacional
40555490,279.98,Ocacional
40557503,237.12,Ocacional
40558721,202.08,Ocacional
40562111,337.44,Ocacional
40563091,115.72,Ocacional
40565665,317.94,Ocacional
40569770,294.42,Ocacional
40571114,34.64,Ocacional
40574911,724.3,Ocacional
40575686,55.41,Ocacional
40575770,585.62,Ocacional
40575854,2964.0,Frecuente
40578374,14.7,Ocacional
40583377,92.52,Ocacional
40588890,119.62,Ocacional
40590155,219.54,Ocacional
40590669,98.48,Ocacional
40591850,281.34,Ocacional
40595960,64.02,Ocacional
40596425,692.96,Ocacional
40600246,749.88,Ocacional
40603074,170.72,Ocacional
40614352,2443.42,Frecuente
40622384,908.4,Ocacional
40623754,125.7,Ocacional
40629174,207.54,Ocacional
40634567,525.96,Ocacional
40637554,338.56,Ocacional
40638061,4367.22,VIP
40639814,1172.14,Frecuente
40639820,220.66,Ocacional
40643117,19.78,Ocacional
40645396,63.58,Ocacional
40664085,31.06,Ocacional
40668650,748.26,Ocacional
40669674,217.28,Ocacional
40674870,149.22,Ocacional
40680622,15.36,Ocacional
40687500,256.04,Ocacional
40689010,2387.44,Frecuente
40691966,41.54,Ocacional
40692258,58.72,Ocacional
40694218,531.56,Ocacional
40695616,316.46,Ocacional
40704055,1080.8,Frecuente
40705057,355.88,Ocacional
40705835,439.72,Ocacional
40708377,149.76,Ocacional
40714212,832.32,Ocacional
40714585,41.54,Ocacional
40714941,51.88,Ocacional
40720789,674.42,Ocacional
40721255,2192.5,Frecuente
40728122,377.88,Ocacional
40740642,149.68,Ocacional
40743612,966.0,Ocacional
40744627,3825.92,VIP
40750785,335.24,Ocacional
40754805,357.96,Ocacional
40778455,509.16,Ocacional
40780966,353.32,Ocacional
40781428,392.78,Ocacional
40786320,105.46,Ocacional
40786532,254.56,Ocacional
40788622,326.98,Ocacional
40788704,371.96,Ocacional
40789093,290.94,Ocacional
40789907,642.04,Ocacional
40794642,183.2,Ocacional
40795274,111.04,Ocacional
40796272,84.58,Ocacional
40797763,130.06,Ocacional
40797943,174.32,Ocacional
40798689,654.16,Ocacional
40800591,857.52,Ocacional
40802277,365.92,Ocacional
40807131,685.3,Ocacional
40807556,87.3,Ocacional
40812012,425.52,Ocacional
40813322,64.96,Ocacional
40816054,583.0,Ocacional
40827523,103.9,Ocacional
40834463,558.09,Ocacional
40836220,775.4,Ocacional
40837267,103.52,Ocacional
40838652,21.72,Ocacional
40841151,164.28,Ocacional
40844447,118.6,Ocacional
40846325,614.62,Ocacional
40846540,190.96,Ocacional
40848649,851.52,Ocacional
40852214,673.32,Ocacional
40853646,130.7,Ocacional
40858391,1204.12,Frecuente
40862692,217.46,Ocacional
40870960,95.38,Ocacional
40876911,180.9,Ocacional
40879188,219.52,Ocacional
40883189,75.96,Ocacional
40889699,161.46,Ocacional
40895994,23.92,Ocacional
40900590,1572.11,Frecuente
40901796,483.04,Ocacional
40906593,2946.36,Frecuente
40907492,403.72,Ocacional
40909396,547.62,Ocacional
40914259,265.16,Ocacional
40914497,275.67,Ocacional
40916229,729.96,Ocacional
40918740,33.12,Ocacional
40920907,89.7,Ocacional
40924074,272.02,Ocacional
40928242,204.36,Ocacional
40934891,127.76,Ocacional
40939142,628.95,Ocacional
40945140,98.26,Ocacional
40950718,214.54,Ocacional
40954306,923.4300000000001,Ocacional
40959986,535.26,Ocacional
40964288,29.7,Ocacional
40964375,77.88,Ocacional
40970980,21.92,Ocacional
40971182,625.8,Ocacional
40971269,411.4,Ocacional
40976581,2970.94,Frecuente
40977963,88.66,Ocacional
40980794,81.68,Ocacional
40987397,640.48,Ocacional
41001920,2727.36,Frecuente
41002458,53.68,Ocacional
41009820,2061.1,Frecuente
41018220,57.12,Ocacional
41018511,411.92,Ocacional
41019444,16.72,Ocacional
41023577,427.68,Ocacional
41025647,372.04,Ocacional
41038744,260.26,Ocacional
41040160,653.61,Ocacional
41048618,68.92,Ocacional
41049504,86.58,Ocacional
41049842,288.09000000000003,Ocacional
41051251,643.94,Ocacional
41057718,2030.96,Frecuente
41059929,879.0,Ocacional
41064457,323.09999999999997,Ocacional
41069701,158.92,Ocacional
41075596,117.36,Ocacional
41075710,4749.96,VIP
41078675,231.24,Ocacional
41079539,2281.84,Frecuente
41080508,112.0,Ocacional
41081377,45.62,Ocacional
41088674,2297.28,Frecuente
41089876,988.36,Ocacional
41090510,99.81,Ocacional
41095212,114.3,Ocacional
41097815,775.48,Ocacional
41101075,104.05,Ocacional
41106300,130.29,Ocacional
41112750,148.95,Ocacional
41118140,231.66,Ocacional
41126041,203.48000000000002,Ocacional
41128776,47.4,Ocacional
41131037,94.66,Ocacional
41133785,703.44,Ocacional
41136876,244.44,Ocacional
41138764,73.8,Ocacional
41144624,83.54,Ocacional
41145042,94.44,Ocacional
41156153,1371.22,Frecuente
41157813,346.64,Ocacional
41160385,692.88,Ocacional
41160765,1327.0,Frecuente
41170253,75.04,Ocacional
41173017,1003.8,Frecuente
41175556,906.55,Ocacional
41185008,450.96,Ocacional
41186138,212.61,Ocacional
41186789,93.14,Ocacional
41190591,178.5,Ocacional
41204826,110.8,Ocacional
41229652,72.74,Ocacional
41231423,504.26,Ocacional
41241465,108.28,Ocacional
41242231,1811.48,Frecuente
41247709,88.0,Ocacional
41249610,144.46,Ocacional
41252196,44.66,Ocacional
41261095,1219.18,Frecuente
41261864,49.7,Ocacional
41262923,97.58,Ocacional
41272805,310.54,Ocacional
41276749,483.2,Ocacional
41277762,717.68,Ocacional
41278626,82.44,Ocacional
41280770,573.09,Ocacional
41289043,1159.04,Frecuente
41291140,33.12,Ocacional
41293595,325.2,Ocacional
41294234,440.84,Ocacional
41297588,663.58,Ocacional
41298736,64.32,Ocacional
41310793,217.16,Ocacional
41314097,47.76,Ocacional
41315966,2745.38,Frecuente
41315977,265.04,Ocacional
41317228,74.82,Ocacional
41317314,211.28,Ocacional
41320087,53.94,Ocacional
41324147,351.72,Ocacional
41324272,18.64,Ocacional
41324922,2928.42,Frecuente
41326938,104.58,Ocacional
41327207,20.12,Ocacional
41330003,69.84,Ocacional
41335109,15.14,Ocacional
41340532,64.0,Ocacional
41344587,707.22,Ocacional
41350381,874.84,Ocacional
41351231,1238.43,Frecuente
41352067,389.0,Ocacional
41352161,1363.9,Frecuente
41353569,14.68,Ocacional
41356608,137.1,Ocacional
41360418,717.42,Ocacional
41360678,2854.72,Frecuente
41363646,17.5,Ocacional
41364143,80.76,Ocacional
41367751,147.7,Ocacional
41368447,773.7,Ocacional
41370264,870.6,Ocacional
41370497,102.62,Ocacional
41373490,157.44,Ocacional
41378764,2950.94,Frecuente
41379518,175.28,Ocacional
41380253,491.64,Ocacional
41383386,1054.32,Frecuente
41391527,789.62,Ocacional
41391622,31.8,Ocacional
41395604,85.24,Ocacional
41398055,449.13,Ocacional
41399787,714.44,Ocacional
41402198,303.28,Ocacional
41411977,65.4,Ocacional
41420344,134.56,Ocacional
41420696,111.2,Ocacional
41422153,536.16,Ocacional
41422905,31.06,Ocacional
41426286,195.72,Ocacional
41426890,338.7,Ocacional
41427287,528.9000000000001,Ocacional
41427636,286.54,Ocacional
41429032,169.94,Ocacional
41431381,136.18,Ocacional
41437990,162.32,Ocacional
41438012,403.68,Ocacional
41444647,973.32,Ocacional
41452943,20.02,Ocacional
41457399,940.64,Ocacional
41457575,120.22,Ocacional
41459214,86.54,Ocacional
41460419,330.68,Ocacional
41460835,306.0,Ocacional
41466190,54.7,Ocacional
41470912,145.12,Ocacional
41472621,75.72,Ocacional
41474235,928.88,Ocacional
41475544,295.84000000000003,Ocacional
41475678,170.19,Ocacional
41475778,90.44,Ocacional
41475958,133.64999999999998,Ocacional
41479833,660.64,Ocacional
41485263,138.12,Ocacional
41485686,92.86,Ocacional
41487003,213.86,Ocacional
41487849,70.36,Ocacional
41497056,1871.46,Frecuente
41497163,203.26,Ocacional
41502206,385.47,Ocacional
41505141,707.56,Ocacional
41510400,603.58,Ocacional
41517154,208.84,Ocacional
41517225,391.02,Ocacional
41517952,340.52,Ocacional
41521732,1313.6100000000001,Frecuente
41525528,220.48,Ocacional
41526027,114.48,Ocacional
41527806,115.88,Ocacional
41529037,2281.84,Frecuente
41536480,206.64,Ocacional
41538980,4795.65,VIP
41539050,1041.52,Frecuente
41539794,1038.33,Frecuente
41540875,170.36,Ocacional
41544370,583.56,Ocacional
41545035,1139.85,Frecuente
41548394,70.9,Ocacional
41550697,1797.9399999999998,Frecuente
41555612,390.46,Ocacional
41556409,1020.74,Frecuente
41564242,100.64999999999999,Ocacional
41567821,682.16,Ocacional
41570904,725.0,Ocacional
41576728,612.35,Ocacional
41579726,624.86,Ocacional
41579963,2997.12,Frecuente
41580295,367.94,Ocacional
41583053,2887.76,Frecuente
41587440,292.2,Ocacional
41590226,138.94,Ocacional
41599904,41.13,Ocacional
41601477,2717.1000000000004,Frecuente
41605884,1171.95,Frecuente
41607608,327.12,Ocacional
41608570,2208.6,Frecuente
41608793,2972.08,Frecuente
41613419,425.5,Ocacional
41615658,107.22,Ocacional
41616782,113.56,Ocacional
41621716,548.64,Ocacional
41622420,198.04,Ocacional
41623133,766.74,Ocacional
41624312,2970.94,Frecuente
41626066,771.1,Ocacional
41626735,23.04,Ocacional
41627355,65.31,Ocacional
41629840,255.1,Ocacional
41629882,1436.36,Frecuente
41630419,100.32,Ocacional
41630560,66.26,Ocacional
41632674,150.54,Ocacional
41634969,1073.08,Frecuente
41636569,692.02,Ocacional
41637038,180.84,Ocacional
41638537,75.36,Ocacional
41642390,53.91,Ocacional
41643536,117.3,Ocacional
41647049,44.54,Ocacional
41647971,172.62,Ocacional
41660301,42.02,Ocacional
41666229,300.1,Ocacional
41667920,137.58,Ocacional
41668037,1808.48,Frecuente
41670425,3464.34,VIP
41670694,2390.3,Frecuente
41670924,198.6,Ocacional
41675041,110.08,Ocacional
41675372,78.0,Ocacional
41675520,80.0,Ocacional
41675930,1397.78,Frecuente
41676253,683.56,Ocacional
41678383,243.64,Ocacional
41680124,126.28,Ocacional
41686495,2874.24,Frecuente
41690780,161.98,Ocacional
41702014,142.14,Ocacional
41702474,45.44,Ocacional
41705624,100.14,Ocacional
41712676,67.2,Ocacional
41713653,133.42,Ocacional
41713670,376.22,Ocacional
41713836,687.44,Ocacional
41720608,2165.74,Frecuente
41726349,234.32,Ocacional
41727253,111.12,Ocacional
41727854,20.7,Ocacional
41728853,93.08,Ocacional
41728949,2309.9,Frecuente
41732304,759.64,Ocacional
41733011,587.88,Ocacional
41736381,132.72,Ocacional
41738821,622.34,Ocacional
41739501,344.3,Ocacional
41743824,114.72,Ocacional
41748745,760.68,Ocacional
41749466,739.08,Ocacional
41753952,3499.08,VIP
41755568,2934.68,Frecuente
41761309,280.71,Ocacional
41761542,255.32,Ocacional
41762115,61.04,Ocacional
41763942,15.6,Ocacional
41764527,317.58,Ocacional
41765860,895.68,Ocacional
41766594,798.8399999999999,Ocacional
41766839,2994.78,Frecuente
41767206,234.28,Ocacional
41767691,1671.5,Frecuente
41772821,390.96,Ocacional
41773954,78.48,Ocacional
41774903,53.66,Ocacional
41776138,493.92,Ocacional
41777038,55.82,Ocacional
41778551,114.7,Ocacional
41778713,125.58,Ocacional
41778851,790.28,Ocacional
41782577,2821.24,Frecuente
41782767,155.02,Ocacional
41783227,47.26,Ocacional
41788205,78.48,Ocacional
41788823,4792.37,VIP
41790413,147.16,Ocacional
41791769,69.76,Ocacional
41792384,278.68,Ocacional
41792431,930.55,Ocacional
41794273,299.72,Ocacional
41797887,161.56,Ocacional
41797936,301.06,Ocacional
41801384,3898.52,VIP
41801864,239.54,Ocacional
41806149,437.38,Ocacional
41812964,251.24,Ocacional
41815245,149.56,Ocacional
41815645,269.88,Ocacional
41815677,88.66,Ocacional
41816744,1019.68,Frecuente
41817714,56.02,Ocacional
41819660,2258.24,Frecuente
41824577,3598.1400000000003,VIP
41825611,214.16,Ocacional
41825658,116.58,Ocacional
41825960,2235.16,Frecuente
41827019,2934.68,Frecuente
41829309,56.46,Ocacional
41831575,52.26,Ocacional
41833439,54.42,Ocacional
41835970,572.48,Ocacional
41837011,47.16,Ocacional
41838288,113.32,Ocacional
41839427,31.22,Ocacional
41844441,344.44,Ocacional
41851053,640.75,Ocacional
41855746,2640.5,Frecuente
41857178,771.1,Ocacional
41857895,112.72,Ocacional
41858217,2486.64,Frecuente
41860424,799.52,Ocacional
41861416,34.46,Ocacional
41872904,1827.1,Frecuente
41873423,2758.38,Frecuente
41876009,2475.0,Frecuente
41877533,461.7,Ocacional
41879347,388.24,Ocacional
41881071,51.84,Ocacional
41881119,463.14,Ocacional
41881399,206.62,Ocacional
41881567,539.32,Ocacional
41885862,116.44,Ocacional
41886537,14.48,Ocacional
41886667,310.44,Ocacional
41887732,71.22,Ocacional
41889583,2671.18,Frecuente
41893701,197.24,Ocacional
41894976,149.22,Ocacional
41898545,85.18,Ocacional
41901263,233.34,Ocacional
41903900,2747.0,Frecuente
41909478,1128.4499999999998,Frecuente
41913770,78.06,Ocacional
41915867,125.58,Ocacional
41919766,557.4,Ocacional
41920916,267.94,Ocacional
41921268,73.83,Ocacional
41922750,1917.71,Frecuente
41923690,3450.5,VIP
41927074,227.56,Ocacional
41930410,324.22,Ocacional
41937712,2819.48,Frecuente
41941342,95.2,Ocacional
41942010,374.28,Ocacional
41943512,304.56,Ocacional
41945984,180.78,Ocacional
41955178,362.68,Ocacional
41960983,761.14,Ocacional
41969094,255.32,Ocacional
41971939,99.5,Ocacional
41973330,448.84,Ocacional
41977208,514.58,Ocacional
41977309,131.26,Ocacional
41977667,160.58,Ocacional
41978203,111.28,Ocacional
41980330,294.68,Ocacional
41989126,641.08,Ocacional
41990742,74.37,Ocacional
41991294,298.88,Ocacional
41996996,117.16,Ocacional
41998563,1162.36,Frecuente
42008066,302.02,Ocacional
42012446,109.88,Ocacional
42013915,162.99,Ocacional
42014345,32.54,Ocacional
42014713,102.46,Ocacional
42018821,1184.14,Frecuente
42028213,657.88,Ocacional
42031530,160.94,Ocacional
42036343,53.6,Ocacional
42037385,94.34,Ocacional
42037448,967.12,Ocacional
42038051,703.42,Ocacional
42041186,867.9,Ocacional
42041680,1811.68,Frecuente
42042379,298.06,Ocacional
42046104,437.76,Ocacional
42048223,250.14,Ocacional
42048316,220.66,Ocacional
42049567,329.88,Ocacional
42049770,855.58,Ocacional
42050292,155.28,Ocacional
42052015,170.44,Ocacional
42053193,631.86,Ocacional
42054604,197.14,Ocacional
42057638,131.5,Ocacional
42058559,60.8,Ocacional
42059822,355.82,Ocacional
42060119,3611.9,VIP
42060447,2538.42,Frecuente
42062576,184.32,Ocacional
42062953,152.76,Ocacional
42063306,696.56,Ocacional
42063857,131.5,Ocacional
42068208,280.86,Ocacional
42073672,299.72,Ocacional
42074263,187.46,Ocacional
42076235,218.48,Ocacional
42079380,744.56,Ocacional
42079666,617.22,Ocacional
42080580,2611.78,Frecuente
42083444,113.5,Ocacional
42083510,59.6,Ocacional
42087736,111.26,Ocacional
42088292,319.32,Ocacional
42088707,71.04,Ocacional
42089137,342.52,Ocacional
42090271,262.16,Ocacional
42090829,325.56,Ocacional
42095751,8598.900000000001,VIP
42096467,114.34,Ocacional
42101405,230.64,Ocacional
42102235,2558.6,Frecuente
42104223,631.94,Ocacional
42105392,379.56,Ocacional
42105913,1304.5,Frecuente
42107592,1960.1100000000001,Frecuente
42108883,113.2,Ocacional
42110495,238.02,Ocacional
42111891,100.12,Ocacional
42113422,90.22,Ocacional
42114407,2406.12,Frecuente
42115376,46.3,Ocacional
42119080,253.76,Ocacional
42122658,318.16,Ocacional
42123294,647.0,Ocacional
42123432,60.8,Ocacional
42123839,686.16,Ocacional
42124613,64.64,Ocacional
42126412,1063.47,Frecuente
42129175,110.0,Ocacional
42134508,1361.19,Frecuente
42135038,1774.86,Frecuente
42135862,567.51,Ocacional
42139753,2948.76,Frecuente
42142635,872.46,Ocacional
42145545,982.48,Ocacional
42145611,74.96,Ocacional
42147424,142.08,Ocacional
42147602,113.67,Ocacional
42150235,306.93,Ocacional
42152862,256.3,Ocacional
42153008,353.28,Ocacional
42153667,180.8,Ocacional
42155385,242.42,Ocacional
42157219,105.62,Ocacional
42157980,214.1,Ocacional
42159962,412.18,Ocacional
42160665,397.08,Ocacional
42162878,361.94,Ocacional
42164556,267.9,Ocacional
42165406,137.42,Ocacional
42167216,928.17,Ocacional
42167745,2319.84,Frecuente
42167782,98.3,Ocacional
42168937,312.39,Ocacional
42172813,182.51000000000002,Ocacional
42174133,190.48,Ocacional
42174844,266.72,Ocacional
42176047,622.26,Ocacional
42179242,146.52,Ocacional
42179369,149.68,Ocacional
42181129,362.16,Ocacional
42181563,483.96,Ocacional
42183086,214.89,Ocacional
42183765,653.9200000000001,Ocacional
42185887,673.39,Ocacional
42190656,212.06,Ocacional
42191620,1441.29,Frecuente
42191956,88.14,Ocacional
42194302,71.16,Ocacional
42194879,88.6,Ocacional
42195610,67.56,Ocacional
42196868,828.36,Ocacional
42201388,80.4,Ocacional
42203503,82.94,Ocacional
42204607,63.68,Ocacional
42207056,131.0,Ocacional
42208456,71.84,Ocacional
42208493,2409.09,Frecuente
42211399,192.22,Ocacional
42211795,204.16,Ocacional
42212345,150.14999999999998,Ocacional
42215302,260.61,Ocacional
42216126,65.22,Ocacional
42217364,114.9,Ocacional
42220731,796.04,Ocacional
42221005,711.96,Ocacional
42223213,35.84,Ocacional
42223942,171.14,Ocacional
42225986,44.2,Ocacional
42226881,280.71,Ocacional
42226915,83.94,Ocacional
42227123,900.94,Ocacional
42230159,398.66,Ocacional
42233150,192.18,Ocacional
42236046,290.14,Ocacional
42237369,164.52,Ocacional
42246945,2630.55,Frecuente
42249733,127.3,Ocacional
42252760,902.66,Ocacional
42254338,157.32,Ocacional
42254460,781.98,Ocacional
42254665,298.5,Ocacional
42257188,648.28,Ocacional
42257257,97.84,Ocacional
42260113,1298.4,Frecuente
42262734,82.02,Ocacional
42263960,102.72,Ocacional
42264131,323.42,Ocacional
42265730,51.54,Ocacional
42267318,165.06,Ocacional
42267368,711.14,Ocacional
42270063,454.36,Ocacional
42271550,404.43,Ocacional
42272533,522.1,Ocacional
42272663,37.84,Ocacional
42275289,199.32,Ocacional
42277452,47.52,Ocacional
42278536,515.96,Ocacional
42278981,179.24,Ocacional
42284417,73.04,Ocacional
42287167,2973.8,Frecuente
42291734,46.34,Ocacional
42293337,218.86,Ocacional
42294869,935.14,Ocacional
42295502,76.26,Ocacional
42296364,86.58,Ocacional
42299897,772.44,Ocacional
42301002,182.08,Ocacional
42309142,385.82,Ocacional
42311391,374.42,Ocacional
42313915,642.76,Ocacional
42317602,2839.22,Frecuente
42318093,811.74,Ocacional
42319618,54.21,Ocacional
42323943,143.34,Ocacional
42324068,530.94,Ocacional
42324258,605.44,Ocacional
42324827,842.36,Ocacional
42326969,291.27,Ocacional
42332997,905.1,Ocacional
42341628,94.67999999999999,Ocacional
42344333,671.72,Ocacional
42347206,2786.94,Frecuente
42354308,2076.08,Frecuente
42355927,66.1,Ocacional
42356003,2703.16,Frecuente
42358211,904.66,Ocacional
42358338,839.5799999999999,Ocacional
42360224,13.42,Ocacional
42360656,444.18,Ocacional
42362396,388.58,Ocacional
42362822,437.68,Ocacional
42363561,195.22,Ocacional
42366585,188.78,Ocacional
42366895,14.96,Ocacional
42369884,75.78,Ocacional
42371399,388.82,Ocacional
42378377,2052.81,Frecuente
42378728,52.88,Ocacional
42392098,22.48,Ocacional
42396262,1302.64,Frecuente
42398395,312.8,Ocacional
42399093,149.56,Ocacional
42401169,44.42,Ocacional
42401544,608.0,Ocacional
42402261,907.86,Ocacional
42408426,50.9,Ocacional
42409410,449.14,Ocacional
42412827,145.82,Ocacional
42416905,93.46,Ocacional
42417296,519.5,Ocacional
42418971,23.92,Ocacional
42420132,267.74,Ocacional
42423574,132.5,Ocacional
42424712,202.8,Ocacional
42424840,205.26,Ocacional
42425078,134.37,Ocacional
42425602,641.8,Ocacional
42426454,347.48,Ocacional
42427248,968.94,Ocacional
42429408,182.1,Ocacional
42429419,41.54,Ocacional
42430369,367.0,Ocacional
42433439,660.44,Ocacional
42434487,1758.0,Frecuente
42436148,2350.46,Frecuente
42436362,2914.22,Frecuente
42438920,31.06,Ocacional
42442288,1072.12,Frecuente
42442643,238.64,Ocacional
42443135,196.58,Ocacional
42445681,17.12,Ocacional
42445973,112.0,Ocacional
42448914,131.08,Ocacional
42451090,38.72,Ocacional
42451678,512.48,Ocacional
42453310,360.88,Ocacional
42456834,327.56,Ocacional
42457436,38.24,Ocacional
42458192,949.32,Ocacional
42459025,202.88,Ocacional
42459079,46.64,Ocacional
42464719,708.64,Ocacional
42466839,120.84,Ocacional
42468184,466.86,Ocacional
42469042,438.44,Ocacional
42470642,612.2,Ocacional
42481314,14.32,Ocacional
42483287,100.44,Ocacional
42483496,86.64,Ocacional
42486446,380.6,Ocacional
42488276,4462.14,VIP
42491255,690.3,Ocacional
42492868,222.6,Ocacional
42494958,2073.76,Frecuente
42495554,51.24,Ocacional
42496827,28.650000000000002,Ocacional
42502354,347.3,Ocacional
42506121,62.48,Ocacional
42506263,77.38,Ocacional
42512318,2508.34,Frecuente
42513496,193.74,Ocacional
42514496,12.96,Ocacional
42514936,1731.28,Frecuente
42519746,496.68,Ocacional
42527197,550.04,Ocacional
42530391,407.26,Ocacional
42533237,66.48,Ocacional
42534057,52.34,Ocacional
42535953,182.1,Ocacional
42540436,153.94,Ocacional
42541854,1027.28,Frecuente
42543059,432.88,Ocacional
42555676,668.3,Ocacional
42556595,1861.1399999999999,Frecuente
42557570,396.84,Ocacional
42565284,148.84,Ocacional
42567402,389.06,Ocacional
42567416,547.2,Ocacional
42573804,38.96,Ocacional
42574956,684.92,Ocacional
42574989,236.36,Ocacional
42577204,1452.06,Frecuente
42583456,141.26,Ocacional
42584606,214.52,Ocacional
42585319,1394.16,Frecuente
42586562,90.68,Ocacional
42587815,401.3,Ocacional
42594139,85.34,Ocacional
42594801,293.14,Ocacional
42595877,799.44,Ocacional
42600338,202.8,Ocacional
42603074,220.78,Ocacional
42603942,95.14,Ocacional
42604072,2866.88,Frecuente
42608791,446.66999999999996,Ocacional
42610894,689.56,Ocacional
42612800,1675.78,Frecuente
42614904,524.88,Ocacional
42617452,864.84,Ocacional
42623759,709.05,Ocacional
42630110,93.1,Ocacional
42632726,646.12,Ocacional
42641588,71.82000000000001,Ocacional
42644967,51.98,Ocacional
42646515,49.08,Ocacional
42647628,55.769999999999996,Ocacional
42649655,4760.48,VIP
42649920,11.98,Ocacional
42650858,113.66,Ocacional
42653080,66.36,Ocacional
42653676,93.92,Ocacional
42659248,192.02,Ocacional
42660021,982.14,Ocacional
42660908,702.27,Ocacional
42684677,203.66,Ocacional
42686560,104.4,Ocacional
42689952,26.16,Ocacional
42690968,57.6,Ocacional
42691721,221.64,Ocacional
42692930,65.54,Ocacional
42716726,200.13,Ocacional
42728177,265.8,Ocacional
42732162,818.68,Ocacional
42749541,86.48,Ocacional
42751341,146.38,Ocacional
42757343,253.4,Ocacional
42757411,326.3,Ocacional
42760049,72.72,Ocacional
42763818,663.84,Ocacional
42772762,160.26,Ocacional
42778846,100.05000000000001,Ocacional
42779606,488.36,Ocacional
42785021,78.92,Ocacional
42787306,4110.54,VIP
42801054,351.38,Ocacional
42801989,700.95,Ocacional
42805755,921.0500000000001,Ocacional
42809494,1210.44,Frecuente
42815910,211.14,Ocacional
42819474,2726.48,Frecuente
42819498,23.28,Ocacional
42821902,303.96,Ocacional
42823122,79.04,Ocacional
42823532,828.06,Ocacional
42825943,694.82,Ocacional
42829753,320.3,Ocacional
42831958,298.4,Ocacional
42839839,115.5,Ocacional
42841889,312.76,Ocacional
42842147,608.28,Ocacional
42850525,141.7,Ocacional
42851349,40.98,Ocacional
42855056,1148.22,Frecuente
42862347,584.58,Ocacional
42884718,171.74,Ocacional
42887080,807.36,Ocacional
42891536,1015.28,Frecuente
42893916,674.5,Ocacional
42896425,397.88,Ocacional
42899010,110.24,Ocacional
42899656,1878.4,Frecuente
42901334,32.16,Ocacional
42901451,2493.44,Frecuente
42902201,237.39,Ocacional
42904009,33.44,Ocacional
42924429,83.7,Ocacional
42930239,173.9,Ocacional
42932555,97.7,Ocacional
42947923,1422.54,Frecuente
42950212,2659.4,Frecuente
42952994,139.48,Ocacional
42956048,2794.3,Frecuente
42957091,369.5,Ocacional
42960208,1721.4900000000002,Frecuente
42966806,97.08,Ocacional
42968094,411.18,Ocacional
42971797,234.6,Ocacional
42972602,348.08,Ocacional
42981389,304.92,Ocacional
42996398,306.08,Ocacional
42996882,740.52,Ocacional
42999729,73.96,Ocacional
43008669,102.6,Ocacional
43012968,332.42,Ocacional
43018096,192.88,Ocacional
43018989,216.24,Ocacional
43020756,624.78,Ocacional
43021667,351.2,Ocacional
43022907,113.84,Ocacional
43024696,2513.76,Frecuente
43025497,292.54,Ocacional
43030541,126.74,Ocacional
43032776,245.84,Ocacional
43033667,363.6,Ocacional
43040294,694.1,Ocacional
43043252,2302.34,Frecuente
43043463,187.14,Ocacional
43047940,305.96,Ocacional
43056949,401.28,Ocacional
43061105,161.46,Ocacional
43069086,259.5,Ocacional
43072058,454.54,Ocacional
43079093,307.18,Ocacional
43081392,4490.64,VIP
43082972,92.8,Ocacional
43090871,485.06,Ocacional
43092190,1107.82,Frecuente
43092228,218.46,Ocacional
43094825,116.48,Ocacional
43096019,956.22,Ocacional
43106936,1039.84,Frecuente
43109567,78.92,Ocacional
43119325,624.34,Ocacional
43125427,964.3799999999999,Ocacional
43130754,2683.16,Frecuente
43140754,2105.56,Frecuente
43142807,194.78,Ocacional
43143206,87.22,Ocacional
43153168,115.14,Ocacional
43157382,100.14,Ocacional
43159719,407.96,Ocacional
43165538,49.3,Ocacional
43167288,71.0,Ocacional
43170079,76.04,Ocacional
43170692,232.38,Ocacional
43174345,425.48,Ocacional
43196863,777.32,Ocacional
43203870,98.92,Ocacional
43213385,30.34,Ocacional
43213598,139.16,Ocacional
43217686,87.56,Ocacional
43228389,435.1,Ocacional
43233031,2756.65,Frecuente
43263193,78.1,Ocacional
43263998,346.6,Ocacional
43264344,21.74,Ocacional
43264633,149.5,Ocacional
43270522,255.32,Ocacional
43274706,726.84,Ocacional
43278561,16.16,Ocacional
43280151,60.52,Ocacional
43280797,489.39,Ocacional
43284773,237.88,Ocacional
43285297,100.02,Ocacional
43286259,440.1,Ocacional
43309122,687.66,Ocacional
43310788,54.24,Ocacional
43313199,548.7,Ocacional
43322290,1144.8600000000001,Frecuente
43334830,4456.41,VIP
43336820,82.16,Ocacional
43340750,353.84,Ocacional
43352582,22.5,Ocacional
43366225,235.59,Ocacional
43372814,613.2,Ocacional
43378471,739.8,Ocacional
43396858,231.84,Ocacional
43401385,74.62,Ocacional
43430834,371.38,Ocacional
43432640,327.96,Ocacional
43435637,20.48,Ocacional
43450164,829.56,Ocacional
43461068,2653.08,Frecuente
43464286,136.5,Ocacional
43471889,340.26,Ocacional
43486119,935.22,Ocacional
43500848,93.22,Ocacional
43522709,279.04,Ocacional
43549731,208.45999999999998,Ocacional
43551263,1070.7,Frecuente
43552940,849.36,Ocacional
43553473,1086.8,Frecuente
43557291,685.71,Ocacional
43559989,61.1,Ocacional
43566974,308.74,Ocacional
43567092,741.24,Ocacional
43568024,208.38,Ocacional
43569820,26.16,Ocacional
43570597,721.34,Ocacional
43577403,2273.4,Frecuente
43578468,297.24,Ocacional
43590331,105.34,Ocacional
43594568,133.32,Ocacional
43609199,155.01999999999998,Ocacional
43613416,42.44,Ocacional
43614006,1129.4,Frecuente
43619914,651.72,Ocacional
43621084,346.94,Ocacional
43626662,347.98,Ocacional
43628091,206.16,Ocacional
43633988,765.88,Ocacional
43646408,140.07,Ocacional
43653339,16.64,Ocacional
43664102,1723.38,Frecuente
43671827,87.32,Ocacional
43676241,401.86,Ocacional
43679596,549.44,Ocacional
43684708,2225.62,Frecuente
43685191,66.48,Ocacional
43688311,340.95000000000005,Ocacional
43694152,127.68,Ocacional
43699130,411.44,Ocacional
43704327,419.15999999999997,Ocacional
43707478,65.54,Ocacional
43730301,73.92,Ocacional
43732065,1746.74,Frecuente
43732706,248.36,Ocacional
43759587,46.72,Ocacional
43762876,336.99,Ocacional
43779201,3547.2799999999997,VIP
43787374,63.92,Ocacional
43787743,79.76,Ocacional
43795150,1383.28,Frecuente
43800788,713.22,Ocacional
43802053,325.72,Ocacional
43811620,1873.95,Frecuente
43813727,855.58,Ocacional
43815201,79.2,Ocacional
43816685,849.56,Ocacional
43819309,348.93,Ocacional
43827035,218.74,Ocacional
43830099,274.95000000000005,Ocacional
43839953,868.96,Ocacional
43840345,429.9,Ocacional
43870839,974.26,Ocacional
43877968,112.26,Ocacional
43899771,508.26,Ocacional
43907454,931.26,Ocacional
43909354,355.06,Ocacional
43915990,660.98,Ocacional
43918563,444.06,Ocacional
43929092,34.48,Ocacional
43945096,212.08,Ocacional
43954832,246.6,Ocacional
43957231,42.62,Ocacional
43964413,1844.1,Frecuente
43975542,469.08,Ocacional
44025439,69.18,Ocacional
44028198,1200.24,Frecuente
44036129,84.5,Ocacional
44053651,92.08,Ocacional
44058158,326.26,Ocacional
44072014,341.06,Ocacional
44095389,384.04,Ocacional
44096480,310.76,Ocacional
44118906,672.5,Ocacional
44119771,434.78,Ocacional
44121907,186.02,Ocacional
44128091,319.42,Ocacional
44132105,661.52,Ocacional
44133761,2797.64,Frecuente
44141914,471.26,Ocacional
44142635,123.52,Ocacional
44158818,75.78,Ocacional
44160621,398.72,Ocacional
44164110,955.76,Ocacional
44170832,66.06,Ocacional
44173063,124.82,Ocacional
44177744,63.56,Ocacional
44178301,54.96,Ocacional
44206973,432.88,Ocacional
44207943,2923.18,Frecuente
44211934,109.96,Ocacional
44212229,2858.04,Frecuente
44218810,2013.42,Frecuente
44220612,61.36,Ocacional
44222561,357.54,Ocacional
44224874,742.42,Ocacional
44225430,43.32,Ocacional
44230249,447.0,Ocacional
44244770,90.72,Ocacional
44245493,806.78,Ocacional
44249352,139.96,Ocacional
44249704,343.26,Ocacional
44250962,166.68,Ocacional
44252072,156.66,Ocacional
44257526,5028.66,VIP
44259305,3198.21,VIP
44361622,796.88,Ocacional
44363986,289.44,Ocacional
44364979,43.16,Ocacional
44381633,112.38,Ocacional
44382631,241.7,Ocacional
44384104,344.43,Ocacional
44389805,666.36,Ocacional
44394778,2729.7000000000003,Frecuente
44415679,710.88,Ocacional
44416693,1919.92,Frecuente
44417560,148.88,Ocacional
44417727,277.84,Ocacional
44421889,223.82999999999998,Ocacional
44425629,40.82,Ocacional
44440505,45.1,Ocacional
44453836,305.02,Ocacional
44456052,986.1,Ocacional
44459252,368.52,Ocacional
44460516,2663.84,Frecuente
44461180,2669.1,Frecuente
44473609,1919.92,Frecuente
44486815,111.02,Ocacional
44608245,710.12,Ocacional
