customer_id,product_id,basket_date,basket_count,category,price,revenue
42366585,41475073,2019-06-19,2,Belleza,94.39,188.78
35956841,43279538,2019-06-19,2,Deportes,336.2,672.4
26139578,31715598,2019-06-19,3,Hogar,190.21,570.63
3262253,47880260,2019-06-19,2,Deportes,101.08,202.16
20056678,44747002,2019-06-19,2,Deportes,166.32,332.64
32037116,33739394,2019-06-19,2,Ropa,150.53,301.06
17565651,46000191,2019-06-19,2,Hogar,217.55,435.1
42079380,46881033,2019-06-19,2,Hogar,372.28,744.56
25533477,44752779,2019-06-19,2,Hogar,70.08,140.16
10385144,41882886,2019-06-19,2,Deportes,326.28,652.56
5216868,8670770,2019-06-19,6,Belleza,34.12,204.71999999999997
9036689,33914921,2019-06-19,2,Hogar,135.73,271.46
20265792,46026447,2019-06-19,2,Libros,37.47,74.94
34654104,3632762,2019-06-19,2,Deportes,46.64,93.28
31159555,33218001,2019-06-19,2,Ropa,15.0,30.0
31733002,5941180,2019-06-18,2,Belleza,35.02,70.04
44025439,34631629,2019-06-18,2,Libros,34.59,69.18
1920107,46675683,2019-06-18,2,Libros,54.92,109.84
13374538,33276794,2019-06-18,2,Ropa,170.82,341.64
12434467,7445901,2019-06-18,2,Belleza,61.4,122.8
25371082,39475547,2019-06-18,2,Deportes,34.08,68.16
2068361,42402177,2019-06-18,2,Electronica,826.12,1652.24
28204561,39058017,2019-06-18,3,Belleza,86.05,258.15
44417560,43864701,2019-06-18,2,Ropa,74.44,148.88
29215183,32356464,2019-06-18,2,Libros,11.11,22.22
11360880,47007182,2019-06-18,2,Deportes,125.86,251.72
22068103,35420610,2019-06-17,2,Belleza,93.73,187.46
6056954,42522846,2019-06-17,2,Electronica,559.3,1118.6
13535048,43812675,2019-06-17,2,Electronica,1227.37,2454.74
28048336,48333960,2019-06-17,2,Hogar,169.97,339.94
7950100,42478659,2019-06-17,2,Hogar,94.32,188.64
8928341,1197926,2019-06-17,2,Ropa,92.81,185.62
34368983,37145767,2019-06-17,2,Belleza,57.01,114.02
11259103,37720451,2019-06-17,2,Belleza,6.85,13.7
31493048,38221381,2019-06-17,2,Libros,11.44,22.88
43213385,4131698,2019-06-17,2,Libros,15.17,30.34
43352582,43357885,2019-06-17,2,Libros,11.25,22.5
2966006,33028204,2019-06-17,2,Hogar,180.64,361.28
3779615,51605574,2019-06-17,2,Belleza,115.93,231.86
31616251,50615765,2019-06-17,2,Belleza,63.56,127.12
44416693,40276068,2019-06-17,2,Electronica,959.96,1919.92
2809135,6568127,2019-06-17,2,Hogar,187.85,375.7
520652,46455283,2019-06-17,2,Deportes,142.93,285.86
13418756,34366102,2019-06-17,2,Hogar,26.23,52.46
16289848,40220752,2019-06-17,2,Deportes,210.13,420.26
23460100,6844409,2019-06-17,2,Electronica,751.23,1502.46
40411726,2129027,2019-06-17,2,Ropa,39.99,79.98
21159636,47608896,2019-06-17,2,Belleza,92.9,185.8
12375065,38963117,2019-06-17,2,Electronica,764.38,1528.76
3343477,50416775,2019-06-17,2,Belleza,43.98,87.96
43569820,47019441,2019-06-17,2,Libros,13.08,26.16
20861832,47122587,2019-06-17,2,Ropa,114.91,229.82
42996398,31508759,2019-06-18,2,Ropa,153.04,306.08
14792714,37621862,2019-06-18,2,Electronica,458.9,917.8
11257276,47007182,2019-06-17,2,Deportes,125.86,251.72
23878579,34944273,2019-06-17,2,Ropa,51.57,103.14
11350951,44263141,2019-06-17,2,Deportes,218.34,436.68
42823122,49953830,2019-06-17,2,Ropa,39.52,79.04
15335022,31294046,2019-06-17,2,Belleza,81.66,163.32
19138173,40276011,2019-06-17,2,Belleza,74.61,149.22
28655652,49817430,2019-06-17,2,Belleza,15.01,30.02
1599046,32556376,2019-06-17,2,Belleza,9.2,18.4
27450196,35008370,2019-06-17,2,Deportes,255.71,511.42
42541854,50041873,2019-06-17,2,Hogar,157.73,315.46
2090140,48346739,2019-06-17,2,Libros,9.75,19.5
43043252,33712748,2019-06-17,2,Electronica,1151.17,2302.34
8917417,1068944,2019-06-17,2,Belleza,41.12,82.24
7751651,46500920,2019-06-16,3,Ropa,97.32,291.96
23462918,6259159,2019-06-16,2,Belleza,32.23,64.46
44095389,33875067,2019-06-16,2,Ropa,129.19,258.38
44364979,32942036,2019-06-16,2,Libros,21.58,43.16
9912477,31299289,2019-06-16,2,Libros,58.24,116.48
25083717,31546667,2019-06-16,3,Libros,43.66,130.98
20362680,46858785,2019-06-16,2,Ropa,35.98,71.96
40228358,42723219,2019-06-16,2,Belleza,52.92,105.84
17922308,926270,2019-06-16,2,Libros,26.2,52.4
27641594,33506465,2019-06-16,3,Deportes,223.01,669.03
4749863,33354168,2019-06-16,3,Ropa,169.97,509.90999999999997
34508812,40276068,2019-06-16,2,Electronica,959.96,1919.92
44382631,43314126,2019-06-16,2,Ropa,120.85,241.7
10095537,47933392,2019-06-16,2,Belleza,12.08,24.16
9567372,51821712,2019-06-17,2,Ropa,134.53,269.06
11344926,47057070,2019-06-16,2,Ropa,11.57,23.14
1357108,43902407,2019-06-16,2,Libros,47.9,95.8
9116458,49693345,2019-06-16,2,Belleza,81.66,163.32
2499367,1263722,2019-06-16,2,Libros,21.98,43.96
2153897,51042056,2019-06-16,2,Libros,21.08,42.16
16974894,339429,2019-06-16,2,Belleza,96.8,193.6
10918767,3257032,2019-06-16,2,Electronica,1185.84,2371.68
44363986,39024454,2019-06-16,2,Libros,24.38,48.76
27021765,3549934,2019-06-16,2,Deportes,133.6,267.2
33060425,34927870,2019-06-16,2,Deportes,232.73,465.46
29196935,43864288,2019-06-16,2,Ropa,11.59,23.18
17572286,36308101,2019-06-16,2,Deportes,51.41,102.82
14997362,31324877,2019-06-16,2,Ropa,33.97,67.94
34658130,50350530,2019-06-16,2,Electronica,318.85,637.7
40934891,2565792,2019-06-16,2,Belleza,63.88,127.76
31480906,6102908,2019-06-16,2,Belleza,119.11,238.22
18454467,50803208,2019-06-16,2,Belleza,80.05,160.1
3846865,3125977,2019-06-16,2,Deportes,43.29,86.58
1227904,43482185,2019-06-16,3,Electronica,812.09,2436.27
10458906,3714100,2019-06-16,2,Deportes,208.73,417.46
1070869,46130148,2019-06-16,2,Deportes,74.78,149.56
28037137,34981913,2019-06-16,2,Electronica,1384.39,2768.78
20098151,35167685,2019-06-16,2,Electronica,689.11,1378.22
16049544,53560311,2019-06-16,2,Electronica,1492.11,2984.22
12376998,50836009,2019-06-16,3,Electronica,659.1,1977.3000000000002
32756438,53035093,2019-06-16,2,Belleza,74.92,149.84
3460147,50436075,2019-06-16,2,Hogar,65.81,131.62
31600282,31780330,2019-06-16,2,Hogar,235.3,470.6
15177298,2963490,2019-06-16,2,Electronica,396.21,792.42
33513547,5995368,2019-06-16,2,Hogar,420.25,840.5
5226041,46134461,2019-06-16,2,Hogar,395.2,790.4
29697847,44767226,2019-06-16,2,Electronica,1245.06,2490.12
943919,37215955,2019-06-16,2,Hogar,365.95,731.9
29462763,35191492,2019-06-16,2,Deportes,336.42,672.84
25752881,36481470,2019-06-16,2,Ropa,48.16,96.32
10673417,86003,2019-06-16,2,Ropa,95.89,191.78
10673417,39648211,2019-06-16,2,Electronica,1053.18,2106.36
33650865,50462654,2019-06-16,2,Belleza,78.3,156.6
10702365,49226769,2019-06-16,2,Electronica,1088.71,2177.42
13483322,54592777,2019-06-16,2,Belleza,30.79,61.58
14571889,32570198,2019-06-15,2,Ropa,28.7,57.4
11222196,34642271,2019-06-16,2,Electronica,1379.37,2758.74
2429391,31540074,2019-06-16,2,Libros,35.81,71.62
21354334,34081119,2019-06-15,2,Deportes,78.45,156.9
11608660,47639646,2019-06-15,2,Hogar,399.82,799.64
29816325,42244011,2019-06-15,3,Belleza,110.22,330.65999999999997
14953708,49860049,2019-06-15,3,Libros,14.33,42.99
28758609,35545522,2019-06-15,2,Hogar,411.45,822.9
43486119,44146315,2019-06-15,2,Hogar,467.61,935.22
8842411,44471280,2019-06-15,2,Electronica,1410.62,2821.24
2118687,38270608,2019-06-15,2,Hogar,458.37,916.74
2118687,32586402,2019-06-15,2,Deportes,227.64,455.28
38547897,32792042,2019-06-15,2,Libros,24.59,49.18
6527616,44267470,2019-06-15,2,Hogar,18.53,37.06
13943634,31884711,2019-06-15,2,Electronica,138.32,276.64
40802277,38950239,2019-06-15,2,Deportes,182.96,365.92
42884718,34035848,2019-06-15,2,Ropa,85.87,171.74
4810556,33781223,2019-06-15,2,Libros,15.16,30.32
26633229,33028936,2019-06-15,3,Hogar,206.81,620.4300000000001
27507650,4915558,2019-06-15,3,Electronica,303.24,909.72
10974747,2864832,2019-06-15,2,Ropa,171.27,342.54
43594568,31614416,2019-06-15,2,Ropa,66.66,133.32
13635398,5977588,2019-06-15,2,Belleza,73.83,147.66
23424372,40455682,2019-06-15,2,Deportes,211.08,422.16
4950885,46072637,2019-06-15,2,Hogar,40.16,80.32
31041476,35810906,2019-06-15,2,Electronica,1416.24,2832.48
6945297,37758603,2019-06-15,2,Belleza,65.63,131.26
3492878,50116869,2019-06-15,2,Deportes,143.52,287.04
10872901,39845663,2019-06-15,2,Belleza,23.18,46.36
5932302,34859104,2019-06-15,2,Libros,23.62,47.24
4897641,34525548,2019-06-15,2,Deportes,27.79,55.58
35960037,31541857,2019-06-15,3,Deportes,158.15,474.45000000000005
6128936,46296421,2019-06-15,2,Hogar,272.77,545.54
7463078,37356069,2019-06-15,2,Deportes,351.31,702.62
3436696,26496209,2019-06-15,2,Belleza,84.05,168.1
10233112,52238545,2019-06-15,2,Deportes,62.4,124.8
2469408,42383131,2019-06-15,3,Hogar,86.66,259.98
16158773,41883914,2019-06-15,2,Hogar,222.64,445.28
924399,44767258,2019-06-15,2,Libros,15.76,31.52
11404710,51887498,2019-06-15,2,Belleza,8.2,16.4
6677529,50231451,2019-06-15,2,Ropa,162.95,325.9
36710547,458885,2019-06-15,2,Ropa,13.71,27.42
38962029,51030750,2019-06-15,2,Deportes,335.66,671.32
34042133,31125069,2019-06-15,2,Libros,12.93,25.86
39799296,42780162,2019-06-15,2,Electronica,1463.28,2926.56
14491963,39684405,2019-06-15,2,Deportes,249.47,498.94
10334216,34525502,2019-06-15,2,Libros,45.42,90.84
27659902,34689678,2019-06-15,2,Belleza,17.71,35.42
17398974,34441398,2019-06-16,2,Belleza,104.14,208.28
2256737,6538172,2019-06-15,2,Belleza,101.51,203.02
1612736,4451125,2019-06-15,2,Belleza,80.09,160.18
5984987,51034595,2019-06-15,2,Belleza,62.76,125.52
11004573,50596116,2019-06-15,3,Libros,44.68,134.04
30996342,46364529,2019-06-15,2,Libros,5.33,10.66
36585170,41144281,2019-06-15,2,Hogar,302.33,604.66
6075886,35109012,2019-06-15,2,Ropa,171.01,342.02
26633229,43524799,2019-06-15,2,Belleza,46.04,92.08
6371156,32251825,2019-06-15,2,Electronica,207.02,414.04
12272,232285,2019-06-15,2,Libros,28.15,56.3
41608570,31720319,2019-06-15,2,Electronica,1104.3,2208.6
42968094,6531200,2019-06-14,2,Electronica,205.59,411.18
36115179,3213828,2019-06-14,2,Electronica,348.77,697.54
39042643,39359897,2019-06-14,3,Hogar,86.56,259.68
33869609,48964455,2019-06-14,2,Libros,48.83,97.66
1639831,3937199,2019-06-14,2,Electronica,141.19,282.38
1049021,4795856,2019-06-14,2,Belleza,83.96,167.92
30769451,43332848,2019-06-14,3,Deportes,159.25,477.75
7906530,32418640,2019-06-14,2,Electronica,1145.9,2291.8
15278569,42114320,2019-06-14,2,Hogar,482.73,965.46
4697099,40736994,2019-06-14,2,Libros,11.3,22.6
19625674,48726494,2019-06-14,2,Hogar,167.48,334.96
33878826,31978880,2019-06-14,2,Electronica,1224.68,2449.36
1599524,44746811,2019-06-14,2,Libros,19.64,39.28
37373667,41727481,2019-06-14,2,Deportes,101.75,203.5
11089130,53669665,2019-06-14,2,Electronica,1246.8,2493.6
23713179,46692673,2019-06-14,3,Hogar,493.73,1481.19
7768276,35607765,2019-06-14,2,Ropa,115.81,231.62
31276656,40594443,2019-06-14,2,Belleza,36.98,73.96
21414215,52199862,2019-06-14,2,Hogar,208.3,416.6
15741841,50891208,2019-06-14,2,Libros,14.36,28.72
16042702,40760526,2019-06-14,2,Electronica,1154.74,2309.48
16048941,46167279,2019-06-14,2,Belleza,93.95,187.9
15741841,48031618,2019-06-14,2,Electronica,1318.93,2637.86
1547464,39827537,2019-06-14,2,Libros,6.46,12.92
31550010,41313598,2019-06-14,2,Electronica,864.87,1729.74
26788522,34407849,2019-06-18,2,Ropa,50.71,101.42
30085572,51183379,2019-06-18,4,Belleza,44.2,176.8
12857595,50601765,2019-06-18,2,Belleza,95.27,190.54
21898560,40448251,2019-06-18,2,Libros,15.56,31.12
13372025,40204599,2019-06-18,2,Ropa,131.28,262.56
12304334,41381269,2019-06-18,3,Hogar,332.46,997.3799999999999
31638616,35505100,2019-06-18,2,Electronica,1433.44,2866.88
14273568,43888529,2019-06-18,3,Deportes,314.56,943.6800000000001
18146945,32282126,2019-06-18,2,Electronica,1215.27,2430.54
24742239,49650994,2019-06-18,2,Electronica,820.82,1641.64
10416769,50059355,2019-06-18,2,Hogar,105.59,211.18
1578791,31573900,2019-06-18,2,Electronica,667.07,1334.14
7782295,32613496,2019-06-18,4,Ropa,114.4,457.6
15606177,3177325,2019-06-18,2,Ropa,138.9,277.8
6948836,3058908,2019-06-18,3,Belleza,74.89,224.67000000000002
22573283,39543957,2019-06-18,2,Libros,26.67,53.34
4130872,52403341,2019-06-18,2,Deportes,120.82,241.64
34531043,48018509,2019-06-18,2,Electronica,293.93,587.86
22963164,33109072,2019-06-18,2,Electronica,1056.08,2112.16
7150976,47047732,2019-06-18,2,Hogar,328.02,656.04
18506470,52924977,2019-06-18,2,Libros,42.81,85.62
39744737,40276077,2019-06-18,2,Ropa,80.78,161.56
19061408,37078285,2019-06-18,2,Deportes,119.71,239.42
34857404,38195391,2019-06-18,2,Belleza,92.37,184.74
7653228,32242274,2019-06-18,2,Ropa,156.99,313.98
20997659,49119444,2019-06-18,2,Libros,30.06,60.12
35334684,6194478,2019-06-18,2,Belleza,75.37,150.74
16915612,37674279,2019-06-18,2,Hogar,196.16,392.32
44415679,46280444,2019-06-18,2,Hogar,355.44,710.88
19282386,55445659,2019-06-18,3,Electronica,1261.8,3785.3999999999996
15367725,48051805,2019-06-18,2,Libros,42.85,85.7
15853025,6911634,2019-06-18,2,Deportes,214.78,429.56
42839839,51881932,2019-06-18,2,Belleza,57.75,115.5
20575244,51981259,2019-06-18,2,Ropa,132.04,264.08
30656308,50390402,2019-06-19,2,Libros,42.39,84.78
5897414,46106748,2019-06-19,2,Libros,35.73,71.46
10437074,3735903,2019-06-19,3,Hogar,318.1,954.3000000000001
30617300,32128322,2019-06-19,2,Electronica,190.05,380.1
20517889,32229707,2019-06-19,2,Electronica,1430.06,2860.12
17420231,31560347,2019-06-18,2,Belleza,95.94,191.88
20380836,41771898,2019-06-19,2,Hogar,196.36,392.72
6683186,34373617,2019-06-19,2,Libros,35.95,71.9
24464827,48631902,2019-06-18,2,Deportes,37.98,75.96
13475802,44076001,2019-06-18,2,Hogar,35.0,70.0
14735625,47108940,2019-06-19,2,Belleza,33.84,67.68
20653843,32397777,2019-06-18,4,Belleza,84.32,337.28
7130239,1069267,2019-06-18,2,Hogar,428.29,856.58
17915586,46040537,2019-06-18,2,Belleza,69.31,138.62
12273495,42887442,2019-06-14,2,Hogar,273.08,546.16
6723024,44167642,2019-06-14,2,Ropa,86.44,172.88
26115146,32099744,2019-06-15,2,Hogar,93.38,186.76
23531841,50784707,2019-06-14,2,Hogar,72.4,144.8
8571659,1069456,2019-06-14,2,Belleza,92.48,184.96
853186,46876805,2019-06-14,2,Belleza,111.66,223.32
44212229,2301364,2019-06-15,4,Electronica,714.51,2858.04
10113448,25458659,2019-06-14,2,Electronica,1006.2,2012.4
5040972,31288872,2019-06-14,2,Ropa,183.75,367.5
31498743,47891714,2019-06-14,2,Electronica,180.66,361.32
33039898,49047266,2019-06-13,3,Hogar,388.68,1166.04
32774082,51840644,2019-06-13,2,Belleza,75.93,151.86
10478837,44749980,2019-06-13,2,Electronica,918.02,1836.04
17020047,6938963,2019-06-13,2,Electronica,474.18,948.36
11174575,33855676,2019-06-13,2,Ropa,139.94,279.88
1036934,47365687,2019-06-13,2,Libros,48.71,97.42
27353728,33966228,2019-06-13,2,Ropa,31.44,62.88
23893799,49267348,2019-06-13,2,Hogar,273.76,547.52
23893799,51744192,2019-06-13,2,Belleza,16.65,33.3
8707143,40946466,2019-06-13,2,Ropa,175.79,351.58
29865301,46651068,2019-06-13,2,Electronica,786.07,1572.14
22691390,44289413,2019-06-13,2,Belleza,97.92,195.84
41131037,48093124,2019-06-13,2,Belleza,47.33,94.66
2222812,46264677,2019-06-13,2,Electronica,231.36,462.72
8655171,1069969,2019-06-13,2,Ropa,17.88,35.76
1838899,53610850,2019-06-13,2,Electronica,458.19,916.38
16826822,46315448,2019-06-13,2,Libros,18.43,36.86
12359985,6362696,2019-06-13,2,Belleza,69.44,138.88
9917254,35504415,2019-06-13,2,Deportes,28.26,56.52
17674158,50147514,2019-06-13,3,Deportes,217.82,653.46
30647820,38656612,2019-06-13,2,Hogar,205.01,410.02
43233031,51304424,2019-06-13,3,Electronica,886.83,2660.4900000000002
13710368,2174680,2019-06-13,2,Electronica,1068.51,2137.02
28588808,43518444,2019-06-13,2,Hogar,322.53,645.06
29680005,46234841,2019-06-13,2,Hogar,492.55,985.1
6707480,6687642,2019-06-13,2,Hogar,82.06,164.12
25479094,36803109,2019-06-13,2,Belleza,54.42,108.84
14393628,40275989,2019-06-13,2,Libros,28.37,56.74
11055739,52784074,2019-06-13,2,Electronica,654.73,1309.46
10753151,31928645,2019-06-13,2,Belleza,81.34,162.68
20400518,48339717,2019-06-13,2,Hogar,252.57,505.14
38367645,50935511,2019-06-13,2,Electronica,800.28,1600.56
9649603,75827,2019-06-13,2,Belleza,54.72,109.44
26604896,34743697,2019-06-13,2,Libros,59.54,119.08
4130264,48498705,2019-06-13,2,Belleza,111.67,223.34
35422870,41666127,2019-06-13,2,Libros,21.92,43.84
23401238,31544299,2019-06-13,2,Hogar,69.12,138.24
1051979,33259863,2019-06-13,2,Libros,51.19,102.38
32676666,4359177,2019-06-13,2,Electronica,1495.9,2991.8
10661854,2486022,2019-06-13,2,Hogar,156.92,313.84
17936038,40302663,2019-06-12,2,Electronica,568.79,1137.58
25601143,33059472,2019-06-13,2,Deportes,377.82,755.64
13216368,51821518,2019-06-12,2,Ropa,145.11,290.22
5391782,40573366,2019-06-12,2,Libros,21.26,42.52
17010521,31074229,2019-06-12,2,Ropa,120.4,240.8
34955959,33976946,2019-06-12,3,Ropa,189.4,568.2
10465604,48660783,2019-06-12,2,Libros,49.65,99.3
43811620,45607225,2019-06-12,5,Hogar,374.79,1873.95
44028198,36287318,2019-06-12,4,Deportes,300.06,1200.24
24639135,34759897,2019-06-12,2,Electronica,308.13,616.26
23809874,51257148,2019-06-12,2,Belleza,99.84,199.68
10970628,35490500,2019-06-12,2,Electronica,450.37,900.74
38387437,43893061,2019-06-12,2,Belleza,111.99,223.98
34713662,46275901,2019-06-12,2,Electronica,578.73,1157.46
34548622,42617386,2019-06-12,2,Libros,52.17,104.34
11353053,33272213,2019-06-12,2,Deportes,121.17,242.34
20654394,3373740,2019-06-12,2,Belleza,64.17,128.34
3233686,51577916,2019-06-12,2,Hogar,66.84,133.68
25707035,48161383,2019-06-12,2,Electronica,1007.17,2014.34
21168306,37214422,2019-06-12,2,Electronica,1262.31,2524.62
11313419,38272202,2019-06-12,2,Belleza,87.62,175.24
33918182,34417305,2019-06-12,2,Hogar,268.78,537.56
10609460,42366284,2019-06-12,2,Hogar,36.88,73.76
40020822,35210234,2019-06-12,2,Libros,56.34,112.68
26432100,1290866,2019-06-12,2,Libros,43.8,87.6
32967274,43914080,2019-06-12,2,Libros,46.02,92.04
30649267,2584954,2019-06-12,2,Libros,48.71,97.42
18986938,41631706,2019-06-12,2,Libros,46.13,92.26
4946613,50614243,2019-06-12,2,Libros,29.26,58.52
17910202,2119554,2019-06-12,3,Deportes,298.78,896.3399999999999
11328733,6071932,2019-06-12,2,Hogar,318.14,636.28
1117990,42001725,2019-06-12,2,Libros,51.97,103.94
10044453,45995859,2019-06-12,2,Hogar,404.19,808.38
17586951,47498750,2019-06-11,3,Hogar,35.07,105.21000000000001
4232633,31264988,2019-06-12,2,Ropa,81.99,163.98
14536264,31929332,2019-06-11,2,Deportes,33.19,66.38
16083360,32062664,2019-06-11,2,Libros,10.61,21.22
43964413,49563351,2019-06-12,2,Electronica,922.05,1844.1
3799237,46882361,2019-06-11,2,Belleza,105.49,210.98
24989857,31574046,2019-06-11,2,Electronica,223.75,447.5
9905865,2389219,2019-06-12,2,Deportes,191.41,382.82
37108659,33135320,2019-06-11,2,Belleza,109.75,219.5
37003864,194476,2019-06-11,2,Deportes,329.43,658.86
2693398,2037881,2019-06-11,3,Hogar,267.04,801.1200000000001
13871654,52400203,2019-06-12,4,Belleza,93.73,374.92
27338143,37119662,2019-06-12,2,Hogar,268.51,537.02
6415039,1263668,2019-06-12,2,Electronica,279.23,558.46
8309537,6057155,2019-06-11,2,Electronica,230.87,461.74
35097013,44743774,2019-06-11,2,Belleza,26.66,53.32
20703289,35606222,2019-06-11,2,Belleza,45.36,90.72
8848196,37956563,2019-06-11,2,Libros,56.18,112.36
16415127,39271497,2019-06-11,2,Deportes,323.88,647.76
2043297,39429530,2019-06-11,2,Libros,28.8,57.6
20653360,3373776,2019-06-12,2,Deportes,207.37,414.74
1606255,31614873,2019-06-11,2,Libros,19.61,39.22
43800788,33455785,2019-06-11,2,Hogar,356.61,713.22
14207427,42804748,2019-06-11,2,Belleza,97.32,194.64
26640040,35628135,2019-06-11,3,Electronica,396.41,1189.23
12388090,52100301,2019-06-11,2,Deportes,35.89,71.78
5836969,37635455,2019-06-11,2,Deportes,257.08,514.16
13738776,47103092,2019-06-11,2,Electronica,865.64,1731.28
1256572,46223058,2019-06-11,2,Libros,27.12,54.24
18525838,36526014,2019-06-11,2,Deportes,264.68,529.36
14542584,34325708,2019-06-11,2,Hogar,282.05,564.1
20793903,36883703,2019-06-11,3,Belleza,33.82,101.46000000000001
18852448,35714519,2019-06-11,2,Electronica,626.71,1253.42
15240260,42718843,2019-06-11,2,Belleza,54.23,108.46
42126412,50144709,2019-06-11,3,Deportes,354.49,1063.47
4338804,32088797,2019-06-11,2,Deportes,385.14,770.28
18923,39543957,2019-06-11,2,Libros,26.67,53.34
20888996,45867008,2019-06-11,2,Electronica,1344.85,2689.7
5519703,37138687,2019-06-11,2,Hogar,363.8,727.6
22153719,48170286,2019-06-11,2,Ropa,121.15,242.3
25227328,47480321,2019-06-11,2,Electronica,1049.43,2098.86
28451724,34758456,2019-06-11,2,Ropa,188.43,376.86
5222234,44071680,2019-06-11,2,Libros,18.75,37.5
2194263,47629632,2019-06-11,2,Ropa,111.67,223.34
23873565,43547553,2019-06-11,2,Hogar,349.46,698.92
3817124,32785847,2019-06-11,2,Libros,42.36,84.72
4110592,31670163,2019-06-11,2,Ropa,57.93,115.86
30386658,42204957,2019-06-10,2,Libros,37.27,74.54
10984058,36262723,2019-06-10,2,Ropa,161.22,322.44
4251897,49635300,2019-06-10,4,Hogar,245.41,981.64
37882313,75982,2019-06-10,2,Ropa,160.73,321.46
37878482,35574453,2019-06-10,2,Ropa,78.38,156.76
29430541,37673669,2019-06-10,2,Ropa,188.36,376.72
38770403,33855721,2019-06-10,2,Electronica,824.2,1648.4
29194179,48100893,2019-06-10,2,Electronica,914.12,1828.24
16992703,46265269,2019-06-10,2,Electronica,95.47,190.94
5752656,49269021,2019-06-10,2,Hogar,97.58,195.16
14449256,48726515,2019-06-10,2,Libros,39.81,79.62
8991620,37867230,2019-06-10,2,Deportes,179.55,359.1
8991620,26619559,2019-06-10,2,Ropa,106.55,213.1
42603942,2574017,2019-06-10,2,Ropa,21.96,43.92
11601751,5937271,2019-06-10,2,Hogar,419.56,839.12
11018038,39897558,2019-06-10,3,Ropa,159.06,477.18
40171904,50808810,2019-06-10,2,Electronica,318.76,637.52
42272533,41248653,2019-06-10,2,Deportes,261.05,522.1
9914727,49072861,2019-06-10,2,Belleza,99.11,198.22
12345984,2119180,2019-06-10,2,Ropa,131.76,263.52
10076914,52599106,2019-06-10,2,Electronica,500.08,1000.16
28072411,45608891,2019-06-10,2,Belleza,80.45,160.9
11192694,46819379,2019-06-10,2,Deportes,99.98,199.96
1464368,52814926,2019-06-10,2,Belleza,41.6,83.2
35209912,40189771,2019-06-10,4,Electronica,398.1,1592.4
13667156,45521272,2019-06-10,2,Libros,35.63,71.26
10652667,53646587,2019-06-10,2,Libros,10.95,21.9
43762876,47590184,2019-06-10,3,Belleza,112.33,336.99
4000201,48798489,2019-06-10,2,Hogar,176.75,353.5
5672659,36367433,2019-06-10,3,Belleza,30.18,90.53999999999999
4984868,32282141,2019-06-10,2,Ropa,104.34,208.68
9663092,31539844,2019-06-10,2,Ropa,62.63,125.26
23165057,43807033,2019-06-10,2,Libros,34.42,68.84
7894818,51890468,2019-06-10,2,Hogar,184.03,368.06
27044277,44246310,2019-06-10,2,Electronica,241.5,483.0
31827880,50791389,2019-06-10,2,Ropa,60.52,121.04
4658766,46190992,2019-06-10,2,Libros,29.11,58.22
7317954,41494469,2019-06-10,2,Deportes,31.51,63.02
11972023,38429796,2019-06-10,2,Libros,47.39,94.78
42152862,40570017,2019-06-10,2,Ropa,128.15,256.3
32237011,39860130,2019-06-10,2,Ropa,124.26,248.52
9731632,34861166,2019-06-10,2,Libros,35.03,70.06
40311615,43447584,2019-06-10,2,Electronica,905.95,1811.9
40562111,2901279,2019-06-10,3,Belleza,112.48,337.44
40234331,48472946,2019-06-10,2,Ropa,11.63,23.26
3668008,31264088,2019-06-10,2,Libros,7.63,15.26
32556504,35564684,2019-06-11,2,Libros,15.53,31.06
1948876,32044498,2019-06-11,2,Hogar,96.14,192.28
9085224,2269240,2019-06-11,2,Belleza,25.84,51.68
33731480,42378988,2019-06-10,2,Deportes,275.34,550.68
12095897,35667782,2019-06-10,2,Electronica,716.25,1432.5
12466578,35461777,2019-06-10,2,Deportes,396.88,793.76
12741498,38075718,2019-06-10,2,Belleza,31.09,62.18
14745127,35412812,2019-06-10,2,Belleza,40.75,81.5
18429167,49049060,2019-06-10,2,Belleza,118.19,236.38
11192694,4134720,2019-06-10,2,Deportes,336.07,672.14
11192694,1762367,2019-06-10,3,Belleza,59.03,177.09
43167288,49072850,2019-06-10,2,Libros,35.5,71.0
5845919,3305158,2019-06-10,2,Deportes,340.41,680.82
8628598,6887765,2019-06-10,2,Belleza,60.31,120.62
30713502,35208525,2019-06-09,2,Libros,16.33,32.66
12028941,30584059,2019-06-09,2,Hogar,416.8,833.6
22596705,34169047,2019-06-09,2,Belleza,66.84,133.68
839579,42888848,2019-06-09,2,Deportes,78.16,156.32
22570980,32449568,2019-06-09,2,Ropa,106.06,212.12
39891240,5808231,2019-06-09,2,Belleza,52.52,105.04
2379443,5218021,2019-06-09,2,Ropa,176.6,353.2
23170687,41192576,2019-06-09,3,Libros,11.93,35.79
13723735,3579675,2019-06-09,2,Hogar,439.48,878.96
15559320,46021583,2019-06-09,3,Electronica,792.71,2378.13
21630318,33362780,2019-06-10,2,Hogar,211.12,422.24
29566040,46893636,2019-06-10,2,Belleza,23.63,47.26
1209985,52636823,2019-06-10,2,Ropa,143.16,286.32
25022242,39050105,2019-06-09,2,Ropa,186.09,372.18
18613667,46933789,2019-06-09,2,Deportes,162.64,325.28
14373489,42712581,2019-06-09,3,Ropa,55.9,167.7
15575753,42466586,2019-06-09,2,Deportes,230.85,461.7
41262923,34683768,2019-06-09,2,Libros,48.79,97.58
13755862,35140433,2019-06-10,2,Electronica,55.46,110.92
10587160,49072861,2019-06-10,2,Belleza,99.11,198.22
7044948,31708695,2019-06-10,2,Belleza,77.61,155.22
17416239,47348594,2019-06-10,2,Deportes,246.68,493.36
876917,46000191,2019-06-10,2,Hogar,217.55,435.1
874825,46197367,2019-06-10,2,Electronica,511.32,1022.64
8370564,51789135,2019-06-09,2,Ropa,95.77,191.54
43022907,47851883,2019-06-09,2,Ropa,56.92,113.84
12683346,3169147,2019-06-09,2,Electronica,1195.33,2390.66
14523922,38268878,2019-06-10,2,Ropa,130.56,261.12
15757042,39577246,2019-06-09,2,Libros,34.3,68.6
12249601,37206583,2019-06-09,2,Libros,26.59,53.18
33271119,51436245,2019-06-09,2,Electronica,472.51,945.02
14526152,35093214,2019-06-09,2,Deportes,332.64,665.28
1743686,33277800,2019-06-09,2,Deportes,191.53,383.06
1797396,53560303,2019-06-09,2,Electronica,777.1,1554.2
22527,27104159,2019-06-09,2,Deportes,217.91,435.82
1448984,44615244,2019-06-09,2,Deportes,190.38,380.76
20124178,6967678,2019-06-09,2,Libros,19.08,38.16
7046780,26038409,2019-06-09,2,Deportes,65.73,131.46
41915867,46212951,2019-06-09,2,Hogar,62.79,125.58
24787951,31760428,2019-06-09,2,Belleza,92.11,184.22
2205334,49613083,2019-06-09,2,Ropa,52.47,104.94
3741114,42051826,2019-06-09,2,Hogar,42.0,84.0
28246172,41884885,2019-06-09,2,Deportes,323.06,646.12
15319966,47939117,2019-06-09,3,Libros,13.47,40.410000000000004
8980600,37789891,2019-06-09,2,Electronica,956.46,1912.92
13016133,51872774,2019-06-09,2,Deportes,148.68,297.36
28507042,32229572,2019-06-09,2,Libros,11.96,23.92
43590331,31909620,2019-06-09,2,Belleza,52.67,105.34
17296588,35526884,2019-06-09,2,Deportes,25.63,51.26
6262657,50600656,2019-06-09,2,Electronica,1269.52,2539.04
43685191,39627247,2019-06-09,2,Libros,33.24,66.48
1344621,34013459,2019-06-09,2,Libros,12.65,25.3
6834886,49227282,2019-06-09,2,Libros,18.03,36.06
42772762,31675406,2019-06-09,2,Belleza,56.52,113.04
1940535,6790877,2019-06-09,2,Deportes,91.77,183.54
5378891,49518400,2019-06-09,2,Belleza,35.89,71.78
1041847,926057,2019-06-09,3,Ropa,111.53,334.59000000000003
13016886,46402233,2019-06-09,2,Ropa,168.2,336.4
4867906,37504935,2019-06-09,2,Deportes,172.7,345.4
5401806,46983348,2019-06-09,2,Belleza,87.45,174.9
7178842,32271331,2019-06-09,2,Electronica,1321.19,2642.38
11267882,35104494,2019-06-09,2,Libros,16.9,33.8
8773677,46344914,2019-06-09,2,Libros,49.4,98.8
40954306,42585086,2019-06-09,3,Deportes,307.81,923.4300000000001
10476832,6710132,2019-06-09,2,Ropa,77.82,155.64
35202210,35446681,2019-05-31,2,Ropa,198.01,396.02
30250774,1817899,2019-05-31,5,Libros,19.44,97.2
5396459,42267693,2019-05-31,2,Deportes,116.83,233.66
10941009,41916311,2019-05-31,2,Belleza,93.81,187.62
37911392,36464485,2019-05-31,2,Ropa,92.58,185.16
23618413,46753009,2019-05-31,2,Belleza,43.04,86.08
2598060,46395494,2019-05-31,2,Ropa,43.95,87.9
22467597,47864493,2019-05-31,4,Ropa,155.41,621.64
4496741,35157226,2019-05-31,2,Hogar,396.37,792.74
30602544,34643094,2019-05-31,2,Ropa,117.65,235.3
20298980,42680059,2019-05-31,2,Electronica,1438.1,2876.2
7603224,32242160,2019-05-31,2,Deportes,140.9,281.8
12586321,7163202,2019-05-31,2,Deportes,103.46,206.92
29395547,40148176,2019-05-31,2,Belleza,82.91,165.82
17775124,4038698,2019-05-31,2,Ropa,154.1,308.2
13357475,41666105,2019-05-31,2,Electronica,376.11,752.22
14411070,40737726,2019-05-31,2,Belleza,13.81,27.62
39888573,34231804,2019-05-31,2,Hogar,408.1,816.2
42971797,2926387,2019-05-31,2,Belleza,117.3,234.6
17770584,41955736,2019-05-30,4,Belleza,79.14,316.56
41778713,48412037,2019-05-31,2,Ropa,62.79,125.58
23015915,32729157,2019-06-01,2,Hogar,498.39,996.78
7305800,2590086,2019-05-30,2,Belleza,107.73,215.46
9273014,47498750,2019-05-31,2,Hogar,35.07,70.14
18984005,35542817,2019-05-30,3,Electronica,794.4,2383.2
42901451,47065021,2019-05-30,2,Electronica,1246.72,2493.44
26992248,45542737,2019-05-30,2,Deportes,330.01,660.02
37967678,43843236,2019-05-31,2,Hogar,468.38,936.76
27571069,2516917,2019-05-30,2,Hogar,422.85,845.7
17451751,41055706,2019-05-30,2,Deportes,264.6,529.2
979605,48180382,2019-05-30,2,Belleza,75.07,150.14
18128940,42717473,2019-05-30,2,Hogar,241.67,483.34
9476102,32193947,2019-05-30,2,Electronica,958.4,1916.8
42114407,50830370,2019-05-30,2,Electronica,1203.06,2406.12
41879347,38300838,2019-05-30,2,Ropa,194.12,388.24
14828895,49536881,2019-05-30,2,Hogar,241.63,483.26
14555986,35815433,2019-05-30,2,Belleza,70.97,141.94
9186380,35455205,2019-05-30,2,Deportes,189.03,378.06
34297507,6772765,2019-05-30,3,Deportes,274.03,822.0899999999999
11004449,5771528,2019-05-30,2,Belleza,77.44,154.88
10890326,2525349,2019-05-30,2,Libros,5.98,11.96
3674104,31436706,2019-05-30,3,Ropa,112.82,338.46
18401341,46265830,2019-05-30,2,Deportes,53.63,107.26
18514496,32613412,2019-05-30,2,Hogar,27.8,55.6
24504465,14626909,2019-05-30,2,Ropa,160.33,320.66
6622389,46399218,2019-05-30,2,Hogar,140.45,280.9
35051713,48662959,2019-05-30,2,Electronica,543.95,1087.9
3125584,46130148,2019-05-30,2,Deportes,74.78,149.56
22544958,41518248,2019-05-30,2,Ropa,22.18,44.36
18582682,2205258,2019-05-30,5,Deportes,88.21,441.04999999999995
26652097,39932740,2019-05-30,2,Ropa,155.46,310.92
40629174,36524491,2019-05-30,2,Ropa,103.77,207.54
11230356,42738485,2019-05-30,2,Ropa,177.33,354.66
1913258,31302953,2019-05-30,2,Libros,26.85,53.7
12462443,49244342,2019-05-30,2,Ropa,61.05,122.1
30707948,47882506,2019-05-30,2,Hogar,183.59,367.18
24441836,1069992,2019-05-30,2,Electronica,1083.52,2167.04
2387598,41695418,2019-05-31,2,Belleza,68.83,137.66
43033667,51657194,2019-06-01,2,Ropa,181.8,363.6
10871751,32881677,2019-05-29,3,Deportes,248.82,746.46
35373121,37619876,2019-05-30,2,Ropa,103.67,207.34
15248145,36460533,2019-05-29,2,Deportes,318.59,637.18
31714338,42709284,2019-05-29,2,Hogar,474.55,949.1
41886667,34935878,2019-05-30,2,Deportes,155.22,310.44
23132989,37282152,2019-05-29,2,Belleza,33.74,67.48
35771516,3721117,2019-05-30,2,Electronica,943.52,1887.04
36170151,46948784,2019-05-29,2,Deportes,209.57,419.14
4000919,579438,2019-05-29,2,Deportes,395.89,791.78
1816911,46296993,2019-05-29,2,Electronica,720.42,1440.84
7115174,49833636,2019-05-29,2,Belleza,13.55,27.1
14156811,36921717,2019-05-29,2,Ropa,195.7,391.4
41156153,31731709,2019-05-29,2,Deportes,340.56,681.12
3113027,42793827,2019-05-29,2,Electronica,308.46,616.92
42134508,50153105,2019-05-29,3,Hogar,453.73,1361.19
42632726,41884885,2019-05-29,2,Deportes,323.06,646.12
12851438,38451951,2019-05-29,2,Electronica,543.97,1087.94
827244,41017861,2019-05-29,2,Hogar,197.9,395.8
42076235,44742433,2019-05-29,2,Belleza,109.24,218.48
24374452,34937153,2019-05-29,2,Ropa,110.72,221.44
12057509,44439082,2019-05-29,2,Electronica,249.76,499.52
35493962,46608628,2019-05-29,2,Libros,25.3,50.6
1546248,34641601,2019-05-29,2,Deportes,294.4,588.8
26298686,3177311,2019-05-29,2,Belleza,25.03,50.06
42041680,43454321,2019-05-29,2,Electronica,905.84,1811.68
5981417,38659252,2019-05-29,2,Deportes,284.2,568.4
25458345,33914175,2019-05-29,2,Electronica,548.59,1097.18
11678182,47918282,2019-05-29,2,Hogar,351.53,703.06
22880921,36882826,2019-05-29,3,Electronica,1332.1,3996.2999999999997
31605714,34709106,2019-05-29,3,Libros,30.97,92.91
42809494,42276302,2019-05-29,2,Electronica,605.22,1210.44
42196868,46286574,2019-05-29,2,Electronica,414.18,828.36
34807773,32054321,2019-05-29,3,Libros,38.23,114.69
23793284,40576144,2019-05-29,2,Belleza,106.18,212.36
2451756,42717473,2019-05-29,2,Hogar,241.67,483.34
41539050,44704486,2019-05-29,2,Electronica,520.76,1041.52
21700599,39782810,2019-05-29,2,Libros,26.79,53.58
19912903,31698629,2019-05-29,4,Deportes,174.52,698.08
15620411,38137406,2019-05-29,2,Hogar,286.99,573.98
10628622,51400039,2019-05-29,2,Hogar,125.78,251.56
17003757,45789049,2019-05-29,2,Electronica,1242.21,2484.42
32185322,32921059,2019-05-29,2,Belleza,38.99,77.98
14051477,47993173,2019-05-29,2,Belleza,86.12,172.24
6414907,38633681,2019-05-29,2,Deportes,215.02,430.04
34673895,32184467,2019-05-29,3,Electronica,899.55,2698.6499999999996
10750015,36514103,2019-05-29,2,Hogar,102.11,204.22
37649774,44199847,2019-05-29,2,Belleza,89.53,179.06
42123294,46719101,2019-05-28,2,Electronica,323.5,647.0
11348365,34999480,2019-05-28,2,Belleza,18.05,36.1
23390601,2676242,2019-05-28,3,Libros,35.07,105.21000000000001
17975466,5043529,2019-05-28,2,Belleza,86.57,173.14
34900245,50317552,2019-05-28,2,Hogar,39.27,78.54
11455296,39118761,2019-05-28,2,Ropa,23.19,46.38
22218879,46223762,2019-05-28,2,Deportes,325.02,650.04
32137840,7080239,2019-05-28,2,Deportes,327.43,654.86
41920916,49989019,2019-05-28,2,Hogar,133.97,267.94
28429658,3542132,2019-05-28,3,Belleza,75.75,227.25
14025815,42585510,2019-05-28,4,Electronica,692.61,2770.44
35623249,35778574,2019-05-28,2,Belleza,77.76,155.52
15298262,33893185,2019-05-28,2,Hogar,433.5,867.0
6005770,7066841,2019-05-28,2,Deportes,50.35,100.7
26337435,32113030,2019-05-28,2,Belleza,94.47,188.94
33856339,7082068,2019-05-28,2,Deportes,207.35,414.7
42287167,40972875,2019-05-28,3,Electronica,867.98,2603.94
2672509,46828105,2019-05-28,2,Deportes,268.49,536.98
18386240,2747816,2019-05-28,2,Deportes,370.6,741.2
42271550,45326600,2019-05-28,2,Ropa,20.78,41.56
27073576,31620511,2019-05-28,4,Ropa,15.6,62.4
29459861,880282,2019-05-28,4,Libros,14.8,59.2
35786784,1768618,2019-05-28,2,Ropa,197.43,394.86
23903614,34859104,2019-05-28,2,Libros,23.62,47.24
32193498,37303198,2019-05-28,2,Deportes,291.73,583.46
35557121,202408,2019-05-28,2,Hogar,313.1,626.2
24801586,33269884,2019-05-28,2,Deportes,37.87,75.74
31606985,3030968,2019-05-28,2,Hogar,441.37,882.74
26887778,48215499,2019-05-28,2,Hogar,409.19,818.38
31430734,41709071,2019-05-28,2,Ropa,136.31,272.62
41247709,47127535,2019-05-28,2,Belleza,44.0,88.0
10317043,45999574,2019-05-28,2,Electronica,152.23,304.46
7210390,31301485,2019-05-28,2,Ropa,120.21,240.42
6676525,50079883,2019-05-28,2,Ropa,146.74,293.48
6917044,43247927,2019-05-28,2,Belleza,15.84,31.68
12212223,49839188,2019-05-28,2,Electronica,968.96,1937.92
18064400,33449287,2019-05-28,2,Deportes,128.82,257.64
32759289,35598700,2019-05-28,2,Libros,47.03,94.06
21550289,46876583,2019-05-28,2,Libros,34.68,69.36
12559303,37734171,2019-05-28,4,Deportes,69.03,276.12
23037981,38335548,2019-05-28,2,Ropa,110.04,220.08
41497056,38775500,2019-05-28,3,Electronica,623.82,1871.46
11194348,35636968,2019-05-28,2,Ropa,44.27,88.54
38753657,35134949,2019-05-28,2,Hogar,423.14,846.28
17223642,48383749,2019-05-28,2,Ropa,12.1,24.2
42074263,35420610,2019-05-28,2,Belleza,93.73,187.46
29878399,32921290,2019-05-28,2,Ropa,69.3,138.6
41990742,4174663,2019-05-28,3,Deportes,24.79,74.37
3073013,6053776,2019-05-28,2,Deportes,56.48,112.96
42728177,47425520,2019-05-28,2,Deportes,132.9,265.8
20055170,33519120,2019-05-28,2,Libros,7.98,15.96
10419615,47094884,2019-05-28,2,Hogar,304.37,608.74
20793153,40218885,2019-05-28,2,Deportes,53.01,106.02
31829242,11299809,2019-05-28,2,Electronica,1067.48,2134.96
30424582,35907590,2019-05-28,2,Libros,7.9,15.8
21342823,4370161,2019-05-28,3,Belleza,11.82,35.46
26165880,3405285,2019-05-28,2,Electronica,492.72,985.44
23058999,38338503,2019-05-28,2,Electronica,1350.03,2700.06
12649158,34046086,2019-05-28,2,Deportes,263.73,527.46
41761309,40276001,2019-05-28,3,Belleza,93.57,280.71
954977,38115727,2019-05-28,2,Belleza,21.28,42.56
11105321,31818893,2019-05-28,3,Libros,50.88,152.64000000000001
15906798,40384315,2019-05-28,3,Belleza,5.94,17.82
14009553,42154778,2019-05-28,2,Hogar,118.33,236.66
34658195,35434277,2019-05-28,2,Deportes,254.12,508.24
13755862,3539880,2019-05-28,2,Belleza,48.15,96.3
24163148,43532156,2019-05-28,2,Libros,59.13,118.26
8580713,6638151,2019-05-28,2,Hogar,29.71,59.42
16198912,32586840,2019-05-28,2,Ropa,199.73,399.46
41502206,43798368,2019-05-28,3,Ropa,128.49,385.47
10681350,156060,2019-05-28,3,Hogar,285.97,857.9100000000001
21037821,32283579,2019-05-28,2,Libros,8.27,16.54
17769680,40945068,2019-05-28,2,Hogar,147.56,295.12
16355904,34426437,2019-05-28,2,Deportes,371.37,742.74
23540394,3633284,2019-05-28,2,Deportes,154.61,309.22
21132249,50539304,2019-05-28,2,Ropa,135.71,271.42
17734198,35187319,2019-05-28,2,Belleza,119.94,239.88
4322538,28741509,2019-05-28,2,Libros,19.47,38.94
15915437,6519992,2019-05-28,2,Ropa,119.46,238.92
24936371,38330333,2019-05-28,2,Belleza,85.09,170.18
4540003,35146653,2019-05-28,2,Belleza,23.93,47.86
1121600,32046918,2019-05-28,2,Deportes,76.5,153.0
28948720,6052272,2019-05-28,2,Electronica,711.65,1423.3
6077855,33781233,2019-05-28,2,Electronica,609.43,1218.86
34204514,43411921,2019-05-28,2,Hogar,361.39,722.78
20205826,47150866,2019-05-28,2,Deportes,46.41,92.82
12662941,31648894,2019-05-28,2,Belleza,116.8,233.6
5890086,35196289,2019-05-28,2,Libros,5.79,11.58
13839071,45296133,2019-05-28,2,Electronica,921.91,1843.82
20600381,36764403,2019-05-28,2,Belleza,69.7,139.4
1064741,40293805,2019-05-28,2,Electronica,245.34,490.68
33779521,7023155,2019-05-28,2,Electronica,268.83,537.66
41824577,1058234,2019-05-28,3,Electronica,1199.38,3598.1400000000003
21723241,49946923,2019-05-28,2,Libros,53.82,107.64
41629840,50615221,2019-05-28,2,Deportes,127.55,255.1
25205025,45815236,2019-05-28,2,Libros,29.09,58.18
13398649,43785097,2019-05-28,2,Ropa,77.45,154.9
6646465,35504413,2019-05-28,2,Belleza,13.34,26.68
10991963,46478416,2019-05-28,2,Deportes,275.82,551.64
1546248,3680857,2019-05-28,2,Deportes,333.57,667.14
11729889,42654367,2019-05-28,2,Deportes,135.85,271.7
23004957,37077821,2019-05-28,3,Deportes,396.27,1188.81
4714215,4737355,2019-05-28,3,Libros,9.17,27.509999999999998
26084308,49269590,2019-05-28,2,Deportes,271.48,542.96
14365801,4593965,2019-05-28,2,Hogar,232.39,464.78
41857895,5747437,2019-05-28,2,Belleza,56.36,112.72
15713721,44781584,2019-05-28,2,Deportes,193.91,387.82
6564136,32251206,2019-05-28,3,Belleza,34.75,104.25
22090157,34759937,2019-05-28,2,Hogar,362.05,724.1
33019913,32566957,2019-05-28,2,Hogar,364.96,729.92
20909262,22749259,2019-05-28,2,Belleza,37.48,74.96
34833066,38510384,2019-05-28,2,Electronica,1261.19,2522.38
4008767,47166736,2019-05-28,2,Ropa,70.2,140.4
29051309,3714465,2019-05-28,2,Electronica,1101.39,2202.78
13497390,43483315,2019-05-28,2,Electronica,225.45,450.9
20963776,35144038,2019-05-28,2,Libros,14.28,28.56
24352515,50602115,2019-05-28,2,Electronica,507.9,1015.8
13281853,2626776,2019-05-28,2,Deportes,245.67,491.34
35601139,3242033,2019-05-28,3,Libros,40.5,121.5
42201388,51365661,2019-05-28,3,Libros,26.8,80.4
4529571,173365,2019-05-28,2,Hogar,52.75,105.5
30115051,36346809,2019-05-28,3,Electronica,591.77,1775.31
22344978,44165438,2019-05-28,2,Hogar,349.05,698.1
36261258,45706937,2019-05-28,2,Belleza,82.16,164.32
12068995,6363562,2019-05-28,2,Ropa,40.44,80.88
18125549,39161275,2019-05-27,4,Libros,5.43,21.72
10954695,31944543,2019-05-27,2,Belleza,91.59,183.18
14461578,40275993,2019-05-27,2,Belleza,17.23,34.46
24775947,46374496,2019-05-27,2,Deportes,51.29,102.58
15239711,46130148,2019-05-27,2,Deportes,74.78,149.56
28338166,43305867,2019-05-28,2,Ropa,10.51,21.02
27046009,6586222,2019-05-27,3,Belleza,54.75,164.25
14434524,35470355,2019-05-28,2,Belleza,62.88,125.76
28642931,32657547,2019-05-28,2,Ropa,131.16,262.32
42423574,6682401,2019-05-27,2,Ropa,66.25,132.5
14426986,47495987,2019-05-27,2,Belleza,86.7,173.4
27083813,42724158,2019-05-27,3,Ropa,42.17,126.51
35155481,750891,2019-05-27,2,Belleza,100.68,201.36
33819977,45363433,2019-05-27,2,Belleza,70.76,141.52
3249005,6041792,2019-05-27,2,Deportes,241.88,483.76
16973550,2485933,2019-05-27,2,Electronica,354.17,708.34
10236381,3038693,2019-05-27,2,Belleza,13.52,27.04
28005800,34316799,2019-05-27,2,Hogar,240.39,480.78
16356768,36519206,2019-05-27,2,Libros,38.86,77.72
10913976,3624193,2019-05-27,2,Electronica,187.82,375.64
5290507,35814321,2019-05-27,2,Electronica,1428.27,2856.54
19067941,46701022,2019-05-27,2,Electronica,1471.6,2943.2
31869932,50853412,2019-05-27,2,Deportes,227.27,454.54
4951911,3245761,2019-05-27,2,Belleza,114.26,228.52
40208931,32079069,2019-05-27,2,Deportes,88.19,176.38
21508365,28023609,2019-05-27,2,Belleza,7.92,15.84
44095389,40275993,2019-06-19,4,Belleza,17.23,68.92
25546101,51581945,2019-06-19,2,Deportes,34.98,69.96
23164677,33739431,2019-06-19,2,Deportes,243.25,486.5
13219312,4155810,2019-06-19,2,Libros,8.39,16.78
16516277,47842323,2019-06-19,3,Hogar,479.89,1439.67
13350447,50585392,2019-06-19,2,Deportes,73.93,147.86
17981931,33518288,2019-06-19,3,Libros,21.76,65.28
6755161,50826217,2019-06-19,2,Ropa,166.28,332.56
6105545,33088688,2019-06-19,2,Hogar,121.09,242.18
5433408,52655320,2019-06-19,2,Deportes,112.33,224.66
11342525,43345548,2019-06-19,2,Electronica,981.35,1962.7
18156817,2798347,2019-06-19,3,Ropa,62.46,187.38
31350578,42466415,2019-06-19,2,Ropa,51.32,102.64
1873410,40450069,2019-06-19,2,Libros,18.98,37.96
24165118,34371958,2019-06-19,2,Ropa,103.22,206.44
21460251,43474411,2019-06-19,3,Hogar,483.56,1450.68
44118906,34417079,2019-06-19,2,Deportes,336.25,672.5
17124927,31504655,2019-06-19,2,Deportes,128.15,256.3
31661178,47952339,2019-06-19,2,Electronica,576.89,1153.78
10948318,40275989,2019-06-19,2,Libros,28.37,56.74
14915452,34938258,2019-06-19,2,Libros,30.55,61.1
12593835,46930331,2019-06-19,2,Electronica,1469.45,2938.9
3158675,47774234,2019-06-19,2,Ropa,42.75,85.5
43577403,26577159,2019-06-19,4,Electronica,568.35,2273.4
38437825,44307118,2019-06-18,3,Hogar,368.77,1106.31
6457098,24833459,2019-06-18,3,Deportes,386.3,1158.9
10519704,37761853,2019-06-18,2,Ropa,39.58,79.16
1700023,42215762,2019-06-19,2,Electronica,379.7,759.4
1307322,6750720,2019-06-19,2,Libros,17.41,34.82
25236872,32893894,2019-06-19,3,Hogar,25.15,75.44999999999999
22012641,49628660,2019-06-19,2,Hogar,308.0,616.0
30796324,883456,2019-06-19,2,Electronica,1022.52,2045.04
13895557,6391857,2019-06-19,2,Deportes,248.96,497.92
5467615,32670341,2019-06-19,2,Electronica,153.42,306.84
42115376,36937177,2019-06-18,2,Ropa,23.15,46.3
44608245,6670172,2019-06-19,2,Electronica,355.06,710.12
12356881,33518017,2019-06-19,2,Hogar,155.79,311.58
9542191,43474411,2019-06-19,2,Hogar,483.56,967.12
19207610,50311545,2019-06-18,2,Electronica,1190.49,2380.98
18838262,6643460,2019-06-19,2,Deportes,80.57,161.14
12574090,239538,2019-06-18,2,Libros,7.43,14.86
18766442,31298885,2019-06-18,2,Belleza,50.31,100.62
22816280,34425885,2019-06-19,2,Electronica,653.77,1307.54
6161653,45711325,2019-06-18,2,Deportes,191.34,382.68
24271798,36903805,2019-06-18,2,Deportes,334.22,668.44
13201813,37436515,2019-06-19,2,Libros,10.39,20.78
13460605,1754907,2019-06-18,2,Hogar,356.41,712.82
36475974,1008370,2019-06-19,2,Deportes,148.42,296.84
29249149,34182343,2019-06-19,2,Deportes,137.79,275.58
16065556,33500792,2019-06-18,3,Deportes,374.37,1123.1100000000001
44249704,31451211,2019-06-18,3,Deportes,114.42,343.26
812817,39050102,2019-06-18,2,Ropa,132.08,264.16
11565402,6585194,2019-06-18,2,Ropa,62.27,124.54
3323849,4464718,2019-06-18,2,Hogar,260.96,521.92
42649655,47870628,2019-06-18,4,Electronica,1190.12,4760.48
1593923,49248410,2019-06-18,2,Deportes,355.05,710.1
11170339,36433493,2019-06-18,2,Libros,51.13,102.26
34999038,34454150,2019-06-18,2,Electronica,894.16,1788.32
8386481,47641645,2019-06-18,2,Libros,18.68,37.36
12843966,44307118,2019-06-18,2,Hogar,368.77,737.54
34858982,46245857,2019-06-18,2,Electronica,1008.79,2017.58
8905854,4155810,2019-06-18,2,Libros,8.39,16.78
16054853,33997719,2019-06-18,2,Hogar,359.3,718.6
11056769,44127459,2019-06-18,2,Deportes,24.06,48.12
27667331,7155911,2019-06-18,2,Deportes,186.9,373.8
25992918,39430857,2019-06-18,2,Belleza,101.98,203.96
12207259,41889981,2019-06-18,2,Libros,31.93,63.86
844113,2847625,2019-06-18,2,Electronica,501.49,1002.98
3057273,3735920,2019-06-18,2,Electronica,1314.11,2628.22
22053293,33649434,2019-06-18,2,Ropa,39.62,79.24
16751688,6574784,2019-06-18,2,Belleza,28.74,57.48
5358644,40429748,2019-06-18,2,Ropa,140.6,281.2
20102678,37967330,2019-06-18,2,Ropa,76.96,153.92
40789093,36841980,2019-06-18,2,Ropa,145.47,290.94
7070617,47972692,2019-06-18,2,Libros,13.67,27.34
7782295,76286,2019-06-18,3,Libros,18.87,56.61
18850976,44449997,2019-06-18,2,Hogar,90.97,181.94
30646188,4901982,2019-06-18,2,Hogar,477.16,954.32
27370528,33868376,2019-06-18,2,Ropa,87.03,174.06
43217686,46404392,2019-06-18,2,Belleza,43.78,87.56
9377703,49538823,2019-06-18,2,Electronica,70.59,141.18
16328227,54691630,2019-06-18,2,Libros,13.44,26.88
11623549,50394038,2019-06-18,2,Belleza,53.43,106.86
8115770,50787829,2019-06-18,2,Deportes,46.03,92.06
3757247,40750887,2019-06-18,2,Libros,33.09,66.18
14305718,47894539,2019-06-18,2,Libros,30.03,60.06
4516291,47887693,2019-06-18,2,Hogar,387.08,774.16
44218810,36555872,2019-06-18,2,Electronica,1006.71,2013.42
643653,51735128,2019-06-18,2,Electronica,696.62,1393.24
10970501,34968228,2019-06-18,2,Deportes,105.37,210.74
13953765,43923458,2019-06-17,3,Deportes,296.21,888.6299999999999
29732374,50851304,2019-06-17,3,Libros,43.93,131.79
1686915,31364098,2019-06-17,2,Ropa,39.13,78.26
25171895,49378380,2019-06-17,2,Hogar,458.65,917.3
24350480,4903605,2019-06-17,2,Hogar,46.24,92.48
17216773,41089768,2019-06-17,2,Libros,8.03,16.06
20253882,32071800,2019-06-17,2,Belleza,26.55,53.1
13794518,50907412,2019-06-17,2,Ropa,182.8,365.6
11797108,1069292,2019-06-17,3,Libros,33.6,100.80000000000001
44128091,37355634,2019-06-17,2,Ropa,159.71,319.42
7261600,53746144,2019-06-17,2,Ropa,53.29,106.58
21581569,1263668,2019-06-17,2,Electronica,279.23,558.46
10091470,47480321,2019-06-17,2,Electronica,1049.43,2098.86
39862540,44456048,2019-06-17,2,Ropa,103.14,206.28
28892358,45343084,2019-06-17,3,Libros,24.71,74.13
12564622,37297508,2019-06-17,3,Hogar,416.5,1249.5
4118914,36983534,2019-06-17,2,Hogar,25.96,51.92
12242496,33131910,2019-06-17,3,Ropa,56.33,168.99
44440505,43891378,2019-06-17,2,Belleza,22.55,45.1
24740889,49482458,2019-06-18,2,Electronica,1295.82,2591.64
35460831,76223,2019-06-18,2,Libros,30.71,61.42
3492618,52513472,2019-06-18,2,Electronica,636.12,1272.24
20094027,52408825,2019-06-18,2,Belleza,56.69,113.38
20679336,42351027,2019-06-17,3,Libros,58.46,175.38
20344190,47122526,2019-06-17,2,Ropa,171.55,343.1
36037113,31710106,2019-06-17,3,Hogar,357.59,1072.77
1628981,2871413,2019-06-17,2,Electronica,471.19,942.38
13957320,51246640,2019-06-17,2,Deportes,82.77,165.54
34913992,51905926,2019-06-17,2,Deportes,370.14,740.28
10181236,14434109,2019-06-17,2,Belleza,53.65,107.3
24991382,42555784,2019-06-17,2,Ropa,62.96,125.92
4054564,43912470,2019-06-17,2,Electronica,732.84,1465.68
7932772,42112967,2019-06-17,2,Ropa,184.39,368.78
15180752,44309995,2019-06-17,2,Electronica,611.25,1222.5
11628657,6896783,2019-06-16,2,Belleza,69.7,139.4
15871343,51045675,2019-06-17,2,Belleza,97.34,194.68
13244746,6938959,2019-06-17,2,Deportes,182.31,364.62
15225033,31267737,2019-06-17,2,Ropa,54.37,108.74
5510720,48975369,2019-06-16,2,Libros,59.7,119.4
10647120,35820257,2019-06-16,2,Deportes,383.5,767.0
41517952,49161698,2019-06-16,2,Ropa,170.26,340.52
11324840,32978498,2019-06-16,2,Deportes,281.58,563.16
43613416,36380637,2019-06-16,2,Libros,21.22,42.44
24625668,32571183,2019-06-16,2,Hogar,458.01,916.02
16068606,34414883,2019-06-16,2,Hogar,148.64,297.28
44245493,52363295,2019-06-16,2,Hogar,403.39,806.78
8861726,45979153,2019-06-16,2,Hogar,460.36,920.72
16117487,8696787,2019-06-16,2,Electronica,924.36,1848.72
1968935,41230734,2019-06-16,2,Hogar,404.48,808.96
42966806,33943328,2019-06-16,2,Libros,48.54,97.08
15218509,25593409,2019-06-16,2,Belleza,27.21,54.42
35392284,47049966,2019-06-16,2,Belleza,81.81,163.62
15304052,7376357,2019-06-16,2,Electronica,185.53,371.06
25948966,2700270,2019-06-16,2,Hogar,261.31,522.62
29834415,54949010,2019-06-16,2,Hogar,93.68,187.36
15622457,6531154,2019-06-16,3,Hogar,216.93,650.79
25011026,47952359,2019-06-16,2,Deportes,336.53,673.06
16189295,43340235,2019-06-16,2,Ropa,197.56,395.12
2374814,39272555,2019-06-16,2,Deportes,140.82,281.64
16785460,35186914,2019-06-16,2,Ropa,111.07,222.14
40634567,1768530,2019-06-16,2,Hogar,262.98,525.96
44164110,53719341,2019-06-16,2,Hogar,477.88,955.76
40907492,52344641,2019-06-16,2,Deportes,201.86,403.72
828684,31558912,2019-06-16,2,Deportes,285.66,571.32
24108020,48100893,2019-06-16,2,Electronica,914.12,1828.24
1549040,48380690,2019-06-16,2,Ropa,185.14,370.28
14890428,31846019,2019-06-16,2,Belleza,47.94,95.88
34358357,47174041,2019-06-16,2,Ropa,181.4,362.8
20180585,42913512,2019-06-16,2,Deportes,368.63,737.26
44381633,42572217,2019-06-16,2,Libros,56.19,112.38
21060863,33827262,2019-06-16,2,Deportes,122.77,245.54
39773364,32596215,2019-06-16,2,Libros,27.02,54.04
1483207,50919914,2019-06-16,2,Electronica,1312.07,2624.14
5418793,34277785,2019-06-16,2,Deportes,156.48,312.96
39652736,36414007,2019-06-16,2,Electronica,920.37,1840.74
22410597,48002535,2019-06-15,8,Belleza,18.58,148.64
4986760,43406441,2019-06-16,2,Ropa,20.69,41.38
35729551,38403611,2019-06-16,2,Libros,27.66,55.32
2987085,44200509,2019-06-16,2,Ropa,119.99,239.98
5226041,37309281,2019-06-16,2,Electronica,619.41,1238.82
1075531,39720249,2019-06-16,2,Libros,36.78,73.56
4354144,46254218,2019-06-16,2,Ropa,107.87,215.74
10993290,47890941,2019-06-16,2,Deportes,280.57,561.14
3719053,39145511,2019-06-16,2,Hogar,330.02,660.04
13892991,32687162,2019-06-16,2,Electronica,665.16,1330.32
4188743,51582308,2019-06-16,2,Ropa,90.75,181.5
43899771,36955981,2019-06-16,2,Electronica,254.13,508.26
1060796,43742193,2019-06-16,2,Electronica,794.2,1588.4
3261268,2277155,2019-06-16,2,Libros,37.29,74.58
38323725,50935511,2019-06-15,2,Electronica,800.28,1600.56
17520264,25776859,2019-06-15,2,Libros,31.21,62.42
16901390,25562109,2019-06-16,2,Hogar,172.97,345.94
9702837,50919914,2019-06-16,2,Electronica,1312.07,2624.14
10979970,46276806,2019-06-16,2,Deportes,294.23,588.46
2200692,34440185,2019-06-15,2,Electronica,158.26,316.52
12006832,2455026,2019-06-15,2,Ropa,183.74,367.48
16691951,50772887,2019-06-15,2,Belleza,7.37,14.74
14157537,34259428,2019-06-15,3,Electronica,1445.41,4336.2300000000005
29547209,41705223,2019-06-15,2,Electronica,720.42,1440.84
29122874,2553520,2019-06-15,2,Hogar,215.14,430.28
16572640,2986678,2019-06-15,3,Deportes,117.45,352.35
2469935,49653502,2019-06-15,2,Belleza,6.16,12.32
5138442,37696100,2019-06-15,3,Libros,20.11,60.33
33752532,37035135,2019-06-15,4,Libros,11.02,44.08
24965776,51788149,2019-06-15,3,Ropa,135.37,406.11
41475544,33810557,2019-06-15,2,Belleza,41.69,83.38
12724189,31124575,2019-06-15,2,Libros,47.19,94.38
35523752,35209282,2019-06-15,2,Ropa,49.31,98.62
3743298,2037909,2019-06-15,2,Deportes,362.09,724.18
8840929,47103212,2019-06-15,2,Ropa,109.37,218.74
22729071,43518441,2019-06-15,2,Libros,11.3,22.6
4462703,52598564,2019-06-15,2,Hogar,209.41,418.82
27100313,42390408,2019-06-15,2,Hogar,115.28,230.56
15130423,32056118,2019-06-15,2,Hogar,111.85,223.7
6527066,42500967,2019-06-15,2,Libros,32.85,65.7
1841946,50947774,2019-06-15,2,Hogar,340.87,681.74
25737534,53612630,2019-06-15,2,Belleza,109.84,219.68
14992751,33362924,2019-06-15,2,Deportes,210.82,421.64
14992751,52797720,2019-06-15,2,Ropa,193.51,387.02
11665521,41476812,2019-06-15,2,Ropa,188.91,377.82
1638998,4133784,2019-06-15,2,Libros,52.58,105.16
13341679,47424687,2019-06-15,2,Hogar,257.49,514.98
44250962,2917833,2019-06-15,2,Hogar,83.34,166.68
34943462,41505324,2019-06-15,3,Electronica,365.96,1097.8799999999999
4316333,34754933,2019-06-15,2,Deportes,266.11,532.22
20167644,47648205,2019-06-15,2,Belleza,53.5,107.0
44158818,32884569,2019-06-15,2,Ropa,37.89,75.78
12282528,32014623,2019-06-15,2,Electronica,744.54,1489.08
41632674,4124605,2019-06-15,2,Electronica,75.27,150.54
44244770,2573132,2019-06-15,2,Libros,45.36,90.72
29810170,32088677,2019-06-15,2,Ropa,23.98,47.96
33965324,32122021,2019-06-15,2,Libros,39.6,79.2
14339018,6085903,2019-06-15,2,Belleza,96.2,192.4
11254699,32712423,2019-06-15,2,Electronica,242.33,484.66
32052783,52328017,2019-06-15,2,Electronica,802.03,1604.06
43609199,33649434,2019-06-15,2,Ropa,39.62,79.24
13568524,48919032,2019-06-15,2,Deportes,316.05,632.1
20728956,48803990,2019-06-15,2,Belleza,34.97,69.94
17177309,33857948,2019-06-15,2,Electronica,286.23,572.46
5039228,34454502,2019-06-15,2,Belleza,43.73,87.46
12256874,42490820,2019-06-15,2,Ropa,115.39,230.78
4193819,6455162,2019-06-15,2,Hogar,294.01,588.02
16379498,44601853,2019-06-15,2,Electronica,239.77,479.54
3611826,54850171,2019-06-15,2,Deportes,193.88,387.76
10873128,2301712,2019-06-15,2,Ropa,60.97,121.94
42684677,42613889,2019-06-15,2,Belleza,101.83,203.66
2946432,31722314,2019-06-15,2,Libros,22.25,44.5
37912905,6267828,2019-06-15,2,Ropa,169.35,338.7
10647692,2455007,2019-06-15,2,Electronica,671.42,1342.84
12794456,42739426,2019-06-15,2,Belleza,88.56,177.12
12131352,46369038,2019-06-15,2,Hogar,262.38,524.76
10416769,35468703,2019-06-15,2,Ropa,128.17,256.34
13636390,47239789,2019-06-15,2,Electronica,623.27,1246.54
13353414,52363600,2019-06-15,2,Deportes,311.92,623.84
10155102,47975848,2019-06-15,2,Libros,28.39,56.78
14787997,39320856,2019-06-14,2,Belleza,57.61,115.22
49893,7127291,2019-06-14,3,Ropa,108.36,325.08
19895071,35560007,2019-06-14,2,Ropa,168.05,336.1
20004245,7105634,2019-06-15,2,Hogar,334.8,669.6
21474089,43332781,2019-06-15,2,Hogar,184.34,368.68
43679596,31081513,2019-06-14,2,Deportes,274.72,549.44
20186105,6952432,2019-06-14,2,Libros,40.33,80.66
1950310,44764712,2019-06-14,2,Deportes,373.79,747.58
11491372,32194719,2019-06-14,2,Electronica,1270.05,2540.1
3076576,31688680,2019-06-14,2,Electronica,988.8,1977.6
14878426,47881138,2019-06-14,2,Deportes,149.77,299.54
10482108,48715799,2019-05-27,2,Libros,47.88,95.76
16143421,49524137,2019-05-27,3,Deportes,238.58,715.74
8764256,14734509,2019-05-27,2,Libros,59.19,118.38
40243856,7065769,2019-05-27,2,Libros,18.61,37.22
24915415,37558575,2019-05-27,2,Belleza,14.16,28.32
3532252,46373363,2019-05-27,2,Libros,8.84,17.68
33226045,2140704,2019-05-27,2,Hogar,325.41,650.82
5426453,42493263,2019-05-27,2,Libros,56.66,113.32
5239479,25548359,2019-05-27,2,Libros,5.11,10.22
20623797,4231185,2019-05-27,7,Libros,44.92,314.44
11698642,46676576,2019-05-27,2,Electronica,1002.74,2005.48
20679227,4362644,2019-05-27,2,Hogar,370.17,740.34
40503057,31451577,2019-05-27,2,Hogar,187.37,374.74
20573531,39728721,2019-05-27,4,Deportes,331.79,1327.16
20206669,42690298,2019-05-27,2,Belleza,10.14,20.28
42630110,34462021,2019-05-27,2,Libros,46.55,93.1
32494421,32168568,2019-05-28,2,Ropa,60.74,121.48
29159285,43759529,2019-05-27,2,Belleza,59.84,119.68
15829328,4801690,2019-05-27,2,Belleza,99.6,199.2
1128316,46130148,2019-05-27,2,Deportes,74.78,149.56
3917676,39651963,2019-05-27,2,Hogar,146.61,293.22
3599653,32138405,2019-05-27,2,Belleza,26.3,52.6
1789676,31835250,2019-05-27,2,Libros,42.47,84.94
31902526,31298888,2019-05-27,2,Libros,34.34,68.68
7161867,4661334,2019-05-27,2,Electronica,795.89,1591.78
42457436,35429187,2019-05-27,2,Libros,19.12,38.24
18857055,42578232,2019-05-27,2,Libros,6.92,13.84
9454442,43886086,2019-05-27,2,Hogar,213.98,427.96
10170834,42712496,2019-05-27,2,Libros,10.86,21.72
41001920,39381353,2019-05-27,2,Electronica,1363.68,2727.36
1958289,39140933,2019-05-27,2,Ropa,17.84,35.68
30888222,4231724,2019-05-27,3,Hogar,224.35,673.05
26105022,2783299,2019-05-27,2,Ropa,19.93,39.86
33848311,35406479,2019-05-27,2,Hogar,61.34,122.68
5261749,48559495,2019-05-27,3,Deportes,270.37,811.11
19056189,48946689,2019-05-27,2,Belleza,79.42,158.84
2351145,47937778,2019-05-27,5,Deportes,32.56,162.8
38359345,32377627,2019-05-27,2,Libros,5.06,10.12
12410447,35146653,2019-05-27,2,Belleza,23.93,47.86
25766678,6903087,2019-05-27,2,Ropa,24.98,49.96
42653676,46871024,2019-05-27,2,Libros,46.96,93.92
25475508,31511824,2019-05-27,2,Belleza,72.23,144.46
11491587,1263037,2019-05-27,2,Hogar,33.49,66.98
33975778,34396106,2019-05-27,2,Belleza,61.13,122.26
13508856,4663688,2019-05-27,2,Electronica,1082.44,2164.88
6088744,146550,2019-05-27,2,Belleza,104.93,209.86
17629793,32398500,2019-05-27,2,Electronica,1404.35,2808.7
1103360,40982561,2019-05-27,2,Belleza,42.66,85.32
41776138,31544940,2019-05-27,2,Electronica,246.96,493.92
3097721,36705433,2019-05-27,2,Ropa,55.02,110.04
40870960,76604,2019-05-27,2,Libros,47.69,95.38
14516781,35009451,2019-05-27,3,Libros,58.43,175.29
3285587,35071412,2019-05-27,2,Deportes,197.23,394.46
13846194,36841802,2019-05-27,2,Libros,21.79,43.58
27522022,46208906,2019-05-27,2,Hogar,223.16,446.32
22948818,35419740,2019-05-27,2,Belleza,40.05,80.1
11525877,47960681,2019-05-27,2,Deportes,117.47,234.94
6924480,36882538,2019-05-27,2,Hogar,302.97,605.94
29111718,33194356,2019-05-27,2,Hogar,22.63,45.26
40173349,50141553,2019-05-27,2,Electronica,426.35,852.7
10836587,50097611,2019-05-27,2,Libros,41.38,82.76
2217393,42653037,2019-05-27,2,Ropa,16.09,32.18
2054190,105967,2019-05-27,3,Ropa,25.81,77.42999999999999
12574165,36883703,2019-05-27,2,Belleza,33.82,67.64
30639198,32919787,2019-05-27,2,Deportes,131.49,262.98
29564494,47571887,2019-05-27,2,Ropa,176.78,353.56
7392349,42489997,2019-05-27,2,Belleza,92.96,185.92
6092282,37726876,2019-05-27,2,Ropa,14.21,28.42
25619879,40207371,2019-05-27,2,Deportes,210.65,421.3
1230360,50837436,2019-05-27,2,Ropa,62.19,124.38
7939826,47634556,2019-05-27,2,Belleza,79.59,159.18
40721255,43433378,2019-05-27,2,Electronica,1096.25,2192.5
15155243,45597846,2019-05-27,4,Deportes,347.89,1391.56
6209255,41857537,2019-05-27,2,Electronica,739.35,1478.7
989945,46911124,2019-05-27,2,Electronica,1491.95,2983.9
11170009,2715144,2019-05-27,2,Electronica,1470.98,2941.96
4242602,7587271,2019-05-27,2,Hogar,442.85,885.7
6188938,36255564,2019-05-27,2,Libros,36.62,73.24
12839605,36796435,2019-05-27,2,Hogar,208.03,416.06
9267706,7066099,2019-05-27,2,Libros,25.04,50.08
23785286,2842220,2019-05-27,3,Electronica,67.58,202.74
16997345,32320768,2019-05-27,2,Deportes,114.69,229.38
22361190,39809430,2019-05-27,2,Libros,44.53,89.06
42565284,4094320,2019-05-27,2,Belleza,74.42,148.84
42603074,34926785,2019-05-27,2,Belleza,110.39,220.78
26605762,47592732,2019-05-27,2,Ropa,19.5,39.0
8811755,46086335,2019-05-27,2,Libros,13.54,27.08
30034387,4524872,2019-05-27,2,Deportes,319.91,639.82
34327931,46951185,2019-05-27,2,Hogar,188.88,377.76
8862040,34162879,2019-05-27,2,Electronica,221.6,443.2
23279682,39050110,2019-05-27,2,Ropa,199.33,398.66
7403337,34318639,2019-05-27,2,Belleza,95.53,191.06
34370528,6677373,2019-05-27,3,Hogar,213.24,639.72
42604072,35505100,2019-05-27,2,Electronica,1433.44,2866.88
15437971,35127697,2019-05-27,2,Hogar,414.32,828.64
42494958,33400128,2019-05-27,2,Electronica,1036.88,2073.76
17935568,43406096,2019-05-27,3,Libros,48.45,145.35000000000002
2518918,31705489,2019-05-27,2,Belleza,98.75,197.5
42686560,27784159,2019-05-27,2,Deportes,52.2,104.4
22429675,50810963,2019-05-27,2,Hogar,317.14,634.28
1625987,31355722,2019-05-27,2,Electronica,59.84,119.68
22541507,39795534,2019-05-27,2,Deportes,36.51,73.02
35743966,46283080,2019-05-27,2,Libros,54.72,109.44
34135567,40164949,2019-05-27,2,Belleza,65.67,131.34
4135192,47864483,2019-05-27,2,Libros,45.47,90.94
33405040,32870982,2019-05-27,2,Hogar,421.67,843.34
11982590,51120477,2019-05-27,2,Deportes,380.84,761.68
1766935,37044352,2019-05-26,2,Deportes,350.35,700.7
23291874,35564684,2019-05-26,3,Libros,15.53,46.589999999999996
41766594,42196152,2019-05-27,2,Deportes,203.66,407.32
28050187,45733180,2019-05-27,2,Hogar,177.95,355.9
20694325,27116209,2019-05-27,2,Hogar,89.93,179.86
24678828,35403561,2019-05-27,2,Libros,27.02,54.04
12070555,43808022,2019-05-26,2,Ropa,79.63,159.26
13897897,36971955,2019-05-26,2,Libros,35.78,71.56
345763,4583302,2019-05-27,2,Belleza,81.53,163.06
18491342,35177008,2019-05-27,2,Electronica,1468.57,2937.14
12879836,32647255,2019-05-27,2,Deportes,296.79,593.58
1036546,40454583,2019-05-27,2,Ropa,132.31,264.62
416904,42042754,2019-05-27,2,Electronica,535.88,1071.76
25526910,6624405,2019-05-27,2,Ropa,16.56,33.12
6946873,46722711,2019-05-27,2,Libros,20.85,41.7
24404612,42913991,2019-05-27,2,Hogar,387.7,775.4
1651609,2364132,2019-05-27,2,Deportes,98.0,196.0
11204960,50428354,2019-05-26,2,Libros,44.17,88.34
41550697,31180150,2019-05-27,2,Electronica,890.68,1781.36
4823800,42748326,2019-05-27,2,Electronica,299.19,598.38
35907794,31274067,2019-05-27,2,Electronica,429.36,858.72
13660218,4221065,2019-05-27,2,Electronica,769.64,1539.28
9570427,32687090,2019-05-27,2,Electronica,656.64,1313.28
17344749,6471162,2019-05-27,2,Ropa,157.93,315.86
9126845,6896809,2019-05-26,2,Libros,45.39,90.78
26994027,40275989,2019-05-27,2,Libros,28.37,56.74
12217613,2197765,2019-05-26,2,Deportes,238.34,476.68
1249282,43338472,2019-05-26,2,Hogar,413.8,827.6
7749860,42409889,2019-05-26,2,Hogar,287.89,575.78
10307037,4360906,2019-05-26,2,Libros,58.04,116.08
3809878,44032002,2019-05-26,2,Libros,16.95,33.9
13213504,33048440,2019-05-26,2,Hogar,361.35,722.7
28032211,44388165,2019-05-26,2,Hogar,194.42,388.84
18488690,43761410,2019-05-26,2,Ropa,63.0,126.0
1421817,40315792,2019-05-26,2,Belleza,25.74,51.48
14803110,48398537,2019-05-26,2,Deportes,229.95,459.9
28035379,34732088,2019-05-26,2,Electronica,362.43,724.86
20911321,45293149,2019-05-26,3,Belleza,28.04,84.12
15703928,4140455,2019-05-26,2,Libros,59.48,118.96
23167860,38074292,2019-05-26,2,Hogar,403.85,807.7
20230958,50602114,2019-05-26,2,Belleza,91.05,182.1
18723801,3616454,2019-05-27,2,Deportes,321.74,643.48
5337552,32410119,2019-05-27,2,Libros,58.29,116.58
18793826,42714618,2019-05-27,2,Electronica,881.25,1762.5
10480499,43435932,2019-05-27,2,Electronica,369.35,738.7
3263997,33458008,2019-05-27,2,Deportes,347.64,695.28
15423305,42371733,2019-05-27,2,Deportes,302.24,604.48
10138794,40997975,2019-05-27,2,Hogar,215.94,431.88
13611133,31077029,2019-05-26,2,Electronica,736.68,1473.36
31611407,49934567,2019-05-26,4,Libros,27.62,110.48
12375065,39577585,2019-05-26,3,Belleza,111.94,335.82
11423684,31131242,2019-05-26,2,Libros,23.89,47.78
29912674,37279776,2019-05-26,3,Ropa,193.06,579.1800000000001
12569293,6367614,2019-05-26,2,Ropa,182.95,365.9
14081455,6806251,2019-05-26,2,Deportes,259.6,519.2
25116540,35664605,2019-05-26,2,Hogar,296.21,592.42
4257450,42671282,2019-05-26,2,Ropa,80.32,160.64
27159769,32960004,2019-05-26,2,Electronica,76.59,153.18
13808045,24832959,2019-05-26,2,Libros,12.02,24.04
1030589,38578121,2019-05-26,2,Libros,46.48,92.96
26379474,4930641,2019-05-26,2,Deportes,199.19,398.38
4374290,4483351,2019-05-26,2,Belleza,22.23,44.46
8454739,43737910,2019-05-26,2,Deportes,120.31,240.62
17935568,4188491,2019-05-26,2,Belleza,114.0,228.0
18495860,31511816,2019-05-26,2,Deportes,159.51,319.02
2762882,40536182,2019-05-26,3,Deportes,364.92,1094.76
23318599,7115906,2019-05-26,2,Deportes,135.76,271.52
23879843,31718359,2019-05-26,2,Belleza,67.47,134.94
40578374,34145004,2019-05-26,2,Belleza,7.35,14.7
27516706,44074857,2019-05-26,4,Deportes,218.31,873.24
1660928,39245496,2019-05-26,2,Ropa,131.02,262.04
23459438,6370653,2019-05-26,2,Hogar,128.64,257.28
18383566,34177265,2019-05-26,2,Hogar,295.78,591.56
20839786,39407642,2019-05-27,2,Hogar,328.88,657.76
1218328,34932353,2019-05-27,2,Belleza,83.99,167.98
3176863,34920963,2019-05-27,2,Belleza,94.29,188.58
7961520,46691654,2019-05-27,2,Ropa,69.15,138.3
27553369,3110564,2019-05-27,2,Hogar,290.37,580.74
21865814,35134963,2019-05-27,2,Hogar,491.07,982.14
34994924,36826274,2019-05-26,2,Deportes,361.29,722.58
17608133,3383821,2019-05-26,2,Belleza,114.56,229.12
19823266,41788832,2019-05-26,2,Hogar,202.28,404.56
25022521,50947485,2019-05-26,2,Libros,48.28,96.56
13470784,50223418,2019-05-26,2,Ropa,127.78,255.56
42496827,3334288,2019-05-26,3,Libros,9.55,28.650000000000002
8891556,43839023,2019-05-26,2,Libros,50.32,100.64
18411704,34722316,2019-05-26,2,Ropa,138.65,277.3
24586025,36368519,2019-05-26,2,Libros,15.94,31.88
13357703,31716626,2019-05-26,2,Hogar,53.67,107.34
10229340,35655338,2019-05-26,2,Belleza,101.26,202.52
29538551,35741017,2019-05-26,2,Ropa,24.99,49.98
12471429,42712499,2019-05-26,2,Deportes,54.71,109.42
13338554,3872637,2019-05-26,2,Libros,28.51,57.02
10996543,3969024,2019-05-26,2,Ropa,35.61,71.22
11659916,46026966,2019-05-26,2,Electronica,1374.82,2749.64
27292364,43868948,2019-05-26,2,Electronica,731.91,1463.82
14518493,34739498,2019-05-26,3,Belleza,70.45,211.35000000000002
9430651,327909,2019-05-26,2,Hogar,465.13,930.26
918950,38317766,2019-05-26,2,Belleza,65.98,131.96
9231427,34633244,2019-05-26,2,Belleza,45.66,91.32
14405707,33881038,2019-05-26,2,Belleza,96.67,193.34
2656983,36827963,2019-05-26,2,Belleza,55.93,111.86
32579950,76448,2019-05-26,7,Deportes,141.02,987.1400000000001
17907387,30561109,2019-05-26,2,Deportes,294.83,589.66
12346770,33010428,2019-05-26,2,Ropa,162.31,324.62
11610668,31611215,2019-05-26,2,Electronica,1197.99,2395.98
11190126,41805493,2019-05-26,2,Belleza,117.43,234.86
12094158,49513236,2019-05-26,2,Ropa,159.47,318.94
13859648,36513980,2019-05-26,2,Electronica,1166.4,2332.8
13301490,38299666,2019-05-26,2,Libros,52.16,104.32
12258338,48975739,2019-05-26,2,Hogar,15.09,30.18
3959634,42579375,2019-05-26,2,Deportes,157.72,315.44
38211451,1207147,2019-05-26,2,Libros,45.57,91.14
9142656,46869643,2019-05-26,2,Electronica,919.59,1839.18
17112134,38813631,2019-05-26,2,Libros,14.77,29.54
9708443,48283010,2019-05-26,2,Hogar,162.31,324.62
28417270,49594554,2019-05-26,3,Electronica,538.35,1615.0500000000002
5966900,31432931,2019-05-26,3,Libros,36.23,108.69
815849,41077947,2019-05-26,2,Deportes,336.01,672.02
24911637,46049593,2019-05-26,2,Deportes,374.35,748.7
1627212,39049592,2019-05-26,2,Ropa,152.52,305.04
42263960,43122034,2019-05-26,2,Libros,51.36,102.72
13240956,2037826,2019-05-26,2,Belleza,59.06,118.12
42378728,37603384,2019-05-26,2,Libros,26.44,52.88
13253444,48967979,2019-05-26,2,Electronica,619.43,1238.86
3611320,4630494,2019-05-26,2,Electronica,943.26,1886.52
32023237,2196378,2019-05-26,3,Libros,11.83,35.49
8974800,32549621,2019-05-26,2,Hogar,296.05,592.1
11350524,2315492,2019-05-26,2,Deportes,272.75,545.5
40471482,32886600,2019-05-26,2,Electronica,686.42,1372.84
2719296,6819607,2019-05-26,2,Deportes,382.2,764.4
4659191,7087297,2019-05-26,2,Electronica,931.91,1863.82
28426319,46285159,2019-05-26,2,Ropa,51.8,103.6
2414208,46702793,2019-05-26,2,Belleza,60.11,120.22
12534301,3980530,2019-05-26,2,Electronica,1029.34,2058.68
33335328,34390949,2019-05-26,2,Deportes,142.98,285.96
14775756,35638743,2019-05-26,2,Ropa,25.13,50.26
12494166,49151172,2019-05-26,2,Electronica,895.98,1791.96
2271960,39882612,2019-05-26,2,Hogar,474.72,949.44
31706829,75954,2019-05-26,2,Belleza,60.78,121.56
26182082,39849310,2019-05-26,2,Electronica,1363.86,2727.72
16936406,43727900,2019-05-26,4,Ropa,168.65,674.6
9300417,41878135,2019-05-26,2,Hogar,86.5,173.0
3214124,4948178,2019-05-26,2,Libros,43.95,87.9
735657,32889372,2019-05-26,2,Ropa,92.74,185.48
826703,50237190,2019-05-26,2,Ropa,57.55,115.1
1827661,33306037,2019-05-26,2,Hogar,348.17,696.34
30415480,3945792,2019-05-26,2,Ropa,151.11,302.22
14785011,47436826,2019-05-26,2,Hogar,102.25,204.5
32812108,34605685,2019-05-26,2,Electronica,1375.94,2751.88
2831409,37720366,2019-05-26,3,Hogar,379.31,1137.93
11418195,46727707,2019-05-26,2,Hogar,467.69,935.38
27362027,34877790,2019-05-26,2,Belleza,41.46,82.92
214066,2886204,2019-05-26,2,Hogar,470.58,941.16
6703225,38405770,2019-05-26,2,Hogar,193.73,387.46
27763138,32976203,2019-05-26,2,Libros,7.97,15.94
5359169,35709009,2019-05-26,2,Electronica,1156.31,2312.62
26471778,33130418,2019-05-25,4,Belleza,85.9,343.6
42369884,32601715,2019-05-25,2,Libros,37.89,75.78
10500960,36364469,2019-05-25,2,Deportes,206.16,412.32
14334769,7485021,2019-05-25,2,Electronica,96.64,193.28
3913154,4051285,2019-05-26,2,Electronica,955.67,1911.34
12662941,45315066,2019-05-26,2,Deportes,178.4,356.8
14949683,4451160,2019-05-26,2,Hogar,286.7,573.4
23703358,36704483,2019-05-25,3,Libros,28.61,85.83
1583731,50416539,2019-05-25,2,Ropa,193.55,387.1
6500611,42110668,2019-05-26,3,Belleza,74.47,223.41
6233600,34757710,2019-05-26,2,Ropa,152.35,304.7
15879516,31167356,2019-05-26,2,Deportes,375.81,751.62
11793650,32418636,2019-05-26,2,Electronica,907.82,1815.64
10804226,47780988,2019-05-26,2,Electronica,67.49,134.98
33924917,35270948,2019-05-25,2,Belleza,8.94,17.88
29319331,48622455,2019-05-25,2,Electronica,1068.39,2136.78
4352753,47881742,2019-05-25,2,Electronica,454.67,909.34
42183086,2837844,2019-05-26,3,Belleza,71.63,214.89
26833450,36398182,2019-05-26,2,Libros,16.13,32.26
19945035,511377,2019-05-26,2,Libros,19.86,39.72
2511706,2523968,2019-05-26,2,Belleza,63.03,126.06
8397312,49607045,2019-05-26,2,Deportes,390.72,781.44
13421148,1768649,2019-05-26,2,Electronica,943.59,1887.18
14010537,47093725,2019-05-26,2,Electronica,1407.41,2814.82
5246416,37727001,2019-05-26,2,Deportes,384.56,769.12
10602207,42795844,2019-05-26,2,Libros,16.45,32.9
21743719,40247771,2019-05-26,2,Hogar,165.93,331.86
12320062,31768887,2019-05-26,2,Hogar,388.45,776.9
9959761,40147853,2019-05-26,2,Hogar,435.38,870.76
11269000,42432324,2019-05-25,2,Libros,33.56,67.12
1549912,39928880,2019-05-25,2,Libros,59.63,119.26
20547718,42695469,2019-05-26,2,Deportes,24.4,48.8
1893572,4147533,2019-05-26,2,Electronica,484.41,968.82
20626559,31631647,2019-05-26,2,Deportes,256.8,513.6
13338350,46171276,2019-05-26,2,Deportes,198.33,396.66
23634665,7046157,2019-05-26,2,Libros,11.41,22.82
12476168,32119184,2019-05-25,2,Hogar,193.38,386.76
29966135,44353692,2019-05-25,2,Ropa,14.83,29.66
3858856,2011081,2019-05-25,2,Electronica,981.98,1963.96
13782307,35740805,2019-05-25,2,Libros,54.1,108.2
9300029,44280379,2019-05-25,2,Hogar,444.16,888.32
19982467,46484509,2019-05-25,2,Ropa,142.91,285.82
5442357,2079962,2019-05-26,2,Ropa,98.5,197.0
16703373,32194799,2019-05-26,2,Libros,33.16,66.32
32008757,32741650,2019-05-25,2,Belleza,20.75,41.5
17823252,46431806,2019-05-26,2,Electronica,544.47,1088.94
9032395,37949789,2019-05-26,2,Ropa,45.67,91.34
13623056,42473921,2019-05-26,2,Libros,50.17,100.34
5863268,47309624,2019-05-26,2,Libros,55.31,110.62
38424610,9386247,2019-05-25,2,Hogar,275.41,550.82
942449,44065814,2019-05-25,2,Belleza,88.69,177.38
16880382,49709964,2019-05-27,2,Electronica,226.12,452.24
11775838,2422579,2019-05-25,3,Deportes,251.24,753.72
16530923,38496372,2019-05-25,3,Hogar,355.85,1067.5500000000002
41049842,46471082,2019-05-25,3,Ropa,96.03,288.09000000000003
26322975,34179525,2019-05-25,2,Ropa,56.22,112.44
11839895,6395620,2019-05-25,2,Hogar,440.53,881.06
8043386,4524965,2019-05-25,2,Libros,45.86,91.72
42162878,35228053,2019-05-25,2,Ropa,180.97,361.94
17552897,50376699,2019-05-25,2,Belleza,99.12,198.24
41608793,49637673,2019-05-25,2,Electronica,1486.04,2972.08
5015180,35134963,2019-05-25,2,Hogar,491.07,982.14
11294525,976889,2019-05-25,2,Belleza,27.1,54.2
14305857,36712333,2019-05-25,2,Ropa,26.48,52.96
34663060,43909995,2019-05-25,4,Deportes,148.06,592.24
3187024,1767704,2019-05-25,3,Electronica,237.06,711.1800000000001
11624786,35780213,2019-05-25,2,Electronica,808.54,1617.08
12051049,41775797,2019-05-25,2,Hogar,322.02,644.04
952363,46514441,2019-05-25,2,Hogar,295.47,590.94
11629930,44834239,2019-05-25,4,Deportes,118.51,474.04
2157542,39049980,2019-05-25,2,Libros,54.99,109.98
18556263,3453136,2019-05-25,2,Electronica,80.7,161.4
11806511,50416301,2019-05-25,2,Deportes,152.25,304.5
1568389,42766304,2019-05-25,2,Hogar,363.71,727.42
21630091,48470958,2019-05-25,2,Hogar,386.96,773.92
42107592,46163491,2019-05-25,3,Electronica,653.37,1960.1100000000001
10356359,42451890,2019-05-25,2,Belleza,6.94,13.88
28543641,735423,2019-05-25,2,Ropa,127.43,254.86
11183665,37934595,2019-05-25,2,Hogar,45.6,91.2
31328347,46958801,2019-05-25,2,Libros,10.93,21.86
21845007,47138490,2019-05-25,2,Libros,40.76,81.52
13825279,4387006,2019-05-26,2,Hogar,166.56,333.12
13428508,35775774,2019-05-26,2,Belleza,45.02,90.04
9228095,46049093,2019-05-25,3,Belleza,60.98,182.94
15884343,37299285,2019-05-25,2,Deportes,391.86,783.72
11086979,31233639,2019-05-25,2,Libros,58.1,116.2
8753231,34197896,2019-05-25,2,Deportes,178.18,356.36
15622570,46473123,2019-05-25,2,Libros,19.6,39.2
2522101,5900331,2019-05-25,2,Ropa,67.49,134.98
30469206,12475609,2019-05-25,2,Ropa,61.07,122.14
12962797,2499936,2019-05-25,2,Electronica,821.76,1643.52
26507386,34005173,2019-05-25,2,Deportes,250.61,501.22
1011017,42055134,2019-05-25,2,Hogar,252.06,504.12
24724,41200372,2019-05-25,2,Deportes,175.04,350.08
35826815,46469415,2019-05-25,2,Hogar,117.47,234.94
14821894,35037268,2019-05-25,2,Belleza,60.49,120.98
11778396,34006985,2019-05-25,3,Deportes,149.62,448.86
27063669,49630862,2019-05-25,3,Belleza,67.28,201.84
25188273,3464223,2019-05-25,2,Ropa,138.29,276.58
1605450,6953567,2019-05-25,2,Ropa,130.33,260.66
11732044,33876261,2019-05-25,2,Electronica,720.61,1441.22
11449365,50114788,2019-05-25,2,Deportes,231.3,462.6
32188329,48064796,2019-05-25,3,Belleza,37.76,113.28
13802507,37176500,2019-05-25,2,Hogar,26.76,53.52
18526237,35845996,2019-05-25,2,Ropa,128.75,257.5
10944100,48980499,2019-05-25,3,Ropa,57.99,173.97
13575368,32246733,2019-05-25,2,Hogar,339.44,678.88
21389886,48489311,2019-05-25,2,Belleza,90.91,181.82
7772943,39833031,2019-05-25,2,Belleza,110.33,220.66
904845,37005055,2019-05-25,2,Deportes,384.09,768.18
8883708,3061178,2019-05-25,2,Deportes,24.0,48.0
3180152,3458806,2019-05-25,2,Libros,59.47,118.94
14935072,6585371,2019-05-25,2,Libros,42.57,85.14
23052778,49722958,2019-05-25,2,Electronica,983.11,1966.22
14366807,6873700,2019-05-25,3,Ropa,12.89,38.67
8212642,6349963,2019-05-25,2,Deportes,347.27,694.54
17295961,44334989,2019-05-25,3,Belleza,21.73,65.19
20073000,31257195,2019-05-25,2,Hogar,421.11,842.22
37631769,6786412,2019-05-25,2,Belleza,6.79,13.58
5742991,34476213,2019-05-25,2,Ropa,132.73,265.46
20541451,4689247,2019-05-25,2,Libros,28.91,57.82
11151081,41229923,2019-05-25,2,Belleza,28.09,56.18
8908635,45284165,2019-05-25,2,Electronica,205.96,411.92
24427735,4915292,2019-05-25,2,Ropa,93.62,187.24
1947690,36301193,2019-05-25,2,Libros,11.78,23.56
35987424,42468814,2019-05-25,3,Hogar,250.93,752.79
9999399,38277941,2019-05-25,2,Libros,39.39,78.78
8874595,34032302,2019-05-25,2,Electronica,1249.71,2499.42
17898575,42339717,2019-05-25,2,Ropa,138.94,277.88
13518044,39050110,2019-05-25,2,Ropa,199.33,398.66
13878990,34804524,2019-05-25,2,Hogar,46.62,93.24
15287564,40316430,2019-05-25,2,Electronica,495.78,991.56
24236504,2184641,2019-05-25,2,Libros,20.84,41.68
6169742,34416570,2019-05-25,2,Electronica,1376.8,2753.6
25105423,46156185,2019-05-25,2,Ropa,174.88,349.76
10843691,34536122,2019-05-25,2,Deportes,160.66,321.32
1083794,50164549,2019-05-25,2,Electronica,153.18,306.36
956551,39036915,2019-05-24,3,Electronica,1346.46,4039.38
20236456,31140186,2019-05-25,2,Libros,53.85,107.7
17156296,47325027,2019-05-25,2,Libros,52.01,104.02
3608710,32193358,2019-05-25,2,Hogar,424.86,849.72
11288803,6045574,2019-05-25,2,Libros,31.41,62.82
12763804,43504439,2019-05-25,2,Belleza,25.4,50.8
14238559,46787107,2019-05-25,2,Ropa,100.72,201.44
33634853,7749113,2019-05-25,2,Ropa,103.97,207.94
1649269,6010594,2019-05-25,2,Deportes,206.17,412.34
1078447,35432374,2019-05-25,2,Deportes,224.73,449.46
4559071,76581,2019-05-25,2,Ropa,58.95,117.9
5268756,37455479,2019-05-25,2,Deportes,159.17,318.34
15436141,4063284,2019-05-25,2,Hogar,225.58,451.16
15917206,7105683,2019-05-25,2,Libros,12.21,24.42
11386502,49135103,2019-05-25,2,Ropa,96.52,193.04
11611441,42889622,2019-05-25,2,Deportes,327.98,655.96
4530603,46473551,2019-05-25,2,Ropa,167.33,334.66
24684758,41766331,2019-05-25,2,Belleza,52.33,104.66
26181007,47119026,2019-05-25,2,Electronica,802.27,1604.54
30074390,7149479,2019-05-25,2,Libros,6.85,13.7
30074390,32791623,2019-05-25,2,Ropa,138.14,276.28
3200517,33711548,2019-05-25,2,Electronica,636.68,1273.36
6015735,48204700,2019-05-25,2,Deportes,189.28,378.56
14222724,31063484,2019-05-24,2,Electronica,1316.83,2633.66
14067945,1263681,2019-05-24,2,Libros,30.4,60.8
21639494,6477267,2019-05-24,7,Ropa,14.03,98.21
16520591,4033618,2019-05-24,2,Belleza,31.16,62.32
7299506,44741612,2019-05-24,4,Deportes,200.74,802.96
1354746,35794602,2019-05-24,2,Ropa,90.64,181.28
18651905,50602114,2019-05-25,2,Belleza,91.05,182.1
237353,48534720,2019-05-25,2,Libros,52.32,104.64
9558233,31711882,2019-05-25,2,Deportes,226.01,452.02
27143437,43524799,2019-05-25,2,Belleza,46.04,92.08
3800424,42436311,2019-05-24,2,Hogar,349.47,698.94
22053466,41510750,2019-05-24,2,Electronica,730.52,1461.04
18543803,41990208,2019-05-24,3,Libros,29.18,87.53999999999999
12372999,6080090,2019-05-24,2,Hogar,231.45,462.9
38859953,46836633,2019-05-24,2,Ropa,88.08,176.16
20828615,39787531,2019-05-24,2,Belleza,66.94,133.88
23394676,37629764,2019-05-24,3,Deportes,115.17,345.51
1768837,711758,2019-05-25,2,Electronica,1342.03,2684.06
18048083,3985534,2019-05-25,2,Deportes,146.57,293.14
13896619,33340784,2019-05-25,2,Ropa,38.03,76.06
4464045,31518130,2019-05-24,2,Deportes,56.69,113.38
37572622,43375185,2019-05-24,2,Electronica,69.46,138.92
24987398,31114171,2019-05-24,2,Ropa,90.34,180.68
21784778,50749498,2019-05-24,2,Deportes,91.29,182.58
10394153,43290368,2019-05-24,2,Belleza,7.49,14.98
7669580,31348540,2019-05-24,2,Libros,33.6,67.2
9549999,5777096,2019-05-24,2,Ropa,139.2,278.4
20391905,39400060,2019-05-24,2,Libros,9.72,19.44
1644391,40608339,2019-05-24,3,Ropa,97.57,292.71
10949098,47103092,2019-05-24,2,Electronica,865.64,1731.28
9294854,226618,2019-05-24,2,Belleza,90.52,181.04
12083870,4265388,2019-05-24,2,Libros,59.22,118.44
6713964,37967578,2019-05-24,2,Hogar,338.59,677.18
33981611,50416669,2019-05-24,2,Electronica,405.02,810.04
36782111,36891932,2019-05-24,3,Hogar,362.53,1087.59
20139639,35104525,2019-05-24,2,Deportes,247.21,494.42
40692258,46372721,2019-05-24,2,Belleza,29.36,58.72
42049770,32056127,2019-05-24,2,Hogar,427.79,855.58
15245900,42264276,2019-05-24,2,Ropa,91.21,182.42
14825374,3383828,2019-05-24,2,Deportes,385.55,771.1
10242057,35527737,2019-05-24,2,Deportes,294.7,589.4
8713820,49155854,2019-05-25,2,Hogar,327.61,655.22
9778200,48881338,2019-05-25,2,Hogar,368.25,736.5
31092133,146857,2019-05-24,2,Belleza,59.98,119.96
9596027,35105486,2019-05-24,2,Electronica,782.58,1565.16
30176860,7129427,2019-05-24,2,Hogar,427.84,855.68
825691,48298708,2019-05-24,2,Hogar,345.25,690.5
4636894,37597051,2019-05-24,2,Libros,54.35,108.7
18387258,47048592,2019-05-24,2,Ropa,179.26,358.52
6527460,35406479,2019-05-24,3,Hogar,61.34,184.02
32185708,42221589,2019-05-24,2,Libros,58.71,117.42
25690943,48789933,2019-05-24,2,Libros,43.51,87.02
1643680,6807899,2019-05-24,2,Deportes,210.87,421.74
11543584,3660753,2019-05-24,2,Electronica,291.15,582.3
11987292,42194794,2019-05-24,2,Ropa,144.02,288.04
2417169,36288174,2019-05-24,2,Belleza,38.53,77.06
7422281,32056124,2019-05-24,2,Belleza,37.54,75.08
12910056,46147586,2019-05-24,2,Hogar,130.57,261.14
21923600,3793297,2019-05-24,2,Hogar,439.43,878.86
1355447,33332746,2019-05-24,2,Belleza,104.82,209.64
13687091,32956222,2019-05-24,2,Hogar,321.02,642.04
15569319,873669,2019-05-24,2,Electronica,735.82,1471.64
25398032,33935288,2019-05-24,2,Libros,41.97,83.94
6666550,41120945,2019-05-24,2,Hogar,309.51,619.02
25503977,13145709,2019-05-24,2,Deportes,177.98,355.96
4711239,1956827,2019-05-24,2,Hogar,199.12,398.24
28421257,45042962,2019-05-24,2,Ropa,82.73,165.46
35023504,40276058,2019-05-24,2,Electronica,904.24,1808.48
26145827,6881254,2019-05-24,2,Ropa,133.06,266.12
9683428,40156852,2019-05-24,2,Ropa,95.83,191.66
14013495,2631556,2019-05-24,2,Deportes,388.1,776.2
40384856,44200616,2019-05-24,2,Electronica,171.58,343.16
14513272,32968907,2019-05-24,2,Electronica,553.22,1106.44
1493825,7082112,2019-05-24,2,Electronica,657.66,1315.32
9487528,5777221,2019-05-24,2,Electronica,74.54,149.08
13552640,4063083,2019-05-24,2,Electronica,579.19,1158.38
761716,35028330,2019-05-24,2,Deportes,124.01,248.02
34555056,4460832,2019-05-24,2,Hogar,260.43,520.86
20021526,44166664,2019-05-23,2,Ropa,73.92,147.84
11534080,36708498,2019-05-23,2,Electronica,1102.96,2205.92
32660177,47095974,2019-05-23,2,Hogar,262.32,524.64
21918877,3969656,2019-05-23,2,Hogar,77.93,155.86
6102057,36486172,2019-05-23,2,Ropa,152.51,305.02
30341900,50738202,2019-05-23,2,Deportes,57.71,115.42
15940555,47136102,2019-05-23,2,Belleza,101.49,202.98
16664548,37997925,2019-05-23,2,Belleza,112.11,224.22
28198101,6800940,2019-05-23,3,Hogar,171.39,514.17
32684361,3624966,2019-05-23,2,Libros,55.94,111.88
5467067,50825040,2019-05-23,2,Libros,48.62,97.24
18182420,32056127,2019-05-23,3,Hogar,427.79,1283.3700000000001
21997870,34764196,2019-05-23,2,Ropa,185.26,370.52
16332891,36508422,2019-05-23,2,Belleza,81.62,163.24
40294,32434229,2019-05-23,2,Hogar,129.29,258.58
16517558,31678671,2019-05-23,2,Deportes,359.92,719.84
16681451,44630848,2019-05-23,2,Belleza,26.19,52.38
27903281,42510266,2019-05-23,2,Hogar,118.33,236.66
16346123,39229673,2019-05-23,2,Hogar,146.47,292.94
870842,36302875,2019-05-23,2,Electronica,491.16,982.32
4545532,39433099,2019-05-23,2,Deportes,215.5,431.0
21700599,2970491,2019-05-23,2,Electronica,1084.51,2169.02
12728370,34547779,2019-05-23,2,Ropa,185.98,371.96
33223275,42001725,2019-05-23,2,Libros,51.97,103.94
25581094,34389629,2019-05-23,2,Electronica,178.23,356.46
14943692,46152203,2019-05-23,2,Electronica,1433.84,2867.68
23619272,2524303,2019-05-23,2,Belleza,110.95,221.9
4245605,46122166,2019-05-23,2,Libros,7.97,15.94
35181389,36520149,2019-05-23,2,Hogar,189.76,379.52
22996812,47295729,2019-05-23,2,Deportes,328.99,657.98
12081612,42040772,2019-05-22,5,Electronica,936.79,4683.95
21700599,49119585,2019-05-22,2,Deportes,316.06,632.12
41475958,42932685,2019-05-22,3,Libros,44.55,133.64999999999998
33736358,2583207,2019-05-22,3,Libros,32.32,96.96000000000001
36906952,37038497,2019-05-22,2,Electronica,109.77,219.54
30837599,49365189,2019-05-22,2,Ropa,121.01,242.02
3207894,3621831,2019-05-22,2,Electronica,120.42,240.84
7174091,4466914,2019-05-22,2,Belleza,74.43,148.86
2051145,36514118,2019-05-22,2,Hogar,403.2,806.4
1491585,33125756,2019-05-22,2,Ropa,121.15,242.3
10619833,43524799,2019-05-22,3,Belleza,46.04,138.12
20943994,32727385,2019-05-22,2,Electronica,1495.68,2991.36
8627996,45046107,2019-05-22,2,Deportes,193.23,386.46
41943512,32037743,2019-05-22,2,Ropa,152.28,304.56
28310184,38132891,2019-05-22,2,Ropa,136.77,273.54
1674362,39605783,2019-05-22,2,Electronica,1487.58,2975.16
25451279,34638633,2019-05-22,2,Ropa,145.51,291.02
22840901,36540872,2019-05-22,2,Deportes,82.33,164.66
35325025,49262935,2019-05-22,2,Libros,57.55,115.1
6172892,44745471,2019-05-22,2,Ropa,136.88,273.76
25984281,4951150,2019-05-22,2,Libros,8.26,16.52
21765975,6736398,2019-05-22,2,Deportes,269.88,539.76
13960736,43895902,2019-05-22,2,Electronica,1330.52,2661.04
33394739,35004790,2019-05-22,2,Hogar,294.87,589.74
15409172,4458626,2019-05-22,2,Ropa,77.26,154.52
25449878,34620920,2019-05-22,2,Hogar,413.14,826.28
13960736,34394184,2019-05-22,2,Deportes,317.35,634.7
21064285,34307570,2019-05-22,2,Ropa,113.39,226.78
3236592,1263002,2019-05-22,2,Libros,13.49,26.98
6530798,43650313,2019-05-22,2,Belleza,33.86,67.72
13309012,38514829,2019-05-22,2,Hogar,373.16,746.32
24253036,43886086,2019-05-22,2,Hogar,213.98,427.96
16609130,3671339,2019-05-22,2,Ropa,163.16,326.32
11187470,46364485,2019-05-21,3,Hogar,150.44,451.32
25285523,44073613,2019-05-21,2,Ropa,79.92,159.84
1865494,43693326,2019-05-22,2,Electronica,162.57,325.14
18918178,5900331,2019-05-21,2,Ropa,67.49,134.98
41736381,33455748,2019-05-21,3,Libros,44.24,132.72
887717,43218367,2019-05-21,2,Hogar,16.74,33.48
41727854,42790452,2019-05-21,2,Belleza,10.35,20.7
12675542,6687610,2019-05-21,2,Belleza,5.5,11.0
14541341,43869835,2019-05-21,2,Deportes,265.22,530.44
30108496,4919542,2019-05-21,2,Ropa,89.3,178.6
8956042,43550531,2019-05-21,2,Hogar,159.31,318.62
17680784,41899396,2019-05-21,2,Deportes,366.83,733.66
14504240,42486205,2019-05-21,2,Hogar,108.51,217.02
33231351,32242550,2019-05-21,3,Ropa,83.98,251.94
7346907,40656915,2019-05-21,2,Belleza,113.14,226.28
29145357,46212638,2019-05-21,3,Electronica,669.3,2007.8999999999999
29145357,44803750,2019-05-21,2,Belleza,68.79,137.58
883904,4228102,2019-05-21,2,Deportes,50.53,101.06
4071779,43003956,2019-05-21,2,Libros,48.46,96.92
1763414,43711265,2019-05-21,2,Electronica,663.0,1326.0
14595343,4707589,2019-05-21,2,Deportes,324.2,648.4
29223,36430532,2019-05-21,3,Ropa,58.22,174.66
12355130,2690807,2019-05-21,4,Electronica,662.59,2650.36
24781091,48749081,2019-05-21,2,Deportes,318.89,637.78
8450906,41504105,2019-05-21,2,Ropa,195.04,390.08
27831380,49338606,2019-05-21,2,Belleza,11.86,23.72
27831380,6091397,2019-05-21,2,Libros,49.69,99.38
13517269,48975370,2019-05-21,2,Ropa,67.13,134.26
11105613,6579959,2019-05-21,2,Hogar,282.11,564.22
22528516,43455578,2019-05-21,2,Ropa,65.12,130.24
879218,4361002,2019-05-21,2,Ropa,126.55,253.1
14676715,48833549,2019-05-21,2,Libros,24.46,48.92
12842882,36371121,2019-05-21,2,Hogar,176.8,353.6
4172961,46414313,2019-05-21,2,Deportes,34.42,68.84
3125387,44265875,2019-05-21,2,Deportes,75.84,151.68
6455604,4154195,2019-05-21,2,Ropa,184.24,368.48
4713702,42922932,2019-05-21,2,Hogar,499.16,998.32
2892549,32712470,2019-05-21,2,Hogar,393.55,787.1
3939999,35470355,2019-05-21,2,Belleza,62.88,125.76
40691966,6619953,2019-05-21,2,Libros,20.77,41.54
18389468,37805099,2019-05-21,2,Belleza,51.28,102.56
16029475,34218537,2019-05-21,2,Deportes,301.01,602.02
6006742,41880573,2019-05-21,2,Libros,58.27,116.54
11507063,4710890,2019-05-21,2,Electronica,710.43,1420.86
14502203,44130126,2019-05-21,2,Deportes,335.22,670.44
8347906,42426051,2019-05-21,2,Libros,58.63,117.26
5583268,35813312,2019-05-21,2,Deportes,351.92,703.84
3133754,4411122,2019-05-21,2,Belleza,31.12,62.24
18320896,35293444,2019-05-21,2,Electronica,61.65,123.3
12737235,32933848,2019-05-21,2,Belleza,61.59,123.18
4567792,48037852,2019-05-21,2,Electronica,820.47,1640.94
3296638,42586216,2019-05-21,2,Ropa,48.24,96.48
22031304,46870318,2019-05-21,2,Libros,20.66,41.32
11451577,2147071,2019-05-21,2,Electronica,1159.47,2318.94
22697536,4941319,2019-05-21,2,Belleza,59.09,118.18
8669388,38960369,2019-05-21,2,Deportes,140.59,281.18
522039,46130148,2019-05-21,2,Deportes,74.78,149.56
12453563,42213553,2019-05-21,2,Electronica,952.81,1905.62
26004826,49532955,2019-05-20,2,Libros,40.9,81.8
23224112,44744340,2019-05-20,2,Electronica,1165.62,2331.24
40516717,31732430,2019-05-20,2,Hogar,91.0,182.0
12018326,39147215,2019-05-20,2,Deportes,301.78,603.56
35497432,3721117,2019-05-20,2,Electronica,943.52,1887.04
10817002,46119825,2019-05-20,2,Libros,37.97,75.94
6722227,31678456,2019-05-20,2,Libros,8.17,16.34
13811364,49928795,2019-05-20,2,Ropa,157.71,315.42
25748779,42711917,2019-05-20,2,Belleza,49.05,98.1
2414208,48128701,2019-05-20,2,Ropa,72.77,145.54
3464234,32094154,2019-05-20,2,Libros,29.64,59.28
35999139,32121244,2019-05-20,2,Deportes,151.55,303.1
26310745,35619131,2019-05-20,2,Electronica,540.51,1081.02
25557224,43258068,2019-05-20,2,Electronica,1221.71,2443.42
32473394,35494509,2019-05-20,2,Deportes,67.31,134.62
4505708,6727597,2019-05-20,2,Libros,58.38,116.76
25262807,47027579,2019-05-20,3,Electronica,854.65,2563.95
8115601,38341889,2019-05-20,2,Electronica,315.24,630.48
12367243,928633,2019-05-20,2,Electronica,240.26,480.52
1491107,49934567,2019-05-20,2,Libros,27.62,55.24
26501818,3236709,2019-05-20,2,Belleza,73.02,146.04
16137382,43276563,2019-05-20,2,Belleza,77.79,155.58
7155608,31308597,2019-05-20,2,Hogar,40.72,81.44
11268507,42671660,2019-05-20,2,Ropa,56.17,112.34
18707011,31298353,2019-05-20,2,Deportes,322.28,644.56
10971921,48915774,2019-05-20,2,Deportes,38.86,77.72
20452912,4025499,2019-05-20,2,Deportes,344.93,689.86
11142030,31705847,2019-05-20,2,Hogar,334.21,668.42
8930407,34340471,2019-05-20,2,Belleza,54.96,109.92
18591367,38366899,2019-05-20,2,Libros,24.05,48.1
13581795,4941319,2019-05-20,2,Belleza,59.09,118.18
30980624,46817821,2019-05-20,2,Libros,6.06,12.12
16425482,48869419,2019-05-20,2,Hogar,415.23,830.46
11082470,34988267,2019-05-20,2,Libros,12.85,25.7
15684526,954487,2019-05-20,2,Deportes,137.63,275.26
7435936,42159672,2019-05-20,2,Ropa,118.13,236.26
5049416,46506432,2019-05-20,2,Electronica,406.69,813.38
13224130,894362,2019-05-20,2,Belleza,62.17,124.34
8276934,40585259,2019-05-20,4,Belleza,98.07,392.28
14126388,47938261,2019-05-20,2,Hogar,243.21,486.42
10580452,35582237,2019-05-20,3,Belleza,114.13,342.39
9278410,31081505,2019-05-20,2,Deportes,342.05,684.1
3448959,36559747,2019-05-20,2,Libros,23.32,46.64
4266797,46835366,2019-05-20,2,Deportes,171.99,343.98
34554875,46661174,2019-05-20,2,Hogar,220.31,440.62
3908569,48128786,2019-05-20,2,Deportes,257.95,515.9
7952173,39813260,2019-05-20,2,Libros,20.77,41.54
31542773,43843236,2019-05-20,3,Hogar,468.38,1405.1399999999999
19885600,32085183,2019-05-20,2,Ropa,194.16,388.32
6487416,36972175,2019-05-20,2,Hogar,310.21,620.42
30356968,37859457,2019-05-20,2,Ropa,85.89,171.78
5712801,39417118,2019-05-20,2,Electronica,985.26,1970.52
2477866,2499890,2019-05-20,2,Ropa,85.13,170.26
34664040,4890977,2019-05-20,2,Electronica,1235.8,2471.6
1297359,32431245,2019-05-20,3,Electronica,873.37,2620.11
7052947,32997857,2019-05-20,2,Ropa,17.97,35.94
26589925,2479515,2019-05-20,3,Hogar,100.73,302.19
33229333,44460326,2019-05-20,2,Libros,52.57,105.14
36389302,41977515,2019-05-20,2,Deportes,233.9,467.8
27074289,32712470,2019-05-20,2,Hogar,393.55,787.1
14940218,32586854,2019-05-20,2,Deportes,381.13,762.26
10819999,6706885,2019-05-20,2,Libros,8.98,17.96
40039666,6124885,2019-05-20,2,Electronica,478.13,956.26
38433180,39130261,2019-05-20,2,Electronica,330.64,661.28
35043400,33110070,2019-06-15,2,Hogar,283.61,567.22
10652925,4362450,2019-06-15,2,Belleza,49.02,98.04
43787743,36413475,2019-06-14,2,Ropa,39.88,79.76
18536768,34941021,2019-06-13,3,Electronica,981.99,2945.9700000000003
34015493,49776595,2019-06-13,2,Deportes,223.79,447.58
13840467,32202902,2019-06-13,2,Hogar,148.25,296.5
9483360,45288638,2019-06-13,2,Ropa,101.16,202.32
18953670,46278585,2019-06-13,2,Hogar,376.68,753.36
8969270,193167,2019-06-13,2,Ropa,49.0,98.0
23725129,51060873,2019-06-13,2,Ropa,65.65,131.3
43233031,35125363,2019-06-13,4,Libros,24.04,96.16
13943890,46088683,2019-06-13,3,Electronica,1132.75,3398.25
40848649,3579905,2019-06-13,2,Hogar,425.76,851.52
17565651,1263681,2019-06-13,2,Libros,30.4,60.8
1656916,44336752,2019-06-13,2,Hogar,197.55,395.1
43957231,31814683,2019-06-13,2,Libros,21.31,42.62
32480826,51907384,2019-06-13,3,Deportes,357.99,1073.97
21233070,50390381,2019-06-13,2,Deportes,399.76,799.52
6789356,52216710,2019-06-13,2,Electronica,1022.01,2044.02
40976581,42572212,2019-06-13,2,Electronica,1485.47,2970.94
37245848,52515247,2019-06-13,2,Belleza,80.9,161.8
12282377,48887300,2019-06-13,2,Libros,45.34,90.68
26912629,6501525,2019-06-13,2,Deportes,167.69,335.38
16005736,42717477,2019-06-13,2,Ropa,92.26,184.52
21142247,2843584,2019-06-13,2,Hogar,84.91,169.82
23118006,43873319,2019-06-13,2,Electronica,1242.99,2485.98
15858726,47114807,2019-06-13,2,Hogar,466.56,933.12
17674158,46722437,2019-06-13,2,Hogar,317.37,634.74
22789454,44861817,2019-06-13,2,Belleza,44.52,89.04
43366225,4314849,2019-06-13,3,Deportes,78.53,235.59
43839953,39341940,2019-06-13,2,Electronica,434.48,868.96
21816558,44295302,2019-06-12,2,Hogar,138.87,277.74
4393365,41632752,2019-06-12,2,Electronica,939.62,1879.24
40301348,33140033,2019-06-12,2,Ropa,189.56,379.12
10156673,49225663,2019-06-12,2,Belleza,10.55,21.1
12624988,51677924,2019-06-12,2,Ropa,10.19,20.38
20924191,32056115,2019-06-12,2,Electronica,920.26,1840.52
25588038,44839257,2019-06-13,2,Electronica,461.89,923.78
13332954,35052140,2019-06-12,2,Deportes,354.61,709.22
3787903,48392908,2019-06-12,2,Hogar,173.72,347.44
40513303,86906,2019-06-12,2,Hogar,155.52,311.04
36414409,51022658,2019-06-12,2,Ropa,61.21,122.42
22599222,51821595,2019-06-12,2,Belleza,21.66,43.32
18538136,31474149,2019-06-12,2,Libros,36.98,73.96
16853759,50380648,2019-06-12,2,Hogar,96.58,193.16
18280984,51725554,2019-06-12,2,Deportes,181.36,362.72
8592674,51642209,2019-06-12,2,Ropa,97.58,195.16
12893296,35547487,2019-06-12,2,Ropa,13.89,27.78
18166644,4214786,2019-06-12,2,Libros,5.92,11.84
8779704,52204749,2019-06-12,2,Deportes,217.68,435.36
21951326,35197290,2019-06-12,2,Belleza,85.04,170.08
12047829,31450389,2019-06-12,2,Deportes,378.01,756.02
9212163,34450430,2019-06-12,5,Belleza,25.6,128.0
21149551,46202913,2019-06-12,2,Deportes,59.24,118.48
34562121,6036126,2019-06-12,2,Deportes,39.79,79.58
11732494,33058643,2019-06-12,8,Electronica,682.26,5458.08
17910202,44079263,2019-06-12,2,Ropa,128.4,256.8
13579675,48019702,2019-06-12,2,Deportes,339.41,678.82
7050341,48112615,2019-06-12,2,Libros,42.55,85.1
17979405,31064269,2019-06-12,2,Deportes,99.18,198.36
24415184,47345812,2019-06-12,2,Hogar,238.96,477.92
5986070,48804269,2019-06-12,3,Ropa,182.97,548.91
43621084,2677490,2019-06-12,2,Hogar,173.47,346.94
1227165,51246652,2019-06-11,2,Ropa,104.76,209.52
28699256,2866602,2019-06-12,2,Hogar,479.9,959.8
7557003,48829558,2019-06-11,2,Deportes,299.19,598.38
17509370,33061423,2019-06-11,2,Deportes,304.14,608.28
23794329,46416833,2019-06-11,2,Electronica,415.88,831.76
30821349,48707926,2019-06-11,2,Libros,27.81,55.62
1488106,50787927,2019-06-11,2,Hogar,54.94,109.88
43264633,1760216,2019-06-12,2,Belleza,74.75,149.5
34503671,44470719,2019-06-11,2,Electronica,200.41,400.82
25695489,36496034,2019-06-11,2,Hogar,420.42,840.84
14536264,31545414,2019-06-11,2,Hogar,410.06,820.12
23099771,47468265,2019-06-11,2,Electronica,823.73,1647.46
40474152,6267830,2019-06-11,2,Deportes,73.64,147.28
17940315,36396487,2019-06-12,2,Hogar,27.41,54.82
27305355,36754474,2019-06-11,2,Deportes,322.75,645.5
20773601,34415513,2019-06-11,2,Electronica,920.2,1840.4
15566897,52890267,2019-06-11,2,Deportes,290.15,580.3
9883534,46675683,2019-06-11,2,Libros,54.92,109.84
26871279,41669702,2019-06-11,2,Ropa,67.72,135.44
11512109,34764142,2019-06-11,2,Belleza,63.59,127.18
14277421,34055818,2019-06-11,2,Hogar,377.38,754.76
2279587,4263258,2019-06-11,2,Libros,30.44,60.88
6458101,35483720,2019-06-11,2,Belleza,74.16,148.32
1862243,48460054,2019-06-11,2,Deportes,320.1,640.2
21495082,3688135,2019-06-11,3,Hogar,119.38,358.14
10992790,33402209,2019-06-11,2,Deportes,45.05,90.1
34051466,38928001,2019-06-11,2,Ropa,111.05,222.1
5469682,51931724,2019-06-11,2,Electronica,140.08,280.16
16207448,6643979,2019-06-11,2,Hogar,386.78,773.56
23099771,48195440,2019-06-11,3,Ropa,146.65,439.95000000000005
43909354,35538148,2019-06-11,2,Ropa,177.53,355.06
29658667,44704486,2019-06-11,2,Electronica,520.76,1041.52
23356652,34277995,2019-06-11,2,Hogar,325.19,650.38
11158709,6810172,2019-06-11,2,Deportes,45.54,91.08
2194371,50593835,2019-06-11,2,Libros,18.92,37.84
7633309,6014663,2019-06-11,2,Ropa,163.51,327.02
2194371,2119180,2019-06-11,2,Ropa,131.76,263.52
31825240,48295809,2019-06-11,2,Belleza,24.22,48.44
33266013,48350657,2019-06-11,2,Ropa,142.71,285.42
6296943,46932029,2019-06-11,2,Libros,47.91,95.82
10848692,44445814,2019-06-11,2,Deportes,145.44,290.88
3836329,3735903,2019-06-11,2,Hogar,318.1,636.2
914613,4314248,2019-06-11,2,Deportes,142.47,284.94
23738126,37549125,2019-06-11,3,Belleza,69.15,207.45000000000002
15820003,53567984,2019-06-11,2,Ropa,173.64,347.28
3496071,6402362,2019-06-11,2,Deportes,105.08,210.16
6782897,52416120,2019-06-11,2,Libros,56.77,113.54
1405987,46484381,2019-06-11,2,Hogar,305.57,611.14
34376902,31843261,2019-06-11,2,Electronica,1488.58,2977.16
20687780,3544053,2019-06-11,2,Electronica,179.94,359.88
10098635,49601741,2019-06-11,2,Electronica,233.52,467.04
21148364,6741231,2019-06-11,2,Ropa,167.06,334.12
25303331,42325676,2019-06-11,2,Belleza,104.45,208.9
9183332,31526689,2019-06-11,2,Deportes,189.27,378.54
4193015,31759841,2019-06-11,2,Hogar,361.32,722.64
31678102,35532005,2019-06-11,2,Libros,52.72,105.44
37465455,42712499,2019-06-11,2,Deportes,54.71,109.42
3556257,35478402,2019-06-11,2,Hogar,35.92,71.84
5019878,47609027,2019-06-11,2,Libros,36.57,73.14
3157679,46400151,2019-06-10,2,Ropa,172.16,344.32
17097963,32056124,2019-06-10,2,Belleza,37.54,75.08
13896564,48420698,2019-06-10,2,Electronica,627.32,1254.64
6558847,46063092,2019-06-10,3,Ropa,67.45,202.35000000000002
29573050,31963481,2019-06-10,2,Belleza,96.51,193.02
5998746,50446283,2019-06-10,2,Belleza,43.62,87.24
27853763,33156767,2019-06-10,2,Libros,5.17,10.34
3117932,36945311,2019-06-10,2,Deportes,384.64,769.28
8115770,48021351,2019-06-10,2,Deportes,245.01,490.02
43157382,3616115,2019-06-10,2,Libros,50.07,100.14
4480888,39495364,2019-06-10,3,Belleza,99.91,299.73
3948395,4693892,2019-06-10,2,Belleza,12.64,25.28
43165538,33121158,2019-06-10,2,Belleza,24.65,49.3
16922933,31929728,2019-06-10,2,Ropa,69.11,138.22
11159506,3671339,2019-06-10,2,Ropa,163.16,326.32
19223886,3540226,2019-06-10,2,Belleza,41.88,83.76
11974900,36859537,2019-06-10,2,Hogar,334.51,669.02
29582629,4079048,2019-06-10,10,Electronica,953.54,9535.4
15224916,46309414,2019-06-10,2,Belleza,61.88,123.76
21566205,31991199,2019-06-10,2,Libros,16.62,33.24
6703599,3279999,2019-06-10,2,Electronica,603.88,1207.76
5084160,50772918,2019-06-10,2,Ropa,113.28,226.56
1717375,3521581,2019-06-10,4,Libros,30.74,122.96
4024452,42165365,2019-06-10,2,Electronica,234.57,469.14
14699327,48569790,2019-06-10,2,Libros,40.72,81.44
13428124,39608923,2019-06-10,2,Ropa,23.88,47.76
42557570,35005081,2019-06-10,2,Hogar,198.42,396.84
13741598,50416406,2019-06-10,2,Ropa,144.91,289.82
8939964,3103398,2019-06-10,2,Ropa,13.8,27.6
16438453,25593359,2019-06-10,2,Libros,36.35,72.7
28774759,35700694,2019-06-10,2,Deportes,147.12,294.24
28960977,42277101,2019-06-10,2,Belleza,6.02,12.04
10452229,31819102,2019-06-10,3,Belleza,26.89,80.67
1013564,52777950,2019-06-10,2,Hogar,471.36,942.72
9502045,42437376,2019-06-10,2,Hogar,267.76,535.52
7039343,32336593,2019-06-10,3,Belleza,119.68,359.04
4207038,44490736,2019-06-10,2,Deportes,219.43,438.86
11130927,52864199,2019-06-10,2,Belleza,67.55,135.1
40852214,37038339,2019-06-10,2,Deportes,168.9,337.8
10652925,3375679,2019-06-10,2,Hogar,165.37,330.74
13241753,53678481,2019-06-10,2,Electronica,414.74,829.48
2570863,49619949,2019-06-10,2,Libros,23.89,47.78
20672223,35877556,2019-06-10,2,Hogar,238.03,476.06
43018989,976859,2019-06-10,2,Hogar,108.12,216.24
40786320,32563393,2019-06-10,2,Ropa,52.73,105.46
27250099,35426607,2019-06-11,2,Ropa,61.59,123.18
12790227,31632425,2019-06-10,2,Ropa,95.36,190.72
25543719,52456522,2019-06-10,2,Libros,40.9,81.8
9615299,44472163,2019-06-10,2,Ropa,172.67,345.34
7304567,48469043,2019-06-10,2,Deportes,129.11,258.22
2023423,25569509,2019-06-10,2,Belleza,26.13,52.26
28966583,37770372,2019-06-10,2,Electronica,599.33,1198.66
1503958,49570818,2019-06-10,2,Hogar,448.78,897.56
1607530,3728190,2019-06-10,2,Deportes,23.75,47.5
7130105,41692762,2019-06-09,2,Electronica,1032.91,2065.82
17867374,40276011,2019-06-09,3,Belleza,74.61,223.82999999999998
36130560,45690031,2019-06-09,3,Deportes,201.32,603.96
21983860,2818501,2019-06-09,4,Deportes,81.2,324.8
12224273,2458791,2019-06-09,2,Hogar,170.7,341.4
30659136,31987613,2019-06-10,2,Belleza,30.87,61.74
1611262,46404151,2019-06-09,2,Ropa,176.79,353.58
17106595,44751326,2019-06-09,2,Libros,31.5,63.0
2786216,48276704,2019-06-09,2,Belleza,69.76,139.52
16110275,39833031,2019-06-09,2,Belleza,110.33,220.66
40244728,42360766,2019-06-10,2,Libros,37.65,75.3
24418369,7014746,2019-06-10,2,Hogar,325.21,650.42
1676627,51134076,2019-06-10,2,Hogar,255.34,510.68
7375713,52871249,2019-06-09,2,Hogar,23.67,47.34
43551263,47090825,2019-06-10,2,Electronica,535.35,1070.7
3559447,34738364,2019-06-10,2,Libros,15.11,30.22
4828921,46285461,2019-06-10,2,Belleza,83.22,166.44
41626735,32229581,2019-06-09,2,Belleza,11.52,23.04
25646127,47881093,2019-06-09,2,Deportes,234.25,468.5
15067633,44745789,2019-06-09,2,Deportes,100.04,200.08
17409172,44174908,2019-06-09,3,Deportes,380.56,1141.68
6596082,3878132,2019-06-09,3,Hogar,177.74,533.22
10319221,49699433,2019-06-09,2,Belleza,42.4,84.8
1382604,4006267,2019-06-09,2,Libros,55.79,111.58
12900294,49155897,2019-06-09,3,Hogar,217.41,652.23
9448293,50802332,2019-06-09,2,Electronica,1446.15,2892.3
17475207,4085003,2019-06-09,2,Deportes,29.18,58.36
18281002,3177036,2019-06-09,2,Hogar,163.58,327.16
13827818,44125001,2019-06-09,2,Hogar,338.1,676.2
20278571,32242160,2019-06-09,2,Deportes,140.9,281.8
24008034,41771859,2019-06-09,4,Electronica,1341.74,5366.96
1138901,34443784,2019-06-09,2,Ropa,58.72,117.44
16168859,47487530,2019-06-09,3,Belleza,112.0,336.0
41638537,51422419,2019-06-09,2,Libros,37.68,75.36
13742067,49340943,2019-06-09,2,Ropa,162.19,324.38
14780474,47952351,2019-06-09,3,Deportes,170.94,512.8199999999999
38048511,50067830,2019-06-09,2,Hogar,117.91,235.82
10705820,46212951,2019-06-09,3,Hogar,62.79,188.37
13565747,44575889,2019-06-09,2,Electronica,1371.29,2742.58
9259923,33191164,2019-06-09,2,Electronica,1403.05,2806.1
14150699,50350530,2019-06-09,2,Electronica,318.85,637.7
40471841,35784557,2019-06-09,2,Belleza,62.22,124.44
25200100,49791401,2019-06-09,2,Ropa,11.23,22.46
41241465,6053778,2019-06-09,2,Belleza,17.63,35.26
16391827,40983438,2019-06-09,2,Hogar,292.92,585.84
38120145,33123090,2019-06-09,2,Belleza,7.73,15.46
9986478,47043723,2019-06-09,2,Libros,26.83,53.66
926307,6930201,2019-06-09,2,Electronica,489.89,979.78
1821823,42409195,2019-06-09,2,Electronica,1085.8,2171.6
25165298,41687212,2019-06-09,2,Deportes,41.12,82.24
43699130,50026100,2019-06-09,2,Deportes,205.72,411.44
1087740,1137937,2019-06-09,2,Hogar,295.87,591.74
3411288,45025287,2019-06-09,2,Libros,38.95,77.9
19941675,438094,2019-06-09,2,Ropa,86.98,173.96
23687454,32904733,2019-06-09,2,Belleza,40.0,80.0
41636569,8673949,2019-06-09,2,Hogar,346.01,692.02
25486652,1246849,2019-06-09,2,Deportes,342.08,684.16
8305889,47021939,2019-06-09,2,Belleza,84.77,169.54
1700664,3947621,2019-06-09,2,Deportes,374.2,748.4
29396567,46211346,2019-06-09,2,Belleza,87.49,174.98
11443043,42741553,2019-06-09,2,Ropa,155.28,310.56
2943853,8159197,2019-06-09,2,Hogar,96.43,192.86
17608282,37504935,2019-06-09,2,Deportes,172.7,345.4
14806814,2917807,2019-06-09,2,Belleza,53.25,106.5
40164857,25729659,2019-06-09,2,Libros,31.68,63.36
12685008,2202787,2019-06-09,2,Electronica,421.63,843.26
4217382,32242274,2019-06-09,2,Ropa,156.99,313.98
38463339,16154809,2019-06-09,2,Libros,34.07,68.14
39042593,39632648,2019-06-09,2,Libros,20.99,41.98
29660989,37171413,2019-06-09,2,Electronica,1046.88,2093.76
5177412,42674996,2019-06-09,2,Libros,30.87,61.74
9541149,31243389,2019-06-09,2,Belleza,57.76,115.52
3129613,44597979,2019-06-09,2,Belleza,118.12,236.24
5544140,51681831,2019-06-08,2,Belleza,50.13,100.26
18141226,51044669,2019-06-08,2,Electronica,575.33,1150.66
17076177,52204623,2019-06-08,2,Libros,22.52,45.04
17180949,50773670,2019-06-08,2,Electronica,1347.39,2694.78
20966121,31888987,2019-06-08,2,Belleza,62.12,124.24
3027577,3242956,2019-06-08,2,Libros,38.0,76.0
15138700,47346901,2019-06-08,2,Libros,14.95,29.9
5112390,31948308,2019-06-09,2,Deportes,225.56,451.12
9091499,48405471,2019-06-09,2,Deportes,124.37,248.74
10626435,31720878,2019-06-09,2,Ropa,148.82,297.64
11542544,1791445,2019-06-09,2,Hogar,418.78,837.56
39393974,3999480,2019-06-09,2,Deportes,291.63,583.26
15968333,2891467,2019-06-09,2,Electronica,1108.85,2217.7
4024210,34706438,2019-06-09,2,Deportes,214.74,429.48
14765618,6539611,2019-06-09,2,Ropa,145.3,290.6
2484735,46264677,2019-06-09,4,Electronica,231.36,925.44
10009775,25699809,2019-06-09,2,Libros,28.25,56.5
13976907,6795734,2019-06-09,2,Ropa,133.78,267.56
9527403,47295712,2019-06-09,2,Libros,19.25,38.5
13552495,3765973,2019-06-09,2,Libros,8.84,17.68
7648267,44839257,2019-06-09,2,Electronica,461.89,923.78
13948866,47239639,2019-06-09,2,Hogar,215.53,431.06
41772821,47001713,2019-06-09,2,Deportes,195.48,390.96
11573669,46107363,2019-06-09,2,Electronica,421.79,843.58
13292276,37826233,2019-06-09,2,Electronica,1105.18,2210.36
21359557,46836021,2019-06-09,2,Belleza,13.46,26.92
2496524,38371004,2019-06-09,2,Libros,17.25,34.5
14464739,35775198,2019-06-09,2,Electronica,1135.42,2270.84
4238087,3213654,2019-06-09,3,Hogar,227.01,681.03
5023527,47099282,2019-06-09,2,Libros,43.79,87.58
5857060,36978294,2019-06-09,2,Hogar,290.23,580.46
23874265,43142839,2019-06-09,2,Electronica,1428.53,2857.06
23875344,33017813,2019-06-09,3,Electronica,916.8,2750.3999999999996
42360224,43773547,2019-06-09,2,Belleza,6.71,13.42
32741342,2165957,2019-06-09,2,Electronica,561.67,1123.34
11498047,43355578,2019-06-09,2,Libros,12.87,25.74
11679676,46254660,2019-06-09,2,Libros,55.85,111.7
23366643,6767772,2019-06-09,3,Libros,10.72,32.160000000000004
40327836,34239311,2019-06-09,2,Belleza,49.59,99.18
15133068,38073291,2019-06-09,2,Belleza,31.0,62.0
33111895,46119719,2019-06-09,2,Electronica,1277.75,2555.5
18969918,32956610,2019-06-09,2,Ropa,68.63,137.26
36634573,39833031,2019-06-09,2,Belleza,110.33,220.66
11543730,45276860,2019-06-09,2,Ropa,198.46,396.92
1710858,53502677,2019-06-09,2,Belleza,9.44,18.88
4279861,40950357,2019-06-09,2,Electronica,236.0,472.0
1691259,36344588,2019-06-09,3,Ropa,52.68,158.04
3654210,4257535,2019-06-09,2,Electronica,1226.1,2452.2
40234331,47475280,2019-06-09,2,Electronica,1323.85,2647.7
23700377,49269852,2019-06-09,2,Electronica,153.6,307.2
30853035,39152470,2019-06-09,2,Deportes,32.33,64.66
10541623,33114047,2019-06-09,2,Libros,45.95,91.9
4667648,32750625,2019-06-09,2,Electronica,243.36,486.72
3966433,32547345,2019-06-09,3,Deportes,70.54,211.62
2960640,50416355,2019-06-09,2,Belleza,7.57,15.14
4754055,33061423,2019-06-09,2,Deportes,304.14,608.28
1113893,4330903,2019-06-09,2,Ropa,19.46,38.92
4071526,4579281,2019-06-09,2,Libros,19.5,39.0
144594,42102274,2019-06-09,2,Ropa,22.35,44.7
17136552,40511760,2019-06-08,3,Libros,25.29,75.87
4541391,50609989,2019-06-08,3,Ropa,168.23,504.68999999999994
2082292,35859477,2019-06-08,3,Libros,22.95,68.85
12773734,6455237,2019-06-08,3,Ropa,148.29,444.87
21969593,42662467,2019-06-08,2,Ropa,27.84,55.68
40402980,47449936,2019-06-08,2,Ropa,135.28,270.56
29730460,35629123,2019-06-08,2,Ropa,70.18,140.36
17128037,7098752,2019-06-08,2,Belleza,91.22,182.44
3137758,39761994,2019-06-09,2,Electronica,247.57,495.14
42227123,43151008,2019-06-09,2,Hogar,450.47,900.94
28581380,40219535,2019-06-08,2,Deportes,112.18,224.36
43286259,32107706,2019-06-08,2,Hogar,186.27,372.54
8932380,51288131,2019-06-08,2,Hogar,475.84,951.68
14203164,32282122,2019-06-08,2,Libros,36.82,73.64
220976,40444668,2019-06-09,3,Electronica,580.37,1741.1100000000001
6124371,45712371,2019-06-09,2,Libros,57.23,114.46
41383386,34688466,2019-06-09,2,Electronica,527.16,1054.32
2961655,41027546,2019-06-09,2,Electronica,187.56,375.12
17628022,31688677,2019-06-09,2,Ropa,199.4,398.8
8926048,1791672,2019-06-09,2,Belleza,35.8,71.6
16837891,46572998,2019-06-08,2,Ropa,171.74,343.48
11869797,51116694,2019-06-08,2,Belleza,24.04,48.08
4316059,34321773,2019-06-08,2,Libros,45.22,90.44
12290178,48734671,2019-06-08,2,Belleza,65.31,130.62
3380753,34971943,2019-06-08,2,Libros,58.95,117.9
43552940,4923966,2019-06-08,3,Hogar,283.12,849.36
5475540,49534769,2019-06-08,2,Hogar,27.13,54.26
9424762,47952322,2019-06-08,2,Belleza,74.45,148.9
23227670,6728937,2019-06-08,2,Belleza,21.71,43.42
21746081,4915475,2019-06-08,2,Libros,48.92,97.84
22481754,3323886,2019-06-08,2,Ropa,172.75,345.5
3171367,52864185,2019-06-08,2,Libros,31.52,63.04
24167116,3532346,2019-06-08,2,Ropa,158.81,317.62
14760473,35127634,2019-06-08,2,Hogar,85.38,170.76
192942,49740819,2019-06-08,2,Electronica,763.51,1527.02
12260070,3929806,2019-06-08,4,Belleza,50.3,201.2
6525305,2267084,2019-06-08,2,Ropa,126.15,252.3
1472346,35469124,2019-06-08,2,Libros,7.45,14.9
18944699,232453,2019-06-08,2,Hogar,379.78,759.56
10890842,46231064,2019-06-08,2,Ropa,25.03,50.06
1285639,42561102,2019-06-08,2,Libros,41.11,82.22
23480261,2158944,2019-06-08,2,Belleza,7.12,14.24
15060749,42360560,2019-06-08,2,Belleza,100.67,201.34
15290624,4370161,2019-06-08,2,Belleza,11.82,23.64
18115723,4410218,2019-06-08,2,Deportes,86.39,172.78
9697423,31116980,2019-06-08,2,Electronica,797.47,1594.94
31711168,48655183,2019-06-08,2,Deportes,119.37,238.74
6456252,42943053,2019-06-08,2,Hogar,365.48,730.96
1892392,32801973,2019-06-08,2,Ropa,71.06,142.12
3629463,48284314,2019-06-08,2,Hogar,366.44,732.88
2644252,52312934,2019-06-08,2,Libros,20.67,41.34
18093938,45567867,2019-06-08,2,Belleza,91.53,183.06
13285767,52864119,2019-06-08,2,Deportes,31.63,63.26
1877502,31516269,2019-06-08,2,Deportes,127.66,255.32
12960459,45982434,2019-06-08,3,Deportes,209.48,628.4399999999999
3353358,34748904,2019-06-08,2,Hogar,36.85,73.7
6624544,36965916,2019-06-08,2,Belleza,26.39,52.78
6592178,31325762,2019-06-08,3,Ropa,187.56,562.6800000000001
1644500,36307703,2019-06-08,2,Libros,58.73,117.46
2256187,44826481,2019-06-08,2,Ropa,150.55,301.1
12632964,51242323,2019-06-08,3,Hogar,137.32,411.96
34591747,38882076,2019-06-08,2,Libros,19.33,38.66
12877792,41942013,2019-06-08,2,Deportes,265.4,530.8
3786817,33477261,2019-06-08,2,Electronica,220.52,441.04
12628694,39442545,2019-06-08,2,Hogar,474.93,949.86
9723286,36353471,2019-06-08,2,Hogar,124.03,248.06
20772339,32036187,2019-06-08,2,Belleza,119.96,239.92
43568024,34556798,2019-06-08,2,Ropa,104.19,208.38
32104474,51662500,2019-06-08,3,Hogar,389.14,1167.42
28199173,43804369,2019-06-08,2,Hogar,16.06,32.12
13046220,46618932,2019-06-08,2,Deportes,357.72,715.44
1111139,48432924,2019-06-08,2,Deportes,122.6,245.2
32577842,4155810,2019-06-08,2,Libros,8.39,16.78
18893235,49215525,2019-06-08,2,Libros,41.74,83.48
2833101,32799505,2019-06-08,2,Electronica,1219.22,2438.44
10778627,3257870,2019-06-08,2,Belleza,23.88,47.76
28355444,42739787,2019-06-08,2,Electronica,691.64,1383.28
10547353,32434752,2019-06-08,2,Libros,32.16,64.32
8807791,50436531,2019-06-08,2,Deportes,138.61,277.22
2665941,45333837,2019-06-07,2,Ropa,101.53,203.06
40591850,46571691,2019-06-07,2,Deportes,140.67,281.34
14846810,39283093,2019-06-07,3,Belleza,46.49,139.47
43313199,43375324,2019-06-07,2,Deportes,274.35,548.7
34715490,51900997,2019-06-07,2,Belleza,77.75,155.5
12143621,508644,2019-06-07,2,Belleza,31.71,63.42
3209818,48961304,2019-06-07,2,Belleza,108.21,216.42
6534125,33662276,2019-06-07,3,Libros,52.45,157.35000000000002
18259846,46990835,2019-06-07,2,Belleza,63.54,127.08
24795474,37078638,2019-06-07,2,Belleza,54.82,109.64
4585716,49705340,2019-06-07,2,Ropa,81.6,163.2
11426019,33666185,2019-06-07,2,Electronica,1075.54,2151.08
29145357,45563963,2019-06-07,2,Hogar,340.76,681.52
16913952,4316003,2019-06-07,2,Electronica,334.46,668.92
24193435,41492694,2019-06-07,2,Belleza,82.22,164.44
11281097,47558444,2019-06-07,2,Ropa,57.96,115.92
13063842,50253062,2019-06-07,2,Deportes,27.05,54.1
12254251,45599274,2019-06-07,3,Ropa,142.85,428.54999999999995
28160198,1064523,2019-06-07,2,Belleza,79.15,158.3
4785674,3545942,2019-06-07,2,Ropa,88.05,176.1
4467257,5960628,2019-06-07,2,Ropa,109.88,219.76
28268129,51155051,2019-06-07,2,Belleza,113.92,227.84
2084604,2553520,2019-06-07,2,Hogar,215.14,430.28
21668192,50229184,2019-06-07,2,Libros,37.74,75.48
2461592,39496402,2019-06-07,2,Ropa,135.0,270.0
10059053,42695391,2019-06-07,2,Hogar,46.0,92.0
11211922,47647542,2019-06-07,2,Hogar,95.51,191.02
16575652,31516269,2019-06-07,2,Deportes,127.66,255.32
39739497,35041211,2019-06-07,2,Ropa,67.18,134.36
8918760,51962503,2019-06-07,2,Libros,34.67,69.34
10926280,47752713,2019-06-07,2,Deportes,315.1,630.2
26966532,51677783,2019-06-07,2,Belleza,41.94,83.88
1754602,3488956,2019-06-07,2,Hogar,187.85,375.7
862268,5820488,2019-06-07,3,Deportes,117.34,352.02
5996333,46982812,2019-06-07,2,Ropa,58.38,116.76
41960983,42520900,2019-06-06,2,Deportes,380.57,761.14
39616471,49139927,2019-06-06,2,Electronica,971.41,1942.82
31699436,4890837,2019-06-07,2,Hogar,90.61,181.22
24994146,32303947,2019-06-07,2,Ropa,147.23,294.46
5622708,34371334,2019-06-07,2,Belleza,88.03,176.06
23618404,49551924,2019-06-07,2,Libros,41.66,83.32
18703427,40523917,2019-06-07,2,Ropa,35.6,71.2
15140102,2724424,2019-06-07,2,Belleza,51.92,103.84
43264344,49812637,2019-06-07,2,Libros,10.87,21.74
16067847,39225302,2019-06-07,2,Libros,49.91,99.82
14879728,34108867,2019-06-07,2,Ropa,134.48,268.96
43174345,33505302,2019-06-07,2,Deportes,212.74,425.48
9448610,50742138,2019-06-06,2,Deportes,150.35,300.7
35105015,38132813,2019-06-06,3,Libros,15.13,45.39
38454668,46911125,2019-06-06,2,Deportes,60.45,120.9
29871572,32113275,2019-06-07,2,Electronica,1455.4,2910.8
10659838,46955124,2019-06-07,2,Libros,15.98,31.96
12927882,43566207,2019-06-07,2,Libros,8.29,16.58
10884335,51056371,2019-06-06,2,Belleza,115.59,231.18
32030052,47437665,2019-06-07,2,Deportes,228.6,457.2
11108233,34062683,2019-06-06,5,Libros,48.82,244.1
25372690,43124190,2019-06-06,2,Electronica,113.46,226.92
15845436,49537022,2019-06-06,3,Belleza,70.2,210.60000000000002
14162977,7159372,2019-06-06,2,Ropa,85.66,171.32
37908040,32625106,2019-06-06,2,Libros,47.46,94.92
25826504,52080035,2019-06-06,2,Electronica,105.72,211.44
1130832,4831066,2019-06-06,2,Hogar,209.82,419.64
17006924,31274190,2019-06-06,2,Electronica,1208.66,2417.32
15708009,4048636,2019-06-06,2,Electronica,807.91,1615.82
43464286,6861373,2019-06-06,2,Belleza,68.25,136.5
6070800,39845663,2019-06-07,2,Belleza,23.18,46.36
10281522,42001667,2019-06-07,2,Ropa,28.46,56.92
18228698,51616018,2019-06-06,2,Hogar,79.18,158.36
23775258,5995325,2019-06-06,2,Deportes,277.26,554.52
43450164,43911635,2019-06-06,3,Deportes,276.52,829.56
4332913,35109029,2019-06-06,2,Electronica,1469.7,2939.4
42215302,6102936,2019-06-06,3,Belleza,86.87,260.61
20056533,7145069,2019-06-06,2,Belleza,61.72,123.44
16851060,43573509,2019-06-06,2,Deportes,345.78,691.56
22452493,36320488,2019-06-06,2,Hogar,65.67,131.34
15458058,52701800,2019-06-06,2,Ropa,95.37,190.74
34108693,41184431,2019-06-06,2,Hogar,154.25,308.5
24720872,50495264,2019-06-06,2,Libros,10.76,21.52
6310562,42904758,2019-06-06,2,Libros,46.99,93.98
20553065,46431355,2019-06-06,2,Ropa,107.05,214.1
22424206,36504486,2019-06-06,2,Deportes,231.57,463.14
2086342,43508900,2019-06-06,3,Ropa,88.14,264.42
41527806,32663032,2019-06-06,2,Belleza,57.94,115.88
22146828,34234421,2019-06-06,3,Libros,11.38,34.14
40476991,33875432,2019-06-06,2,Electronica,1025.73,2051.46
4918436,2695041,2019-06-06,2,Electronica,677.05,1354.1
25867738,34253184,2019-06-06,4,Deportes,330.37,1321.48
34800122,46764451,2019-06-06,2,Belleza,27.57,55.14
12816113,44606222,2019-06-06,2,Hogar,114.45,228.9
9393973,38871132,2019-06-05,2,Belleza,79.26,158.52
14124144,4483187,2019-06-05,2,Electronica,1276.7,2553.4
36351658,51077735,2019-06-05,4,Electronica,734.69,2938.76
14252967,47754758,2019-06-05,2,Libros,44.98,89.96
4760139,39813260,2019-06-05,2,Libros,20.77,41.54
4194228,1816344,2019-06-05,2,Belleza,119.92,239.84
13308066,35412812,2019-06-05,2,Belleza,40.75,81.5
2392245,40792317,2019-06-05,2,Belleza,118.88,237.76
19223067,2301946,2019-06-05,2,Electronica,1129.29,2258.58
9393043,44606894,2019-06-05,2,Hogar,373.7,747.4
3835220,52312263,2019-06-05,2,Deportes,114.1,228.2
35543131,6470069,2019-06-05,2,Deportes,336.75,673.5
18151709,41920009,2019-06-06,2,Belleza,51.59,103.18
12878521,43451791,2019-06-05,2,Deportes,385.56,771.12
14910741,35645143,2019-06-05,2,Electronica,168.07,336.14
12926120,46825489,2019-06-06,2,Electronica,681.97,1363.94
22810009,35547452,2019-06-05,2,Belleza,68.92,137.84
13919712,3213693,2019-06-05,2,Belleza,51.59,103.18
5922469,1918771,2019-06-05,2,Libros,16.58,33.16
12759979,33674084,2019-06-05,2,Belleza,73.19,146.38
43322290,39879528,2019-06-05,3,Hogar,381.62,1144.8600000000001
7795588,6038575,2019-06-05,5,Deportes,265.04,1325.2
13284187,31243569,2019-06-05,3,Belleza,31.96,95.88
12747218,47325027,2019-06-05,2,Libros,52.01,104.02
18875443,40741114,2019-06-05,2,Ropa,149.01,298.02
4456953,4183957,2019-06-05,2,Libros,19.13,38.26
41049504,32715118,2019-06-05,2,Ropa,43.29,86.58
32287955,46737133,2019-06-05,2,Electronica,1051.47,2102.94
18892315,6267828,2019-06-05,2,Ropa,169.35,338.7
8367721,44596908,2019-06-05,2,Deportes,340.26,680.52
1845555,43220837,2019-06-05,2,Belleza,60.38,120.76
2614854,35025467,2019-06-05,2,Ropa,110.96,221.92
15342364,47836696,2019-06-05,2,Deportes,135.04,270.08
26383017,46703679,2019-06-05,2,Electronica,767.2,1534.4
22609785,46310894,2019-06-04,2,Hogar,79.01,158.02
38161475,34913531,2019-06-04,6,Libros,57.57,345.42
42257188,43385398,2019-06-05,2,Deportes,324.14,648.28
33975778,42405048,2019-06-05,2,Deportes,273.83,547.66
42823532,34708573,2019-06-04,3,Hogar,276.02,828.06
40789907,46108135,2019-06-04,2,Deportes,321.02,642.04
2061351,126662,2019-06-04,2,Electronica,767.4,1534.8
18429434,46369303,2019-06-04,2,Electronica,484.96,969.92
18429434,32864034,2019-06-04,2,Hogar,92.78,185.56
2241174,31716419,2019-06-04,2,Libros,40.62,81.24
10080039,42613144,2019-06-04,2,Belleza,111.88,223.76
4504933,48098216,2019-06-04,2,Ropa,39.19,78.38
9953930,6048231,2019-06-04,2,Belleza,25.7,51.4
13828616,42742237,2019-06-04,2,Deportes,184.77,369.54
23636317,31715978,2019-06-04,2,Ropa,163.31,326.62
24554140,40275997,2019-06-05,2,Hogar,157.55,315.1
16132892,31773673,2019-06-05,2,Hogar,138.15,276.3
9491615,44270583,2019-06-04,2,Libros,39.1,78.2
11124432,35528784,2019-06-04,2,Ropa,111.77,223.54
23777924,31247209,2019-06-04,2,Electronica,137.32,274.64
1036780,42406057,2019-06-04,2,Ropa,25.48,50.96
5133106,46894474,2019-06-04,2,Deportes,264.34,528.68
29171009,42449393,2019-06-04,2,Electronica,724.43,1448.86
11082470,44396958,2019-06-04,2,Hogar,485.92,971.84
5552437,32717236,2019-06-04,2,Ropa,138.92,277.84
12747704,35104525,2019-06-04,2,Deportes,247.21,494.42
14782939,31685188,2019-06-04,3,Belleza,6.16,18.48
6337102,5477259,2019-06-04,2,Libros,31.46,62.92
6973908,46847094,2019-06-04,2,Belleza,52.66,105.32
11242407,49396471,2019-06-04,2,Libros,10.87,21.74
11979337,49989490,2019-06-04,2,Deportes,370.82,741.64
4715118,34732094,2019-06-04,2,Belleza,97.58,195.16
20604866,34758562,2019-06-04,2,Ropa,53.72,107.44
13657556,51258745,2019-06-04,3,Ropa,58.64,175.92000000000002
9437993,25139909,2019-06-04,2,Belleza,8.68,17.36
13447270,31297427,2019-06-04,2,Ropa,66.38,132.76
15344090,40498216,2019-06-04,2,Deportes,242.16,484.32
27862493,33824631,2019-06-04,2,Electronica,660.22,1320.44
6789773,35433254,2019-06-04,2,Deportes,388.32,776.64
43278561,47066286,2019-06-04,2,Libros,8.08,16.16
5514255,48756068,2019-06-04,2,Deportes,244.74,489.48
11985331,42511820,2019-06-04,2,Libros,52.21,104.42
11468090,35745697,2019-06-04,3,Ropa,101.34,304.02
16319123,47898050,2019-06-04,2,Electronica,54.3,108.6
1579891,1791672,2019-06-04,2,Belleza,35.8,71.6
12777696,33858368,2019-06-04,2,Ropa,56.13,112.26
20472178,37355435,2019-06-04,2,Hogar,172.03,344.06
11991387,42594864,2019-06-04,2,Ropa,193.54,387.08
34717946,43468393,2019-06-04,2,Libros,55.15,110.3
12635981,46057112,2019-06-04,2,Ropa,190.34,380.68
11454128,48247931,2019-06-04,2,Ropa,166.89,333.78
2032178,46736322,2019-06-04,2,Electronica,559.89,1119.78
15483576,50581408,2019-06-03,2,Ropa,182.12,364.24
41670425,34393007,2019-06-03,2,Electronica,1473.44,2946.88
20308212,51427361,2019-06-03,2,Belleza,45.26,90.52
25867326,44749739,2019-06-03,2,Hogar,141.37,282.74
12485453,39685404,2019-06-03,2,Electronica,843.03,1686.06
34673139,48688106,2019-06-03,2,Libros,15.29,30.58
41363646,39467625,2019-06-03,2,Belleza,8.75,17.5
2560558,4409939,2019-06-03,2,Electronica,1421.46,2842.92
16936033,6069751,2019-06-03,2,Electronica,1392.32,2784.64
38317010,41985930,2019-06-03,2,Hogar,93.89,187.78
12164942,2517555,2019-06-03,2,Libros,27.43,54.86
10462291,49645771,2019-06-03,2,Deportes,335.79,671.58
395208,42747914,2019-06-03,2,Deportes,271.18,542.36
5373830,40121955,2019-06-03,2,Electronica,622.44,1244.88
12970796,49619881,2019-06-03,2,Ropa,151.39,302.78
27330072,46702228,2019-06-03,2,Libros,54.34,108.68
43153168,34913531,2019-06-03,2,Libros,57.57,115.14
3923150,48013553,2019-06-04,2,Belleza,111.51,223.02
18599284,36907858,2019-06-03,2,Ropa,81.98,163.96
25201708,42694589,2019-06-03,2,Ropa,42.98,85.96
11107767,46130148,2019-06-03,2,Deportes,74.78,149.56
1578791,31374330,2019-06-03,2,Libros,55.21,110.42
12870354,1070104,2019-06-03,2,Electronica,184.21,368.42
1578791,3563399,2019-06-03,2,Electronica,1096.45,2192.9
13902871,39214141,2019-06-03,2,Electronica,253.72,507.44
10524464,38969825,2019-06-03,3,Electronica,614.61,1843.83
7935393,52204803,2019-06-03,2,Deportes,176.39,352.78
26098430,33123090,2019-06-03,2,Belleza,7.73,15.46
13903158,50436425,2019-06-03,2,Electronica,280.2,560.4
1253161,4596800,2019-06-03,3,Deportes,370.62,1111.8600000000001
41660301,32620197,2019-06-03,2,Deportes,21.01,42.02
11766081,42706359,2019-06-03,2,Electronica,1346.02,2692.04
10360190,32938872,2019-06-03,2,Hogar,443.66,887.32
30848027,4329542,2019-06-03,2,Belleza,41.45,82.9
10113788,41090289,2019-06-03,3,Ropa,143.81,431.43
14723671,35498029,2019-06-03,2,Deportes,116.07,232.14
42416905,4473351,2019-06-03,2,Libros,46.73,93.46
21502393,47048407,2019-06-03,2,Libros,35.86,71.72
16439769,112352,2019-06-03,2,Belleza,39.53,79.06
1806155,35559045,2019-06-03,3,Libros,27.01,81.03
1723105,3775491,2019-06-03,2,Hogar,349.6,699.2
42237369,6423109,2019-06-03,3,Libros,54.84,164.52
1201889,50356994,2019-06-03,2,Ropa,34.84,69.68
7107786,31639073,2019-06-03,2,Ropa,118.56,237.12
17665678,42658819,2019-06-02,2,Deportes,116.42,232.84
15839894,48227185,2019-06-02,2,Electronica,1211.99,2423.98
7444936,37144332,2019-06-02,2,Hogar,49.07,98.14
3669650,48228406,2019-06-03,2,Deportes,281.8,563.6
6058905,32908442,2019-06-03,2,Hogar,99.85,199.7
12825437,33061423,2019-06-03,2,Deportes,304.14,608.28
14179514,40747801,2019-06-03,2,Electronica,914.76,1829.52
1750997,42867019,2019-06-02,2,Libros,50.96,101.92
17909829,35375120,2019-06-03,3,Libros,46.53,139.59
8198194,48598198,2019-06-03,2,Electronica,1141.77,2283.54
17529574,47077678,2019-06-03,2,Deportes,216.78,433.56
43130754,32993830,2019-06-02,2,Electronica,1341.58,2683.16
9246841,31716765,2019-06-02,2,Belleza,72.63,145.26
1059457,50947802,2019-06-03,2,Ropa,184.33,368.66
27617986,32568010,2019-06-03,2,Deportes,227.68,455.36
11919834,42355797,2019-06-03,2,Hogar,260.39,520.78
8397312,37356701,2019-06-02,2,Belleza,30.57,61.14
2577250,41690975,2019-06-02,2,Deportes,227.02,454.04
8723848,852318,2019-06-02,2,Electronica,253.85,507.7
6099415,3480404,2019-06-02,2,Electronica,1311.05,2622.1
13256379,35717795,2019-06-02,2,Electronica,1030.04,2060.08
22666145,32919787,2019-06-02,2,Deportes,131.49,262.98
2419559,6427917,2019-06-02,2,Electronica,1490.77,2981.54
23259071,36504214,2019-06-02,2,Hogar,59.67,119.34
36096454,40297410,2019-06-02,2,Belleza,32.68,65.36
10182760,43524799,2019-06-02,2,Belleza,46.04,92.08
39964265,49540623,2019-06-02,2,Libros,53.24,106.48
29541442,32056128,2019-06-02,2,Ropa,85.1,170.2
11359398,1069623,2019-06-02,2,Hogar,241.16,482.32
42617452,2585437,2019-06-02,2,Hogar,432.42,864.84
13678707,6636354,2019-06-02,2,Libros,33.7,67.4
38035885,33185776,2019-06-02,2,Libros,15.64,31.28
8436327,44577672,2019-06-02,2,Ropa,179.49,358.98
14718433,35361547,2019-06-02,2,Ropa,15.9,31.8
14961410,43524724,2019-06-02,2,Libros,54.25,108.5
35460831,47893365,2019-06-02,4,Electronica,123.25,493.0
19141129,35627526,2019-06-02,2,Hogar,337.94,675.88
24141604,1069266,2019-06-02,2,Deportes,47.24,94.48
11609427,1069868,2019-06-02,2,Ropa,144.18,288.36
14543953,6306170,2019-06-02,2,Ropa,16.45,32.9
33983910,45342771,2019-06-02,2,Libros,51.34,102.68
41996996,5977586,2019-06-02,2,Belleza,58.58,117.16
4973716,42334702,2019-06-02,2,Deportes,55.51,111.02
5994381,47314546,2019-06-02,2,Deportes,288.59,577.18
33408597,46574064,2019-06-02,2,Ropa,102.97,205.94
32833148,43592805,2019-06-02,2,Electronica,326.88,653.76
36137129,46708411,2019-06-02,2,Belleza,6.8,13.6
11903705,43886086,2019-06-02,2,Hogar,213.98,427.96
21876547,48397922,2019-06-02,2,Deportes,178.84,357.68
8992082,37935150,2019-06-02,2,Ropa,26.27,52.54
6301450,41695547,2019-06-02,2,Deportes,55.78,111.56
23685843,32031654,2019-06-02,2,Belleza,35.74,71.48
30022979,48973579,2019-06-02,2,Belleza,77.5,155.0
34320424,39646280,2019-06-02,2,Hogar,272.01,544.02
6724636,43294577,2019-06-03,2,Libros,8.79,17.58
31625922,36508488,2019-06-03,2,Libros,58.26,116.52
10742708,44048838,2019-06-03,2,Ropa,178.56,357.12
12494756,511199,2019-06-03,2,Belleza,34.81,69.62
13309524,50773673,2019-06-01,2,Hogar,74.33,148.66
15264340,48705107,2019-06-01,2,Hogar,472.07,944.14
41555612,48895802,2019-06-01,2,Deportes,195.23,390.46
35499502,48011405,2019-06-01,3,Deportes,138.24,414.72
21393306,51303761,2019-06-01,2,Hogar,252.82,505.64
32936257,39217639,2019-06-01,2,Deportes,313.64,627.28
11921421,49640758,2019-06-01,2,Belleza,24.36,48.72
9927857,48678548,2019-06-01,2,Electronica,1162.87,2325.74
36151937,48919631,2019-06-01,2,Belleza,91.19,182.38
21046425,34975579,2019-06-01,2,Hogar,276.58,553.16
16945810,48974802,2019-06-01,2,Hogar,434.93,869.86
38436981,31442655,2019-06-01,3,Belleza,20.2,60.599999999999994
23130850,31276757,2019-06-01,2,Deportes,246.28,492.56
13402697,31150300,2019-06-01,2,Deportes,190.75,381.5
25172860,46191008,2019-06-01,2,Libros,28.23,56.46
4332957,44605761,2019-06-01,4,Hogar,137.49,549.96
43061105,724506,2019-06-01,2,Ropa,80.73,161.46
25459528,39446867,2019-06-01,2,Libros,10.95,21.9
15422261,34214476,2019-06-01,2,Deportes,115.61,231.22
16772676,31342126,2019-06-01,2,Belleza,36.28,72.56
1586489,48790839,2019-06-01,2,Deportes,293.85,587.7
23756347,48554457,2019-06-01,2,Belleza,10.58,21.16
11590762,49932129,2019-06-01,2,Libros,40.82,81.64
16515800,43258073,2019-06-01,2,Hogar,122.38,244.76
1414061,47081476,2019-06-01,2,Deportes,51.11,102.22
12938301,1869259,2019-06-01,2,Belleza,39.59,79.18
1414061,45642431,2019-06-01,2,Hogar,123.87,247.74
28345028,36323811,2019-06-01,2,Ropa,114.89,229.78
17057824,46808776,2019-06-01,2,Belleza,46.1,92.2
21899512,42033035,2019-06-01,2,Libros,58.13,116.26
21302162,50672516,2019-06-01,2,Ropa,193.07,386.14
16713260,31308598,2019-06-01,2,Ropa,94.31,188.62
28897095,32241530,2019-06-01,2,Electronica,1202.88,2405.76
26731518,49221081,2019-06-01,2,Deportes,25.04,50.08
32372820,46485146,2019-06-01,3,Belleza,68.0,204.0
20663005,48493312,2019-06-01,2,Ropa,151.23,302.46
14833732,44926968,2019-06-01,2,Electronica,364.57,729.14
41019444,31256173,2019-06-01,2,Libros,8.36,16.72
30701956,4134939,2019-06-01,2,Hogar,90.62,181.24
11180430,51844347,2019-06-01,2,Belleza,55.81,111.62
10635836,38628358,2019-06-01,2,Ropa,106.21,212.42
843464,875129,2019-06-01,2,Deportes,164.74,329.48
13839071,40936681,2019-06-01,2,Electronica,687.96,1375.92
12138383,49306573,2019-06-01,2,Ropa,99.34,198.68
43020756,38426344,2019-06-01,2,Deportes,312.39,624.78
11271543,420512,2019-06-01,2,Ropa,30.0,60.0
12728762,40567474,2019-06-01,2,Belleza,93.43,186.86
15133258,44602425,2019-06-01,2,Belleza,84.19,168.38
30784368,31692133,2019-06-01,2,Belleza,90.29,180.58
20698372,1069826,2019-06-01,2,Libros,45.4,90.8
21064124,48675707,2019-06-01,2,Libros,30.88,61.76
15390197,32098818,2019-05-31,2,Electronica,356.53,713.06
42716726,32283589,2019-05-31,3,Belleza,66.71,200.13
10754268,48247654,2019-05-31,2,Deportes,384.03,768.06
41678383,51369224,2019-05-31,2,Ropa,121.82,243.64
21708003,34720132,2019-05-31,2,Hogar,20.36,40.72
4718171,50416679,2019-06-01,2,Deportes,42.69,85.38
14183600,32242274,2019-06-01,2,Ropa,156.99,313.98
38874792,34585783,2019-05-31,2,Libros,59.61,119.22
38267461,31316696,2019-06-01,2,Libros,8.96,17.92
23159389,46948784,2019-06-01,2,Deportes,209.57,419.14
39414972,35713996,2019-06-01,2,Deportes,37.5,75.0
4620095,31114445,2019-05-31,2,Libros,24.42,48.84
24561365,41520088,2019-05-31,2,Belleza,116.47,232.94
40146363,35382499,2019-05-31,2,Electronica,512.08,1024.16
26591599,3154407,2019-05-31,2,Ropa,87.88,175.76
31605955,42671449,2019-05-31,2,Electronica,969.41,1938.82
4614054,42695503,2019-05-31,3,Ropa,14.58,43.74
15032011,4234731,2019-05-31,2,Ropa,180.58,361.16
20428942,34827275,2019-05-31,2,Electronica,803.19,1606.38
37967678,33750021,2019-05-31,2,Deportes,197.39,394.78
14187240,37180076,2019-05-31,2,Ropa,173.54,347.08
18377299,44863918,2019-05-31,3,Electronica,1431.96,4295.88
12939583,86593,2019-05-31,2,Ropa,90.45,180.9
10144086,7587271,2019-05-31,2,Hogar,442.85,885.7
11930089,48410660,2019-05-31,2,Hogar,98.63,197.26
35976421,43737432,2019-05-31,2,Deportes,329.97,659.94
2645420,41048238,2019-05-31,2,Belleza,51.37,102.74
3193267,46575015,2019-05-31,2,Ropa,187.75,375.5
23083174,6862788,2019-05-31,2,Hogar,475.7,951.4
7731638,34203129,2019-05-31,2,Belleza,18.21,36.42
25245147,39338391,2019-05-31,2,Belleza,115.0,230.0
22646340,32354400,2019-05-31,2,Ropa,79.97,159.94
11299334,49542664,2019-05-31,2,Electronica,987.07,1974.14
22376708,6027014,2019-05-31,2,Ropa,16.6,33.2
17709000,41188619,2019-05-31,2,Hogar,446.11,892.22
14366807,6873705,2019-05-31,2,Belleza,78.78,157.56
14274401,46551829,2019-05-31,2,Ropa,132.28,264.56
5908037,49652048,2019-05-31,2,Electronica,1358.16,2716.32
36531508,31570695,2019-05-31,2,Ropa,106.59,213.18
2843485,31780328,2019-05-31,2,Deportes,176.0,352.0
42080580,42014043,2019-05-30,2,Electronica,1305.89,2611.78
6714000,85702,2019-05-30,2,Hogar,375.07,750.14
1441203,41831855,2019-05-31,2,Belleza,114.13,228.26
2029044,46478520,2019-05-30,2,Ropa,188.62,377.24
6390226,37961684,2019-05-31,2,Electronica,604.37,1208.74
23873565,34633765,2019-05-30,2,Deportes,189.85,379.7
42324827,35609101,2019-05-30,2,Electronica,421.18,842.36
26554929,37197658,2019-05-30,5,Libros,41.34,206.70000000000002
10002881,46386350,2019-05-30,3,Deportes,158.53,475.59000000000003
21073893,41775102,2019-05-30,3,Hogar,396.26,1188.78
17921229,43504302,2019-05-30,2,Belleza,18.98,37.96
25453329,47103092,2019-05-30,6,Electronica,865.64,5193.84
15331321,40929119,2019-05-30,2,Hogar,71.46,142.92
42932555,34397758,2019-05-31,2,Ropa,48.85,97.7
13387319,36947592,2019-05-31,2,Electronica,172.22,344.44
850996,31948259,2019-05-31,2,Libros,39.1,78.2
32339704,32024144,2019-05-31,2,Deportes,75.99,151.98
3531374,51168928,2019-05-31,2,Deportes,80.79,161.58
42583456,32735605,2019-05-31,2,Electronica,70.63,141.26
284268,47898435,2019-05-31,2,Libros,48.01,96.02
3211353,33698052,2019-05-31,2,Electronica,1227.83,2455.66
6099568,3735259,2019-05-31,2,Ropa,40.78,81.56
1051979,31671481,2019-05-31,2,Hogar,373.67,747.34
42037448,43474411,2019-05-31,2,Hogar,483.56,967.12
909317,1263681,2019-05-31,2,Libros,30.4,60.8
42957091,34792459,2019-05-31,2,Deportes,184.75,369.5
39913245,49002975,2019-05-31,2,Ropa,55.52,111.04
1715429,50866317,2019-05-31,3,Hogar,316.37,949.11
8825007,40557267,2019-05-31,2,Ropa,43.91,87.82
40030193,50031943,2019-05-31,2,Libros,46.63,93.26
15318789,50477352,2019-05-31,2,Deportes,38.09,76.18
10044922,38230301,2019-05-31,2,Electronica,1440.74,2881.48
40743612,50799022,2019-05-31,2,Electronica,154.22,308.44
6532399,51242329,2019-05-31,2,Hogar,296.03,592.06
10596298,32195697,2019-05-31,2,Belleza,108.75,217.5
3813725,42576544,2019-05-31,2,Libros,5.65,11.3
3486676,48504580,2019-05-31,2,Hogar,256.78,513.56
17310682,42695475,2019-05-31,3,Belleza,45.25,135.75
22377527,6896416,2019-05-31,3,Ropa,120.26,360.78000000000003
20324031,6990730,2019-05-31,2,Libros,17.4,34.8
41252196,34392696,2019-05-31,2,Ropa,22.33,44.66
10515884,34688892,2019-05-31,2,Deportes,257.85,515.7
920644,31784306,2019-05-31,2,Libros,27.93,55.86
9429615,38661664,2019-05-31,2,Belleza,76.59,153.18
37235904,32717593,2019-05-31,2,Deportes,100.0,200.0
6520034,46278586,2019-05-31,2,Electronica,541.17,1082.34
15266950,4430282,2019-05-31,2,Belleza,69.59,139.18
23040764,3962709,2019-05-31,2,Hogar,302.66,605.32
8882575,48383845,2019-05-31,2,Electronica,589.86,1179.72
38357309,42137785,2019-05-31,2,Electronica,456.08,912.16
32231499,37610661,2019-05-31,2,Hogar,147.74,295.48
4426703,36803493,2019-05-31,3,Libros,14.61,43.83
24992063,46724287,2019-05-31,2,Electronica,521.84,1043.68
18619400,39314377,2019-05-31,2,Belleza,27.94,55.88
17632599,34766722,2019-05-31,2,Deportes,260.85,521.7
10412539,37447574,2019-05-31,2,Electronica,875.15,1750.3
34846242,38040259,2019-05-31,2,Belleza,49.0,98.0
7443837,35745189,2019-05-31,2,Ropa,71.91,143.82
9625718,748384,2019-05-31,2,Belleza,32.33,64.66
16864800,31435283,2019-05-31,2,Deportes,223.47,446.94
12143540,45734123,2019-05-31,2,Belleza,110.67,221.34
14156768,44177402,2019-05-30,6,Hogar,347.57,2085.42
42358338,35187319,2019-05-30,7,Belleza,119.94,839.5799999999999
2149505,46169213,2019-05-30,3,Deportes,302.88,908.64
23645414,2582200,2019-05-30,2,Libros,50.89,101.78
39476384,46232882,2019-05-30,3,Ropa,76.81,230.43
15551583,2689633,2019-05-30,2,Hogar,45.49,90.98
41788205,35276005,2019-05-30,2,Libros,39.24,78.48
21378306,7157608,2019-05-30,2,Belleza,26.7,53.4
20514888,4014545,2019-05-30,3,Deportes,236.24,708.72
37036743,40195659,2019-05-30,3,Ropa,150.51,451.53
4541391,43332828,2019-05-30,2,Hogar,395.06,790.12
8198231,47270589,2019-05-30,3,Libros,21.6,64.80000000000001
41861416,40275993,2019-05-30,2,Belleza,17.23,34.46
1799632,34471085,2019-05-30,2,Libros,33.18,66.36
20723643,46211285,2019-05-30,5,Ropa,127.98,639.9
12877792,31616603,2019-05-30,2,Belleza,99.24,198.48
12877792,4344478,2019-05-30,3,Ropa,154.66,463.98
25030469,42909193,2019-05-30,3,Libros,59.34,178.02
6845619,39204763,2019-05-30,2,Electronica,61.72,123.44
19172824,35110105,2019-05-30,3,Hogar,227.18,681.54
41643536,40195796,2019-05-30,2,Ropa,58.65,117.3
6619879,43901185,2019-05-30,2,Libros,11.59,23.18
33242,2899065,2019-05-30,2,Belleza,109.82,219.64
14578028,43302449,2019-05-30,2,Libros,59.89,119.78
35068561,38312381,2019-05-30,2,Belleza,25.77,51.54
30597010,36484976,2019-05-30,2,Ropa,17.3,34.6
42179242,86241,2019-05-30,4,Belleza,36.63,146.52
42893916,49890201,2019-05-30,2,Deportes,337.25,674.5
33704963,46279019,2019-05-30,2,Deportes,131.68,263.36
25401540,5898575,2019-05-30,2,Deportes,41.62,83.24
18970823,3042378,2019-05-30,2,Electronica,126.11,252.22
14332637,44210013,2019-05-30,3,Ropa,91.21,273.63
10155108,39040976,2019-05-30,2,Libros,56.25,112.5
33832836,44741621,2019-05-30,2,Libros,20.73,41.46
16811520,35733846,2019-05-30,2,Electronica,669.38,1338.76
42904009,48229721,2019-05-30,2,Belleza,16.72,33.44
13205114,32078558,2019-05-30,2,Electronica,765.68,1531.36
31891323,39505997,2019-05-30,2,Belleza,85.1,170.2
36355195,38060626,2019-05-30,3,Belleza,36.18,108.53999999999999
23731367,39050110,2019-05-30,2,Ropa,199.33,398.66
16638283,7009715,2019-05-30,2,Hogar,158.9,317.8
8621783,41277806,2019-05-30,2,Libros,51.31,102.62
42641588,32395233,2019-05-30,3,Deportes,23.94,71.82000000000001
14803229,47344415,2019-05-31,2,Belleza,78.19,156.38
1561717,48307637,2019-06-01,2,Hogar,206.03,412.06
3871607,6296160,2019-06-01,2,Libros,21.41,42.82
14189168,31264988,2019-05-30,2,Ropa,81.99,163.98
34025926,34912478,2019-05-30,2,Deportes,269.89,539.78
12438736,42456577,2019-05-30,2,Belleza,100.99,201.98
19955266,35470354,2019-05-29,3,Belleza,69.22,207.66
16074697,34343012,2019-05-29,4,Electronica,95.09,380.36
15617735,2690913,2019-05-29,3,Electronica,719.03,2157.09
4495644,3172126,2019-05-29,2,Libros,30.45,60.9
16074697,51831921,2019-05-29,7,Deportes,226.64,1586.48
30540195,35289134,2019-05-29,2,Belleza,82.16,164.32
1887512,31921926,2019-05-29,2,Libros,6.06,12.12
42216126,34909244,2019-05-29,2,Libros,32.61,65.22
5335233,42415840,2019-05-29,2,Ropa,121.78,243.56
26455075,34683732,2019-05-29,2,Electronica,547.86,1095.72
23259093,44570010,2019-05-29,2,Deportes,273.98,547.96
42506121,48548011,2019-05-29,2,Belleza,31.24,62.48
21734102,46921014,2019-05-29,2,Libros,22.46,44.92
20039582,41866246,2019-05-29,3,Belleza,115.72,347.15999999999997
5156815,45288084,2019-05-29,2,Ropa,76.13,152.26
10635646,37533087,2019-05-29,2,Deportes,151.67,303.34
23540636,47952451,2019-05-29,2,Libros,37.76,75.52
41156153,48074731,2019-05-29,2,Belleza,116.66,233.32
13965961,4276672,2019-05-29,2,Electronica,1475.47,2950.94
6312726,33190349,2019-05-29,2,Ropa,120.14,240.28
33893083,35234760,2019-05-29,3,Deportes,20.41,61.230000000000004
1070779,32358950,2019-05-29,2,Ropa,181.12,362.24
21391102,42566053,2019-05-29,2,Electronica,876.85,1753.7
25898813,46370878,2019-05-29,2,Deportes,159.08,318.16
31335606,2032179,2019-05-29,4,Ropa,167.55,670.2
12964351,34145470,2019-05-29,2,Hogar,208.92,417.84
8317542,31775225,2019-05-29,2,Electronica,99.36,198.72
31577575,6537354,2019-05-29,2,Electronica,1240.55,2481.1
31001315,38343319,2019-05-30,2,Electronica,841.5,1683.0
36725019,43803233,2019-05-29,2,Hogar,179.0,358.0
30713100,39013973,2019-05-29,2,Hogar,136.68,273.36
36773443,31966583,2019-05-29,2,Belleza,73.29,146.58
15502447,35755631,2019-05-29,2,Libros,16.44,32.88
30827427,31276752,2019-05-29,2,Ropa,71.53,143.06
7180992,38033298,2019-05-29,2,Belleza,78.2,156.4
13433045,1295450,2019-05-29,2,Ropa,177.49,354.98
37722033,51641440,2019-05-29,2,Libros,34.31,68.62
20026531,3735906,2019-05-29,2,Hogar,383.17,766.34
35933030,355455,2019-05-29,2,Libros,46.97,93.94
12070983,48229290,2019-05-29,2,Hogar,337.21,674.42
2968697,47299376,2019-05-29,2,Libros,18.52,37.04
23805181,43510813,2019-05-29,2,Belleza,104.68,209.36
26135384,37301881,2019-05-29,2,Deportes,185.78,371.56
16138603,31712038,2019-05-28,2,Belleza,10.08,20.16
3675028,5985070,2019-05-28,2,Ropa,56.48,112.96
15704834,46088269,2019-05-28,2,Belleza,93.04,186.08
17042922,4570575,2019-05-28,2,Electronica,150.24,300.48
35421897,36263458,2019-05-28,3,Ropa,38.0,114.0
30015976,31298154,2019-05-28,3,Libros,43.18,129.54
9869383,2379120,2019-05-28,2,Ropa,179.59,359.18
10614212,50026079,2019-05-28,2,Deportes,260.82,521.64
36429854,37231084,2019-05-28,3,Hogar,122.81,368.43
10492867,36869057,2019-05-28,3,Libros,7.94,23.82
6124503,50748367,2019-05-28,2,Ropa,126.87,253.74
27767006,33005638,2019-05-28,2,Libros,7.61,15.22
31183588,26619859,2019-05-28,2,Libros,38.7,77.4
10810061,46506432,2019-05-28,2,Electronica,406.69,813.38
32062589,46394286,2019-05-28,2,Libros,17.41,34.82
22623969,4474604,2019-05-28,2,Hogar,453.76,907.52
15006184,32309999,2019-05-28,3,Belleza,59.64,178.92000000000002
40571114,4780315,2019-05-28,2,Libros,17.32,34.64
4928444,48456940,2019-05-28,2,Electronica,1287.06,2574.12
34539827,48449119,2019-05-28,3,Deportes,116.53,349.59000000000003
29295670,48076015,2019-05-28,2,Hogar,163.7,327.4
15793576,47390654,2019-05-28,2,Ropa,168.51,337.02
20580968,44310637,2019-05-29,2,Hogar,164.76,329.52
40532178,39615954,2019-05-28,2,Ropa,87.93,175.86
3756061,32282794,2019-05-28,2,Hogar,183.62,367.24
15577486,6783291,2019-05-28,2,Ropa,32.12,64.24
1724621,37838523,2019-05-28,2,Libros,7.14,14.28
78333,6693395,2019-05-28,2,Belleza,88.32,176.64
40914259,3284638,2019-05-28,2,Ropa,132.58,265.16
36050241,50909026,2019-05-28,2,Ropa,63.65,127.3
13894088,33998558,2019-05-28,2,Electronica,478.62,957.24
7097820,44165314,2019-05-28,3,Ropa,189.55,568.6500000000001
11458418,33813984,2019-05-28,2,Electronica,1482.12,2964.24
10644306,6549518,2019-05-28,3,Deportes,199.91,599.73
11300689,46296994,2019-05-28,2,Libros,49.13,98.26
16932751,3255471,2019-05-28,2,Electronica,1118.19,2236.38
33659556,48955664,2019-05-28,2,Belleza,39.19,78.38
6644897,39241149,2019-05-28,2,Libros,8.22,16.44
16299786,31249293,2019-05-28,2,Electronica,256.71,513.42
26596420,4772498,2019-05-28,2,Libros,51.11,102.22
41475778,31298151,2019-05-28,2,Libros,45.22,90.44
36530138,50602115,2019-05-28,2,Electronica,507.9,1015.8
20597972,46283042,2019-05-28,2,Libros,41.54,83.08
20456389,4025500,2019-05-28,2,Deportes,69.65,139.3
933524,50771651,2019-05-28,2,Belleza,78.59,157.18
18133227,51325962,2019-05-28,2,Hogar,389.49,778.98
17602365,46481464,2019-05-28,2,Hogar,432.39,864.78
31120923,48359844,2019-05-28,2,Electronica,69.19,138.38
11513475,37667130,2019-05-28,2,Libros,42.65,85.3
27463094,2595496,2019-05-28,2,Electronica,77.69,155.38
1223366,7103776,2019-05-28,2,Deportes,288.61,577.22
34658195,37339420,2019-05-28,2,Deportes,261.54,523.08
42062953,42695426,2019-05-28,4,Ropa,38.19,152.76
42176047,40967281,2019-05-28,2,Deportes,311.13,622.26
13498582,438094,2019-05-28,2,Ropa,86.98,173.96
4286910,32584896,2019-05-28,2,Ropa,22.99,45.98
16150001,44450633,2019-05-28,2,Belleza,100.04,200.08
20766120,36511904,2019-05-28,2,Electronica,429.8,859.6
3577343,33410739,2019-05-28,2,Belleza,84.22,168.44
25564813,42339509,2019-05-28,2,Deportes,371.0,742.0
13348596,35557482,2019-05-28,2,Belleza,44.08,88.16
40614352,43258068,2019-05-28,2,Electronica,1221.71,2443.42
13213941,7127291,2019-05-28,2,Ropa,108.36,216.72
15409499,5794118,2019-05-28,2,Belleza,62.83,125.66
8355702,42466588,2019-05-28,2,Belleza,58.26,116.52
28872519,40219231,2019-05-28,6,Deportes,79.89,479.34000000000003
12246393,4552938,2019-05-28,2,Libros,37.47,74.94
35585175,40276034,2019-05-28,2,Belleza,90.45,180.9
34674528,46346443,2019-05-28,2,Ropa,184.21,368.42
9360198,44294313,2019-05-28,3,Deportes,343.3,1029.9
42249733,50079916,2019-05-28,2,Belleza,63.65,127.3
22106382,43221710,2019-05-28,2,Libros,44.55,89.1
23873144,37614481,2019-05-28,2,Deportes,324.3,648.6
29109719,40651619,2019-05-28,3,Hogar,254.34,763.02
35440574,50514752,2019-05-28,7,Libros,11.35,79.45
18395288,4919746,2019-05-28,2,Ropa,93.21,186.42
22427428,32653423,2019-05-28,2,Belleza,101.88,203.76
25250974,46549901,2019-05-28,2,Hogar,304.37,608.74
35584082,558346,2019-05-28,2,Hogar,366.36,732.72
42124613,2583207,2019-05-28,2,Libros,32.32,64.64
22749783,2848578,2019-05-28,2,Deportes,90.4,180.8
15159037,31991199,2019-05-28,2,Libros,16.62,33.24
33792938,46521236,2019-05-28,2,Hogar,482.7,965.4
23090076,36942047,2019-05-28,2,Ropa,86.78,173.56
21663487,31308592,2019-05-28,2,Ropa,134.19,268.38
3199770,37667607,2019-05-28,2,Electronica,77.36,154.72
17658310,43503997,2019-05-28,2,Ropa,34.19,68.38
41894976,40276011,2019-05-28,2,Belleza,74.61,149.22
8654461,33076219,2019-05-28,2,Libros,48.01,96.02
42427248,43155001,2019-05-28,2,Hogar,484.47,968.94
10452359,43506699,2019-05-28,2,Ropa,70.81,141.62
35325025,30561109,2019-05-28,2,Deportes,294.83,589.66
13074285,36296332,2019-05-28,2,Deportes,34.13,68.26
3830222,36398241,2019-05-29,2,Electronica,573.26,1146.52
1268004,39043924,2019-05-28,2,Hogar,23.47,46.94
42028213,40265147,2019-05-28,2,Electronica,328.94,657.88
41545035,1068805,2019-05-27,3,Hogar,379.95,1139.85
11153706,49921066,2019-05-27,2,Deportes,376.09,752.18
28077032,43488886,2019-05-27,2,Electronica,176.8,353.6
4829682,34853374,2019-05-27,3,Belleza,69.16,207.48
14610144,1751385,2019-05-27,3,Libros,18.96,56.88
3316567,44042998,2019-05-27,2,Libros,12.65,25.3
23604044,33868730,2019-05-27,2,Hogar,121.21,242.42
18686037,36887907,2019-05-27,2,Belleza,71.44,142.88
12816065,6296161,2019-05-27,2,Electronica,144.45,288.9
4784,6896403,2019-05-27,2,Belleza,54.94,109.88
19885264,7036103,2019-05-27,4,Belleza,20.55,82.2
7456395,31737186,2019-05-27,2,Electronica,445.38,890.76
34438907,36545277,2019-05-27,2,Deportes,92.49,184.98
8635714,47853249,2019-05-27,3,Belleza,106.54,319.62
17156912,31296869,2019-05-27,3,Belleza,86.42,259.26
20034758,46475653,2019-05-27,2,Deportes,350.02,700.04
24968287,40262308,2019-05-27,2,Belleza,49.1,98.2
18673906,47864485,2019-05-27,2,Belleza,41.04,82.08
29160154,36485426,2019-05-27,2,Belleza,48.77,97.54
14744568,4316003,2019-05-27,2,Electronica,334.46,668.92
38873546,50416668,2019-05-27,2,Libros,6.02,12.04
24094883,47957763,2019-05-27,2,Ropa,147.69,295.38
12661488,51087229,2019-05-27,2,Deportes,152.91,305.82
34814069,40428551,2019-05-27,2,Belleza,41.03,82.06
4824823,36898328,2019-05-27,2,Libros,37.9,75.8
18168048,47377885,2019-05-27,2,Deportes,185.77,371.54
15029044,2026122,2019-05-27,2,Hogar,490.71,981.42
30968221,35432381,2019-05-27,2,Hogar,187.78,375.56
6643456,156608,2019-05-27,2,Belleza,75.6,151.2
37906674,33333841,2019-05-27,2,Libros,22.14,44.28
30499954,34707274,2019-05-27,2,Libros,59.48,118.96
9047478,36534317,2019-05-27,5,Deportes,189.14,945.6999999999999
8003912,42624931,2019-05-27,2,Deportes,260.97,521.94
19150835,3282032,2019-05-27,2,Libros,11.97,23.94
14376617,37749000,2019-05-27,2,Deportes,298.55,597.1
1348932,173440,2019-05-27,2,Libros,19.81,39.62
12219685,40774766,2019-05-27,3,Ropa,95.24,285.71999999999997
39489986,48598431,2019-05-27,2,Libros,53.57,107.14
26494396,34548648,2019-05-27,2,Hogar,485.72,971.44
41955178,41186372,2019-05-27,2,Deportes,181.34,362.68
36420587,46272726,2019-05-27,2,Libros,50.91,101.82
21558426,42120341,2019-05-27,3,Libros,7.93,23.79
32802263,5778187,2019-05-27,2,Deportes,342.08,684.16
15741841,33091396,2019-05-27,3,Ropa,129.61,388.83000000000004
3638325,34424388,2019-05-27,2,Ropa,102.85,205.7
14992751,35625461,2019-05-27,2,Deportes,358.19,716.38
12482470,32193425,2019-05-27,2,Electronica,1275.74,2551.48
6737398,32329369,2019-05-27,2,Deportes,132.84,265.68
4775113,40293799,2019-05-27,2,Deportes,320.77,641.54
41782577,44471280,2019-05-27,2,Electronica,1410.62,2821.24
9724657,34093155,2019-05-27,3,Ropa,28.9,86.69999999999999
15897962,34985914,2019-05-27,2,Ropa,166.33,332.66
11509800,38127333,2019-05-27,2,Deportes,276.67,553.34
31613767,48799627,2019-05-27,2,Deportes,53.39,106.78
10290230,3340765,2019-05-27,2,Deportes,279.57,559.14
4358452,45281816,2019-05-27,2,Ropa,120.3,240.6
19112664,47005302,2019-05-27,3,Deportes,245.93,737.79
19974467,36435060,2019-05-27,3,Deportes,130.53,391.59000000000003
23260248,42280476,2019-05-27,2,Belleza,35.65,71.3
17427019,6682418,2019-05-27,2,Electronica,1155.68,2311.36
21965082,6029435,2019-05-27,2,Hogar,139.55,279.1
42585319,43532127,2019-05-27,2,Electronica,697.08,1394.16
39097594,41913693,2019-05-27,4,Belleza,84.9,339.6
18283909,32151680,2019-05-27,2,Hogar,53.61,107.22
10297894,3901904,2019-05-27,2,Deportes,245.93,491.86
11346069,4836530,2019-05-27,2,Belleza,72.78,145.56
3190757,39750018,2019-05-27,2,Deportes,280.01,560.02
41977667,42881841,2019-05-27,2,Ropa,80.29,160.58
41356608,31223027,2019-05-27,2,Libros,29.69,59.38
10542488,38638759,2019-05-27,2,Belleza,42.95,85.9
37252444,47086276,2019-05-27,2,Ropa,163.55,327.1
30075971,6391604,2019-05-27,2,Belleza,20.02,40.04
15917990,46792635,2019-05-27,2,Belleza,115.74,231.48
29112582,46304670,2019-05-27,2,Ropa,130.62,261.24
15698134,50376778,2019-05-27,2,Hogar,445.15,890.3
990647,32879191,2019-05-27,2,Electronica,668.04,1336.08
35163844,6590770,2019-05-27,2,Deportes,146.27,292.54
16573881,48814089,2019-05-27,2,Belleza,108.58,217.16
7006004,35042075,2019-05-27,2,Deportes,57.57,115.14
14063206,31632755,2019-05-27,2,Libros,11.44,22.88
20283643,49162514,2019-05-27,2,Ropa,66.88,133.76
12863641,44700993,2019-05-27,2,Deportes,384.71,769.42
21880588,47985629,2019-05-27,2,Ropa,130.28,260.56
22709876,3466380,2019-05-27,2,Deportes,230.59,461.18
5722521,1008436,2019-05-27,2,Electronica,1072.77,2145.54
36129300,31578176,2019-05-27,2,Electronica,655.34,1310.68
40131806,35616441,2019-05-27,2,Electronica,1149.21,2298.42
17176536,31906880,2019-05-27,2,Electronica,620.18,1240.36
16254588,3597752,2019-05-27,2,Electronica,1248.23,2496.46
12479630,32283598,2019-05-27,2,Electronica,437.58,875.16
34414192,40153668,2019-05-27,2,Ropa,62.73,125.46
13330047,3763676,2019-05-27,2,Belleza,65.07,130.14
4258704,35080946,2019-05-27,2,Deportes,183.69,367.38
4821319,39429759,2019-05-27,3,Electronica,989.77,2969.31
39005051,47704965,2019-05-27,2,Ropa,79.22,158.44
27557666,36289070,2019-05-27,2,Ropa,53.8,107.6
12726066,35491300,2019-05-27,2,Ropa,99.26,198.52
26254969,2523398,2019-05-27,2,Belleza,69.51,139.02
12880415,34250048,2019-05-27,2,Deportes,74.19,148.38
25581310,38765699,2019-05-27,2,Belleza,69.02,138.04
10113448,43332766,2019-05-27,2,Hogar,169.84,339.68
414949,7000759,2019-05-27,2,Ropa,84.57,169.14
2174137,44472163,2019-05-27,2,Ropa,172.67,345.34
14196230,44184492,2019-05-27,2,Hogar,150.47,300.94
8648968,33916868,2019-05-27,2,Libros,56.23,112.46
863271,42622430,2019-05-27,2,Electronica,1040.84,2081.68
13223195,5773689,2019-05-27,2,Electronica,430.57,861.14
11046084,2415085,2019-05-27,2,Belleza,79.18,158.36
42574956,46165070,2019-05-27,2,Deportes,342.46,684.92
25219639,51173038,2019-05-27,2,Hogar,209.79,419.58
12205688,6638151,2019-05-27,2,Hogar,29.71,59.42
10826029,31838746,2019-05-27,2,Deportes,335.38,670.76
16195802,43548228,2019-05-27,2,Belleza,22.76,45.52
39891382,35238706,2019-05-27,2,Electronica,1243.03,2486.06
12853844,34544566,2019-05-27,2,Deportes,225.31,450.62
11471429,50073515,2019-05-27,2,Deportes,104.73,209.46
13311704,47939173,2019-05-27,2,Electronica,640.36,1280.72
41089876,7047323,2019-05-27,2,Hogar,494.18,988.36
19947522,47120871,2019-05-27,2,Electronica,1186.16,2372.32
42157980,46431355,2019-05-27,2,Ropa,107.05,214.1
36142645,7144923,2019-05-27,2,Deportes,238.53,477.06
2508865,35606228,2019-05-27,2,Hogar,70.85,141.7
34004758,34936403,2019-05-27,2,Hogar,217.64,435.28
22371751,3542000,2019-05-27,2,Electronica,431.42,862.84
28079905,32887155,2019-05-27,2,Deportes,46.98,93.96
32778613,6896392,2019-05-27,2,Belleza,67.35,134.7
2472086,33140033,2019-05-27,2,Ropa,189.56,379.12
13310767,35753443,2019-05-27,2,Deportes,357.89,715.78
16521783,25593309,2019-05-26,2,Ropa,138.36,276.72
33065463,32960004,2019-05-26,2,Electronica,76.59,153.18
10596402,3489081,2019-05-26,2,Libros,18.73,37.46
22054163,32027794,2019-05-26,2,Belleza,70.96,141.92
27188242,1008436,2019-05-27,3,Electronica,1072.77,3218.31
17916485,37145753,2019-05-27,2,Hogar,472.47,944.94
19052628,36682160,2019-05-27,2,Belleza,88.14,176.28
24442716,44596163,2019-05-27,2,Hogar,349.39,698.78
3675459,31517256,2019-05-27,2,Hogar,484.56,969.12
42513496,32988462,2019-05-27,2,Belleza,96.87,193.74
10489724,4659951,2019-05-27,2,Hogar,81.26,162.52
14745667,31474149,2019-05-27,2,Libros,36.98,73.96
2364365,34504448,2019-05-27,2,Hogar,183.6,367.2
41668037,40276058,2019-05-27,2,Electronica,904.24,1808.48
197483,36402096,2019-05-27,2,Ropa,193.38,386.76
21474243,3704365,2019-05-27,2,Deportes,206.09,412.18
19233606,1069960,2019-05-26,2,Deportes,62.42,124.84
3175426,37285334,2019-05-26,3,Libros,30.22,90.66
13368784,37738021,2019-05-27,2,Libros,43.33,86.66
16846220,46627730,2019-05-27,2,Ropa,199.53,399.06
41081377,37221868,2019-05-26,2,Libros,22.81,45.62
12217613,42614538,2019-05-26,2,Belleza,64.12,128.24
14348822,32202928,2019-05-26,2,Electronica,1325.54,2651.08
20096056,31168273,2019-05-26,2,Electronica,565.14,1130.28
5715829,4050478,2019-05-26,2,Electronica,208.43,416.86
42486446,36904549,2019-05-26,2,Ropa,190.3,380.6
8513488,50743820,2019-05-26,2,Ropa,102.8,205.6
28837806,39926490,2019-05-26,2,Hogar,258.85,517.7
26995391,3253486,2019-05-26,2,Electronica,950.74,1901.48
8116136,31816789,2019-05-26,2,Belleza,5.41,10.82
16997024,5808221,2019-05-26,2,Libros,56.21,112.42
27123032,51421237,2019-05-26,2,Belleza,46.57,93.14
20654683,1008343,2019-05-26,2,Libros,26.83,53.66
16200345,31871057,2019-05-26,2,Electronica,302.46,604.92
24525855,45995862,2019-05-27,2,Electronica,598.32,1196.64
25145430,34611954,2019-05-27,2,Electronica,1215.72,2431.44
4127285,4367346,2019-05-27,2,Ropa,162.0,324.0
5581479,33028883,2019-05-27,2,Libros,56.47,112.94
28967843,3939601,2019-05-26,2,Ropa,86.61,173.22
37235513,47440132,2019-05-26,2,Ropa,144.66,289.32
41613419,101086,2019-05-26,2,Deportes,212.75,425.5
5541595,37206782,2019-05-26,2,Belleza,97.46,194.92
21881508,46916949,2019-05-26,2,Belleza,86.94,173.88
12318984,146857,2019-05-26,2,Belleza,59.98,119.96
3568056,39340965,2019-05-26,2,Hogar,193.43,386.86
8639975,31225976,2019-05-26,2,Ropa,73.97,147.94
30787806,43279538,2019-05-26,2,Deportes,336.2,672.4
1999361,34807224,2019-05-26,2,Libros,18.88,37.76
4013274,47745765,2019-05-26,2,Deportes,239.08,478.16
20024851,36877232,2019-05-26,2,Deportes,386.26,772.52
28054537,42105793,2019-05-26,4,Belleza,28.01,112.04
31880048,41697824,2019-05-26,3,Ropa,28.1,84.30000000000001
42412827,6636355,2019-05-26,2,Hogar,72.91,145.82
41764527,11742359,2019-05-26,2,Ropa,158.79,317.58
24905860,44588465,2019-05-26,2,Electronica,557.65,1115.3
8168076,35168766,2019-05-26,2,Ropa,52.63,105.26
29632278,47062762,2019-05-26,2,Electronica,561.62,1123.24
18916293,4617345,2019-05-26,2,Electronica,985.73,1971.46
885351,6979844,2019-05-26,2,Hogar,280.19,560.38
849975,41875608,2019-05-26,2,Libros,45.9,91.8
26215531,1069664,2019-05-26,2,Belleza,43.99,87.98
4578508,34732051,2019-05-26,2,Ropa,95.89,191.78
15176330,44747295,2019-05-26,2,Electronica,197.85,395.7
13045055,34467645,2019-05-26,2,Ropa,23.88,47.76
35678007,45192866,2019-05-26,2,Libros,30.42,60.84
2847890,3735903,2019-05-27,2,Hogar,318.1,636.2
2508921,46453298,2019-05-27,2,Belleza,39.68,79.36
21508450,48798563,2019-05-27,2,Libros,38.7,77.4
6343215,37244082,2019-05-27,2,Belleza,9.95,19.9
2951014,43510983,2019-05-27,2,Deportes,66.27,132.54
17762286,47215304,2019-05-26,2,Belleza,104.5,209.0
17171976,48501966,2019-05-26,2,Hogar,289.66,579.32
13922890,6280997,2019-05-26,2,Libros,44.16,88.32
1920703,34968764,2019-05-26,2,Electronica,1270.86,2541.72
38756930,42138282,2019-05-26,2,Deportes,196.26,392.52
21535473,43468545,2019-05-26,4,Hogar,384.11,1536.44
15491715,32098882,2019-05-26,2,Ropa,109.67,219.34
2095400,42944026,2019-05-26,3,Libros,17.25,51.75
23609749,35406479,2019-05-26,2,Hogar,61.34,122.68
6067518,48072551,2019-05-26,2,Electronica,539.6,1079.2
3477205,48833859,2019-05-26,2,Belleza,61.39,122.78
10299520,35343962,2019-05-26,4,Electronica,509.48,2037.92
15495413,42494789,2019-05-26,2,Ropa,73.75,147.5
1385028,3989601,2019-05-26,2,Deportes,148.21,296.42
14392700,35892406,2019-05-26,2,Deportes,66.68,133.36
18662540,7103581,2019-05-26,2,Libros,9.66,19.32
25693416,7154380,2019-05-26,2,Deportes,37.67,75.34
29388789,39709118,2019-05-26,2,Libros,11.1,22.2
25613270,49462893,2019-05-26,2,Libros,23.9,47.8
27123032,36417815,2019-05-26,3,Libros,37.66,112.97999999999999
26405401,38509725,2019-05-26,3,Belleza,26.64,79.92
19905083,33873318,2019-05-26,2,Hogar,445.68,891.36
25221424,31081439,2019-05-26,2,Libros,49.46,98.92
2128379,43524724,2019-05-26,2,Libros,54.25,108.5
3755613,46887357,2019-05-26,3,Libros,33.63,100.89000000000001
21546310,47872897,2019-05-26,2,Hogar,366.24,732.48
29069069,6411072,2019-05-26,2,Electronica,581.18,1162.36
1081465,46862924,2019-05-26,2,Libros,7.02,14.04
6092282,44484483,2019-05-26,2,Belleza,109.0,218.0
925047,36856566,2019-05-26,2,Deportes,68.56,137.12
17141692,44805180,2019-05-26,2,Deportes,380.22,760.44
37996944,47627803,2019-05-26,2,Ropa,118.66,237.32
12583279,3401510,2019-05-26,2,Ropa,68.06,136.12
21875238,35267082,2019-05-26,2,Deportes,208.3,416.6
16461482,37232798,2019-05-26,2,Deportes,210.62,421.24
17170040,40776911,2019-05-26,2,Belleza,7.68,15.36
16341776,1953398,2019-05-26,2,Hogar,187.4,374.8
3924518,42567302,2019-05-26,2,Ropa,150.57,301.14
10121429,33028208,2019-05-26,2,Hogar,262.38,524.76
17746174,2342407,2019-05-26,2,Belleza,33.09,66.18
18037917,12726709,2019-05-26,2,Deportes,147.34,294.68
21421134,42695504,2019-05-26,2,Libros,52.47,104.94
20561778,32915026,2019-05-26,2,Hogar,269.89,539.78
1465149,35469135,2019-05-26,2,Deportes,220.77,441.54
10567414,6931260,2019-05-26,2,Deportes,385.36,770.72
8272334,32193659,2019-05-26,2,Electronica,515.28,1030.56
4214218,44744303,2019-05-26,2,Hogar,247.58,495.16
4372553,4909535,2019-05-26,2,Libros,49.64,99.28
41788823,43757870,2019-05-26,3,Hogar,383.07,1149.21
22447594,46023228,2019-05-26,2,Deportes,121.0,242.0
15295219,42659641,2019-05-26,2,Libros,13.31,26.62
24434719,36518121,2019-05-26,4,Belleza,85.58,342.32
14211340,43457693,2019-05-26,2,Electronica,423.6,847.2
27919142,33056893,2019-05-26,2,Deportes,370.62,741.24
19505790,38074854,2019-05-26,2,Ropa,34.56,69.12
11489555,47478745,2019-05-26,2,Ropa,70.48,140.96
20077745,47930583,2019-05-26,2,Electronica,129.44,258.88
2123837,34235637,2019-05-26,2,Belleza,85.88,171.76
21528761,48222316,2019-05-26,2,Deportes,358.68,717.36
13416526,32241530,2019-05-26,2,Electronica,1202.88,2405.76
14040695,31247885,2019-05-26,2,Hogar,323.4,646.8
1751911,53238,2019-05-26,3,Electronica,1409.74,4229.22
13673443,4367617,2019-05-26,2,Belleza,19.78,39.56
33712351,50728715,2019-05-26,2,Hogar,57.55,115.1
25394941,31274129,2019-05-26,2,Ropa,169.3,338.6
10042206,35134821,2019-05-26,2,Ropa,172.55,345.1
12230340,32055878,2019-05-26,2,Hogar,418.05,836.1
12354562,32079069,2019-05-26,2,Deportes,88.19,176.38
6391728,6190983,2019-05-26,2,Electronica,1208.5,2417.0
10896092,37405916,2019-05-26,2,Ropa,78.82,157.64
2468209,4460703,2019-05-26,4,Deportes,102.64,410.56
26722134,42602971,2019-05-26,2,Libros,56.08,112.16
5683753,38034728,2019-05-26,3,Hogar,163.9,491.70000000000005
21258197,4132844,2019-05-26,3,Hogar,208.23,624.6899999999999
13471979,1207259,2019-05-26,2,Ropa,142.92,285.84
12798596,48025913,2019-05-26,2,Electronica,475.37,950.74
11411742,35679648,2019-05-26,2,Deportes,331.27,662.54
7138226,42671309,2019-05-26,2,Electronica,151.55,303.1
1578960,33858679,2019-05-25,2,Belleza,95.99,191.98
14243962,3675585,2019-05-25,2,Belleza,74.21,148.42
27171770,47107285,2019-05-25,2,Libros,36.51,73.02
24089544,36296332,2019-05-25,2,Deportes,34.13,68.26
42326969,4661104,2019-05-25,3,Ropa,97.09,291.27
38920203,46240521,2019-05-25,2,Ropa,62.64,125.28
5072691,33527950,2019-05-25,3,Ropa,98.17,294.51
32951014,36802810,2019-05-25,2,Libros,29.75,59.5
19912903,7141684,2019-05-25,2,Belleza,72.13,144.26
21663894,47750473,2019-05-26,2,Electronica,458.28,916.56
17788419,42695372,2019-05-26,2,Libros,9.27,18.54
1469478,39696016,2019-05-26,2,Libros,12.98,25.96
29964285,40591736,2019-05-26,2,Electronica,1063.81,2127.62
14289585,7075921,2019-05-26,2,Ropa,14.27,28.54
41788823,47058415,2019-05-26,2,Deportes,345.45,690.9
5334524,44742767,2019-05-25,2,Electronica,1056.88,2113.76
17870914,34532397,2019-05-26,2,Belleza,93.33,186.66
6000156,36254072,2019-05-26,2,Hogar,420.45,840.9
4376221,35305806,2019-05-26,2,Hogar,74.51,149.02
3628712,46130148,2019-05-26,2,Deportes,74.78,149.56
5678397,4780625,2019-05-26,2,Libros,50.23,100.46
42417296,46065345,2019-05-26,2,Hogar,259.75,519.5
3456559,41659818,2019-05-25,2,Deportes,356.5,713.0
14581789,31160380,2019-05-25,2,Ropa,178.45,356.9
37669315,2585577,2019-05-25,2,Belleza,7.78,15.56
36142211,40485246,2019-05-25,2,Deportes,165.49,330.98
22710475,44336752,2019-05-25,2,Hogar,197.55,395.1
42448914,50770682,2019-05-26,2,Belleza,65.54,131.08
15785149,46401919,2019-05-25,2,Belleza,83.01,166.02
31615684,44131003,2019-05-25,2,Ropa,64.38,128.76
20733433,37716002,2019-05-25,2,Libros,18.87,37.74
1022057,39774713,2019-05-26,2,Hogar,199.91,399.82
14933418,51028256,2019-05-26,2,Ropa,105.18,210.36
550907,6896803,2019-05-26,2,Deportes,381.44,762.88
23552441,31160978,2019-05-26,2,Libros,46.92,93.84
10700241,44290069,2019-05-26,2,Deportes,183.14,366.28
13930580,6256840,2019-05-25,2,Libros,7.99,15.98
2091897,6806733,2019-05-25,2,Deportes,84.04,168.08
25842230,35588955,2019-05-25,3,Ropa,96.63,289.89
26910608,32640519,2019-05-25,2,Libros,49.76,99.52
40714941,40512295,2019-05-27,2,Libros,25.94,51.88
10330920,46252692,2019-05-27,2,Belleza,66.93,133.86
2308926,35134963,2019-05-27,2,Hogar,491.07,982.14
32708515,32590742,2019-05-27,2,Belleza,107.56,215.12
40243756,2573715,2019-05-25,2,Electronica,1375.0,2750.0
39358565,40575423,2019-05-25,2,Deportes,101.99,203.98
3055008,7035620,2019-05-25,2,Belleza,10.01,20.02
11753613,7026229,2019-05-25,2,Electronica,492.85,985.7
12126340,47592357,2019-05-25,2,Belleza,85.02,170.04
20369383,39916664,2019-05-25,2,Deportes,381.42,762.84
30156081,42403563,2019-05-25,2,Libros,9.24,18.48
13900500,713995,2019-05-25,2,Hogar,28.81,57.62
42221005,33334128,2019-05-25,2,Deportes,355.98,711.96
16363790,4011203,2019-05-25,2,Ropa,152.15,304.3
14869199,42804691,2019-05-25,2,Belleza,119.11,238.22
11718105,41884885,2019-05-25,2,Deportes,323.06,646.12
15041298,47314718,2019-05-25,2,Belleza,50.63,101.26
15139238,31611215,2019-05-25,3,Electronica,1197.99,3593.9700000000003
822267,49095264,2019-05-25,3,Libros,27.88,83.64
36915399,45637553,2019-05-25,2,Ropa,42.74,85.48
1544811,33826378,2019-05-25,2,Libros,11.37,22.74
13017625,43468642,2019-05-25,2,Ropa,119.96,239.92
15923290,46301938,2019-05-25,2,Hogar,191.68,383.36
5796415,6300991,2019-05-25,2,Belleza,14.24,28.48
11657314,37309993,2019-05-25,2,Belleza,107.0,214.0
38185644,1263120,2019-05-25,2,Hogar,111.2,222.4
11614173,3036232,2019-05-25,2,Electronica,1135.45,2270.9
29933911,32970068,2019-05-25,2,Libros,20.52,41.04
12117378,35134963,2019-05-25,2,Hogar,491.07,982.14
37110728,50602161,2019-05-25,2,Hogar,409.26,818.52
1934436,33712505,2019-05-25,2,Libros,11.51,23.02
38436624,50602118,2019-05-25,3,Deportes,307.31,921.9300000000001
1774820,36922347,2019-05-25,2,Belleza,16.28,32.56
22480185,34244790,2019-05-25,2,Libros,29.58,59.16
7500859,36354228,2019-05-25,2,Ropa,149.46,298.92
1739414,34473666,2019-05-25,2,Libros,14.53,29.06
6362911,7155818,2019-05-25,2,Deportes,128.55,257.1
10567485,46939597,2019-05-25,2,Belleza,104.45,208.9
29108720,2573745,2019-05-25,2,Hogar,444.28,888.56
29108720,35863689,2019-05-25,2,Deportes,37.08,74.16
16685116,35188772,2019-05-25,2,Belleza,24.33,48.66
16405990,46159421,2019-06-16,2,Libros,11.46,22.92
30656308,50711152,2019-06-16,2,Electronica,310.55,621.1
3868881,4033617,2019-06-16,2,Electronica,1456.77,2913.54
44384104,41632914,2019-06-16,3,Ropa,114.81,344.43
7350589,50184024,2019-06-16,2,Belleza,58.83,117.66
9919565,48084134,2019-06-16,2,Electronica,1477.48,2954.96
991713,31342134,2019-06-16,2,Hogar,285.12,570.24
31403328,2573579,2019-06-16,2,Belleza,81.03,162.06
26265040,2582192,2019-06-16,2,Hogar,176.39,352.78
15188935,39761024,2019-06-16,2,Hogar,200.33,400.66
10701151,33649803,2019-06-16,2,Electronica,911.89,1823.78
946744,4746276,2019-06-16,2,Belleza,13.03,26.06
6209977,31516269,2019-06-16,4,Deportes,127.66,510.64
13258026,35540899,2019-06-16,2,Libros,19.07,38.14
21082375,35429146,2019-06-16,2,Deportes,94.79,189.58
15316394,43138854,2019-06-16,2,Electronica,73.05,146.1
11115881,5213601,2019-06-16,2,Electronica,828.51,1657.02
25261068,6477004,2019-06-16,2,Libros,35.86,71.72
15840179,38781622,2019-06-16,2,Belleza,49.15,98.3
11181056,40452386,2019-06-16,2,Belleza,35.9,71.8
2346497,49744783,2019-06-16,2,Hogar,331.25,662.5
7791450,48963095,2019-06-16,2,Libros,12.41,24.82
32367995,34432818,2019-06-15,2,Libros,33.52,67.04
6998612,52515200,2019-06-16,2,Belleza,93.33,186.66
11335756,53622909,2019-06-15,2,Hogar,94.68,189.36
44257526,42382405,2019-06-15,2,Electronica,1142.23,2284.46
6925765,4904749,2019-06-15,2,Ropa,154.55,309.1
11241918,34415088,2019-06-15,2,Deportes,42.77,85.54
3611843,43873315,2019-06-15,2,Electronica,77.24,154.48
29209330,41505393,2019-06-15,2,Belleza,117.0,234.0
21905534,32335350,2019-06-15,4,Deportes,93.49,373.96
10108369,2580509,2019-06-15,2,Ropa,166.21,332.42
10430741,34770906,2019-06-15,2,Ropa,116.75,233.5
41427636,6055152,2019-06-15,2,Hogar,143.27,286.54
8508775,42008299,2019-06-15,2,Deportes,69.39,138.78
13517453,3949764,2019-06-15,2,Hogar,255.89,511.78
6142642,44616562,2019-06-15,2,Electronica,640.66,1281.32
13374362,43340357,2019-06-15,3,Libros,43.44,130.32
3743298,34244779,2019-06-15,2,Libros,54.73,109.46
15514797,43355749,2019-06-15,2,Libros,49.29,98.58
20374133,36788551,2019-06-15,2,Deportes,124.29,248.58
15906890,25134259,2019-06-15,5,Libros,53.34,266.70000000000005
7243178,50127865,2019-06-15,2,Electronica,1258.42,2516.84
43907454,4519368,2019-06-15,2,Hogar,465.63,931.26
10004748,42512860,2019-06-15,2,Deportes,194.29,388.58
17320451,40316477,2019-06-15,2,Hogar,387.76,775.52
12039508,2480140,2019-06-15,2,Deportes,244.83,489.66
30913876,31717234,2019-06-15,2,Hogar,165.59,331.18
42896425,3573268,2019-06-15,2,Ropa,198.94,397.88
12404079,44808832,2019-06-15,2,Hogar,33.58,67.16
20143632,37452269,2019-06-15,3,Libros,13.92,41.76
3370514,48875493,2019-06-15,2,Ropa,179.58,359.16
25589854,48529652,2019-06-15,2,Hogar,44.37,88.74
13200389,50303557,2019-06-15,2,Deportes,356.99,713.98
41544370,4643611,2019-06-15,2,Deportes,291.78,583.56
12152470,54253465,2019-06-15,2,Deportes,33.94,67.88
3645371,33445420,2019-06-15,2,Belleza,54.37,108.74
30662535,39195675,2019-06-15,2,Electronica,1143.98,2287.96
1769874,665199,2019-06-15,3,Deportes,241.58,724.74
37235501,50932114,2019-06-15,2,Ropa,187.82,375.64
10595065,2667672,2019-06-15,2,Deportes,349.7,699.4
20085664,4972735,2019-06-15,2,Belleza,43.25,86.5
30411222,48754907,2019-06-15,2,Libros,9.65,19.3
8059868,7149684,2019-06-16,2,Ropa,189.41,378.82
19117155,32089192,2019-06-15,2,Belleza,64.49,128.98
2843900,36983897,2019-06-15,2,Libros,9.09,18.18
19208397,6814705,2019-06-15,2,Ropa,165.15,330.3
20860227,260796,2019-06-15,2,Hogar,436.23,872.46
15029605,7145714,2019-06-15,2,Electronica,977.17,1954.34
41675930,33828170,2019-06-15,2,Electronica,698.89,1397.78
15936332,40381348,2019-06-15,2,Belleza,81.15,162.3
28746274,41733111,2019-06-15,2,Libros,43.87,87.74
16853842,47215847,2019-06-15,2,Electronica,1344.89,2689.78
4457681,40070157,2019-06-15,2,Libros,57.57,115.14
11997888,38675187,2019-06-15,2,Libros,33.29,66.58
27781043,31688664,2019-06-15,2,Belleza,96.83,193.66
43396858,33745199,2019-06-15,2,Belleza,115.92,231.84
7104441,51413941,2019-06-15,2,Belleza,22.39,44.78
11971415,7587271,2019-06-15,2,Hogar,442.85,885.7
43047940,44272084,2019-06-14,4,Electronica,76.49,305.96
1087060,36765107,2019-06-14,2,Belleza,104.93,209.86
11021956,4828305,2019-06-14,2,Electronica,333.15,666.3
28551947,40276058,2019-06-14,2,Electronica,904.24,1808.48
40643117,47931242,2019-06-14,2,Belleza,9.89,19.78
15994713,35666288,2019-06-14,2,Deportes,80.84,161.68
34508812,6756652,2019-06-15,2,Libros,26.13,52.26
11661397,53582375,2019-06-15,2,Belleza,30.22,60.44
13410786,42695403,2019-06-14,2,Ropa,68.0,136.0
34309522,35168764,2019-06-14,2,Libros,58.64,117.28
32411032,47739821,2019-06-14,3,Libros,43.74,131.22
22557528,36865953,2019-06-14,2,Belleza,86.9,173.8
20381993,49538825,2019-06-14,2,Hogar,60.92,121.84
11165335,35130546,2019-06-14,2,Belleza,89.19,178.38
16721767,6743517,2019-06-14,2,Libros,45.66,91.32
23879203,47150040,2019-06-14,2,Ropa,135.35,270.7
7259037,52312255,2019-06-14,2,Libros,17.56,35.12
38902196,33611275,2019-06-14,2,Ropa,90.38,180.76
40005691,159134,2019-06-14,3,Electronica,1277.1,3831.2999999999997
10410178,41718699,2019-06-14,3,Deportes,274.68,824.04
13665968,32590279,2019-06-14,2,Libros,45.3,90.6
11731608,34319868,2019-06-14,2,Belleza,72.55,145.1
43795150,42739787,2019-06-14,2,Electronica,691.64,1383.28
4434179,40770004,2019-06-14,2,Electronica,701.9,1403.8
6176265,5937858,2019-06-14,2,Deportes,308.44,616.88
16012461,45193361,2019-06-14,2,Belleza,12.81,25.62
9259751,6716694,2019-06-14,2,Hogar,341.48,682.96
21413037,3992176,2019-06-14,2,Belleza,119.68,239.36
18902150,46736309,2019-06-14,2,Ropa,158.24,316.48
43840345,39936587,2019-06-14,2,Ropa,65.21,130.42
43840345,36959226,2019-06-14,2,Hogar,149.74,299.48
12841336,46726815,2019-06-14,2,Electronica,1017.47,2034.94
8033941,52638855,2019-06-14,2,Deportes,360.42,720.84
24972291,35752847,2019-06-14,2,Belleza,71.46,142.92
9485954,37861909,2019-06-14,2,Ropa,110.21,220.42
11546766,37043787,2019-06-14,2,Electronica,282.56,565.12
2703416,37967578,2019-06-14,2,Hogar,338.59,677.18
41289043,52821408,2019-06-14,2,Hogar,362.0,724.0
34272762,43809581,2019-06-14,2,Libros,43.63,87.26
14083826,49541237,2019-06-14,2,Ropa,193.72,387.44
1706355,45726394,2019-06-14,2,Hogar,160.59,321.18
14908321,50787947,2019-06-14,2,Belleza,91.99,183.98
3846795,48030327,2019-06-14,2,Deportes,184.94,369.88
15009179,39838002,2019-06-14,2,Ropa,116.11,232.22
3993411,3633997,2019-06-14,2,Ropa,165.13,330.26
878632,37989359,2019-06-14,2,Belleza,30.53,61.06
12296571,3735903,2019-06-14,2,Hogar,318.1,636.2
15870307,43773547,2019-06-14,2,Belleza,6.71,13.42
12917560,33455748,2019-06-14,2,Libros,44.24,88.48
10882262,7158860,2019-06-14,2,Libros,23.86,47.72
16965734,6032005,2019-06-14,2,Electronica,1171.3,2342.6
10154720,39764134,2019-06-14,2,Deportes,236.77,473.54
13625423,42742253,2019-06-14,2,Ropa,27.56,55.12
12374297,49510352,2019-06-14,2,Deportes,183.47,366.94
30896866,3485790,2019-06-14,2,Ropa,121.46,242.92
27965663,48225963,2019-06-14,2,Deportes,365.62,731.24
13730794,36433493,2019-06-14,2,Libros,51.13,102.26
10971884,45719981,2019-06-14,2,Hogar,106.42,212.84
44058158,35722328,2019-06-14,2,Ropa,163.13,326.26
5624333,40966446,2019-06-14,2,Deportes,69.64,139.28
16325373,6632112,2019-06-14,2,Electronica,401.24,802.48
17410516,47047636,2019-06-13,2,Hogar,133.02,266.04
27542858,14275059,2019-06-13,3,Hogar,440.58,1321.74
11125829,33306574,2019-06-13,2,Electronica,338.58,677.16
20980018,6493606,2019-06-13,2,Deportes,319.05,638.1
20669868,39664781,2019-06-13,2,Belleza,58.11,116.22
40364789,32703460,2019-06-13,2,Electronica,1498.68,2997.36
43671827,31546667,2019-06-13,2,Libros,43.66,87.32
13410136,49160202,2019-06-13,3,Deportes,338.85,1016.5500000000001
33236286,4661992,2019-06-14,2,Electronica,1122.57,2245.14
44133761,37754439,2019-06-13,2,Electronica,1312.55,2625.1
822664,50813676,2019-06-13,2,Ropa,130.47,260.94
822664,2092248,2019-06-13,2,Deportes,340.59,681.18
1025070,32054773,2019-06-13,3,Belleza,35.03,105.09
41018220,40510918,2019-06-13,2,Ropa,28.56,57.12
8771698,50942106,2019-06-13,2,Electronica,943.1,1886.2
28957555,31516269,2019-06-13,2,Deportes,127.66,255.32
43284773,31161647,2019-06-13,2,Libros,28.91,57.82
6966375,43840163,2019-06-13,2,Electronica,668.34,1336.68
30266875,32724299,2019-06-13,2,Electronica,813.78,1627.56
23487927,321309,2019-06-13,2,Deportes,157.33,314.66
27051751,32179162,2019-06-13,2,Deportes,257.9,515.8
15431105,40988229,2019-06-13,2,Ropa,15.81,31.62
2095400,6821980,2019-06-13,2,Belleza,116.54,233.08
43430834,46067583,2019-06-13,2,Ropa,185.69,371.38
8659512,53550559,2019-06-13,2,Hogar,468.61,937.22
27537619,47733412,2019-06-13,2,Electronica,579.26,1158.52
11658458,32099678,2019-06-13,3,Libros,34.25,102.75
16579488,35319971,2019-06-13,2,Electronica,1433.49,2866.98
23455074,2118283,2019-06-12,2,Electronica,1358.4,2716.8
42829753,48018504,2019-06-13,2,Ropa,160.15,320.3
14545319,48468006,2019-06-12,2,Libros,27.4,54.8
27868542,42406537,2019-06-12,2,Libros,36.04,72.08
10198505,31523533,2019-06-12,2,Libros,48.61,97.22
13487802,46286574,2019-06-13,2,Electronica,414.18,828.36
36370791,44839257,2019-06-12,2,Electronica,461.89,923.78
5662234,43306649,2019-06-12,3,Ropa,61.87,185.60999999999999
5662234,48923620,2019-06-12,2,Electronica,958.35,1916.7
11652491,39664791,2019-06-12,2,Ropa,167.31,334.62
14030831,44764718,2019-06-12,2,Deportes,288.83,577.66
12993545,47007182,2019-06-12,2,Deportes,125.86,251.72
10382333,34912845,2019-06-12,2,Deportes,202.2,404.4
35746588,32242550,2019-06-12,2,Ropa,83.98,167.96
19538187,43377463,2019-06-12,2,Ropa,121.08,242.16
8091075,3750593,2019-06-12,2,Libros,59.38,118.76
19014704,6045530,2019-06-12,2,Electronica,922.88,1845.76
2684013,35221896,2019-06-12,2,Ropa,159.27,318.54
24056635,45969168,2019-06-12,2,Ropa,148.05,296.1
3555862,46234841,2019-06-12,2,Hogar,492.55,985.1
17383906,43873689,2019-06-12,2,Ropa,143.28,286.56
20149726,48230911,2019-06-12,2,Hogar,362.44,724.88
20509017,32743687,2019-06-12,3,Deportes,192.68,578.04
20624246,46280552,2019-06-12,3,Libros,31.08,93.24
15919546,33924155,2019-06-12,2,Belleza,58.8,117.6
17986052,39274956,2019-06-12,2,Libros,6.83,13.66
12652260,50317145,2019-06-12,3,Belleza,32.72,98.16
15072438,35509246,2019-06-12,2,Hogar,89.96,179.92
40959986,34711015,2019-06-12,3,Ropa,178.42,535.26
17385714,3616115,2019-06-12,2,Libros,50.07,100.14
23873565,46656389,2019-06-12,2,Hogar,148.36,296.72
2099709,2516939,2019-06-12,2,Hogar,82.14,164.28
13565747,44575889,2019-06-12,2,Electronica,1371.29,2742.58
23615434,35173061,2019-06-12,2,Electronica,223.66,447.32
5969030,49267348,2019-06-12,2,Hogar,273.76,547.52
5277863,53620941,2019-06-12,2,Deportes,286.0,572.0
3428151,50600656,2019-06-12,2,Electronica,1269.52,2539.04
14366807,32717530,2019-06-12,4,Belleza,5.7,22.8
34376082,34335671,2019-06-12,2,Ropa,99.55,199.1
2783464,39730809,2019-06-12,2,Belleza,18.67,37.34
15469495,31060407,2019-06-12,2,Libros,51.73,103.46
11056540,46185001,2019-06-11,2,Belleza,115.22,230.44
12599000,1069705,2019-06-11,2,Libros,57.73,115.46
2230028,2710370,2019-06-11,2,Deportes,187.95,375.9
36890368,49218301,2019-06-11,2,Libros,40.45,80.9
23809874,48619819,2019-06-12,3,Belleza,73.97,221.91
7695255,45733829,2019-06-12,4,Belleza,45.25,181.0
11618106,2119551,2019-06-12,2,Libros,29.42,58.84
13750024,31929332,2019-06-11,2,Deportes,33.19,66.38
18483017,2302223,2019-06-11,2,Hogar,46.2,92.4
25926423,42750285,2019-06-11,2,Deportes,322.37,644.74
25851686,43524799,2019-06-11,2,Belleza,46.04,92.08
13982785,38057915,2019-06-11,2,Electronica,399.17,798.34
18718208,50595983,2019-06-11,2,Ropa,97.5,195.0
13666275,34732104,2019-06-12,2,Belleza,60.27,120.54
3125918,45995863,2019-06-12,3,Ropa,116.54,349.62
12705823,5891689,2019-06-12,2,Electronica,1235.92,2471.84
19967910,6471122,2019-06-11,2,Ropa,141.46,282.92
14140130,46475304,2019-06-11,2,Electronica,1011.44,2022.88
2932144,35908115,2019-06-11,2,Libros,33.97,67.94
11732694,33277808,2019-06-11,2,Hogar,61.54,123.08
25567283,35166317,2019-06-11,2,Belleza,51.23,102.46
16546059,50810900,2019-06-11,2,Electronica,1438.11,2876.22
35180826,40276011,2019-06-11,2,Belleza,74.61,149.22
15740766,46234376,2019-06-12,2,Ropa,199.15,398.3
7267228,1197450,2019-06-11,2,Belleza,89.01,178.02
25251744,42724307,2019-06-11,2,Hogar,125.34,250.68
1807468,31439505,2019-06-11,2,Libros,10.6,21.2
13667834,25700159,2019-06-11,2,Belleza,52.7,105.4
12322456,31380675,2019-06-11,2,Electronica,1292.03,2584.06
19969253,350087,2019-06-11,6,Hogar,365.1,2190.6000000000004
40705057,5742542,2019-06-11,2,Ropa,177.94,355.88
39864050,3967933,2019-06-11,2,Hogar,313.65,627.3
11997851,47939139,2019-06-11,2,Hogar,78.21,156.42
2588744,41693956,2019-06-11,2,Deportes,63.62,127.24
237353,43255852,2019-06-11,2,Hogar,38.28,76.56
21811327,32317438,2019-06-11,3,Hogar,290.03,870.0899999999999
36059768,33918132,2019-06-11,3,Belleza,32.93,98.78999999999999
14973452,6295368,2019-06-11,2,Ropa,149.53,299.06
4101739,52408825,2019-06-11,2,Belleza,56.69,113.38
14853370,584255,2019-06-11,2,Belleza,83.92,167.84
3558340,38050317,2019-06-11,2,Belleza,41.58,83.16
27209839,5777659,2019-06-11,2,Electronica,306.36,612.72
13881458,50903895,2019-06-11,2,Belleza,16.78,33.56
22322658,31163490,2019-06-11,2,Deportes,300.18,600.36
4305101,42655468,2019-06-11,3,Deportes,191.17,573.51
41753952,3567611,2019-06-11,4,Electronica,519.12,2076.48
3758732,6953117,2019-06-11,3,Libros,52.12,156.35999999999999
8067680,40192368,2019-06-11,2,Ropa,122.79,245.58
4140489,32367421,2019-06-11,2,Ropa,108.42,216.84
28660982,38930333,2019-06-11,2,Belleza,90.49,180.98
12701993,34981683,2019-06-11,2,Belleza,98.79,197.58
16503853,48965554,2019-06-11,2,Libros,42.73,85.46
31313887,43524799,2019-06-11,2,Belleza,46.04,92.08
12640525,50842548,2019-06-11,2,Belleza,55.6,111.2
9684026,35206530,2019-06-11,3,Ropa,82.07,246.20999999999998
2623621,42746271,2019-06-11,2,Hogar,389.26,778.52
16966547,43861979,2019-06-11,2,Deportes,216.8,433.6
11974087,110731,2019-06-11,2,Hogar,356.63,713.26
10624241,6026906,2019-06-11,2,Hogar,446.84,893.68
16144536,33124098,2019-06-11,2,Ropa,184.02,368.04
14757319,34350040,2019-06-11,2,Hogar,149.69,299.38
18493131,239691,2019-06-12,2,Libros,15.33,30.66
29734186,38778802,2019-06-11,2,Electronica,428.87,857.74
2229298,47498748,2019-06-11,2,Belleza,91.41,182.82
2891976,4316655,2019-06-10,2,Electronica,586.58,1173.16
10443865,42887542,2019-06-11,2,Deportes,85.89,171.78
26272376,32241630,2019-06-10,6,Belleza,16.31,97.85999999999999
16978648,1995484,2019-06-10,2,Hogar,173.75,347.5
6267900,6699532,2019-06-10,2,Deportes,71.73,143.46
21425501,43518444,2019-06-10,2,Hogar,322.53,645.06
24701280,1124287,2019-06-10,4,Belleza,22.98,91.92
2165682,31225974,2019-06-10,2,Libros,42.61,85.22
28048401,4236814,2019-06-10,2,Libros,6.09,12.18
17054241,38509598,2019-06-10,2,Libros,11.47,22.94
16893320,48319943,2019-06-10,2,Libros,51.44,102.88
43816685,31511822,2019-06-10,2,Hogar,424.78,849.56
10526465,193001,2019-06-10,2,Electronica,527.4,1054.8
36885746,6896816,2019-06-10,2,Belleza,15.11,30.22
3475757,46986997,2019-06-10,2,Hogar,356.91,713.82
26957654,2544370,2019-06-10,2,Libros,24.81,49.62
11295059,34205988,2019-06-10,2,Electronica,115.92,231.84
33229713,31298106,2019-06-10,2,Deportes,79.97,159.94
35212838,40377934,2019-06-10,2,Deportes,72.14,144.28
9316266,47159001,2019-06-10,2,Deportes,243.86,487.72
26404919,43708366,2019-06-10,3,Libros,54.4,163.2
12267160,42512085,2019-06-10,2,Deportes,321.37,642.74
16186634,32317060,2019-06-10,5,Ropa,113.84,569.2
2370266,729554,2019-06-10,2,Belleza,53.55,107.1
16474976,34410056,2019-06-10,2,Belleza,76.15,152.3
10663592,35543900,2019-06-10,2,Libros,29.41,58.82
826387,4522789,2019-06-10,2,Ropa,56.76,113.52
19778543,47866714,2019-06-10,2,Hogar,344.41,688.82
16992445,47856146,2019-06-10,2,Hogar,438.52,877.04
10808925,44817325,2019-06-10,2,Deportes,161.69,323.38
16193364,42758194,2019-06-10,2,Electronica,1270.23,2540.46
16081711,41684406,2019-06-10,2,Hogar,224.07,448.14
10424239,47120966,2019-06-10,2,Electronica,631.94,1263.88
39326986,3623182,2019-06-10,2,Belleza,8.26,16.52
37431900,31676585,2019-06-10,2,Electronica,1058.15,2116.3
41426286,51043869,2019-06-10,2,Belleza,97.86,195.72
8060496,44629915,2019-06-10,3,Ropa,136.08,408.24
25872103,46280573,2019-06-10,2,Ropa,38.76,77.52
18930909,42921232,2019-06-10,2,Libros,10.68,21.36
11627458,39328149,2019-06-10,2,Libros,36.51,73.02
34747910,39002820,2019-06-10,2,Deportes,172.58,345.16
9393043,44606894,2019-06-10,2,Hogar,373.7,747.4
21594921,4661031,2019-06-10,2,Hogar,223.11,446.22
16180330,42921231,2019-06-10,2,Deportes,387.76,775.52
8093009,37575721,2019-06-10,2,Belleza,88.25,176.5
34916149,50317141,2019-06-10,2,Deportes,176.48,352.96
21594921,40189771,2019-06-10,2,Electronica,398.1,796.2
11301935,34877878,2019-06-10,2,Electronica,77.69,155.38
33300777,31994148,2019-06-10,2,Belleza,8.92,17.84
18470844,6903087,2019-06-10,2,Ropa,24.98,49.96
36125061,14192659,2019-06-10,2,Libros,42.66,85.32
10771210,52105972,2019-06-10,2,Ropa,169.17,338.34
17129477,39608405,2019-06-10,2,Libros,43.92,87.84
10585499,32054292,2019-06-10,2,Hogar,211.86,423.72
15435247,50050722,2019-06-10,2,Belleza,8.58,17.16
2926288,49223986,2019-06-10,2,Belleza,116.25,232.5
1250770,49109082,2019-06-10,2,Electronica,1480.19,2960.38
894992,43257979,2019-06-11,2,Hogar,281.44,562.88
12400900,46651260,2019-06-11,2,Ropa,23.43,46.86
20269781,2023888,2019-06-11,2,Belleza,67.21,134.42
21207156,49378356,2019-06-11,2,Belleza,107.62,215.24
5942729,35540679,2019-06-11,2,Electronica,1035.98,2071.96
11860419,2954060,2019-06-10,3,Deportes,293.6,880.8000000000001
9406745,31556485,2019-06-10,2,Ropa,26.14,52.28
40838652,6531649,2019-06-10,2,Libros,10.86,21.72
7387044,3766390,2019-06-10,2,Hogar,76.76,153.52
21205800,35133963,2019-06-10,2,Belleza,109.0,218.0
1109422,85550,2019-06-10,2,Belleza,65.47,130.94
3684763,33906448,2019-06-10,2,Libros,48.54,97.08
4275518,3786810,2019-06-10,2,Ropa,31.91,63.82
26035753,36353678,2019-06-09,2,Deportes,372.5,745.0
13586567,50355214,2019-06-10,2,Belleza,99.43,198.86
15089881,45790852,2019-06-10,2,Ropa,52.71,105.42
1949949,39543957,2019-06-09,3,Libros,26.67,80.01
33385644,51108806,2019-06-09,2,Libros,53.08,106.16
14903153,48298418,2019-06-09,3,Electronica,431.99,1295.97
33280129,7105676,2019-06-10,2,Deportes,98.03,196.06
1269449,3375679,2019-06-10,2,Hogar,165.37,330.74
25450701,4368330,2019-06-10,2,Hogar,143.16,286.32
26321471,31060453,2019-06-09,2,Belleza,109.64,219.28
23555966,35134963,2019-06-11,2,Hogar,491.07,982.14
14772856,52993217,2019-06-11,2,Ropa,183.96,367.92
11002154,35034417,2019-06-10,2,Electronica,527.04,1054.08
23493795,46639586,2019-06-10,2,Hogar,357.14,714.28
1107303,40797011,2019-06-11,2,Ropa,138.39,276.78
34607877,49153353,2019-06-09,2,Ropa,163.25,326.5
18634054,33033623,2019-06-09,2,Hogar,158.81,317.62
22175352,50317669,2019-06-09,2,Electronica,789.7,1579.4
4566811,42459286,2019-06-09,2,Libros,41.72,83.44
11455412,34363427,2019-06-10,2,Electronica,88.07,176.14
6940390,44615413,2019-06-09,2,Deportes,163.16,326.32
33336460,51420509,2019-06-09,2,Belleza,85.03,170.06
8854575,51645774,2019-06-09,2,Hogar,137.51,275.02
3720954,42110591,2019-06-09,2,Libros,57.67,115.34
21746788,41055992,2019-06-09,2,Hogar,29.63,59.26
12680670,48307601,2019-06-09,2,Hogar,479.67,959.34
40115730,48347864,2019-06-09,2,Electronica,364.31,728.62
1976394,7127055,2019-06-09,2,Belleza,10.61,21.22
4062888,46275901,2019-06-09,2,Electronica,578.73,1157.46
12717629,37283291,2019-06-09,3,Deportes,131.14,393.41999999999996
17148738,52204807,2019-06-09,2,Ropa,159.39,318.78
14952393,4040369,2019-06-09,2,Ropa,152.96,305.92
10560359,34544566,2019-06-09,2,Deportes,225.31,450.62
16241511,34955863,2019-06-09,2,Hogar,116.29,232.58
21767748,51797669,2019-06-09,2,Belleza,27.63,55.26
32172298,35484560,2019-05-31,2,Libros,40.34,80.68
14904055,4733376,2019-05-31,2,Electronica,714.22,1428.44
32164882,34247816,2019-05-31,2,Belleza,96.11,192.22
36786180,6411072,2019-05-31,2,Electronica,581.18,1162.36
20875705,31450303,2019-05-31,2,Belleza,7.78,15.56
29755866,7115926,2019-05-31,2,Electronica,935.1,1870.2
9870965,45194543,2019-05-31,2,Hogar,369.38,738.76
17592469,46478611,2019-05-31,2,Belleza,119.24,238.48
8476780,3660451,2019-05-31,2,Ropa,138.97,277.94
14281437,32322419,2019-05-31,2,Electronica,386.18,772.36
3550486,36597514,2019-05-31,2,Libros,10.95,21.9
18727988,31713669,2019-05-31,2,Deportes,263.55,527.1
3492878,6275588,2019-05-31,2,Hogar,268.74,537.48
16208712,4533505,2019-05-31,3,Electronica,1353.76,4061.2799999999997
15866083,3329336,2019-05-31,2,Deportes,296.11,592.22
40488917,6638188,2019-05-31,2,Deportes,213.7,427.4
12685556,44749851,2019-05-31,2,Libros,27.2,54.4
9545469,31539253,2019-05-31,2,Belleza,51.5,103.0
11324947,32401286,2019-05-31,2,Libros,17.45,34.9
3249736,32239828,2019-05-31,2,Belleza,6.99,13.98
23147415,42760757,2019-05-31,3,Belleza,71.11,213.32999999999998
25496127,32229818,2019-05-31,2,Electronica,358.0,716.0
38357309,33200807,2019-05-31,2,Electronica,352.07,704.14
26026693,2277168,2019-05-31,2,Hogar,75.81,151.62
42036343,34661645,2019-05-31,2,Belleza,26.8,53.6
28187659,2543802,2019-05-31,2,Deportes,32.08,64.16
3689202,31619873,2019-05-31,2,Ropa,138.1,276.2
9780343,46288052,2019-05-30,2,Hogar,209.68,419.36
18142588,51559206,2019-05-30,2,Electronica,864.21,1728.42
2517150,35628157,2019-06-01,2,Libros,40.03,80.06
17552873,40275998,2019-06-01,2,Hogar,486.66,973.32
27450440,6930687,2019-05-30,2,Hogar,48.11,96.22
13201758,46481487,2019-05-31,2,Hogar,217.69,435.38
1441203,40654507,2019-05-31,2,Hogar,134.26,268.52
16773665,46300673,2019-05-30,2,Ropa,100.58,201.16
42087736,36545164,2019-05-30,2,Libros,55.63,111.26
4526397,44637911,2019-05-30,2,Libros,44.82,89.64
27426432,4695836,2019-05-30,2,Libros,41.41,82.82
11331594,31715882,2019-05-30,2,Belleza,55.74,111.48
42527197,4702768,2019-05-30,2,Deportes,275.02,550.04
40304809,46904192,2019-05-30,2,Libros,6.78,13.56
6089504,35248304,2019-05-30,2,Hogar,299.33,598.66
15157997,47227913,2019-05-30,2,Hogar,283.58,567.16
23022651,2696608,2019-05-30,2,Libros,24.07,48.14
42901334,50451904,2019-05-30,2,Libros,16.08,32.16
14252152,47143131,2019-05-30,2,Hogar,406.66,813.32
21286558,2119360,2019-05-30,2,Belleza,11.19,22.38
15035288,42714422,2019-05-30,5,Electronica,151.03,755.15
21179125,5915915,2019-05-30,3,Electronica,688.76,2066.2799999999997
10114965,37635890,2019-05-30,2,Libros,18.89,37.78
24714683,2507296,2019-05-30,2,Ropa,151.64,303.28
18806737,48335081,2019-05-30,2,Libros,39.88,79.76
1100609,43532127,2019-05-30,2,Electronica,697.08,1394.16
10316957,35887265,2019-05-30,2,Libros,47.49,94.98
11257203,40507756,2019-05-30,2,Electronica,520.78,1041.56
42294869,31290352,2019-05-30,2,Hogar,374.15,748.3
36363697,34177265,2019-05-30,2,Hogar,295.78,591.56
3699879,35355916,2019-05-30,2,Libros,52.43,104.86
37003864,6986002,2019-05-30,2,Hogar,182.46,364.92
16740494,4359147,2019-05-30,2,Hogar,179.85,359.7
16564722,40985297,2019-06-01,2,Ropa,180.99,361.98
21819629,44612391,2019-06-01,2,Hogar,39.15,78.3
13835433,45569411,2019-06-01,2,Electronica,557.77,1115.54
14754993,34018126,2019-05-30,2,Belleza,18.65,37.3
30638099,34438834,2019-05-30,2,Belleza,8.33,16.66
25267576,46981182,2019-05-30,3,Deportes,62.89,188.67000000000002
39630337,38411109,2019-05-30,2,Libros,28.72,57.44
13872256,36898940,2019-05-30,2,Electronica,1046.09,2092.18
35893669,32401531,2019-05-29,2,Hogar,155.3,310.6
22318571,47161220,2019-05-29,2,Belleza,102.71,205.42
13308419,39300327,2019-05-29,2,Electronica,684.54,1369.08
3691011,34576335,2019-05-29,3,Belleza,116.35,349.04999999999995
34293068,43855557,2019-05-29,2,Hogar,477.77,955.54
41969094,31516269,2019-05-29,2,Deportes,127.66,255.32
1029610,34315678,2019-05-29,2,Belleza,93.93,187.86
29449700,2379247,2019-05-30,4,Libros,56.28,225.12
12322397,46417467,2019-05-29,2,Libros,43.89,87.78
988409,31574977,2019-05-29,2,Deportes,360.32,720.64
35734138,40315222,2019-05-29,5,Deportes,109.86,549.3
28616096,39828909,2019-05-29,4,Belleza,44.72,178.88
6092999,34907559,2019-05-29,2,Electronica,1141.75,2283.5
10414434,50135172,2019-05-29,2,Libros,28.35,56.7
20866405,31994873,2019-05-29,2,Electronica,1264.12,2528.24
27682867,34396019,2019-05-29,2,Electronica,1322.58,2645.16
23688006,6537354,2019-05-29,2,Electronica,1240.55,2481.1
9994685,35499363,2019-05-29,2,Belleza,39.47,78.94
28322753,4215003,2019-05-29,2,Electronica,1244.0,2488.0
30398816,2488755,2019-05-29,2,Libros,13.48,26.96
16721967,44747655,2019-05-29,2,Hogar,177.09,354.18
22091650,16763509,2019-05-29,2,Deportes,216.83,433.66
11591513,1816759,2019-05-29,2,Hogar,124.83,249.66
16580996,2677833,2019-05-29,2,Electronica,889.94,1779.88
28857386,47634493,2019-05-29,2,Hogar,295.67,591.34
1533252,34565547,2019-05-30,2,Libros,16.38,32.76
24478275,42887876,2019-05-29,3,Libros,48.76,146.28
37248997,31807325,2019-05-29,3,Electronica,965.88,2897.64
24364597,34886765,2019-05-29,3,Belleza,41.54,124.62
21970127,47552013,2019-05-29,2,Hogar,127.61,255.22
35577431,51751037,2019-05-29,2,Belleza,106.06,212.12
27872295,2223978,2019-05-29,2,Belleza,101.11,202.22
27136725,37374271,2019-05-29,2,Ropa,53.65,107.3
35619503,49338600,2019-05-29,2,Electronica,101.63,203.26
37722033,46781550,2019-05-29,2,Deportes,325.72,651.44
17189829,50099331,2019-05-29,2,Libros,38.85,77.7
35642693,38968298,2019-05-29,2,Libros,10.55,21.1
23172615,41140295,2019-05-29,2,Electronica,901.67,1803.34
20049228,35248427,2019-05-29,2,Deportes,191.83,383.66
36170151,41268594,2019-05-29,2,Libros,47.6,95.2
36170151,44223894,2019-05-29,2,Electronica,353.17,706.34
18109598,34913531,2019-05-28,2,Libros,57.57,115.14
11455296,35628131,2019-05-28,2,Libros,29.92,59.84
13683840,31516269,2019-05-28,2,Deportes,127.66,255.32
9430864,36326322,2019-05-29,2,Belleza,22.97,45.94
10940119,6194475,2019-05-28,3,Hogar,479.4,1438.1999999999998
13683840,34727100,2019-05-28,2,Hogar,392.69,785.38
23382497,34108867,2019-05-28,2,Ropa,134.48,268.96
42301002,48936217,2019-05-28,4,Libros,45.52,182.08
16110242,33039212,2019-05-28,6,Ropa,141.14,846.8399999999999
11082585,3985534,2019-05-28,5,Deportes,146.57,732.8499999999999
17783060,4936185,2019-05-28,2,Deportes,180.87,361.74
35793550,4423829,2019-05-28,4,Deportes,370.85,1483.4
14534034,37632806,2019-05-28,2,Deportes,47.71,95.42
42287167,42698334,2019-05-28,2,Belleza,97.37,194.74
33836379,6579968,2019-05-28,3,Deportes,101.79,305.37
4509517,44270583,2019-05-28,3,Libros,39.1,117.30000000000001
41739501,4519364,2019-05-28,2,Hogar,172.15,344.3
29088686,31272328,2019-05-28,2,Belleza,64.73,129.46
31921662,32020221,2019-05-28,3,Electronica,1184.85,3554.5499999999997
13402854,40651620,2019-05-28,2,Deportes,338.64,677.28
5498029,53093,2019-05-28,3,Deportes,241.82,725.46
1504111,45291264,2019-05-28,2,Electronica,634.4,1268.8
15227801,31276869,2019-05-28,2,Deportes,379.67,759.34
23450693,3415401,2019-05-28,2,Electronica,407.46,814.92
5948899,43486730,2019-05-28,2,Belleza,97.36,194.72
20487298,35404898,2019-05-28,2,Hogar,311.84,623.68
23691637,48798948,2019-05-28,2,Electronica,596.5,1193.0
11229165,3305857,2019-05-28,2,Ropa,10.26,20.52
3176863,49519343,2019-05-28,2,Electronica,697.57,1395.14
37551789,34844527,2019-05-28,3,Deportes,125.15,375.45000000000005
20967242,33655813,2019-05-28,2,Belleza,17.0,34.0
11511475,6533530,2019-05-28,2,Libros,9.13,18.26
31931843,3078778,2019-05-28,2,Belleza,44.97,89.94
15133727,368558,2019-05-28,2,Libros,38.81,77.62
17448944,34913531,2019-05-28,2,Libros,57.57,115.14
5005533,4473362,2019-05-28,2,Electronica,1264.4,2528.8
10303171,410840,2019-05-28,2,Hogar,104.03,208.06
31494759,48189076,2019-05-28,2,Ropa,90.68,181.36
1487649,39247294,2019-05-28,2,Belleza,50.07,100.14
15472197,38883653,2019-05-28,2,Deportes,215.09,430.18
17275844,31298095,2019-05-28,2,Libros,49.53,99.06
36159494,42572213,2019-05-28,2,Deportes,230.39,460.78
34842537,40664206,2019-05-28,2,Hogar,425.63,851.26
1319765,37181486,2019-05-28,2,Libros,33.52,67.04
16146606,31254762,2019-05-28,2,Belleza,74.44,148.88
4714215,42054809,2019-05-28,2,Electronica,684.21,1368.42
1237404,42656227,2019-05-28,2,Deportes,332.78,665.56
1751135,49261258,2019-05-28,2,Hogar,463.06,926.12
10663366,43873689,2019-05-28,2,Ropa,143.28,286.56
18490110,46200701,2019-05-28,2,Belleza,78.5,157.0
17721015,42712498,2019-05-28,2,Belleza,99.39,198.78
15001152,49237141,2019-05-28,2,Belleza,11.79,23.58
18824121,40276034,2019-05-28,2,Belleza,90.45,180.9
11002031,3443721,2019-05-28,2,Belleza,109.2,218.4
9829440,3320807,2019-05-28,2,Libros,15.39,30.78
7091748,49622984,2019-05-28,2,Belleza,34.5,69.0
32876651,31516269,2019-05-28,2,Deportes,127.66,255.32
20415020,1207393,2019-05-28,2,Deportes,40.27,80.54
21003257,46705490,2019-05-28,2,Hogar,483.22,966.44
35586882,40275998,2019-05-28,2,Hogar,486.66,973.32
12225055,39193638,2019-05-28,2,Libros,51.86,103.72
2067975,6349963,2019-05-28,2,Deportes,347.27,694.54
35677973,43916238,2019-05-28,2,Belleza,110.02,220.04
18183886,46008250,2019-05-28,2,Ropa,170.97,341.94
10315252,46211255,2019-05-28,2,Ropa,101.11,202.22
21216351,42197642,2019-05-28,2,Hogar,463.18,926.36
40638061,44326398,2019-05-28,3,Electronica,1455.74,4367.22
30739733,36433289,2019-05-28,2,Electronica,778.72,1557.44
33252279,35641401,2019-05-28,2,Libros,14.66,29.32
41278626,49550986,2019-05-28,2,Libros,41.22,82.44
9656203,34919344,2019-05-28,4,Libros,58.65,234.6
33333394,50900566,2019-05-28,2,Electronica,1314.61,2629.22
21569108,31704053,2019-05-28,2,Ropa,173.74,347.48
13362834,45637581,2019-05-28,2,Electronica,1404.04,2808.08
35641465,40597564,2019-05-28,2,Deportes,359.7,719.4
26046771,31447490,2019-05-28,2,Belleza,94.27,188.54
24473511,3169389,2019-05-28,2,Libros,44.51,89.02
40396326,37567190,2019-05-28,3,Ropa,60.31,180.93
28565405,38900210,2019-05-28,2,Hogar,316.35,632.7
35731651,31290348,2019-05-28,3,Hogar,267.92,803.76
18720230,33201097,2019-05-28,2,Belleza,104.12,208.24
21014608,7087297,2019-05-28,2,Electronica,931.91,1863.82
21742641,6019666,2019-05-28,2,Ropa,103.43,206.86
7212428,47380218,2019-05-28,2,Electronica,235.23,470.46
1462326,36367669,2019-05-28,2,Electronica,57.21,114.42
4977551,34635102,2019-05-28,5,Deportes,277.59,1387.9499999999998
37508736,50449419,2019-05-28,2,Deportes,228.97,457.94
2752648,46025868,2019-05-28,2,Electronica,529.9,1059.8
14779229,31651829,2019-05-28,2,Hogar,96.95,193.9
28150351,37072652,2019-05-28,2,Libros,30.67,61.34
16727337,14838459,2019-05-28,3,Hogar,63.64,190.92000000000002
8580713,42882267,2019-05-28,3,Deportes,147.72,443.15999999999997
14782014,39761965,2019-05-28,2,Belleza,48.61,97.22
13830223,3427040,2019-05-28,2,Electronica,725.15,1450.3
36251234,41880635,2019-05-28,2,Deportes,197.32,394.64
21642527,37312218,2019-05-28,3,Deportes,117.66,352.98
42050292,49581998,2019-05-28,3,Libros,51.76,155.28
42226881,40276001,2019-05-28,3,Belleza,93.57,280.71
11501530,39943662,2019-05-28,2,Electronica,565.54,1131.08
5806549,49623332,2019-05-28,2,Libros,17.63,35.26
11275643,32071890,2019-05-28,2,Electronica,304.92,609.84
7793181,46843184,2019-05-28,2,Libros,22.74,45.48
14175889,40276001,2019-05-28,2,Belleza,93.57,187.14
35698111,31185436,2019-05-28,2,Hogar,47.76,95.52
32506284,35737545,2019-05-28,2,Belleza,8.78,17.56
12344706,48122945,2019-05-28,2,Belleza,74.59,149.18
11312297,42828975,2019-05-29,2,Electronica,947.76,1895.52
38861989,31509028,2019-05-29,2,Ropa,110.62,221.24
31761053,42622154,2019-05-28,2,Deportes,309.67,619.34
41791769,48598240,2019-05-27,2,Deportes,34.88,69.76
24501252,35782248,2019-05-27,2,Electronica,1407.16,2814.32
16355904,40977398,2019-05-27,2,Libros,10.23,20.46
32494421,2301680,2019-05-28,3,Ropa,138.06,414.18
10100619,37164441,2019-05-28,2,Hogar,79.7,159.4
12847066,31737169,2019-05-28,2,Libros,53.39,106.78
17839785,39699587,2019-05-27,3,Libros,33.09,99.27000000000001
2800788,35489113,2019-05-27,2,Electronica,169.33,338.66
9202388,39664781,2019-05-27,2,Belleza,58.11,116.22
15437033,43257979,2019-05-27,2,Hogar,281.44,562.88
10566879,3154076,2019-05-27,2,Electronica,944.25,1888.5
21952857,33077454,2019-05-27,2,Deportes,23.46,46.92
42436148,33687387,2019-05-27,2,Electronica,1175.23,2350.46
16167867,33511579,2019-05-27,2,Electronica,993.35,1986.7
23754187,44346511,2019-05-27,2,Electronica,358.31,716.62
8098236,2772501,2019-05-27,3,Deportes,162.41,487.23
11459791,50678235,2019-05-27,2,Hogar,18.79,37.58
13606607,34340471,2019-05-27,2,Belleza,54.96,109.92
32682055,4014582,2019-05-27,2,Hogar,351.44,702.88
7719252,3042613,2019-05-27,2,Electronica,517.87,1035.74
17550335,48755817,2019-05-27,2,Deportes,237.2,474.4
10614172,49055718,2019-05-27,2,Hogar,479.01,958.02
34404655,47985629,2019-05-27,2,Ropa,130.28,260.56
4891192,38425742,2019-05-27,2,Libros,21.47,42.94
19197926,49619845,2019-05-27,2,Hogar,495.27,990.54
20980115,47295642,2019-05-27,2,Hogar,321.87,643.74
9017122,35224961,2019-05-27,3,Deportes,111.99,335.96999999999997
15780616,43886086,2019-05-27,2,Hogar,213.98,427.96
9631172,5888134,2019-05-27,2,Libros,29.02,58.04
12500204,1069647,2019-05-27,2,Deportes,301.37,602.74
13797175,6257690,2019-05-27,3,Electronica,697.39,2092.17
34428870,35662403,2019-05-27,2,Belleza,12.88,25.76
25652033,42423091,2019-05-27,2,Hogar,96.77,193.54
21814828,4051178,2019-05-27,2,Belleza,96.0,192.0
29470501,42656983,2019-05-27,2,Deportes,266.38,532.76
28920760,33017980,2019-05-27,3,Deportes,236.53,709.59
3448579,41782531,2019-05-27,2,Deportes,83.7,167.4
16465509,46015113,2019-05-27,2,Belleza,101.34,202.68
10193689,51277328,2019-05-27,2,Deportes,385.08,770.16
27115433,46358751,2019-05-27,2,Electronica,109.29,218.58
10193689,51491322,2019-05-27,3,Deportes,49.65,148.95
31970428,33906453,2019-05-27,5,Ropa,178.1,890.5
36420587,39833031,2019-05-27,3,Belleza,110.33,330.99
10337846,2302249,2019-05-27,2,Belleza,98.79,197.58
9922482,3939603,2019-05-27,2,Ropa,127.41,254.82
24839078,6581161,2019-05-27,2,Deportes,379.09,758.18
11185404,45548052,2019-05-27,2,Electronica,987.32,1974.64
22847976,46323442,2019-05-27,2,Hogar,119.75,239.5
14304817,36513305,2019-05-27,3,Libros,45.08,135.24
41851053,50839037,2019-05-27,3,Libros,40.51,121.53
24632852,32280256,2019-05-27,2,Deportes,394.58,789.16
33294941,42451913,2019-05-27,2,Electronica,360.15,720.3
12478033,51006574,2019-05-27,2,Belleza,73.76,147.52
1485546,38132694,2019-05-28,2,Ropa,158.23,316.46
36639392,34044543,2019-05-27,2,Ropa,74.41,148.82
31733927,4951150,2019-05-27,2,Libros,8.26,16.52
40841151,51664679,2019-05-27,2,Ropa,82.14,164.28
11470640,3735259,2019-05-27,2,Ropa,40.78,81.56
14452778,37214578,2019-05-27,2,Belleza,107.11,214.22
28768206,37287142,2019-05-27,2,Libros,27.23,54.46
12369211,31265018,2019-05-27,2,Electronica,955.86,1911.72
42584606,32746434,2019-05-27,2,Belleza,107.26,214.52
15319966,38557587,2019-05-27,2,Ropa,49.87,99.74
3211792,41094778,2019-05-27,2,Deportes,393.11,786.22
14547998,51468376,2019-05-27,2,Hogar,355.45,710.9
33760259,31325549,2019-05-27,2,Belleza,62.05,124.1
24755744,36315496,2019-05-27,5,Belleza,54.56,272.8
13815238,6716859,2019-05-27,2,Electronica,1433.83,2867.66
8587241,4923332,2019-05-27,2,Electronica,348.3,696.6
4146340,41723136,2019-05-27,2,Belleza,40.84,81.68
17587189,4360492,2019-05-27,2,Ropa,68.48,136.96
10362970,7736899,2019-05-27,2,Hogar,155.17,310.34
34890247,46313636,2019-05-27,4,Electronica,729.38,2917.52
22975340,37960055,2019-05-27,2,Ropa,197.94,395.88
5016402,42737743,2019-05-27,2,Deportes,357.74,715.48
10590236,36526002,2019-05-27,2,Electronica,525.53,1051.06
13742617,4570553,2019-05-27,2,Ropa,90.35,180.7
2095400,38614758,2019-05-27,2,Ropa,137.2,274.4
42459079,571158,2019-05-27,2,Hogar,23.32,46.64
1821930,31882981,2019-05-27,2,Hogar,412.77,825.54
29089053,47647542,2019-05-27,2,Hogar,95.51,191.02
42464719,40119690,2019-05-27,2,Deportes,354.32,708.64
3257296,41880577,2019-05-27,2,Ropa,172.87,345.74
3710557,9512377,2019-05-27,2,Libros,25.63,51.26
17309432,3069769,2019-05-27,2,Ropa,97.78,195.56
13970397,368558,2019-05-27,2,Libros,38.81,77.62
37373331,6531339,2019-05-27,2,Hogar,21.01,42.02
41320087,39172438,2019-05-27,2,Libros,26.97,53.94
2332922,85735,2019-05-27,2,Electronica,717.62,1435.24
3472344,5897700,2019-05-27,2,Electronica,1365.11,2730.22
22883020,43936060,2019-05-27,2,Belleza,107.81,215.62
959389,48872975,2019-05-27,2,Hogar,483.56,967.12
12791591,38924448,2019-05-27,5,Belleza,106.79,533.95
5444984,3447344,2019-05-27,2,Libros,5.45,10.9
41605884,4695869,2019-05-27,3,Hogar,326.11,978.33
34367016,105977,2019-05-27,2,Deportes,45.93,91.86
4621751,50845577,2019-05-27,2,Ropa,61.79,123.58
5434225,46463478,2019-05-27,2,Deportes,239.76,479.52
33503340,4906481,2019-05-27,2,Libros,43.53,87.06
41829309,46191008,2019-05-27,2,Libros,28.23,56.46
14844640,50416138,2019-05-27,2,Hogar,332.5,665.0
2293857,33673901,2019-05-27,2,Libros,7.7,15.4
18075888,18659759,2019-05-27,2,Ropa,29.68,59.36
19772846,2475546,2019-05-27,2,Electronica,236.45,472.9
9186380,35183597,2019-05-27,2,Electronica,182.55,365.1
13710506,46144228,2019-05-27,2,Libros,14.8,29.6
380975,46524972,2019-05-27,2,Belleza,84.18,168.36
7283153,43856011,2019-05-27,2,Hogar,417.96,835.92
18440650,31743170,2019-05-27,2,Hogar,213.27,426.54
1384351,38416886,2019-05-27,2,Electronica,1054.53,2109.06
42659248,32492841,2019-05-27,2,Deportes,96.01,192.02
10928566,47479809,2019-05-27,2,Ropa,194.92,389.84
41460835,34453775,2019-05-27,2,Deportes,153.0,306.0
33355779,35540301,2019-05-27,2,Deportes,341.43,682.86
16154209,51013218,2019-05-27,2,Libros,57.0,114.0
27399020,4050847,2019-05-27,2,Electronica,1303.84,2607.68
42535953,50602114,2019-05-27,2,Belleza,91.05,182.1
16997345,35608497,2019-05-27,2,Electronica,147.25,294.5
10344548,47383084,2019-05-27,2,Electronica,992.95,1985.9
18287109,48176314,2019-05-27,2,Libros,11.6,23.2
1704544,41653705,2019-05-27,2,Belleza,5.65,11.3
4357641,13180609,2019-05-27,2,Deportes,39.68,79.36
23474580,41180239,2019-05-27,2,Libros,55.39,110.78
26655851,32228068,2019-05-27,2,Hogar,455.6,911.2
35774586,42131718,2019-05-27,2,Ropa,52.91,105.82
26019505,38503915,2019-05-27,2,Belleza,67.91,135.82
14208167,2077587,2019-05-27,4,Hogar,478.19,1912.76
18120831,3024984,2019-05-27,2,Deportes,208.75,417.5
33683462,6516727,2019-05-27,2,Electronica,620.69,1241.38
42530391,32605169,2019-05-27,2,Deportes,203.63,407.26
28503728,41967998,2019-05-27,2,Libros,48.46,96.92
12431243,43524799,2019-05-27,2,Belleza,46.04,92.08
39910363,34610476,2019-05-27,2,Ropa,100.68,201.36
1039707,4832753,2019-05-27,2,Libros,48.08,96.16
308767,39562951,2019-05-27,2,Belleza,54.65,109.3
6520460,45585831,2019-05-27,2,Belleza,33.98,67.96
8345727,5054638,2019-05-27,2,Ropa,72.03,144.06
3917357,44166880,2019-05-27,2,Hogar,52.74,105.48
25498832,31061813,2019-05-27,2,Hogar,256.23,512.46
8278235,50250417,2019-05-27,2,Belleza,22.03,44.06
11424608,47498748,2019-05-27,2,Belleza,91.41,182.82
14765689,50454047,2019-05-27,2,Belleza,98.33,196.66
2161045,6988267,2019-05-27,2,Electronica,659.86,1319.72
4251897,32551489,2019-05-27,2,Hogar,386.03,772.06
4235041,32284248,2019-05-27,2,Ropa,191.35,382.7
18049886,35187319,2019-05-26,2,Belleza,119.94,239.88
34622988,36704483,2019-05-26,2,Libros,28.61,57.22
38382699,46252686,2019-05-26,2,Hogar,427.0,854.0
11680103,46708454,2019-05-27,2,Electronica,1429.62,2859.24
11655009,51168945,2019-05-27,2,Libros,36.24,72.48
12582378,47026154,2019-05-27,3,Belleza,24.01,72.03
12579425,48261703,2019-05-27,2,Belleza,112.57,225.14
4429252,42254522,2019-05-27,2,Electronica,1309.33,2618.66
22317213,33858679,2019-05-27,2,Belleza,95.99,191.98
22317213,40185916,2019-05-27,2,Ropa,174.24,348.48
15483576,37114352,2019-05-27,2,Belleza,84.73,169.46
3116061,37038502,2019-05-27,2,Deportes,257.47,514.94
11198824,4769688,2019-05-27,2,Belleza,6.69,13.38
1797815,36765150,2019-05-27,2,Deportes,304.26,608.52
4414053,37723938,2019-05-27,2,Electronica,182.73,365.46
41457575,46702793,2019-05-26,2,Belleza,60.11,120.22
12956027,32077799,2019-05-26,4,Electronica,426.64,1706.56
42424840,33012520,2019-05-26,3,Belleza,68.42,205.26
42660908,5939047,2019-05-27,3,Hogar,234.09,702.27
42644967,43876701,2019-05-27,2,Deportes,25.99,51.98
18744507,38792104,2019-05-27,2,Ropa,166.56,333.12
19015209,46282394,2019-05-27,2,Belleza,106.06,212.12
28638378,42588963,2019-05-27,2,Ropa,139.56,279.12
16911398,35168767,2019-05-27,2,Belleza,67.22,134.44
12074377,2279899,2019-05-27,2,Hogar,480.96,961.92
9246792,44280159,2019-05-27,2,Hogar,73.18,146.36
1018856,37380515,2019-05-27,2,Hogar,372.89,745.78
605354,43538705,2019-05-27,2,Libros,12.06,24.12
2368339,44142159,2019-05-27,2,Hogar,200.19,400.38
13615719,41172453,2019-05-26,2,Electronica,898.95,1797.9
18857630,37635531,2019-05-27,2,Electronica,1118.78,2237.56
8250830,3900661,2019-05-26,2,Libros,5.2,10.4
14378191,35499759,2019-05-26,2,Deportes,119.03,238.06
29834886,36481475,2019-05-26,2,Ropa,112.26,224.52
16422457,2364978,2019-05-26,2,Belleza,66.28,132.56
36959992,4437094,2019-05-26,2,Belleza,78.33,156.66
22128871,35628134,2019-05-26,2,Libros,21.71,43.42
15574344,44184954,2019-05-26,2,Electronica,833.77,1667.54
13930211,34970454,2019-05-26,2,Belleza,26.83,53.66
26994027,40276011,2019-05-26,2,Belleza,74.61,149.22
34794172,41766157,2019-05-27,2,Electronica,320.96,641.92
1099513,45999515,2019-05-27,2,Deportes,239.09,478.18
22898113,33115452,2019-05-27,2,Ropa,140.24,280.48
42057638,6631401,2019-05-27,2,Deportes,65.75,131.5
13070554,4153993,2019-05-26,2,Libros,11.75,23.5
11091886,2036591,2019-05-26,3,Hogar,289.17,867.51
9863584,6337777,2019-05-26,2,Hogar,146.0,292.0
5206413,6269758,2019-05-26,2,Hogar,205.31,410.62
12367481,5057613,2019-05-26,2,Deportes,172.28,344.56
13518936,35858085,2019-05-26,2,Belleza,25.53,51.06
14126380,1751676,2019-05-26,2,Ropa,10.25,20.5
23376308,32170207,2019-05-26,3,Hogar,428.78,1286.34
31673644,36304720,2019-05-26,2,Libros,44.33,88.66
24936371,35163523,2019-05-26,2,Libros,42.98,85.96
31464570,32146979,2019-05-26,2,Hogar,280.05,560.1
14099401,49698538,2019-05-26,2,Hogar,354.97,709.94
26392186,44172268,2019-05-26,2,Ropa,187.78,375.56
20874772,34005173,2019-05-26,2,Deportes,250.61,501.22
2537777,7145018,2019-05-26,2,Hogar,337.85,675.7
7332073,48502085,2019-05-26,2,Ropa,60.37,120.74
39941977,45023678,2019-05-26,4,Libros,36.38,145.52
28251577,31276754,2019-05-26,2,Hogar,229.53,459.06
18003381,4354511,2019-05-26,2,Deportes,231.44,462.88
21511212,44051794,2019-05-26,2,Deportes,216.69,433.38
18466485,36874547,2019-05-26,2,Libros,52.23,104.46
6686142,47314666,2019-05-26,2,Ropa,133.84,267.68
4526996,50408435,2019-05-26,2,Deportes,91.73,183.46
4800775,32040164,2019-05-26,2,Ropa,21.97,43.94
1248050,34924546,2019-05-26,2,Deportes,181.26,362.52
17152081,46783005,2019-05-26,2,Deportes,25.93,51.86
39894565,31110621,2019-05-26,2,Ropa,70.48,140.96
35365123,6703545,2019-05-26,2,Belleza,47.32,94.64
18785860,50274223,2019-05-26,2,Deportes,162.72,325.44
7364776,39283113,2019-05-27,3,Hogar,489.98,1469.94
24961011,44193724,2019-05-27,2,Libros,21.71,43.42
842577,31479909,2019-05-27,2,Belleza,35.5,71.0
27641628,51028660,2019-05-27,2,Ropa,34.58,69.16
14411551,37254324,2019-05-27,2,Belleza,63.77,127.54
26126544,6354297,2019-05-26,3,Electronica,272.83,818.49
29748565,46485752,2019-05-26,2,Electronica,943.63,1887.26
30868619,46665597,2019-05-26,2,Deportes,78.96,157.92
4134012,49014121,2019-05-26,2,Deportes,239.14,478.28
38037407,46812091,2019-05-26,4,Hogar,415.74,1662.96
41353569,42648243,2019-05-26,2,Libros,7.34,14.68
3858977,42042615,2019-05-26,2,Belleza,53.27,106.54
10698587,41117501,2019-05-26,4,Electronica,718.52,2874.08
15359316,46285162,2019-05-26,2,Deportes,320.61,641.22
15546298,1008384,2019-05-26,2,Libros,30.74,61.48
15637554,38170502,2019-05-26,2,Belleza,70.27,140.54
33782856,49998804,2019-05-26,3,Deportes,320.66,961.98
16177151,7154380,2019-05-26,2,Deportes,37.67,75.34
5786209,32638196,2019-05-26,2,Deportes,232.71,465.42
11263917,40194875,2019-05-26,2,Electronica,569.53,1139.06
41792431,43263988,2019-05-26,2,Electronica,174.47,348.94
13578760,43827996,2019-05-26,2,Deportes,297.37,594.74
23104512,39790917,2019-05-26,2,Ropa,175.52,351.04
20421157,6904337,2019-05-26,2,Deportes,388.62,777.24
27964608,31973784,2019-05-26,4,Libros,55.96,223.84
4223810,31069435,2019-05-26,2,Deportes,323.02,646.04
40798689,32213498,2019-05-26,2,Hogar,327.08,654.16
23864669,33700603,2019-05-26,2,Hogar,394.01,788.02
15965636,33946299,2019-05-26,2,Hogar,224.56,449.12
16187580,48597277,2019-05-26,2,Ropa,123.01,246.02
10399218,50947797,2019-05-26,3,Ropa,76.25,228.75
9044746,34609650,2019-05-26,2,Deportes,144.15,288.3
2170192,34473675,2019-05-26,2,Hogar,382.0,764.0
20773136,32078379,2019-05-26,2,Ropa,96.25,192.5
34503671,50542369,2019-05-26,2,Electronica,357.63,715.26
8041793,36482254,2019-05-26,2,Deportes,96.74,193.48
12644904,49752960,2019-05-26,2,Libros,52.25,104.5
9541730,31161394,2019-05-26,2,Belleza,82.94,165.88
8489045,44770047,2019-05-26,2,Deportes,227.5,455.0
22513253,43154971,2019-05-26,2,Belleza,51.11,102.22
1381467,37127683,2019-05-26,2,Hogar,223.95,447.9
18833186,6928954,2019-05-26,2,Belleza,11.61,23.22
24279936,32661226,2019-05-26,2,Hogar,235.63,471.26
1163690,40185916,2019-05-26,2,Ropa,174.24,348.48
246379,36503135,2019-05-26,2,Electronica,1203.41,2406.82
3569261,47975737,2019-05-26,2,Belleza,49.62,99.24
1104924,31646798,2019-05-26,2,Deportes,165.76,331.52
1642291,42382028,2019-05-26,2,Hogar,22.62,45.24
15179797,47225448,2019-05-26,2,Deportes,193.98,387.96
2090925,32194595,2019-05-26,2,Ropa,14.81,29.62
6474614,38563409,2019-05-26,2,Hogar,291.62,583.24
29772213,36531989,2019-05-26,3,Belleza,63.28,189.84
50059,32125793,2019-05-26,2,Hogar,422.4,844.8
11594570,31736706,2019-05-26,2,Deportes,241.08,482.16
5350094,6337777,2019-05-26,2,Hogar,146.0,292.0
10872372,44752762,2019-05-26,3,Electronica,518.97,1556.91
10992306,35168766,2019-05-26,2,Ropa,52.63,105.26
13219075,35701275,2019-05-26,2,Hogar,265.37,530.74
11585368,37144490,2019-05-26,2,Belleza,85.47,170.94
31682481,3302852,2019-05-26,2,Ropa,27.85,55.7
16565625,48526663,2019-05-26,3,Libros,39.16,117.47999999999999
18149648,36733980,2019-05-26,3,Electronica,1379.11,4137.33
22716874,3872791,2019-05-26,2,Ropa,66.83,133.66
13376996,5563539,2019-05-26,2,Hogar,318.91,637.82
20812249,3332813,2019-05-26,2,Deportes,332.11,664.22
10660273,32977867,2019-05-26,2,Deportes,214.49,428.98
26205416,4782121,2019-05-26,2,Belleza,87.57,175.14
9247619,37504935,2019-05-26,2,Deportes,172.7,345.4
4257099,42423220,2019-05-26,2,Deportes,138.18,276.36
3462143,39770457,2019-05-26,2,Electronica,493.78,987.56
9405853,3131859,2019-05-26,3,Deportes,273.68,821.04
37914548,35194790,2019-05-26,2,Belleza,86.12,172.24
2779238,5054214,2019-05-25,2,Libros,56.54,113.08
11744031,3338298,2019-05-25,2,Hogar,124.05,248.1
2584768,33906453,2019-05-26,2,Ropa,178.1,356.2
15279376,45981265,2019-05-26,2,Hogar,242.09,484.18
37550231,2865438,2019-05-26,2,Deportes,115.2,230.4
13441226,6977819,2019-05-26,2,Ropa,25.22,50.44
13324693,46313411,2019-05-26,2,Hogar,210.57,421.14
6058057,4025502,2019-05-26,2,Libros,25.57,51.14
20411457,32959300,2019-05-26,2,Deportes,122.76,245.52
38996375,41723100,2019-05-25,2,Belleza,39.15,78.3
29153079,47210215,2019-05-25,2,Libros,24.82,49.64
13805785,48018522,2019-05-25,3,Deportes,395.76,1187.28
22905451,40404789,2019-05-25,2,Libros,48.06,96.12
1597012,43802766,2019-05-26,2,Hogar,49.63,99.26
3852931,41657105,2019-05-26,2,Belleza,105.33,210.66
3404211,6755385,2019-05-26,2,Deportes,260.66,521.32
7158656,39646130,2019-05-26,3,Electronica,1341.36,4024.08
42194879,44305258,2019-05-26,2,Belleza,44.3,88.6
2434760,5477259,2019-05-26,2,Libros,31.46,62.92
33035376,35592873,2019-05-26,2,Electronica,723.55,1447.1
10435114,879004,2019-05-26,2,Libros,54.29,108.58
989993,50228705,2019-05-26,2,Ropa,61.79,123.58
29343690,35717151,2019-05-26,2,Belleza,110.28,220.56
20904946,34635102,2019-05-25,2,Deportes,277.59,555.18
10730981,39410677,2019-05-25,3,Libros,50.57,151.71
22487777,49540623,2019-05-25,2,Libros,53.24,106.48
40918740,6624405,2019-05-26,2,Ropa,16.56,33.12
223509,1306770,2019-05-26,2,Electronica,1471.81,2943.62
2646366,32750103,2019-05-26,2,Hogar,172.26,344.52
18922253,40101719,2019-05-25,3,Hogar,129.34,388.02
21409861,3048923,2019-05-25,2,Ropa,72.86,145.72
11339322,40439223,2019-05-26,2,Belleza,114.78,229.56
26382725,42469225,2019-05-25,2,Belleza,43.3,86.6
9173457,44486509,2019-05-25,2,Belleza,70.0,140.0
21312368,3905435,2019-05-25,2,Libros,27.2,54.4
3094732,49967480,2019-05-25,2,Ropa,85.28,170.56
6389762,2803837,2019-05-26,3,Belleza,27.24,81.72
31244601,31546667,2019-05-26,2,Libros,43.66,87.32
25984688,6361591,2019-05-26,2,Libros,34.54,69.08
6535705,46002669,2019-05-26,2,Hogar,426.96,853.92
2852422,49303336,2019-05-26,2,Electronica,121.75,243.5
1584460,38650635,2019-05-26,2,Libros,53.91,107.82
26299595,31278768,2019-05-25,2,Hogar,337.75,675.5
30311619,39544762,2019-05-25,2,Hogar,314.12,628.24
37574236,1246684,2019-05-25,5,Electronica,957.56,4787.799999999999
15427128,32242277,2019-05-25,2,Hogar,158.69,317.38
12633586,47296184,2019-05-25,2,Ropa,88.88,177.76
10464756,31086015,2019-05-27,2,Electronica,1208.97,2417.94
2458665,46568193,2019-05-27,2,Hogar,163.59,327.18
4485401,31575822,2019-05-27,2,Deportes,198.61,397.22
19897583,33644430,2019-05-25,2,Libros,6.08,12.16
1741693,6540298,2019-05-25,2,Hogar,370.78,741.56
11352992,50328174,2019-05-25,2,Ropa,89.36,178.72
24494286,37637915,2019-05-25,2,Belleza,65.42,130.84
41881399,3373718,2019-05-25,2,Hogar,70.62,141.24
3766870,38132688,2019-05-25,4,Belleza,119.05,476.2
41815645,47952323,2019-05-25,2,Deportes,134.94,269.88
36588016,47933669,2019-05-25,2,Hogar,322.97,645.94
21747395,42740552,2019-05-25,2,Electronica,892.79,1785.58
3006681,6415539,2019-05-25,2,Belleza,95.29,190.58
11265143,41656830,2019-05-25,2,Deportes,131.66,263.32
4018636,45607550,2019-05-25,2,Electronica,1146.09,2292.18
47388,4129569,2019-05-25,2,Electronica,604.63,1209.26
26247210,43472220,2019-05-25,3,Electronica,646.18,1938.54
34681500,33524174,2019-05-25,2,Electronica,1025.43,2050.86
19916941,3175140,2019-05-25,2,Hogar,395.38,790.76
1108791,3735903,2019-05-25,2,Hogar,318.1,636.2
2533996,6992526,2019-05-25,2,Libros,41.68,83.36
15857800,3565582,2019-05-25,2,Hogar,451.44,902.88
10596751,44143896,2019-05-25,2,Hogar,153.3,306.6
34313045,36308140,2019-05-25,2,Deportes,362.23,724.46
31069044,34635405,2019-05-25,2,Deportes,69.73,139.46
14114704,6636354,2019-05-25,2,Libros,33.7,67.4
16538610,3945560,2019-05-25,2,Libros,41.27,82.54
12739828,38916533,2019-05-25,2,Deportes,228.1,456.2
6763361,36865937,2019-05-25,2,Ropa,103.98,207.96
40259256,32056127,2019-05-25,2,Hogar,427.79,855.58
42225986,32056111,2019-05-25,2,Libros,22.1,44.2
10375443,34440185,2019-05-25,2,Electronica,158.26,316.52
11053594,50974714,2019-05-25,2,Deportes,211.42,422.84
33375493,76600,2019-05-25,4,Libros,13.9,55.6
11717115,31283972,2019-05-25,2,Hogar,194.12,388.24
13921518,38036371,2019-05-25,2,Hogar,62.86,125.72
3423038,32240189,2019-05-26,2,Libros,36.45,72.9
13455970,47084177,2019-05-25,2,Ropa,28.2,56.4
14317641,32444788,2019-05-25,2,Ropa,40.47,80.94
2201626,41666979,2019-05-25,2,Libros,9.7,19.4
1385011,49542670,2019-05-25,2,Deportes,164.9,329.8
18411956,37174690,2019-05-25,2,Belleza,101.83,203.66
24953744,32798508,2019-05-25,2,Ropa,182.31,364.62
21870768,146563,2019-05-25,2,Electronica,154.24,308.48
11594570,42358163,2019-05-25,2,Hogar,322.76,645.52
11163416,42566053,2019-05-25,2,Electronica,876.85,1753.7
11732494,37342960,2019-05-25,2,Libros,42.64,85.28
3299783,41712019,2019-05-25,2,Electronica,823.97,1647.94
16637572,35087757,2019-05-25,3,Libros,41.68,125.03999999999999
17022528,37128504,2019-05-25,2,Hogar,128.34,256.68
14947966,45735710,2019-05-25,2,Hogar,252.48,504.96
11033724,42553820,2019-05-25,2,Ropa,84.27,168.54
26422432,34704971,2019-05-25,2,Ropa,27.04,54.08
700350,36460471,2019-05-25,2,Electronica,957.06,1914.12
28745576,34711018,2019-05-25,2,Libros,32.24,64.48
3835199,38929749,2019-05-25,2,Hogar,148.46,296.92
23036128,2847625,2019-05-25,3,Electronica,501.49,1504.47
4069719,46365911,2019-05-25,2,Electronica,736.84,1473.68
13358999,31225223,2019-05-25,2,Belleza,94.16,188.32
12460218,35157566,2019-05-25,2,Electronica,1212.4,2424.8
9367887,36519198,2019-05-25,2,Deportes,266.82,533.64
36122022,7264351,2019-05-25,2,Electronica,728.23,1456.46
16249872,35543824,2019-05-25,2,Deportes,238.78,477.56
605234,4974057,2019-05-25,2,Deportes,166.31,332.62
11440499,34582740,2019-05-25,2,Deportes,68.09,136.18
13448240,36503135,2019-05-25,2,Electronica,1203.41,2406.82
4509670,31732430,2019-05-25,2,Hogar,91.0,182.0
13843496,44414863,2019-05-25,2,Belleza,49.35,98.7
5723976,47314743,2019-05-25,2,Electronica,818.98,1637.96
5240205,44597205,2019-05-25,2,Electronica,918.31,1836.62
40511499,31768649,2019-05-25,2,Belleza,112.62,225.24
12675434,48417123,2019-05-25,2,Hogar,392.01,784.02
25462740,31906734,2019-05-25,2,Ropa,38.88,77.76
1079222,48974409,2019-05-24,2,Electronica,302.56,605.12
24673441,47241606,2019-05-25,2,Ropa,29.09,58.18
25612202,31298889,2019-05-25,2,Libros,45.6,91.2
14076060,32575785,2019-05-25,2,Libros,43.84,87.68
11797188,47360283,2019-05-25,2,Belleza,118.43,236.86
10424885,50885737,2019-05-25,2,Libros,33.71,67.42
10347177,37235026,2019-05-25,2,Libros,50.45,100.9
14850948,33197084,2019-05-25,2,Hogar,294.57,589.14
26283035,41259193,2019-05-25,2,Hogar,438.93,877.86
1477809,750537,2019-05-25,2,Hogar,364.7,729.4
29903347,50752925,2019-05-25,2,Libros,40.36,80.72
25251744,37794576,2019-05-24,2,Belleza,69.99,139.98
1279602,34397791,2019-05-24,2,Deportes,294.73,589.46
26925881,4231035,2019-05-25,2,Deportes,179.47,358.94
14431931,37622013,2019-05-25,2,Ropa,28.35,56.7
1810759,38231619,2019-05-25,2,Deportes,35.19,70.38
38297844,33739394,2019-05-25,2,Ropa,150.53,301.06
14765618,40926885,2019-05-25,2,Deportes,202.03,404.06
1078447,35041061,2019-05-25,2,Hogar,305.66,611.32
8290685,35298438,2019-05-25,2,Hogar,53.24,106.48
4460363,47480321,2019-05-25,2,Electronica,1049.43,2098.86
11828664,35879578,2019-05-25,2,Libros,20.78,41.56
10651043,41124486,2019-05-25,2,Ropa,71.19,142.38
3103366,46506432,2019-05-25,2,Electronica,406.69,813.38
41998563,6411072,2019-05-24,2,Electronica,581.18,1162.36
20448579,43235926,2019-05-24,2,Electronica,866.05,1732.1
26945304,6976447,2019-05-24,2,Ropa,62.91,125.82
20606650,41027588,2019-05-24,2,Ropa,28.17,56.34
15043528,33926864,2019-05-24,2,Belleza,23.96,47.92
24911637,3970048,2019-05-24,3,Libros,14.57,43.71
2081989,37710520,2019-05-25,2,Belleza,101.91,203.82
20195219,6898142,2019-05-24,2,Ropa,64.02,128.04
27606373,34250185,2019-05-24,2,Ropa,145.79,291.58
22347587,7158790,2019-05-24,3,Ropa,117.89,353.67
23394676,3088242,2019-05-24,2,Deportes,391.27,782.54
41229652,31077710,2019-05-24,2,Belleza,36.37,72.74
3621235,37020595,2019-05-24,2,Ropa,40.09,80.18
15888808,38327113,2019-05-24,2,Hogar,40.24,80.48
16071446,31140103,2019-05-24,2,Libros,18.25,36.5
41395604,48045239,2019-05-24,2,Libros,42.62,85.24
11864517,39014826,2019-05-25,2,Hogar,56.35,112.7
9265285,44640453,2019-05-25,2,Libros,18.46,36.92
7715373,2486081,2019-05-25,2,Deportes,345.02,690.04
40901796,49581565,2019-05-25,2,Deportes,241.52,483.04
38306681,1207136,2019-05-24,2,Electronica,150.81,301.62
17992778,48018504,2019-05-24,2,Ropa,160.15,320.3
12414477,25593409,2019-05-24,2,Belleza,27.21,54.42
32058195,46287402,2019-05-24,2,Electronica,119.14,238.28
19187517,41700112,2019-05-24,2,Electronica,138.63,277.26
12533792,44309914,2019-05-24,2,Libros,56.8,113.6
13068367,34544566,2019-05-24,2,Deportes,225.31,450.62
11926480,44311916,2019-05-24,2,Deportes,342.95,685.9
41567821,33411721,2019-05-24,2,Deportes,341.08,682.16
26884941,46415410,2019-05-24,2,Deportes,371.2,742.4
11250957,42940412,2019-05-24,2,Hogar,260.05,520.1
3912341,48229798,2019-05-24,2,Deportes,113.99,227.98
40939142,50383451,2019-05-24,3,Hogar,209.65,628.95
14831594,36514310,2019-05-24,3,Electronica,1092.35,3277.0499999999997
41855746,2485932,2019-05-24,2,Electronica,1320.25,2640.5
4304939,42762721,2019-05-24,2,Libros,28.93,57.86
1401336,43322494,2019-05-24,2,Electronica,826.3,1652.6
10020087,33755525,2019-05-24,2,Libros,56.25,112.5
6753135,6904337,2019-05-24,2,Deportes,388.62,777.24
2542011,49417345,2019-05-25,2,Ropa,30.42,60.84
13598404,42267588,2019-05-25,2,Ropa,173.84,347.68
16126677,34308356,2019-05-24,2,Belleza,23.32,46.64
5826986,46255716,2019-05-24,3,Libros,31.61,94.83
2505492,3327096,2019-05-24,2,Belleza,30.12,60.24
17529574,38896301,2019-05-24,3,Belleza,74.34,223.02
21810647,4709441,2019-05-24,2,Ropa,116.13,232.26
32673921,46478339,2019-05-24,2,Libros,25.9,51.8
11605736,45035040,2019-05-24,2,Ropa,174.03,348.06
794227,6634723,2019-05-24,2,Belleza,80.88,161.76
13228523,38271801,2019-05-24,2,Libros,44.67,89.34
4122693,192926,2019-05-24,2,Belleza,22.33,44.66
3592724,3896300,2019-05-24,2,Deportes,355.6,711.2
12487496,32993859,2019-05-24,2,Libros,14.19,28.38
34643718,39942269,2019-05-24,2,Libros,17.25,34.5
3592724,43325267,2019-05-24,2,Belleza,19.73,39.46
13926859,3735903,2019-05-24,2,Hogar,318.1,636.2
2537777,31069882,2019-05-24,2,Deportes,187.34,374.68
23490767,2516938,2019-05-24,2,Hogar,445.54,891.08
26032889,33732278,2019-05-24,2,Ropa,57.97,115.94
4682383,4102021,2019-05-24,2,Belleza,47.98,95.96
22724022,37595678,2019-05-24,2,Libros,51.53,103.06
15917789,35137021,2019-05-24,2,Ropa,127.38,254.76
11025050,39635392,2019-05-24,2,Ropa,152.81,305.62
3256355,36873551,2019-05-24,2,Ropa,50.66,101.32
41570904,41794817,2019-05-24,2,Hogar,362.5,725.0
17817839,33700324,2019-05-24,2,Electronica,380.04,760.08
28073808,39589633,2019-05-24,2,Belleza,118.54,237.08
5022332,4238038,2019-05-24,2,Electronica,861.83,1723.66
11369908,33923716,2019-05-24,3,Electronica,1058.68,3176.04
31731689,6335900,2019-05-24,2,Electronica,221.68,443.36
31572660,31702141,2019-05-24,2,Ropa,57.62,115.24
8669388,35615600,2019-05-24,2,Deportes,73.1,146.2
844891,45266601,2019-05-24,2,Ropa,84.13,168.26
20925767,40528857,2019-05-24,2,Ropa,63.99,127.98
1340375,34984668,2019-05-24,2,Libros,45.31,90.62
19538187,44490321,2019-05-24,2,Libros,10.98,21.96
16630248,3786949,2019-05-24,2,Electronica,1140.49,2280.98
1570402,47452318,2019-05-24,2,Ropa,18.68,37.36
9016445,42920167,2019-05-24,2,Electronica,342.93,685.86
21569297,37339420,2019-05-24,2,Deportes,261.54,523.08
29916826,36256339,2019-05-24,2,Libros,48.56,97.12
2764826,47042251,2019-05-24,2,Deportes,302.26,604.52
6219851,49640977,2019-05-23,2,Belleza,59.78,119.56
41576728,2197691,2019-05-23,5,Electronica,122.47,612.35
8722199,34827101,2019-05-23,2,Deportes,251.76,503.52
8761263,41275154,2019-05-23,2,Belleza,51.77,103.54
28639123,42714358,2019-05-23,2,Hogar,168.52,337.04
17906308,42236666,2019-05-23,2,Electronica,978.6,1957.2
20650625,42767082,2019-05-23,3,Electronica,683.09,2049.27
18884031,45194565,2019-05-23,2,Hogar,59.82,119.64
2619461,39561545,2019-05-23,2,Hogar,459.24,918.48
3173814,35531350,2019-05-23,3,Electronica,1178.81,3536.43
34315455,33369785,2019-05-23,2,Hogar,42.34,84.68
34715155,45607399,2019-05-23,2,Ropa,109.76,219.52
3942359,48382783,2019-05-23,2,Belleza,14.59,29.18
12079554,41173063,2019-05-24,2,Belleza,101.29,202.58
28045591,49413518,2019-05-24,2,Belleza,75.5,151.0
10979259,1764239,2019-05-23,2,Ropa,42.77,85.54
18019470,44597761,2019-05-23,2,Hogar,25.06,50.12
9792113,31771078,2019-05-23,2,Deportes,32.0,64.0
17743952,32948234,2019-05-23,2,Hogar,261.07,522.14
15102152,46653459,2019-05-23,2,Electronica,1114.84,2229.68
24371097,6337513,2019-05-23,2,Libros,11.65,23.3
27620900,36524490,2019-05-23,2,Belleza,30.45,60.9
21870822,3820025,2019-05-23,2,Hogar,173.72,347.44
22937101,33005638,2019-05-23,2,Libros,7.61,15.22
33495468,31245128,2019-05-23,2,Deportes,102.87,205.74
21396444,4245772,2019-05-22,2,Electronica,617.44,1234.88
29916826,36861441,2019-05-22,2,Ropa,116.33,232.66
19887163,48304164,2019-05-23,2,Ropa,140.14,280.28
40352593,38873594,2019-05-22,2,Deportes,386.23,772.46
23031606,3284993,2019-05-22,2,Electronica,1399.72,2799.44
21040688,7066663,2019-05-22,2,Belleza,70.56,141.12
11569547,42748786,2019-05-22,2,Hogar,371.06,742.12
7793131,46773351,2019-05-22,2,Electronica,1428.76,2857.52
38224920,42887818,2019-05-22,3,Ropa,25.86,77.58
2672393,9558017,2019-05-22,2,Deportes,22.14,44.28
19342886,6137175,2019-05-22,2,Deportes,31.32,62.64
2640084,43413177,2019-05-22,2,Hogar,288.22,576.44
10352434,46834574,2019-05-22,2,Deportes,309.88,619.76
14300275,48351472,2019-05-22,2,Deportes,159.49,318.98
1982230,4522345,2019-05-22,2,Electronica,840.6,1681.2
18374227,33660825,2019-05-22,2,Belleza,64.38,128.76
12373981,46958902,2019-05-22,2,Hogar,60.96,121.92
27058296,50802332,2019-05-22,2,Electronica,1446.15,2892.3
25419098,4442514,2019-05-22,2,Electronica,516.3,1032.6
41886537,38780299,2019-05-22,2,Belleza,7.24,14.48
6325456,41922228,2019-05-22,2,Electronica,210.52,421.04
29964662,43524799,2019-05-22,2,Belleza,46.04,92.08
11652518,25729159,2019-05-22,4,Libros,49.65,198.6
37049042,1763713,2019-05-22,4,Electronica,1252.65,5010.6
26247781,4903605,2019-05-22,2,Hogar,46.24,92.48
17788820,35634050,2019-05-22,2,Deportes,324.74,649.48
9110597,6383194,2019-05-22,2,Belleza,88.58,177.16
41860424,50257790,2019-05-22,2,Hogar,399.76,799.52
11784852,31081505,2019-05-22,2,Deportes,342.05,684.1
9500765,44606852,2019-05-22,3,Hogar,340.43,1021.29
27518350,6531457,2019-05-22,2,Belleza,82.03,164.06
38023560,33911250,2019-05-22,2,Deportes,273.6,547.2
11144612,4102300,2019-05-22,2,Ropa,107.67,215.34
2162092,31436599,2019-05-22,2,Electronica,576.85,1153.7
20450170,31290130,2019-05-22,2,Deportes,297.47,594.94
12148618,32065337,2019-05-22,2,Libros,21.43,42.86
2469126,32692195,2019-05-22,2,Belleza,67.43,134.86
36930709,40656200,2019-05-23,2,Electronica,678.37,1356.74
1393545,2486129,2019-05-23,2,Hogar,149.16,298.32
24472921,39181341,2019-05-22,2,Ropa,195.19,390.38
25228581,49136847,2019-05-22,2,Libros,19.23,38.46
27785630,31724835,2019-05-21,2,Hogar,165.01,330.02
41837011,47729502,2019-05-21,2,Belleza,23.58,47.16
12014855,32993859,2019-05-21,2,Libros,14.19,28.38
41858217,42626448,2019-05-21,2,Electronica,1243.32,2486.64
18473931,35251694,2019-05-21,2,Belleza,72.46,144.92
16482976,39363074,2019-05-21,2,Electronica,938.91,1877.82
1638833,37115277,2019-05-22,2,Deportes,331.81,663.62
3024024,37727001,2019-05-21,2,Deportes,384.56,769.12
16555483,48405586,2019-05-21,2,Ropa,75.15,150.3
15688066,5058679,2019-05-22,2,Deportes,93.58,187.16
22008852,1787025,2019-05-22,2,Deportes,95.39,190.78
41190591,31557817,2019-05-21,2,Belleza,89.25,178.5
40469744,4230894,2019-05-21,2,Ropa,126.68,253.36
16823179,39097398,2019-05-22,2,Electronica,349.19,698.38
17427093,38303051,2019-05-21,3,Electronica,260.34,781.02
18050632,48890182,2019-05-21,2,Libros,11.64,23.28
31421684,46703172,2019-05-21,2,Hogar,319.48,638.96
14282269,44073613,2019-05-21,2,Ropa,79.92,159.84
6302535,47153294,2019-05-21,2,Libros,5.01,10.02
7946882,49863408,2019-05-21,2,Libros,6.01,12.02
7877875,34759897,2019-05-21,3,Electronica,308.13,924.39
6000130,5747132,2019-05-21,2,Electronica,614.85,1229.7
8930407,39045682,2019-05-21,2,Belleza,84.51,169.02
35598913,49592995,2019-05-21,2,Deportes,284.11,568.22
36169832,32960004,2019-05-21,3,Electronica,76.59,229.77
28952850,41767760,2019-05-21,2,Deportes,183.44,366.88
20174063,40660539,2019-05-21,2,Deportes,282.61,565.22
11294761,44206118,2019-05-21,2,Ropa,109.01,218.02
29145357,3690648,2019-05-21,3,Electronica,1466.55,4399.65
17873099,45029305,2019-05-21,2,Belleza,23.68,47.36
40289163,5898321,2019-05-21,2,Ropa,124.13,248.26
27306484,44046385,2019-05-21,2,Hogar,253.25,506.5
5057109,46703064,2019-05-21,2,Belleza,27.36,54.72
10352156,48790111,2019-05-21,3,Libros,46.25,138.75
8221263,47864484,2019-05-21,3,Belleza,36.68,110.03999999999999
4908484,31283113,2019-05-21,2,Belleza,48.9,97.8
40423253,45347785,2019-05-21,2,Deportes,162.44,324.88
10698587,40443247,2019-05-21,2,Belleza,33.08,66.16
28866144,6237993,2019-05-21,2,Libros,28.69,57.38
12355121,40512068,2019-05-21,2,Libros,31.03,62.06
41819660,42511979,2019-05-21,2,Electronica,1129.12,2258.24
25655790,46026074,2019-05-21,2,Belleza,92.98,185.96
15867445,40302071,2019-05-21,2,Deportes,80.25,160.5
35923213,45555884,2019-05-21,2,Belleza,73.17,146.34
8906488,4910199,2019-05-21,2,Hogar,449.66,899.32
14323489,37427393,2019-05-21,2,Hogar,67.76,135.52
16642576,38922412,2019-05-21,2,Deportes,199.71,399.42
12098545,44073613,2019-05-21,2,Ropa,79.92,159.84
32881909,49628688,2019-05-21,2,Electronica,1138.01,2276.02
17680784,33673449,2019-05-21,2,Electronica,936.66,1873.32
355311,3304877,2019-05-21,2,Libros,10.53,21.06
17289176,6411705,2019-05-21,2,Libros,26.81,53.62
8046157,36834538,2019-05-21,2,Ropa,106.38,212.76
21520985,47002179,2019-05-21,2,Deportes,398.42,796.84
30479806,33976452,2019-05-21,3,Belleza,25.54,76.62
7218588,46308081,2019-05-21,2,Deportes,393.32,786.64
9855398,39833031,2019-05-21,2,Belleza,110.33,220.66
4673816,4661031,2019-05-21,2,Hogar,223.11,446.22
23409956,34833920,2019-05-21,2,Ropa,81.47,162.94
1817417,31504277,2019-05-21,2,Libros,16.02,32.04
35054212,6391715,2019-05-21,2,Deportes,177.36,354.72
20746656,3786595,2019-05-21,2,Deportes,253.32,506.64
12190577,45524227,2019-05-21,2,Libros,16.74,33.48
11779291,38430156,2019-05-20,2,Ropa,65.37,130.74
35956821,35542828,2019-05-20,2,Libros,52.0,104.0
41579963,48890217,2019-05-20,2,Electronica,1498.56,2997.12
41797936,33739394,2019-05-20,2,Ropa,150.53,301.06
1629292,35665543,2019-05-20,2,Belleza,41.59,83.18
12453813,31280029,2019-05-21,2,Libros,13.19,26.38
11527472,31079503,2019-05-21,2,Ropa,160.7,321.4
21631118,7050439,2019-05-20,2,Hogar,306.22,612.44
1677131,35247597,2019-05-20,2,Electronica,195.58,391.16
24399002,41059568,2019-05-20,2,Hogar,474.18,948.36
5572352,49327378,2019-05-20,4,Libros,9.29,37.16
16736596,41728243,2019-05-20,3,Electronica,956.77,2870.31
3492937,35248275,2019-05-20,2,Belleza,53.75,107.5
7445938,36831594,2019-05-20,2,Libros,35.61,71.22
21545261,34531744,2019-05-20,2,Belleza,29.52,59.04
12443053,2341915,2019-05-20,2,Deportes,281.48,562.96
18330806,46378036,2019-05-20,5,Hogar,480.46,2402.2999999999997
12312429,34584726,2019-05-20,2,Electronica,714.72,1429.44
17492983,44294367,2019-05-20,2,Belleza,65.14,130.28
36353983,31677148,2019-05-20,2,Ropa,55.56,111.12
16173336,39571212,2019-05-20,2,Belleza,107.56,215.12
34828924,2747651,2019-05-20,2,Ropa,194.52,389.04
24836019,43784720,2019-05-20,2,Libros,48.25,96.5
993882,4544118,2019-05-20,2,Electronica,837.02,1674.04
19813630,6861684,2019-05-20,2,Belleza,115.03,230.06
35111651,37680616,2019-05-20,2,Belleza,22.69,45.38
11985436,38342350,2019-05-20,3,Electronica,743.81,2231.43
23225363,32242550,2019-05-20,3,Ropa,83.98,251.94
11755537,39714400,2019-05-20,2,Belleza,66.82,133.64
22325431,47170952,2019-05-20,3,Ropa,103.46,310.38
6731654,35470357,2019-05-20,2,Belleza,97.28,194.56
16685888,48045462,2019-05-20,3,Hogar,340.15,1020.4499999999999
33426718,35583354,2019-05-20,2,Libros,11.97,23.94
11431687,36324194,2019-05-20,2,Deportes,151.65,303.3
11090737,7050323,2019-05-20,2,Ropa,74.42,148.84
14660851,48919951,2019-05-20,2,Hogar,289.33,578.66
3958549,38332042,2019-05-20,2,Libros,21.03,42.06
4377642,41666119,2019-05-20,2,Electronica,220.04,440.08
22442076,3447344,2019-05-20,2,Libros,5.45,10.9
38882646,44128500,2019-05-20,2,Ropa,134.2,268.4
25181277,146475,2019-05-20,2,Deportes,343.39,686.78
11684789,47314752,2019-05-20,2,Libros,56.24,112.48
31613767,31124077,2019-05-20,2,Deportes,389.58,779.16
12852244,35637001,2019-05-20,2,Electronica,1182.62,2365.24
3605561,34556575,2019-05-20,2,Electronica,252.57,505.14
12759997,37706413,2019-05-20,2,Ropa,172.09,344.18
11632407,6605779,2019-05-20,2,Belleza,51.0,102.0
16176479,4405349,2019-05-20,2,Electronica,1108.37,2216.74
2496551,36865420,2019-05-20,2,Libros,34.22,68.44
14804360,33172156,2019-05-20,2,Belleza,100.29,200.58
32939889,2831673,2019-05-20,2,Hogar,221.37,442.74
4496128,40385258,2019-05-20,2,Deportes,43.48,86.96
12666932,32131160,2019-05-20,2,Belleza,69.03,138.06
8294608,37635849,2019-05-20,2,Deportes,85.09,170.18
7127462,6309624,2019-05-21,2,Belleza,116.03,232.06
42318093,32510844,2019-06-19,3,Hogar,270.58,811.74
7606415,6535860,2019-06-19,2,Electronica,852.66,1705.32
29405750,51905901,2019-06-19,2,Hogar,455.02,910.04
13350447,38277966,2019-06-19,2,Electronica,955.65,1911.3
15262453,3259906,2019-06-19,2,Electronica,488.96,977.92
41315977,1070391,2019-06-19,2,Deportes,132.52,265.04
23761425,50712109,2019-06-19,3,Libros,32.59,97.77000000000001
41370264,36486927,2019-06-19,2,Hogar,435.3,870.6
31779998,35606231,2019-06-19,2,Belleza,96.39,192.78
14849129,44138566,2019-06-19,2,Hogar,481.93,963.86
39867569,3482535,2019-06-19,2,Deportes,47.32,94.64
40394089,34853374,2019-06-19,2,Belleza,69.16,138.32
18168215,44142374,2019-06-19,2,Electronica,439.07,878.14
12994215,35183487,2019-06-19,2,Deportes,50.48,100.96
26811191,43460566,2019-06-19,2,Ropa,152.71,305.42
28403103,37503886,2019-06-19,3,Ropa,36.76,110.28
31083171,40275998,2019-06-19,2,Hogar,486.66,973.32
11121759,42033035,2019-06-19,2,Libros,58.13,116.26
21392609,33094856,2019-06-19,2,Belleza,16.49,32.98
11178011,35527360,2019-06-19,2,Deportes,233.44,466.88
22333670,37760275,2019-06-19,2,Belleza,52.32,104.64
4677590,55578837,2019-06-19,2,Belleza,87.24,174.48
11480916,33167543,2019-06-19,2,Ropa,102.53,205.06
15578861,40256975,2019-06-19,2,Belleza,53.91,107.82
11993240,34576042,2019-06-18,2,Ropa,90.85,181.7
24390400,31503181,2019-06-18,2,Electronica,1314.22,2628.44
28383554,6257871,2019-06-18,3,Deportes,170.19,510.57
28206178,32071785,2019-06-18,2,Belleza,43.34,86.68
15069912,1247589,2019-06-19,4,Ropa,74.32,297.28
7572275,53486225,2019-06-19,3,Hogar,110.35,331.04999999999995
9940892,35136467,2019-06-19,3,Belleza,103.98,311.94
3374570,6520085,2019-06-19,2,Libros,13.06,26.12
18023559,35639111,2019-06-19,3,Electronica,1367.49,4102.47
9847161,44601279,2019-06-18,2,Electronica,461.03,922.06
20460491,35404368,2019-06-18,3,Hogar,451.22,1353.66
11883111,45742721,2019-06-18,2,Ropa,160.26,320.52
29387936,42112890,2019-06-19,2,Belleza,71.93,143.86
12070638,6406331,2019-06-19,2,Ropa,137.2,274.4
15508921,32708305,2019-06-19,2,Electronica,522.47,1044.94
10549250,46416049,2019-06-19,3,Ropa,119.1,357.29999999999995
13377839,34162428,2019-06-19,2,Electronica,473.98,947.96
36962793,47416059,2019-06-19,2,Ropa,86.43,172.86
3127911,48682394,2019-06-19,2,Hogar,385.86,771.72
5298420,47668431,2019-06-18,2,Deportes,112.69,225.38
12356703,6808807,2019-06-18,2,Hogar,421.84,843.68
1553324,39950409,2019-06-18,2,Hogar,197.3,394.6
2462419,46477489,2019-06-18,2,Deportes,222.22,444.44
25980168,2574699,2019-06-18,2,Deportes,377.94,755.88
21217061,32238589,2019-06-18,2,Belleza,83.34,166.68
17624503,34427682,2019-06-18,2,Belleza,79.24,158.48
15489185,51530385,2019-06-18,2,Hogar,360.13,720.26
1067079,124142,2019-06-18,2,Hogar,460.28,920.56
1045630,35568631,2019-06-18,2,Electronica,410.34,820.68
42899656,48981755,2019-06-18,2,Electronica,939.2,1878.4
8703001,39200792,2019-06-18,2,Belleza,51.05,102.1
9584581,46522697,2019-06-18,2,Libros,5.65,11.3
23637052,6411072,2019-06-18,2,Electronica,581.18,1162.36
6432613,48755817,2019-06-18,2,Deportes,237.2,474.4
8086205,43468130,2019-06-18,2,Libros,11.89,23.78
890258,33126649,2019-06-18,2,Belleza,42.37,84.74
12024673,51000982,2019-06-18,2,Electronica,869.25,1738.5
38464689,51381703,2019-06-18,2,Electronica,1328.14,2656.28
28206178,36678785,2019-06-18,2,Libros,48.51,97.02
852587,47339314,2019-06-18,2,Ropa,115.13,230.26
2334791,47168534,2019-06-18,2,Ropa,24.04,48.08
6124371,44074420,2019-06-18,2,Electronica,464.56,929.12
9562608,50833354,2019-06-18,3,Ropa,79.67,239.01
12105867,46280091,2019-06-18,2,Deportes,256.25,512.5
1267809,47864493,2019-06-18,2,Ropa,155.41,310.82
38711384,49055914,2019-06-18,2,Belleza,12.47,24.94
6966360,43144585,2019-06-18,2,Belleza,65.97,131.94
9377703,30156309,2019-06-18,2,Electronica,1357.12,2714.24
1663566,50248395,2019-06-18,3,Hogar,357.13,1071.3899999999999
14439367,46003896,2019-06-18,2,Libros,48.84,97.68
6137147,34002955,2019-06-18,2,Electronica,1038.43,2076.86
9785080,6918590,2019-06-18,2,Ropa,49.25,98.5
7147162,52864115,2019-06-18,2,Libros,11.08,22.16
5496381,41973672,2019-06-18,2,Hogar,417.3,834.6
16755262,6019665,2019-06-18,2,Ropa,142.15,284.3
10480892,50801602,2019-06-18,2,Deportes,238.52,477.04
4871084,52626357,2019-06-18,2,Ropa,45.96,91.92
4156596,47471435,2019-06-18,2,Deportes,249.27,498.54
40373032,42336231,2019-06-18,2,Libros,6.72,13.44
8527529,32712470,2019-06-17,2,Hogar,393.55,787.1
6631130,47009067,2019-06-17,2,Deportes,65.16,130.32
18221002,3131223,2019-06-18,2,Libros,22.15,44.3
26778369,39678050,2019-06-17,2,Libros,29.41,58.82
33656907,50345364,2019-06-17,2,Libros,11.63,23.26
5614700,31169648,2019-06-17,2,Libros,11.6,23.2
32277262,1263939,2019-06-17,2,Libros,44.92,89.84
9180050,39769230,2019-06-17,2,Ropa,118.25,236.5
6576244,30584109,2019-06-17,3,Libros,34.36,103.08
44363986,31714034,2019-06-17,2,Ropa,95.96,191.92
44363986,39024454,2019-06-17,2,Libros,24.38,48.76
1809879,49307363,2019-06-17,2,Libros,58.71,117.42
26783587,51288942,2019-06-17,4,Deportes,38.92,155.68
17662897,42355263,2019-06-17,2,Libros,14.93,29.86
25524437,42724210,2019-06-17,2,Hogar,329.04,658.08
17194048,48726816,2019-06-17,2,Libros,12.5,25.0
15227203,47944119,2019-06-17,2,Libros,37.42,74.84
20434617,46316775,2019-06-17,2,Deportes,235.75,471.5
3779615,52921471,2019-06-17,2,Belleza,116.67,233.34
14449946,33961843,2019-06-17,2,Deportes,355.69,711.38
29602740,7144251,2019-06-17,4,Hogar,473.59,1894.36
35706296,1147634,2019-06-17,2,Belleza,18.06,36.12
11526999,31569001,2019-06-17,2,Electronica,1308.82,2617.64
10626244,37735467,2019-06-17,2,Electronica,237.18,474.36
41051251,4364311,2019-06-17,2,Hogar,321.97,643.94
20701996,1263098,2019-06-17,2,Deportes,293.63,587.26
17796558,36308797,2019-06-17,2,Ropa,40.56,81.12
8318755,46369384,2019-06-17,2,Hogar,321.84,643.68
15615198,52801565,2019-06-17,2,Belleza,11.03,22.06
5421624,41272647,2019-06-17,2,Belleza,38.73,77.46
9538673,35109064,2019-06-17,2,Libros,55.66,111.32
18076436,32396886,2019-06-17,3,Electronica,299.01,897.03
9160125,36977598,2019-06-18,2,Belleza,12.51,25.02
13423892,46534559,2019-06-18,2,Hogar,230.18,460.36
11322935,33518262,2019-06-17,3,Belleza,102.82,308.46
2872221,38230216,2019-06-17,2,Hogar,52.19,104.38
20633512,52645903,2019-06-17,3,Ropa,77.55,232.64999999999998
18774902,35461379,2019-06-17,2,Libros,54.49,108.98
6576244,31972019,2019-06-17,2,Electronica,221.33,442.66
17681617,3787475,2019-06-17,2,Belleza,40.73,81.46
13514938,45540731,2019-06-17,2,Hogar,392.53,785.06
10996343,45192804,2019-06-17,2,Deportes,226.42,452.84
43024696,2265906,2019-06-17,2,Electronica,1256.88,2513.76
6633004,6251534,2019-06-16,2,Ropa,31.2,62.4
11529612,49176173,2019-06-17,2,Hogar,461.47,922.94
19061686,2729003,2019-06-17,2,Libros,56.42,112.84
1268476,44377405,2019-06-17,2,Libros,13.54,27.08
27944615,34764202,2019-06-17,2,Ropa,16.44,32.88
14607282,34348570,2019-06-17,2,Ropa,198.07,396.14
11356890,43428535,2019-06-17,2,Libros,31.52,63.04
15068798,48343342,2019-06-17,2,Belleza,70.79,141.58
22094125,7040343,2019-06-16,2,Belleza,75.83,151.66
10911553,40946466,2019-06-16,2,Ropa,175.79,351.58
7144982,38321363,2019-06-17,2,Hogar,397.99,795.98
13860247,47418656,2019-06-16,2,Deportes,328.56,657.12
23056301,6694585,2019-06-16,2,Hogar,109.05,218.1
16741759,34432818,2019-06-16,2,Libros,33.52,67.04
7597043,49286985,2019-06-16,2,Deportes,109.92,219.84
7597043,34090050,2019-06-16,2,Ropa,176.6,353.2
17633431,50140934,2019-06-16,2,Electronica,1238.3,2476.6
29957090,36254517,2019-06-16,2,Hogar,314.55,629.1
959505,34978026,2019-06-16,2,Hogar,497.43,994.86
19625674,52312239,2019-06-16,2,Deportes,299.37,598.74
24485871,25939509,2019-06-17,2,Ropa,51.01,102.02
10472522,32129949,2019-06-16,2,Ropa,170.86,341.72
12825242,5218013,2019-06-16,2,Deportes,177.6,355.2
15593130,48529651,2019-06-16,2,Ropa,16.87,33.74
17492261,35708791,2019-06-16,2,Libros,22.68,45.36
14248378,25337459,2019-06-16,3,Belleza,92.81,278.43
26752693,33005638,2019-06-16,2,Libros,7.61,15.22
43827035,47103212,2019-06-16,2,Ropa,109.37,218.74
41078675,6687830,2019-06-16,4,Libros,57.81,231.24
13295157,34232320,2019-06-17,2,Electronica,450.4,900.8
13939034,34395008,2019-06-16,2,Hogar,134.56,269.12
26812946,42055877,2019-06-16,2,Electronica,867.24,1734.48
24098656,3334310,2019-06-16,2,Hogar,408.67,817.34
2854995,50079980,2019-06-16,2,Belleza,90.85,181.7
5585119,2763586,2019-06-16,2,Ropa,116.39,232.78
2185184,52895710,2019-06-16,2,Libros,39.73,79.46
13902935,50601811,2019-06-16,2,Deportes,112.0,224.0
22075322,48468634,2019-06-16,2,Libros,28.79,57.58
23700265,41475651,2019-06-16,2,Belleza,34.37,68.74
13018380,4935205,2019-06-16,2,Electronica,1332.41,2664.82
17606573,40234419,2019-06-16,2,Deportes,62.77,125.54
15088745,43333251,2019-06-16,2,Ropa,139.15,278.3
26812946,41019718,2019-06-16,2,Belleza,34.93,69.86
29621129,47006117,2019-06-16,2,Deportes,200.72,401.44
36930709,33269834,2019-06-16,2,Belleza,39.43,78.86
12977503,33076219,2019-06-16,2,Libros,48.01,96.02
2353634,41075705,2019-06-16,2,Belleza,42.17,84.34
28451005,42614151,2019-06-16,2,Ropa,59.47,118.94
14756018,3988356,2019-06-16,2,Hogar,380.1,760.2
40565665,32431297,2019-06-16,2,Deportes,158.97,317.94
20125304,4361268,2019-06-16,2,Ropa,148.01,296.02
6682678,34409893,2019-06-16,2,Belleza,57.45,114.9
4277485,42745848,2019-06-16,2,Ropa,113.98,227.96
22668103,47099110,2019-06-16,2,Hogar,278.49,556.98
27653955,49522240,2019-06-16,3,Libros,58.67,176.01
7070617,32778157,2019-06-16,2,Deportes,159.48,318.96
10081544,42520535,2019-06-16,2,Hogar,115.73,231.46
44257526,5772640,2019-06-15,2,Electronica,1372.1,2744.2
16724241,31929501,2019-06-16,2,Deportes,86.44,172.88
31167134,38578551,2019-06-16,2,Hogar,419.7,839.4
41647049,37279929,2019-06-15,2,Belleza,22.27,44.54
1019858,33155724,2019-06-15,2,Deportes,270.32,540.64
4097007,47480490,2019-06-15,2,Deportes,77.21,154.42
15196705,52286907,2019-06-15,2,Ropa,185.39,370.78
44249352,46374188,2019-06-15,2,Belleza,69.98,139.96
3532252,55057177,2019-06-15,2,Electronica,527.45,1054.9
27048181,2831879,2019-06-15,2,Libros,12.72,25.44
12651278,48318343,2019-06-15,3,Hogar,195.03,585.09
22764918,51829995,2019-06-15,2,Ropa,143.95,287.9
1729052,48317283,2019-06-15,2,Hogar,201.7,403.4
6221014,31363964,2019-06-15,2,Electronica,406.84,813.68
16298030,47047967,2019-06-15,2,Electronica,887.24,1774.48
44222561,2916326,2019-06-15,2,Deportes,178.77,357.54
17768765,44426177,2019-06-15,2,Electronica,290.42,580.84
2628186,28306909,2019-06-15,2,Hogar,89.68,179.36
10911319,46282659,2019-06-15,2,Belleza,86.36,172.72
5473556,42761800,2019-06-15,2,Belleza,117.09,234.18
1719590,46759342,2019-06-15,3,Deportes,108.58,325.74
12482787,37734166,2019-06-15,2,Libros,47.52,95.04
27527563,39912562,2019-06-15,5,Hogar,57.49,287.45
16686588,42357765,2019-06-15,3,Hogar,200.06,600.1800000000001
11738256,4527737,2019-06-15,2,Electronica,784.7,1569.4
4729863,7064271,2019-06-15,2,Hogar,145.34,290.68
35234106,31377755,2019-06-15,2,Ropa,110.62,221.24
1146890,48659061,2019-06-15,2,Libros,53.54,107.08
12365205,40058045,2019-06-15,2,Electronica,1419.44,2838.88
39630337,32755124,2019-06-15,2,Ropa,29.11,58.22
43954832,46777969,2019-06-15,2,Deportes,123.3,246.6
34027457,48885562,2019-06-15,2,Belleza,117.6,235.2
18138945,4654369,2019-06-15,2,Deportes,122.76,245.52
16103204,32864355,2019-06-15,2,Belleza,84.66,169.32
43819309,46062890,2019-06-15,3,Deportes,116.31,348.93
20919327,54291937,2019-06-15,2,Hogar,187.84,375.68
9628562,40142124,2019-06-15,2,Ropa,46.34,92.68
20077209,32031663,2019-06-15,2,Belleza,103.47,206.94
36955160,35206530,2019-06-15,2,Ropa,82.07,164.14
23396352,32213451,2019-06-15,2,Electronica,1329.84,2659.68
4324990,48982566,2019-06-15,2,Ropa,66.41,132.82
1923213,48595016,2019-06-15,2,Electronica,1244.21,2488.42
3586680,52155278,2019-06-15,2,Ropa,78.07,156.14
1807488,32273787,2019-06-15,2,Ropa,28.81,57.62
21176496,35772516,2019-06-15,2,Deportes,308.07,616.14
27529215,6807899,2019-06-15,2,Deportes,210.87,421.74
9380756,36529946,2019-06-15,2,Belleza,73.59,147.18
10595065,39711446,2019-06-15,2,Belleza,36.55,73.1
23877079,37542386,2019-06-15,2,Ropa,58.07,116.14
17155831,36513505,2019-06-15,2,Hogar,488.18,976.36
18583766,47479626,2019-06-16,2,Hogar,433.31,866.62
25740618,53035090,2019-06-15,2,Electronica,1224.21,2448.42
44141914,34435503,2019-06-15,2,Electronica,235.63,471.26
19117155,32900868,2019-06-15,2,Deportes,306.97,613.94
7499005,50030305,2019-06-15,2,Ropa,50.76,101.52
37957603,43855204,2019-06-15,2,Electronica,1467.21,2934.42
6347718,39142651,2019-06-15,2,Electronica,125.53,251.06
33945828,44598399,2019-06-15,2,Libros,24.37,48.74
3600563,51806594,2019-06-15,2,Ropa,91.44,182.88
17308408,48144027,2019-06-14,2,Deportes,333.2,666.4
43779201,41513846,2019-06-14,3,Electronica,1161.02,3483.06
6054564,46080584,2019-06-14,3,Deportes,162.5,487.5
8295229,46717963,2019-06-14,2,Belleza,70.04,140.08
5417365,38633561,2019-06-14,2,Deportes,337.53,675.06
12423839,31807445,2019-06-14,2,Hogar,23.83,47.66
12146840,48705160,2019-06-14,2,Hogar,404.06,808.12
41732304,1069269,2019-06-14,2,Deportes,379.82,759.64
43559989,32033077,2019-06-14,2,Hogar,30.55,61.1
43435637,38614424,2019-06-14,2,Belleza,10.24,20.48
3923348,34339294,2019-06-14,4,Ropa,75.46,301.84
34502100,41055753,2019-06-14,2,Hogar,57.57,115.14
25557037,46292490,2019-06-14,2,Hogar,247.45,494.9
10792636,35042121,2019-06-09,2,Deportes,296.91,593.82
13695392,46248934,2019-06-09,2,Belleza,70.19,140.38
10314963,6534679,2019-06-09,2,Ropa,47.32,94.64
14483973,282476,2019-06-09,2,Deportes,268.83,537.66
4635276,35470352,2019-06-09,2,Deportes,280.24,560.48
42947923,6938963,2019-06-09,3,Electronica,474.18,1422.54
11299334,48091683,2019-06-09,2,Libros,56.28,112.56
537173,25795609,2019-06-09,2,Belleza,21.88,43.76
17012165,2832723,2019-06-09,2,Ropa,141.54,283.08
35814563,36806645,2019-06-09,2,Belleza,109.81,219.62
3072142,36556242,2019-06-09,2,Ropa,105.3,210.6
43500848,6767648,2019-06-09,2,Belleza,46.61,93.22
18013107,35413148,2019-06-09,2,Deportes,84.88,169.76
10763119,3747688,2019-06-09,2,Deportes,349.38,698.76
10319526,3735635,2019-06-09,2,Electronica,621.66,1243.32
3213129,33477261,2019-06-09,2,Electronica,220.52,441.04
6995202,49979524,2019-06-09,2,Hogar,463.57,927.14
2766408,37144733,2019-06-09,2,Libros,51.63,103.26
17473569,52767414,2019-06-09,2,Belleza,48.31,96.62
5489000,46703616,2019-06-09,2,Libros,36.57,73.14
33554701,48071385,2019-06-09,2,Electronica,89.4,178.8
24718710,32161249,2019-06-09,5,Hogar,142.66,713.3
13965961,39359897,2019-06-09,2,Hogar,86.56,173.12
31322906,38562726,2019-06-09,2,Belleza,86.68,173.36
12940487,31763452,2019-06-09,2,Ropa,138.8,277.6
8890437,53034657,2019-06-08,2,Hogar,186.38,372.76
19217911,37701354,2019-06-08,2,Deportes,327.27,654.54
29354862,3285326,2019-06-08,4,Electronica,391.96,1567.84
1104900,577589,2019-06-08,2,Hogar,238.72,477.44
2256187,35163523,2019-06-08,3,Libros,42.98,128.94
42779606,49940855,2019-06-08,2,Hogar,244.18,488.36
13543638,2187962,2019-06-08,2,Deportes,149.51,299.02
16554371,52654716,2019-06-08,2,Belleza,114.79,229.58
1498735,37745272,2019-06-08,2,Ropa,142.37,284.74
10914884,45615711,2019-06-09,2,Deportes,224.9,449.8
15674604,36374892,2019-06-09,2,Ropa,107.0,214.0
10443865,33279074,2019-06-08,2,Belleza,23.32,46.64
33549138,50456267,2019-06-08,2,Hogar,195.51,391.02
30848161,36433428,2019-06-08,3,Ropa,137.83,413.49
4810202,50804174,2019-06-08,2,Electronica,1390.63,2781.26
31678719,48037852,2019-06-08,2,Electronica,820.47,1640.94
11640035,31729374,2019-06-08,2,Electronica,1233.87,2467.74
33757541,34829644,2019-06-08,2,Deportes,134.15,268.3
16644141,46658670,2019-06-08,2,Belleza,54.91,109.82
1357005,37149963,2019-06-09,2,Deportes,51.51,103.02
278766,44138123,2019-06-09,3,Deportes,58.83,176.49
11857227,44854231,2019-06-08,2,Libros,30.86,61.72
40146363,44751030,2019-06-08,3,Deportes,221.48,664.4399999999999
11869797,32050259,2019-06-08,2,Libros,19.52,39.04
38651152,31714633,2019-06-08,2,Electronica,982.03,1964.06
15183384,32117723,2019-06-08,2,Electronica,1069.9,2139.8
13675139,32699421,2019-06-08,2,Deportes,133.66,267.32
12361800,36810510,2019-06-08,2,Electronica,1149.72,2299.44
9422787,44821943,2019-06-08,2,Belleza,28.64,57.28
13410793,36486621,2019-06-08,2,Libros,34.93,69.86
40590669,47341784,2019-06-08,2,Libros,49.24,98.48
14873253,32612523,2019-06-08,2,Deportes,224.06,448.12
1365562,39288821,2019-06-08,2,Electronica,1366.55,2733.1
14160229,726194,2019-06-08,2,Ropa,21.12,42.24
15228519,9502748,2019-06-08,2,Libros,37.36,74.72
15404127,6019667,2019-06-08,2,Deportes,233.47,466.94
30074390,37144354,2019-06-08,2,Deportes,270.93,541.86
9418479,46516465,2019-06-08,2,Belleza,100.84,201.68
239104,37629243,2019-06-08,2,Hogar,367.04,734.08
40252752,40376316,2019-06-08,2,Hogar,398.29,796.58
4593196,2803890,2019-06-08,2,Libros,20.88,41.76
21598150,46207224,2019-06-08,2,Belleza,49.56,99.12
33489229,51063536,2019-06-08,3,Belleza,77.08,231.24
15301534,36502443,2019-06-08,2,Belleza,68.65,137.3
40563091,6008841,2019-06-08,2,Libros,57.86,115.72
821896,52991457,2019-06-08,2,Hogar,105.61,211.22
5965701,52320066,2019-06-08,2,Belleza,45.4,90.8
9201466,41693956,2019-06-08,2,Deportes,63.62,127.24
15223492,42729259,2019-06-08,2,Electronica,880.5,1761.0
37677071,52665415,2019-06-08,2,Deportes,349.83,699.66
3701671,34408527,2019-06-08,2,Deportes,373.15,746.3
41367751,34738286,2019-06-08,2,Ropa,73.85,147.7
39053758,39094141,2019-06-08,2,Ropa,22.75,45.5
11042645,39837792,2019-06-08,2,Libros,28.19,56.38
15691002,35158448,2019-06-08,2,Libros,26.69,53.38
13362600,41772856,2019-06-08,2,Deportes,394.87,789.74
1014168,31948149,2019-06-08,2,Electronica,675.04,1350.08
3611595,2186706,2019-06-08,2,Hogar,163.28,326.56
10605212,41692115,2019-06-08,2,Hogar,192.21,384.42
9847312,34454481,2019-06-08,2,Libros,26.83,53.66
4526911,4027570,2019-06-08,2,Electronica,1241.23,2482.46
59556,31716873,2019-06-08,2,Libros,9.46,18.92
863795,48820045,2019-06-07,2,Hogar,168.51,337.02
11946075,31972000,2019-06-08,2,Libros,58.15,116.3
17504938,42678277,2019-06-07,2,Belleza,22.61,45.22
12232145,3735903,2019-06-07,2,Hogar,318.1,636.2
29199159,2037852,2019-06-07,2,Libros,45.84,91.68
34203511,32634581,2019-06-07,2,Deportes,155.43,310.86
20776299,35169478,2019-06-07,2,Libros,37.0,74.0
34156801,50392850,2019-06-07,2,Deportes,57.83,115.66
34317177,46687755,2019-06-07,2,Electronica,494.3,988.6
2033604,46738133,2019-06-08,2,Hogar,257.92,515.84
31219350,46283255,2019-06-07,2,Ropa,54.02,108.04
14169186,49616728,2019-06-07,2,Ropa,112.96,225.92
25583006,38944437,2019-06-07,2,Hogar,121.58,243.16
15467466,929794,2019-06-07,2,Ropa,133.52,267.04
14790391,2606391,2019-06-07,2,Libros,54.74,109.48
3348760,40570325,2019-06-07,3,Electronica,173.96,521.88
20951539,50199181,2019-06-07,2,Electronica,364.09,728.18
6776302,35558991,2019-06-07,2,Hogar,424.55,849.1
39915848,45753524,2019-06-07,3,Ropa,130.0,390.0
7479692,42731676,2019-06-07,2,Libros,9.33,18.66
6943286,410485,2019-06-07,2,Electronica,755.21,1510.42
10899268,38618768,2019-06-07,2,Electronica,354.15,708.3
43549731,32056124,2019-06-07,2,Belleza,37.54,75.08
16454313,43416718,2019-06-07,2,Belleza,27.9,55.8
27865136,4447931,2019-06-07,2,Belleza,113.17,226.34
10733600,48361638,2019-06-07,2,Electronica,1154.24,2308.48
12690705,49720426,2019-06-07,2,Hogar,352.67,705.34
5784391,51159684,2019-06-07,2,Deportes,110.79,221.58
4691903,35135965,2019-06-07,2,Deportes,65.06,130.12
14505847,48919600,2019-06-07,2,Libros,52.9,105.8
22206804,4479949,2019-06-07,2,Electronica,58.53,117.06
10295644,51428639,2019-06-07,2,Electronica,612.74,1225.48
21643509,47149641,2019-06-07,2,Electronica,452.54,905.08
1054938,2427015,2019-06-07,2,Hogar,291.63,583.26
26069093,34708573,2019-06-07,2,Hogar,276.02,552.04
20898500,50724142,2019-06-07,2,Belleza,33.81,67.62
11479935,32193217,2019-06-07,2,Electronica,501.25,1002.5
25735980,4050088,2019-06-07,2,Electronica,1282.56,2565.12
3214750,32721660,2019-06-07,2,Ropa,124.61,249.22
27877572,49633045,2019-06-07,2,Hogar,85.66,171.32
3571171,50083016,2019-06-07,2,Libros,44.96,89.92
2412006,37834316,2019-06-07,2,Electronica,350.82,701.64
18236002,7157050,2019-06-07,2,Ropa,92.27,184.54
14892656,46747623,2019-06-07,2,Deportes,265.71,531.42
1813879,41884885,2019-06-07,2,Deportes,323.06,646.12
9958869,48911838,2019-06-07,2,Libros,19.96,39.92
26486638,51067064,2019-06-07,2,Electronica,606.95,1213.9
9487198,4490016,2019-06-07,2,Electronica,1114.52,2229.04
33489229,49334240,2019-06-07,2,Ropa,188.2,376.4
4488283,47010764,2019-06-07,2,Hogar,271.68,543.36
4483995,46191008,2019-06-07,3,Libros,28.23,84.69
34758708,47025127,2019-06-07,2,Electronica,64.46,128.92
36125061,6411072,2019-06-06,2,Electronica,581.18,1162.36
43578468,47106495,2019-06-07,2,Deportes,148.62,297.24
30200958,48521652,2019-06-07,2,Electronica,628.02,1256.04
1364610,2842232,2019-06-06,2,Deportes,148.89,297.78
24771364,2827170,2019-06-06,2,Libros,28.99,57.98
7375011,4623987,2019-06-06,2,Libros,39.8,79.6
22157501,44042610,2019-06-06,2,Belleza,18.93,37.86
15514972,51164206,2019-06-06,2,Belleza,36.35,72.7
11978293,48074834,2019-06-06,2,Deportes,212.91,425.82
32030052,37658126,2019-06-07,2,Hogar,168.05,336.1
1626877,44615790,2019-06-06,2,Electronica,1487.07,2974.14
14351257,503391,2019-06-06,3,Electronica,675.58,2026.7400000000002
35940245,32120195,2019-06-07,2,Belleza,105.03,210.06
43570597,47405909,2019-06-07,2,Deportes,360.67,721.34
35512352,43214141,2019-06-06,2,Electronica,1262.21,2524.42
10290742,44077173,2019-06-06,2,Electronica,118.0,236.0
42458192,6815830,2019-06-07,2,Hogar,474.66,949.32
38528635,36398124,2019-06-07,2,Ropa,34.46,68.92
2922653,51030252,2019-06-06,2,Belleza,8.96,17.92
22917669,76223,2019-06-07,2,Libros,30.71,61.42
6855206,3230454,2019-06-06,2,Belleza,52.65,105.3
20266368,45284165,2019-06-06,2,Electronica,205.96,411.92
5223530,39235735,2019-06-06,2,Ropa,46.98,93.96
3379090,39733038,2019-06-06,2,Electronica,317.08,634.16
10692299,48745840,2019-06-06,6,Hogar,154.59,927.54
21920340,31507752,2019-06-06,2,Hogar,135.48,270.96
864000,49978682,2019-06-06,2,Belleza,83.75,167.5
4102017,43556169,2019-06-06,2,Hogar,105.59,211.18
10100671,3251285,2019-06-06,2,Libros,34.87,69.74
11009014,40577180,2019-06-06,2,Ropa,197.42,394.84
5560767,6483357,2019-06-06,2,Electronica,676.95,1353.9
4443967,47122586,2019-06-06,2,Libros,40.3,80.6
21242349,40275993,2019-06-06,2,Belleza,17.23,34.46
4119204,2489693,2019-06-06,2,Ropa,194.18,388.36
8883780,47959266,2019-06-06,2,Deportes,72.3,144.6
16310921,45298157,2019-06-06,2,Belleza,53.14,106.28
15072012,44140610,2019-06-06,2,Hogar,427.34,854.68
14085108,51530051,2019-06-06,2,Deportes,374.28,748.56
43372814,35451954,2019-06-05,2,Hogar,306.6,613.2
13351569,49149298,2019-06-05,2,Libros,12.89,25.78
11076087,24757459,2019-06-05,2,Electronica,1357.13,2714.26
14040143,5946904,2019-06-05,2,Electronica,302.95,605.9
32076881,5473053,2019-06-05,2,Electronica,561.67,1123.34
27272473,47886976,2019-06-05,2,Hogar,197.12,394.24
15458058,31703755,2019-06-05,3,Deportes,189.97,569.91
6788101,46663539,2019-06-05,3,Electronica,1195.74,3587.2200000000003
10559787,49983902,2019-06-05,2,Deportes,324.81,649.62
29202958,6063304,2019-06-05,3,Hogar,364.03,1092.09
12930983,3226416,2019-06-05,2,Libros,6.22,12.44
15259481,38547962,2019-06-05,4,Deportes,234.64,938.56
18072602,49366616,2019-06-05,4,Libros,46.11,184.44
12463024,32309727,2019-06-05,2,Hogar,230.64,461.28
10020207,46882361,2019-06-05,2,Belleza,105.49,210.98
10102205,48165679,2019-06-05,2,Hogar,473.29,946.58
15119740,48013567,2019-06-05,2,Belleza,99.74,199.48
10595885,36289019,2019-06-05,3,Hogar,324.51,973.53
18655138,46656096,2019-06-05,2,Hogar,45.28,90.56
23503707,35611684,2019-06-05,2,Ropa,133.95,267.9
1904663,33955866,2019-06-05,2,Electronica,1371.79,2743.58
14350408,52315476,2019-06-05,2,Belleza,48.64,97.28
7900086,44469406,2019-06-05,2,Belleza,101.39,202.78
36125061,35234760,2019-06-05,2,Deportes,20.41,40.82
3390174,2585586,2019-06-05,2,Belleza,41.01,82.02
8769770,37828640,2019-06-05,3,Ropa,118.32,354.96
9419094,35539407,2019-06-05,2,Libros,40.66,81.32
43309122,35813006,2019-06-05,2,Hogar,343.83,687.66
42950212,5058226,2019-06-05,2,Electronica,1329.7,2659.4
6792585,49843862,2019-06-05,2,Deportes,109.16,218.32
28666655,2005620,2019-06-05,2,Libros,19.43,38.86
8917417,1234193,2019-06-05,2,Hogar,356.46,712.92
32132118,49083292,2019-06-05,3,Ropa,43.67,131.01
3275738,4491011,2019-06-05,3,Hogar,240.17,720.51
24702348,46795320,2019-06-05,2,Hogar,24.72,49.44
2088136,47647717,2019-06-05,2,Ropa,36.79,73.58
16545851,5777916,2019-06-05,2,Belleza,83.07,166.14
25995675,4922814,2019-06-04,2,Belleza,90.96,181.92
10975920,50811290,2019-06-05,2,Electronica,217.21,434.42
3377027,4955743,2019-06-05,2,Electronica,380.18,760.36
36956388,44605134,2019-06-05,2,Belleza,16.37,32.74
7103181,4821322,2019-06-04,2,Libros,28.84,57.68
25055107,39727770,2019-06-04,2,Deportes,67.92,135.84
14049116,47199655,2019-06-04,2,Hogar,227.09,454.18
16691917,47324623,2019-06-05,3,Deportes,298.2,894.5999999999999
41160385,41772566,2019-06-04,2,Hogar,346.44,692.88
11722396,39601225,2019-06-04,2,Belleza,37.25,74.5
10254980,48574245,2019-06-04,2,Electronica,1026.96,2053.92
4722891,31510660,2019-06-04,2,Libros,56.02,112.04
43092190,40768230,2019-06-04,2,Electronica,553.91,1107.82
42236046,33041752,2019-06-04,2,Deportes,145.07,290.14
16695080,37182630,2019-06-05,2,Electronica,878.59,1757.18
32753931,31571582,2019-06-04,2,Belleza,33.23,66.46
40980794,6531654,2019-06-04,2,Libros,40.84,81.68
3275738,43197958,2019-06-04,2,Deportes,336.26,672.52
43280151,3383854,2019-06-04,2,Libros,30.26,60.52
7986968,35241231,2019-06-04,2,Hogar,344.56,689.12
18147294,46937455,2019-06-04,2,Electronica,995.23,1990.46
20284701,36524435,2019-06-04,2,Libros,7.13,14.26
31019633,7075824,2019-06-04,2,Ropa,44.85,89.7
18142588,8318172,2019-06-04,2,Electronica,1345.62,2691.24
369867,35027825,2019-06-04,2,Hogar,470.36,940.72
20782825,46848985,2019-06-04,2,Libros,47.92,95.84
35992006,44839257,2019-06-04,2,Electronica,461.89,923.78
4524846,6019285,2019-06-04,2,Deportes,370.07,740.14
13344872,50976582,2019-06-04,2,Hogar,163.48,326.96
1534656,34687794,2019-06-04,2,Ropa,57.07,114.14
10828955,40271046,2019-06-04,2,Libros,26.14,52.28
17036313,34352827,2019-06-04,2,Belleza,11.36,22.72
22634802,3900675,2019-06-04,2,Electronica,1224.31,2448.62
16695389,42714422,2019-06-04,2,Electronica,151.03,302.06
37241515,47959762,2019-06-04,3,Deportes,393.99,1181.97
12594490,35018539,2019-06-04,2,Belleza,99.76,199.52
42147424,3177301,2019-06-04,4,Libros,35.52,142.08
10448492,40304298,2019-06-04,2,Libros,21.24,42.48
11083399,31069126,2019-06-04,2,Hogar,110.88,221.76
15241015,34425648,2019-06-04,2,Libros,25.02,50.04
15367221,52120718,2019-06-04,2,Deportes,273.45,546.9
13043101,39170715,2019-06-04,2,Belleza,56.41,112.82
40600246,1246725,2019-06-04,2,Deportes,374.94,749.88
38229979,35741200,2019-06-04,2,Ropa,172.3,344.6
1464568,45741529,2019-06-04,2,Ropa,29.46,58.92
25679729,53091,2019-06-04,2,Electronica,240.71,481.42
41009820,26628659,2019-06-04,2,Electronica,1030.55,2061.1
13992747,3485801,2019-06-04,2,Ropa,53.85,107.7
14740684,750817,2019-06-04,2,Libros,48.51,97.02
25198888,41188619,2019-06-04,2,Hogar,446.11,892.22
3859248,40294058,2019-06-04,2,Deportes,244.72,489.44
10658950,48509355,2019-06-04,2,Ropa,53.67,107.34
11994272,6109933,2019-06-04,2,Electronica,744.1,1488.2
7456941,47152905,2019-06-04,2,Ropa,87.15,174.3
16957533,52204990,2019-06-04,2,Libros,53.02,106.04
43072058,50853412,2019-06-04,2,Deportes,227.27,454.54
35763128,4515319,2019-06-03,2,Ropa,16.11,32.22
6578617,6857833,2019-06-04,2,Deportes,360.42,720.84
16054648,13875809,2019-06-04,2,Belleza,79.99,159.98
12309201,32271572,2019-06-03,2,Libros,45.56,91.12
3078046,50416227,2019-06-03,2,Electronica,53.78,107.56
41670425,947657,2019-06-03,2,Deportes,258.73,517.46
1205457,47458887,2019-06-03,2,Ropa,121.81,243.62
30851846,39419438,2019-06-03,2,Ropa,112.07,224.14
3433852,1804665,2019-06-03,2,Belleza,95.37,190.74
17096045,32919889,2019-06-04,2,Electronica,856.01,1712.02
1276980,31303665,2019-06-04,2,Electronica,1292.79,2585.58
17957933,39890474,2019-06-04,2,Hogar,127.83,255.66
3628712,38828055,2019-06-04,2,Electronica,1218.67,2437.34
42495554,33048683,2019-06-03,2,Belleza,25.62,51.24
2316158,32815153,2019-06-03,2,Hogar,409.36,818.72
25992598,34361016,2019-06-03,2,Hogar,471.12,942.24
30727264,3879263,2019-06-03,2,Ropa,73.78,147.56
12484629,36692370,2019-06-03,3,Ropa,110.68,332.04
13872801,41674934,2019-06-03,2,Electronica,1004.58,2009.16
16744999,44463857,2019-06-03,2,Hogar,53.54,107.08
25107199,49678759,2019-06-03,2,Ropa,103.88,207.76
2014157,1839331,2019-06-03,2,Belleza,46.47,92.94
18053854,44596786,2019-06-03,2,Ropa,175.77,351.54
17050565,33855721,2019-06-03,3,Electronica,824.2,2472.6000000000004
27356223,4733376,2019-06-03,4,Electronica,714.22,2856.88
1394205,2864829,2019-06-03,2,Libros,53.22,106.44
9630341,1069881,2019-06-03,2,Libros,43.54,87.08
1584406,44737723,2019-06-03,2,Ropa,134.59,269.18
34878264,47882541,2019-06-03,9,Hogar,370.84,3337.56
36489692,34414949,2019-06-03,2,Hogar,192.5,385.0
1577981,49610947,2019-06-03,2,Deportes,173.72,347.44
41548394,49720711,2019-06-03,2,Libros,35.45,70.9
30107329,38371004,2019-06-03,2,Libros,17.25,34.5
16268811,36524491,2019-06-03,2,Ropa,103.77,207.54
21542567,40601230,2019-06-03,4,Belleza,112.87,451.48
10751265,2489693,2019-06-03,2,Ropa,194.18,388.36
1050962,38659507,2019-06-03,2,Hogar,366.14,732.28
6080612,48973293,2019-06-03,3,Electronica,848.93,2546.79
11181021,42126630,2019-06-03,3,Libros,47.37,142.10999999999999
4819365,42555439,2019-06-03,2,Belleza,47.65,95.3
15184668,50016614,2019-06-03,2,Belleza,89.0,178.0
21501062,1263244,2019-06-03,3,Hogar,214.18,642.54
22363691,48756068,2019-06-03,2,Deportes,244.74,489.48
17050565,33855665,2019-06-03,2,Belleza,37.16,74.32
11171318,44192421,2019-06-03,2,Hogar,310.72,621.44
2644270,42660361,2019-06-03,2,Ropa,140.51,281.02
35675180,33860321,2019-06-03,2,Libros,30.26,60.52
7686056,32071790,2019-06-03,2,Deportes,234.89,469.78
12504462,48889558,2019-06-03,3,Ropa,141.87,425.61
41145042,6457241,2019-06-03,2,Libros,47.22,94.44
34619604,46198518,2019-06-02,2,Hogar,449.35,898.7
34572107,33208666,2019-06-02,2,Libros,24.5,49.0
11570620,50625987,2019-06-02,2,Hogar,476.47,952.94
42090271,46037469,2019-06-02,2,Ropa,131.08,262.16
19805826,51065623,2019-06-03,3,Electronica,1192.17,3576.51
34606972,31459937,2019-06-03,2,Electronica,1064.67,2129.34
19130925,47610966,2019-06-03,2,Libros,16.31,32.62
43079093,31991157,2019-06-02,2,Electronica,153.59,307.18
8633902,133152,2019-06-02,2,Hogar,367.25,734.5
2435219,33369795,2019-06-03,2,Belleza,63.77,127.54
42267368,43222094,2019-06-02,2,Hogar,355.57,711.14
12486928,42033035,2019-06-02,2,Libros,58.13,116.26
14231659,45599083,2019-06-02,2,Belleza,59.84,119.68
14816142,32601715,2019-06-02,2,Libros,37.89,75.78
21407539,46430307,2019-06-02,2,Ropa,69.32,138.64
15623897,37143122,2019-06-02,2,Deportes,128.31,256.62
34753417,43497416,2019-06-02,2,Belleza,89.01,178.02
42252760,598211,2019-06-02,2,Electronica,451.33,902.66
6763170,47418297,2019-06-02,2,Hogar,361.62,723.24
3696806,31516269,2019-06-02,2,Deportes,127.66,255.32
11485250,46004922,2019-06-02,2,Ropa,82.95,165.9
34714822,46248838,2019-06-02,2,Electronica,1167.8,2335.6
13979043,36555462,2019-06-02,2,Ropa,37.13,74.26
21819629,3953477,2019-06-02,3,Deportes,97.89,293.67
11144612,49056803,2019-06-02,2,Hogar,347.67,695.34
8291715,39066039,2019-06-02,2,Libros,35.81,71.62
23021690,35612476,2019-06-02,2,Hogar,113.88,227.76
7795332,49465153,2019-06-02,2,Deportes,363.07,726.14
4775707,36360622,2019-06-02,2,Hogar,148.83,297.66
3780497,34302214,2019-06-02,2,Libros,28.16,56.32
22730421,3522150,2019-06-02,3,Belleza,28.26,84.78
31421118,2148891,2019-06-02,2,Ropa,83.73,167.46
27144048,41690878,2019-06-02,2,Libros,32.04,64.08
43096019,32501550,2019-06-02,2,Electronica,478.11,956.22
38769127,33614979,2019-06-02,2,Deportes,312.26,624.52
5418399,32098737,2019-06-02,2,Belleza,50.3,100.6
13855886,42238920,2019-06-02,2,Electronica,1107.79,2215.58
30719425,49505474,2019-06-02,2,Electronica,350.25,700.5
34689089,32009856,2019-06-02,2,Deportes,163.27,326.54
1887647,105868,2019-06-02,2,Belleza,5.93,11.86
13283850,46029442,2019-06-02,2,Electronica,1150.02,2300.04
9393043,32811135,2019-06-02,2,Electronica,957.54,1915.08
25165160,44774030,2019-06-02,2,Belleza,99.05,198.1
13806648,51034512,2019-06-02,2,Hogar,235.97,471.94
4307893,35885861,2019-06-03,2,Electronica,1209.62,2419.24
28661469,6276842,2019-06-01,2,Ropa,133.04,266.08
3193267,32289010,2019-06-01,2,Belleza,5.42,10.84
39046709,51409201,2019-06-01,2,Electronica,417.86,835.72
21913047,47469562,2019-06-01,2,Deportes,207.68,415.36
41913770,43785109,2019-06-01,2,Libros,39.03,78.06
22014237,45220018,2019-06-01,2,Ropa,22.46,44.92
5911065,32194887,2019-06-01,3,Libros,43.78,131.34
42996882,45362670,2019-06-01,2,Libros,34.89,69.78
2589739,35892155,2019-06-01,2,Electronica,812.38,1624.76
23513861,36831594,2019-06-01,2,Libros,35.61,71.22
32645409,35162165,2019-06-01,3,Ropa,65.49,196.46999999999997
21761643,43914078,2019-06-01,2,Ropa,123.02,246.04
1511437,48745022,2019-06-01,3,Hogar,28.33,84.99
42445681,4921573,2019-06-01,2,Libros,8.56,17.12
41991294,39869437,2019-06-01,2,Ropa,149.44,298.88
10883403,2243509,2019-06-01,2,Hogar,171.12,342.24
8659512,46130148,2019-06-01,2,Deportes,74.78,149.56
31382390,3286322,2019-06-01,2,Belleza,44.9,89.8
9256800,47441085,2019-06-01,2,Hogar,116.07,232.14
17296187,35628133,2019-06-01,3,Deportes,189.34,568.02
28651338,37290425,2019-06-01,2,Electronica,125.39,250.78
8984175,40732272,2019-06-01,4,Belleza,39.54,158.16
6378097,47436799,2019-06-01,2,Belleza,65.62,131.24
41973330,46127237,2019-06-01,2,Deportes,196.94,393.88
28317732,48971313,2019-06-01,2,Hogar,499.84,999.68
4285978,7149782,2019-06-01,2,Electronica,613.71,1227.42
855809,33740484,2019-06-01,2,Hogar,202.69,405.38
10278631,8370627,2019-06-01,2,Ropa,105.68,211.36
27329827,35146723,2019-06-01,2,Hogar,107.3,214.6
23488762,32447749,2019-06-01,2,Belleza,105.78,211.56
7388250,51128802,2019-06-01,2,Electronica,879.79,1759.58
10133951,41639353,2019-06-01,2,Hogar,108.17,216.34
22829547,47410684,2019-06-01,2,Electronica,1200.49,2400.98
13986649,35318397,2019-06-01,2,Electronica,99.78,199.56
1334772,4054309,2019-06-01,2,Ropa,196.69,393.38
450302,7050193,2019-06-01,3,Ropa,174.38,523.14
11588273,42033035,2019-06-01,2,Libros,58.13,116.26
11906158,39833031,2019-06-01,3,Belleza,110.33,330.99
2100400,4263175,2019-06-01,2,Belleza,71.66,143.32
34094284,49521814,2019-06-01,2,Deportes,62.29,124.58
40574911,47310266,2019-06-01,2,Electronica,362.15,724.3
13011518,39659199,2019-06-01,2,Deportes,126.19,252.38
17810942,41936535,2019-06-01,2,Belleza,32.72,65.44
32123816,7026437,2019-06-01,2,Electronica,771.4,1542.8
42317602,34321811,2019-06-01,2,Electronica,1419.61,2839.22
22399918,44602305,2019-06-01,2,Libros,29.43,58.86
14533497,46484312,2019-06-01,2,Deportes,271.39,542.78
19197177,33906453,2019-06-01,2,Ropa,178.1,356.2
10214767,47318357,2019-06-01,2,Hogar,348.96,697.92
43021667,42763393,2019-06-01,2,Ropa,175.6,351.2
3986987,42033033,2019-06-01,2,Hogar,31.4,62.8
42502354,47373052,2019-06-01,2,Deportes,173.65,347.3
7334399,34440832,2019-06-01,2,Ropa,159.1,318.2
13939405,33649240,2019-06-01,2,Hogar,410.21,820.42
42445973,31989393,2019-06-01,2,Libros,56.0,112.0
14433089,39132157,2019-05-31,2,Ropa,143.53,287.06
14001975,46948147,2019-05-31,2,Electronica,405.47,810.94
12681910,5889245,2019-05-31,2,Hogar,260.25,520.5
27373422,4077198,2019-06-01,2,Ropa,16.15,32.3
1477805,42687454,2019-06-01,2,Libros,40.58,81.16
10479285,46702793,2019-06-01,2,Belleza,60.11,120.22
17526448,579438,2019-05-31,2,Deportes,395.89,791.78
42101405,35666753,2019-05-31,2,Ropa,115.32,230.64
1534271,36802078,2019-06-01,2,Ropa,136.7,273.4
15392344,44061670,2019-05-31,2,Libros,56.16,112.32
32211342,31929775,2019-05-31,2,Hogar,348.33,696.66
42924429,51256166,2019-05-31,2,Belleza,41.85,83.7
10948884,41520628,2019-05-31,3,Hogar,111.39,334.17
17670712,38185147,2019-05-31,2,Deportes,344.76,689.52
31396889,43772471,2019-05-31,2,Libros,15.69,31.38
28326129,42042607,2019-05-31,2,Hogar,93.38,186.76
12026132,46708088,2019-05-31,3,Ropa,49.26,147.78
37504948,6044953,2019-05-31,2,Libros,32.99,65.98
845255,31647537,2019-05-31,2,Electronica,230.07,460.14
17770825,282655,2019-05-31,2,Hogar,469.99,939.98
15123120,4793022,2019-05-31,2,Libros,58.14,116.28
11750254,39419452,2019-05-31,2,Hogar,487.29,974.58
10838160,46701144,2019-05-31,2,Libros,7.15,14.3
14342422,46008250,2019-05-31,2,Ropa,170.97,341.94
42105392,51577294,2019-05-31,2,Ropa,189.78,379.56
3974354,38853369,2019-05-31,2,Electronica,1496.25,2992.5
6698307,46364076,2019-05-31,3,Electronica,1416.52,4249.5599999999995
25604965,36417031,2019-05-31,2,Deportes,274.96,549.92
2490871,33113487,2019-05-31,2,Libros,43.57,87.14
42172813,39675926,2019-05-31,2,Hogar,74.29,148.58
4541391,46514383,2019-05-31,3,Electronica,1317.73,3953.19
6293454,31709154,2019-05-31,2,Electronica,136.48,272.96
3874148,46453526,2019-05-31,2,Belleza,41.54,83.08
11396664,9076610,2019-05-31,2,Belleza,118.98,237.96
3249736,32950064,2019-05-31,2,Electronica,662.38,1324.76
3770574,2959130,2019-05-31,2,Libros,12.21,24.42
2870217,43905940,2019-05-31,3,Deportes,388.33,1164.99
6242020,39554686,2019-05-31,3,Electronica,1477.0,4431.0
3637258,34395209,2019-05-31,2,Ropa,45.54,91.08
1705676,6031434,2019-05-31,2,Hogar,434.43,868.86
10432642,42889637,2019-05-31,2,Deportes,168.36,336.72
12473992,51120516,2019-05-31,2,Ropa,82.46,164.92
39370401,2047208,2019-05-31,2,Deportes,119.83,239.66
3314488,33684119,2019-05-31,2,Ropa,18.49,36.98
2049369,22738659,2019-05-31,2,Hogar,144.98,289.96
10873726,36419943,2019-05-31,2,Hogar,41.08,82.16
42492868,39420236,2019-05-31,2,Belleza,111.3,222.6
12157370,6127144,2019-05-31,2,Libros,41.39,82.78
3226977,38430401,2019-05-31,2,Ropa,178.46,356.92
1622048,48923335,2019-05-31,2,Belleza,87.49,174.98
9610903,36357275,2019-05-31,2,Ropa,34.94,69.88
22008750,41173478,2019-05-31,2,Belleza,113.17,226.34
15242524,45909894,2019-05-30,2,Hogar,451.45,902.9
12052177,32554190,2019-05-30,2,Deportes,152.27,304.54
10841188,39760461,2019-05-30,2,Belleza,17.83,35.66
32007345,40262049,2019-05-30,2,Ropa,143.79,287.58
35810949,42076996,2019-05-30,2,Ropa,148.39,296.78
42013915,34324697,2019-05-30,3,Libros,54.33,162.99
30077604,42579328,2019-05-30,2,Hogar,40.54,81.08
1847030,50002386,2019-05-30,2,Ropa,36.92,73.84
979605,6630843,2019-05-30,2,Electronica,917.46,1834.92
5711758,50032237,2019-05-30,2,Deportes,255.27,510.54
15163741,6890783,2019-05-30,2,Belleza,8.87,17.74
3311433,32056108,2019-05-30,3,Libros,26.83,80.49
42181563,31083649,2019-05-30,2,Deportes,241.98,483.96
40523799,40386604,2019-05-30,2,Hogar,372.89,745.78
20723643,40725972,2019-05-30,3,Libros,22.39,67.17
36979010,32647282,2019-05-30,2,Belleza,60.65,121.3
41893701,48812801,2019-05-30,2,Belleza,98.62,197.24
42095751,35884674,2019-05-30,6,Electronica,1433.15,8598.900000000001
42757343,46693413,2019-05-30,2,Hogar,126.7,253.4
42272663,49744240,2019-05-30,2,Libros,18.92,37.84
18514496,49582477,2019-05-30,2,Libros,56.69,113.38
42052015,43387595,2019-05-30,2,Ropa,85.22,170.44
20531085,46948387,2019-05-30,3,Electronica,1091.61,3274.83
26542536,46067878,2019-05-30,2,Electronica,937.78,1875.56
3176019,35886244,2019-05-30,2,Libros,20.71,41.42
16941074,34003520,2019-05-30,2,Libros,40.95,81.9
42887080,47107038,2019-05-30,3,Deportes,269.12,807.36
32069110,51257149,2019-05-30,2,Deportes,245.13,490.26
27537014,50413505,2019-05-30,2,Deportes,57.87,115.74
27180541,3445552,2019-05-30,2,Electronica,1493.0,2986.0
33864474,35750088,2019-05-30,4,Ropa,86.08,344.32
11381180,44698885,2019-05-30,2,Belleza,78.4,156.8
13848215,38670343,2019-05-30,2,Deportes,356.59,713.18
6512395,47591527,2019-05-31,2,Ropa,90.42,180.84
35512352,43214141,2019-05-31,2,Electronica,1262.21,2524.42
10871751,31730438,2019-05-29,5,Hogar,390.35,1951.75
30130964,46736307,2019-05-31,2,Deportes,389.29,778.58
12375741,46863508,2019-05-29,2,Belleza,46.28,92.56
14097719,42520900,2019-05-29,2,Deportes,380.57,761.14
5302022,49244342,2019-05-30,2,Ropa,61.05,122.1
30615,32350937,2019-06-10,2,Hogar,211.56,423.12
40622384,46552281,2019-06-10,2,Hogar,454.2,908.4
43759587,36532287,2019-06-09,2,Belleza,23.36,46.72
12036826,47082723,2019-06-09,3,Deportes,30.87,92.61
7564832,39781174,2019-06-09,2,Electronica,1367.89,2735.78
1693386,48491398,2019-06-09,2,Belleza,99.48,198.96
28468395,50602161,2019-06-09,2,Hogar,409.26,818.52
1383305,43475096,2019-06-09,2,Belleza,116.85,233.7
9039910,31999762,2019-06-09,2,Belleza,11.7,23.4
4531839,48229363,2019-06-09,2,Hogar,90.75,181.5
844810,6044350,2019-06-09,2,Ropa,30.01,60.02
32204535,48376897,2019-06-09,2,Electronica,1040.95,2081.9
12712401,4036591,2019-06-09,2,Deportes,250.28,500.56
8802348,35353070,2019-06-09,2,Deportes,156.55,313.1
6592264,44767276,2019-06-09,2,Ropa,20.91,41.82
6899719,31903266,2019-06-09,3,Belleza,78.56,235.68
22652997,48996821,2019-06-09,2,Electronica,876.67,1753.34
6784124,48545625,2019-06-09,2,Deportes,62.9,125.8
7795332,52204754,2019-06-09,2,Libros,54.99,109.98
5460617,31526711,2019-06-09,2,Deportes,95.6,191.2
14970784,40416396,2019-06-09,2,Belleza,90.5,181.0
33359579,50769023,2019-06-09,2,Libros,53.68,107.36
6247811,1265336,2019-06-09,2,Ropa,120.1,240.2
12594490,37822925,2019-06-09,2,Electronica,407.93,815.86
38636681,45969168,2019-06-09,2,Ropa,148.05,296.1
4540003,44305015,2019-06-09,2,Ropa,68.76,137.52
17789115,35255701,2019-06-09,2,Ropa,178.29,356.58
5553344,46719056,2019-06-09,2,Electronica,482.47,964.94
2480592,46837430,2019-06-09,2,Electronica,1131.98,2263.96
10002119,46658670,2019-06-09,2,Belleza,54.91,109.82
12689211,50787237,2019-06-09,2,Deportes,396.26,792.52
12285985,47323131,2019-06-09,2,Deportes,399.93,799.86
8243697,46013132,2019-06-09,2,Electronica,823.55,1647.1
1569600,44773992,2019-06-09,2,Libros,50.46,100.92
16433138,48315850,2019-06-09,2,Hogar,495.27,990.54
20316367,46703750,2019-06-09,2,Deportes,162.38,324.76
31795087,36705164,2019-06-09,2,Hogar,137.42,274.84
21770471,50495455,2019-06-09,2,Libros,11.28,22.56
22938030,47986100,2019-06-09,2,Electronica,254.3,508.6
40827523,49857136,2019-06-09,2,Libros,51.95,103.9
15911368,47841013,2019-06-09,2,Deportes,243.71,487.42
11712406,43758647,2019-06-09,2,Ropa,176.0,352.0
33732369,41817408,2019-06-09,2,Electronica,1194.71,2389.42
8166455,5906835,2019-06-09,2,Belleza,82.48,164.96
12586321,45982434,2019-06-09,3,Deportes,209.48,628.4399999999999
13822458,35472886,2019-06-09,5,Hogar,310.52,1552.6
1132917,50674897,2019-06-09,2,Libros,7.66,15.32
2337767,42603033,2019-06-09,2,Electronica,1314.8,2629.6
12916559,3131442,2019-06-09,2,Libros,27.98,55.96
43664102,52810181,2019-06-08,2,Electronica,861.69,1723.38
34426129,6611375,2019-06-08,2,Deportes,28.34,56.68
10187888,34134537,2019-06-08,2,Deportes,375.71,751.42
12931717,41491597,2019-06-09,2,Deportes,363.04,726.08
33011133,40558513,2019-06-08,2,Libros,34.88,69.76
26310870,35808327,2019-06-08,2,Belleza,71.39,142.78
2130578,34576028,2019-06-09,2,Deportes,287.91,575.82
17684842,31254392,2019-06-08,2,Electronica,433.81,867.62
15121620,2087452,2019-06-08,2,Deportes,104.33,208.66
1896122,48727322,2019-06-08,2,Ropa,138.06,276.12
21010705,31784124,2019-06-08,2,Deportes,59.68,119.36
24977098,32939412,2019-06-08,2,Libros,29.97,59.94
11899228,6316299,2019-06-08,2,Belleza,61.67,123.34
772628,42647310,2019-06-08,2,Ropa,82.45,164.9
15581053,4734798,2019-06-08,2,Libros,15.19,30.38
27282817,3172516,2019-06-08,2,Libros,24.54,49.08
13045446,53693684,2019-06-08,2,Libros,23.57,47.14
30815502,41893981,2019-06-08,2,Electronica,773.94,1547.88
16313049,37545148,2019-06-08,2,Libros,42.11,84.22
15344931,46081993,2019-06-08,3,Electronica,1453.94,4361.82
8744624,31760535,2019-06-09,2,Libros,12.93,25.86
31983241,50272969,2019-06-09,2,Hogar,438.41,876.82
24472046,2852636,2019-06-09,2,Ropa,63.99,127.98
4161963,33116088,2019-06-08,2,Hogar,301.82,603.64
15885844,31516269,2019-06-08,2,Deportes,127.66,255.32
11646880,6143386,2019-06-08,2,Libros,35.07,70.14
25429754,51701892,2019-06-08,2,Ropa,115.82,231.64
1508180,44741621,2019-06-08,2,Libros,20.73,41.46
10328308,653959,2019-06-08,2,Ropa,147.44,294.88
39814593,6616058,2019-06-08,3,Belleza,48.89,146.67000000000002
13612831,47064630,2019-06-08,2,Hogar,169.76,339.52
43628091,31312767,2019-06-08,2,Belleza,103.08,206.16
18616643,48480455,2019-06-08,2,Ropa,51.82,103.64
29939376,47325813,2019-06-08,2,Electronica,311.36,622.72
3058473,4079093,2019-06-08,2,Ropa,12.97,25.94
10429470,37318304,2019-06-08,2,Belleza,29.22,58.44
6687491,6129296,2019-06-08,2,Hogar,266.49,532.98
13240509,47579398,2019-06-08,2,Libros,34.62,69.24
18657713,48666737,2019-06-08,2,Libros,18.99,37.98
9332864,6463407,2019-06-08,3,Hogar,50.05,150.14999999999998
21900504,33911250,2019-06-08,2,Deportes,273.6,547.2
6667213,4904184,2019-06-08,2,Libros,45.96,91.92
43646408,14182659,2019-06-08,3,Libros,46.69,140.07
36189867,3283533,2019-06-08,2,Belleza,119.75,239.5
13401865,34764200,2019-06-08,2,Hogar,451.51,903.02
10323880,41510958,2019-06-08,2,Deportes,371.9,743.8
18285383,31081516,2019-06-08,2,Electronica,1207.4,2414.8
5729641,43857968,2019-06-08,2,Electronica,942.48,1884.96
26490,48666653,2019-06-08,2,Libros,12.07,24.14
22411657,2304083,2019-06-08,2,Electronica,952.35,1904.7
5111987,32011043,2019-06-08,2,Hogar,42.14,84.28
17673003,50066508,2019-06-08,2,Hogar,444.37,888.74
8293531,47315353,2019-06-08,2,Ropa,101.55,203.1
29562338,32795557,2019-06-08,2,Ropa,142.52,285.04
13285767,31516269,2019-06-08,2,Deportes,127.66,255.32
12797034,3691333,2019-06-08,2,Electronica,125.75,251.5
31585400,343384,2019-06-07,2,Deportes,223.01,446.02
26801274,2876934,2019-06-08,2,Ropa,67.24,134.48
20935214,2523510,2019-06-08,2,Ropa,64.14,128.28
43159719,31884886,2019-06-08,2,Hogar,203.98,407.96
14939209,51481727,2019-06-08,2,Deportes,20.24,40.48
823501,597866,2019-06-08,2,Libros,30.67,61.34
1650282,33061423,2019-06-08,2,Deportes,304.14,608.28
10752108,50115229,2019-06-08,4,Electronica,755.52,3022.08
33278500,46265830,2019-06-08,2,Deportes,53.63,107.26
33528448,42739787,2019-06-08,2,Electronica,691.64,1383.28
43626662,47319104,2019-06-08,2,Ropa,173.99,347.98
3130271,31608496,2019-06-08,2,Deportes,190.44,380.88
9654043,51307669,2019-06-08,2,Deportes,158.15,316.3
24963514,7587271,2019-06-07,2,Hogar,442.85,885.7
13415900,32113901,2019-06-08,2,Electronica,1492.38,2984.76
3774744,49237774,2019-06-08,2,Deportes,237.06,474.12
32234356,50831699,2019-06-08,2,Deportes,199.59,399.18
33448459,50773671,2019-06-07,2,Deportes,208.46,416.92
9147922,34426885,2019-06-07,2,Ropa,163.74,327.48
17318971,47180886,2019-06-07,2,Electronica,543.98,1087.96
18899165,42450997,2019-06-07,2,Deportes,167.88,335.76
608449,42033033,2019-06-07,2,Hogar,31.4,62.8
17864715,32056127,2019-06-07,2,Hogar,427.79,855.58
11072713,50965348,2019-06-08,2,Deportes,307.23,614.46
6353439,31449887,2019-06-07,4,Ropa,23.87,95.48
15277082,43277408,2019-06-07,8,Electronica,1304.5,10436.0
35944144,32967167,2019-06-07,2,Hogar,223.65,447.3
35202210,44165312,2019-06-07,3,Ropa,120.45,361.35
14966496,3725029,2019-06-07,2,Electronica,1148.34,2296.68
12618337,31569468,2019-06-07,2,Deportes,121.1,242.2
30260047,2585586,2019-06-07,2,Belleza,41.01,82.02
31757849,2798839,2019-06-07,2,Electronica,1340.96,2681.92
38808691,35752975,2019-06-07,2,Electronica,1469.88,2939.76
33831596,33114695,2019-06-07,2,Libros,32.19,64.38
6153491,3327866,2019-06-07,2,Electronica,1408.56,2817.12
6005150,43178102,2019-06-07,3,Hogar,15.55,46.650000000000006
7216193,3404070,2019-06-07,2,Electronica,1346.64,2693.28
13507264,40731013,2019-06-07,2,Hogar,165.86,331.72
4382139,47480321,2019-06-07,2,Electronica,1049.43,2098.86
37504948,52864206,2019-06-07,2,Deportes,138.37,276.74
34489471,6904337,2019-06-07,2,Deportes,388.62,777.24
41812964,7132664,2019-06-07,2,Hogar,125.62,251.24
7794731,45603090,2019-06-07,3,Deportes,140.47,421.40999999999997
4387131,40130256,2019-06-07,2,Deportes,101.12,202.24
11081930,46262919,2019-06-07,2,Hogar,454.35,908.7
21642983,1173704,2019-06-07,2,Ropa,180.81,361.62
10005844,3901818,2019-06-07,2,Belleza,16.75,33.5
12859593,47976276,2019-06-07,2,Electronica,257.14,514.28
5364670,39035847,2019-06-07,3,Libros,52.41,157.23
17177741,48632655,2019-06-07,2,Belleza,50.88,101.76
2892321,32194833,2019-06-07,2,Electronica,295.44,590.88
9273,46741621,2019-06-07,2,Electronica,790.47,1580.94
37690723,36948570,2019-06-07,2,Deportes,178.33,356.66
910586,46833533,2019-06-07,2,Electronica,367.78,735.56
3866438,36764991,2019-06-07,2,Libros,44.64,89.28
24965204,46756788,2019-06-07,2,Electronica,965.37,1930.74
11082585,6896416,2019-06-07,2,Ropa,120.26,240.52
26374253,34455163,2019-06-07,2,Hogar,63.34,126.68
11420958,50951798,2019-06-07,3,Belleza,111.42,334.26
13703468,46421359,2019-06-07,2,Hogar,285.86,571.72
10896485,6844322,2019-06-07,2,Libros,18.76,37.52
1670002,31784480,2019-06-07,2,Electronica,349.12,698.24
8300448,43337036,2019-06-07,2,Libros,12.48,24.96
21480077,43214118,2019-06-07,2,Deportes,181.36,362.72
20963776,49957069,2019-06-07,2,Hogar,80.74,161.48
32288305,37567190,2019-06-07,2,Ropa,60.31,120.62
5570375,2783301,2019-06-07,2,Hogar,216.67,433.34
25855104,31263963,2019-06-07,2,Ropa,38.27,76.54
14942922,46029442,2019-06-08,2,Electronica,1150.02,2300.04
15157848,34455395,2019-06-08,2,Electronica,1002.37,2004.74
36817123,50270870,2019-06-06,4,Deportes,318.39,1273.56
3586424,37482229,2019-06-07,2,Hogar,281.52,563.04
33644684,2864832,2019-06-06,2,Ropa,171.27,342.54
10742453,34553847,2019-06-07,2,Hogar,344.83,689.66
18232091,35264828,2019-06-06,2,Deportes,376.58,753.16
26633229,6636354,2019-06-06,2,Libros,33.7,67.4
3089761,4661182,2019-06-06,2,Libros,40.11,80.22
23574769,39300246,2019-06-06,2,Libros,25.03,50.06
37926088,1387917,2019-06-06,2,Electronica,701.75,1403.5
25440045,31716556,2019-06-08,3,Ropa,173.5,520.5
21518659,46634371,2019-06-06,2,Hogar,78.4,156.8
37930874,42191139,2019-06-06,2,Ropa,71.89,143.78
30994002,3900659,2019-06-06,2,Libros,36.75,73.5
1207866,4582405,2019-06-06,2,Libros,42.2,84.4
7375011,33009865,2019-06-06,2,Belleza,92.8,185.6
21172357,48229465,2019-06-06,2,Electronica,511.4,1022.8
41627355,46887183,2019-06-06,3,Belleza,21.77,65.31
32370078,48670173,2019-06-06,2,Belleza,114.81,229.62
11561105,43135479,2019-06-06,2,Belleza,13.79,27.58
11030019,31803352,2019-06-07,2,Electronica,188.92,377.84
11800475,38420172,2019-06-06,3,Electronica,767.67,2303.0099999999998
36558479,39031317,2019-06-06,2,Deportes,331.32,662.64
23710685,32096499,2019-06-06,2,Ropa,157.16,314.32
19160929,31723189,2019-06-06,3,Ropa,188.16,564.48
20406446,2157641,2019-06-06,2,Deportes,73.81,147.62
42090829,38542073,2019-06-06,2,Deportes,162.78,325.56
3843908,37261262,2019-06-06,2,Libros,20.52,41.04
32977209,46677421,2019-06-06,3,Belleza,104.0,312.0
10213716,32242542,2019-06-06,2,Deportes,205.57,411.14
24693736,42780162,2019-06-06,2,Electronica,1463.28,2926.56
20534202,41908419,2019-06-06,2,Hogar,28.02,56.04
34782452,42794733,2019-06-06,2,Ropa,144.51,289.02
15616965,3170648,2019-06-06,2,Deportes,167.71,335.42
10692281,51623653,2019-06-06,2,Hogar,272.61,545.22
6017349,38862185,2019-06-06,2,Hogar,448.49,896.98
9249646,76210,2019-06-06,2,Hogar,139.52,279.04
29145357,47122574,2019-06-06,2,Libros,18.21,36.42
42573804,50383694,2019-06-06,2,Libros,19.48,38.96
40754805,36371341,2019-06-06,2,Hogar,178.98,357.96
20955861,35032039,2019-06-06,2,Libros,10.9,21.8
41540875,41849946,2019-06-06,2,Belleza,85.18,170.36
40695616,38132694,2019-06-06,2,Ropa,158.23,316.46
5925123,32119201,2019-06-06,2,Hogar,115.59,231.18
11463328,34068165,2019-06-06,2,Belleza,111.51,223.02
42083510,46302453,2019-06-06,2,Belleza,29.8,59.6
18958747,35651663,2019-06-06,2,Hogar,138.99,277.98
8983685,38923576,2019-06-05,2,Ropa,66.43,132.86
13062024,34722316,2019-06-05,2,Ropa,138.65,277.3
41097815,34960035,2019-06-05,2,Hogar,387.74,775.48
26775275,51034226,2019-06-05,2,Hogar,222.39,444.78
42111891,47498437,2019-06-05,2,Libros,50.06,100.12
4911390,31732430,2019-06-05,2,Hogar,91.0,182.0
27149897,48690901,2019-06-05,2,Hogar,395.65,791.3
35643392,36818199,2019-06-05,2,Ropa,186.6,373.2
43043463,49871024,2019-06-05,2,Libros,46.61,93.22
2928647,46668712,2019-06-05,2,Electronica,125.27,250.54
9434510,38674388,2019-06-05,2,Electronica,1264.06,2528.12
5882148,40456171,2019-06-05,2,Belleza,112.88,225.76
12321210,47038839,2019-06-05,2,Belleza,119.27,238.54
11791229,44070768,2019-06-05,2,Ropa,33.8,67.6
3890135,46481464,2019-06-05,2,Hogar,432.39,864.78
28379351,3260200,2019-06-05,2,Deportes,253.04,506.08
1561761,42708508,2019-06-06,2,Electronica,339.22,678.44
2047435,34582284,2019-06-05,2,Belleza,35.19,70.38
1082306,1305390,2019-06-05,2,Electronica,1131.1,2262.2
10128351,38668252,2019-06-05,2,Ropa,195.76,391.52
2600437,48228319,2019-06-05,3,Ropa,123.02,369.06
13909713,34374182,2019-06-05,2,Deportes,343.22,686.44
14169543,51455895,2019-06-05,2,Deportes,23.38,46.76
5857107,2934377,2019-06-05,2,Libros,7.01,14.02
20053767,48771125,2019-06-05,2,Ropa,123.38,246.76
25974261,6540185,2019-06-05,2,Belleza,49.73,99.46
33509667,50079966,2019-06-05,2,Electronica,1340.15,2680.3
14142745,38960574,2019-06-05,2,Hogar,161.46,322.92
4453513,48727990,2019-06-05,2,Deportes,184.18,368.36
5749532,45343084,2019-06-05,4,Libros,24.71,98.84
10849021,6127144,2019-06-05,2,Libros,41.39,82.78
11562451,37115311,2019-06-05,2,Hogar,271.04,542.08
15192149,34543935,2019-06-05,2,Belleza,36.4,72.8
12178835,45607551,2019-06-04,2,Deportes,365.23,730.46
1074814,50993371,2019-06-04,2,Hogar,240.3,480.6
12027854,41915280,2019-06-04,2,Belleza,53.78,107.56
1333596,52236364,2019-06-05,2,Electronica,1282.14,2564.28
11913128,32194399,2019-06-04,3,Belleza,40.88,122.64000000000001
15708009,6009715,2019-06-04,2,Libros,49.96,99.92
37706282,27070159,2019-06-04,2,Deportes,66.46,132.92
31468232,7721660,2019-06-04,2,Ropa,44.73,89.46
9928829,47385199,2019-06-04,2,Electronica,1428.72,2857.44
10763323,47094884,2019-06-04,2,Hogar,304.37,608.74
13999712,46245800,2019-06-04,2,Hogar,423.59,847.18
30115051,44621216,2019-06-05,2,Deportes,167.4,334.8
12713284,48210597,2019-06-05,2,Ropa,131.31,262.62
38663903,36821544,2019-06-05,2,Belleza,113.44,226.88
25603072,47107292,2019-06-04,2,Ropa,50.25,100.5
2651689,44348602,2019-06-04,2,Deportes,42.42,84.84
25997313,18363259,2019-06-04,2,Deportes,224.24,448.48
31427523,5855186,2019-06-04,2,Libros,12.84,25.68
14911904,51594416,2019-06-04,2,Libros,15.3,30.6
23370528,32121045,2019-06-04,2,Ropa,179.39,358.78
7053402,35008722,2019-06-04,2,Belleza,5.85,11.7
33439024,33349214,2019-06-04,2,Ropa,165.2,330.4
40496145,40276009,2019-06-04,2,Deportes,216.44,432.88
31385317,43863929,2019-06-04,3,Deportes,232.53,697.59
5938403,50376713,2019-06-04,2,Hogar,340.81,681.62
22373806,41942013,2019-06-04,2,Deportes,265.4,530.8
15765995,32283579,2019-06-04,2,Libros,8.27,16.54
16316523,41722281,2019-06-04,2,Libros,28.73,57.46
1615883,49775272,2019-06-04,2,Hogar,71.07,142.14
204088,45296128,2019-06-04,2,Electronica,199.09,398.18
2648988,49641860,2019-06-04,3,Deportes,306.66,919.98
6415060,37635505,2019-06-04,2,Hogar,122.2,244.4
9347823,49709496,2019-06-04,2,Ropa,15.34,30.68
10036116,37036328,2019-06-04,2,Libros,58.88,117.76
17694774,34540000,2019-06-04,2,Libros,58.92,117.84
15667586,50083016,2019-06-04,5,Libros,44.96,224.8
10603399,39349787,2019-06-04,2,Belleza,48.49,96.98
40964288,47369046,2019-06-04,2,Ropa,14.85,29.7
4877729,41687640,2019-06-04,2,Belleza,88.64,177.28
26820790,35299456,2019-06-04,2,Hogar,418.04,836.08
28879781,43524799,2019-06-04,2,Belleza,46.04,92.08
15097859,3780865,2019-06-04,2,Electronica,231.27,462.54
401903,37857084,2019-06-04,2,Ropa,35.74,71.48
15259207,46989925,2019-06-04,2,Ropa,166.22,332.44
14889845,2151890,2019-06-04,2,Ropa,185.16,370.32
4409579,45945462,2019-06-04,2,Belleza,95.94,191.88
6589921,47122704,2019-06-04,2,Hogar,112.36,224.72
1848660,3522295,2019-06-04,2,Ropa,88.19,176.38
35261222,51762668,2019-06-04,2,Ropa,124.16,248.32
7841217,2555856,2019-06-04,2,Libros,13.82,27.64
12021460,1069431,2019-06-04,2,Electronica,355.37,710.74
19877706,47705127,2019-06-04,2,Libros,20.56,41.12
1708447,51119714,2019-06-04,4,Libros,33.02,132.08
15043550,46098803,2019-06-04,2,Electronica,790.67,1581.34
24788497,41844012,2019-06-04,2,Hogar,409.93,819.86
24114888,2702567,2019-06-04,2,Libros,46.42,92.84
15108895,32044619,2019-06-04,2,Hogar,458.16,916.32
11172135,35410694,2019-06-04,2,Libros,50.81,101.62
5465946,42671596,2019-06-03,2,Deportes,116.47,232.94
20021289,39050110,2019-06-03,2,Ropa,199.33,398.66
21508365,33112555,2019-06-04,2,Electronica,530.38,1060.76
24358332,47643134,2019-06-04,2,Libros,32.52,65.04
24386589,29759259,2019-06-04,2,Deportes,25.42,50.84
16465734,34340471,2019-06-03,2,Belleza,54.96,109.92
1659026,32604188,2019-06-03,2,Belleza,108.95,217.9
16473822,3383716,2019-06-03,2,Deportes,36.85,73.7
3404719,46645164,2019-06-03,2,Ropa,71.26,142.52
11257276,51274794,2019-06-03,2,Libros,36.3,72.6
6001178,76427,2019-06-03,2,Deportes,216.78,433.56
10757553,43845804,2019-06-03,4,Hogar,332.41,1329.64
3354063,42485802,2019-06-03,2,Belleza,65.66,131.32
5207885,39722128,2019-06-03,2,Libros,17.6,35.2
32522899,47335709,2019-06-03,2,Ropa,48.2,96.4
1829223,34265692,2019-06-03,2,Deportes,364.75,729.5
2774869,35375805,2019-06-03,2,Belleza,35.36,70.72
32396494,32284226,2019-06-03,2,Libros,20.45,40.9
3221648,43556169,2019-06-03,2,Hogar,105.59,211.18
3032414,33914986,2019-06-03,3,Belleza,52.49,157.47
9475670,49256872,2019-06-03,2,Ropa,36.49,72.98
40812012,39641351,2019-06-03,2,Deportes,212.76,425.52
41136876,3766981,2019-06-03,3,Belleza,81.48,244.44
36615423,49363048,2019-06-03,2,Belleza,95.39,190.78
2114877,47868704,2019-06-03,2,Electronica,1081.61,2163.22
26422451,4943893,2019-06-03,2,Belleza,21.98,43.96
5211136,32724729,2019-06-03,2,Electronica,711.3,1422.6
27617986,38521532,2019-06-03,2,Deportes,34.66,69.32
3318483,46393615,2019-06-03,2,Libros,5.98,11.96
8623227,40177021,2019-06-03,2,Libros,29.21,58.42
1471760,44154300,2019-06-03,2,Deportes,116.12,232.24
8918488,5777203,2019-06-03,2,Deportes,279.68,559.36
5349740,33371784,2019-06-03,2,Hogar,366.26,732.52
12154577,35265986,2019-06-03,2,Deportes,360.25,720.5
10892654,32027924,2019-06-03,2,Belleza,92.48,184.96
10010642,46703161,2019-06-03,2,Libros,7.65,15.3
12154577,50115994,2019-06-03,2,Ropa,80.61,161.22
10352139,39850199,2019-06-03,2,Libros,20.02,40.04
1973457,4820807,2019-06-03,2,Electronica,609.89,1219.78
25402964,43842580,2019-06-03,2,Libros,13.8,27.6
41887732,36831594,2019-06-03,2,Libros,35.61,71.22
5811690,3633997,2019-06-03,2,Ropa,165.13,330.26
12342646,39833031,2019-06-03,2,Belleza,110.33,220.66
1702200,9512377,2019-06-03,2,Libros,25.63,51.26
16343382,1263853,2019-06-03,2,Hogar,62.39,124.78
25010139,50079991,2019-06-03,2,Deportes,217.97,435.94
1607564,47043689,2019-06-03,2,Deportes,293.74,587.48
43143206,44296806,2019-06-03,2,Libros,43.61,87.22
4097254,47295420,2019-06-02,2,Ropa,95.68,191.36
43092228,40552062,2019-06-02,2,Ropa,109.23,218.46
8815528,35819955,2019-06-03,2,Hogar,265.42,530.84
43140754,46658875,2019-06-03,2,Electronica,1052.78,2105.56
43125427,75982,2019-06-02,6,Ropa,160.73,964.3799999999999
6691217,41140045,2019-06-03,3,Libros,7.64,22.919999999999998
38623961,50600754,2019-06-03,2,Deportes,289.76,579.52
40495569,33862766,2019-06-03,2,Libros,37.02,74.04
10311897,40769893,2019-06-03,2,Hogar,111.08,222.16
3443717,6693796,2019-06-03,2,Belleza,10.64,21.28
15050928,44575889,2019-06-02,2,Electronica,1371.29,2742.58
31700290,37519519,2019-06-02,2,Belleza,17.48,34.96
12034214,32234726,2019-06-02,2,Hogar,269.48,538.96
4343048,5770519,2019-06-03,2,Deportes,308.2,616.4
10445362,7157790,2019-06-03,3,Hogar,177.31,531.9300000000001
17147978,50773671,2019-06-03,2,Deportes,208.46,416.92
2446436,40570013,2019-06-03,2,Deportes,164.07,328.14
2371748,39807966,2019-06-03,2,Ropa,187.49,374.98
6863264,7035621,2019-06-02,2,Hogar,118.31,236.62
28395750,34215447,2019-06-02,2,Deportes,59.42,118.84
24476930,32630172,2019-06-02,2,Hogar,181.55,363.1
7986595,51911510,2019-06-02,2,Hogar,376.77,753.54
13622859,3680857,2019-06-02,2,Deportes,333.57,667.14
20893031,33306687,2019-06-02,2,Deportes,257.91,515.82
36872910,25592309,2019-06-02,2,Deportes,178.0,356.0
15797919,4434239,2019-06-02,2,Electronica,1448.89,2897.78
23789246,46195253,2019-06-02,2,Hogar,371.47,742.94
25653482,45518090,2019-06-02,3,Belleza,12.11,36.33
11216706,133152,2019-06-02,2,Hogar,367.25,734.5
41909478,46231998,2019-06-02,3,Hogar,376.15,1128.4499999999998
3114056,6459172,2019-06-02,2,Hogar,26.66,53.32
22024451,39861831,2019-06-02,2,Deportes,267.12,534.24
3129503,31617354,2019-06-02,2,Hogar,117.08,234.16
14310835,37815203,2019-06-02,2,Libros,43.3,86.6
16322860,49325999,2019-06-02,3,Hogar,165.24,495.72
40218709,40276023,2019-06-02,2,Libros,53.02,106.04
4590851,6738109,2019-06-02,2,Belleza,43.75,87.5
8984867,4334755,2019-06-02,2,Deportes,255.48,510.96
16079623,41643462,2019-06-02,2,Hogar,153.67,307.34
1637360,38155376,2019-06-02,2,Libros,55.45,110.9
8815528,48210357,2019-06-02,2,Libros,47.95,95.9
6748620,33174132,2019-06-02,2,Libros,18.38,36.76
30026649,38607384,2019-06-02,2,Ropa,190.27,380.54
1616106,37826707,2019-06-02,2,Electronica,567.88,1135.76
16227911,2747469,2019-06-02,2,Belleza,79.96,159.92
842591,32972038,2019-06-02,2,Hogar,375.28,750.56
10679675,39040632,2019-06-02,2,Ropa,14.35,28.7
28832293,41062326,2019-06-02,2,Hogar,480.1,960.2
22971568,31450194,2019-06-02,2,Hogar,182.05,364.1
11582011,31350381,2019-06-02,2,Deportes,92.12,184.24
5996752,51134412,2019-06-02,2,Deportes,343.27,686.54
4308566,33906449,2019-06-02,2,Deportes,287.1,574.2
41444647,40275998,2019-06-02,2,Hogar,486.66,973.32
32778613,42538700,2019-06-02,2,Ropa,26.48,52.96
1505932,2013818,2019-06-02,2,Hogar,71.77,143.54
13406635,43524799,2019-06-02,2,Belleza,46.04,92.08
25806658,50891229,2019-06-02,2,Electronica,1087.03,2174.06
5417887,653961,2019-06-02,2,Belleza,13.6,27.2
31774436,50416594,2019-06-02,2,Deportes,368.53,737.06
41510400,32138371,2019-06-02,2,Deportes,301.79,603.58
11982567,3864604,2019-06-02,2,Hogar,177.71,355.42
26370834,34609783,2019-06-02,2,Hogar,191.03,382.06
3863930,44577672,2019-06-02,2,Ropa,179.49,358.98
41475544,34690703,2019-06-02,2,Ropa,106.23,212.46
26827986,43927924,2019-06-02,2,Ropa,78.58,157.16
12459874,34754491,2019-06-02,2,Deportes,317.72,635.44
21805576,50494101,2019-06-02,2,Hogar,487.75,975.5
18409948,45349370,2019-06-02,2,Electronica,897.56,1795.12
2510602,47731385,2019-06-02,2,Belleza,56.29,112.58
9309064,3059800,2019-06-02,2,Hogar,123.05,246.1
42763818,2190212,2019-06-02,2,Hogar,331.92,663.84
14958679,40568424,2019-06-02,2,Libros,42.71,85.42
36282900,38233686,2019-06-02,2,Ropa,140.19,280.38
8344220,32214670,2019-06-02,2,Belleza,8.1,16.2
13843632,44705709,2019-06-02,2,Deportes,361.67,723.34
10227294,44748662,2019-06-02,2,Hogar,178.98,357.96
866193,51103180,2019-06-02,2,Deportes,302.78,605.56
16398473,598023,2019-06-03,2,Hogar,383.51,767.02
21096205,45284805,2019-06-03,2,Deportes,267.21,534.42
3807555,4713939,2019-06-03,2,Belleza,50.41,100.82
18277178,42688825,2019-06-02,2,Ropa,125.59,251.18
33303527,34213277,2019-06-01,3,Belleza,9.62,28.86
30311896,42709119,2019-06-01,2,Libros,46.9,93.8
28011384,111493,2019-06-01,2,Electronica,194.4,388.8
13412673,50620472,2019-06-01,2,Ropa,85.38,170.76
38356516,35182218,2019-06-01,2,Belleza,16.92,33.84
38595586,47973140,2019-06-01,2,Libros,51.04,102.08
5237884,32498257,2019-06-01,2,Electronica,847.94,1695.88
23743318,31186392,2019-06-01,2,Libros,43.0,86.0
11142526,47196376,2019-06-04,2,Hogar,346.05,692.1
2185138,48338790,2019-06-04,2,Hogar,423.18,846.36
42815910,31521884,2019-06-01,3,Deportes,70.38,211.14
27784075,34579154,2019-06-01,2,Ropa,135.35,270.7
41733011,2517687,2019-06-01,2,Hogar,293.94,587.88
4332957,40926787,2019-06-01,2,Libros,6.7,13.4
14453758,36891932,2019-06-01,2,Hogar,362.53,725.06
1063350,44602600,2019-06-01,2,Ropa,48.27,96.54
21650416,43885444,2019-06-01,2,Hogar,144.77,289.54
1590853,33173773,2019-06-01,2,Deportes,47.57,95.14
9039511,31373936,2019-06-01,2,Belleza,45.79,91.58
4018562,40729041,2019-06-01,2,Deportes,30.34,60.68
13929365,39216101,2019-06-01,2,Electronica,852.12,1704.24
24472973,43145167,2019-06-01,2,Hogar,117.58,235.16
21842776,42022916,2019-06-01,2,Electronica,466.15,932.3
42787306,31985000,2019-06-01,3,Electronica,1370.18,4110.54
13865225,35720258,2019-06-01,2,Libros,32.65,65.3
20335327,31091696,2019-06-01,2,Ropa,61.11,122.22
4447235,36404706,2019-06-01,2,Libros,37.92,75.84
2045890,47485772,2019-06-01,2,Hogar,112.81,225.62
4967638,7153067,2019-06-01,2,Electronica,157.87,315.74
5942314,34807805,2019-06-01,2,Belleza,7.4,14.8
10423690,46234841,2019-06-01,2,Hogar,492.55,985.1
33522382,33312723,2019-06-01,2,Electronica,1429.72,2859.44
7097820,50839012,2019-06-01,3,Belleza,88.33,264.99
24621838,3425871,2019-06-01,3,Libros,49.0,147.0
3473785,47884304,2019-06-01,2,Libros,58.95,117.9
35577558,34731936,2019-06-01,2,Ropa,187.01,374.02
4723539,44428649,2019-06-01,2,Electronica,1118.52,2237.04
11469121,36496457,2019-06-01,2,Deportes,283.72,567.44
26727883,38859954,2019-05-31,2,Libros,23.53,47.06
12391681,45670326,2019-06-01,2,Libros,10.72,21.44
12747139,47426452,2019-06-01,2,Ropa,119.01,238.02
3410116,8836853,2019-06-01,2,Belleza,71.27,142.54
28580645,34429025,2019-06-01,2,Ropa,190.93,381.86
16304932,37531459,2019-05-31,2,Electronica,691.73,1383.46
26962765,42572213,2019-05-31,2,Deportes,230.39,460.78
3714823,42249790,2019-06-01,2,Hogar,350.04,700.08
26095368,35013093,2019-06-01,2,Hogar,293.86,587.72
5773808,1069826,2019-06-01,2,Libros,45.4,90.8
1975761,41003579,2019-05-31,2,Belleza,25.33,50.66
40218381,5778292,2019-05-31,2,Libros,37.56,75.12
40137177,37155575,2019-05-31,2,Belleza,67.11,134.22
41298736,4411127,2019-05-31,2,Libros,32.16,64.32
42533237,31651030,2019-05-31,2,Libros,33.24,66.48
10671541,51242289,2019-05-31,2,Hogar,94.53,189.06
34563948,31499215,2019-05-31,2,Belleza,58.3,116.6
42048223,33753548,2019-05-31,2,Ropa,125.07,250.14
921028,2145739,2019-05-31,2,Libros,31.92,63.84
40971269,2215961,2019-05-31,2,Deportes,205.7,411.4
13743271,2951827,2019-05-31,2,Deportes,49.46,98.92
3489085,42249721,2019-05-31,2,Ropa,46.25,92.5
17850010,4227042,2019-05-31,2,Deportes,141.97,283.94
13513631,32437051,2019-05-31,2,Electronica,658.05,1316.1
12179508,33614742,2019-05-31,2,Libros,37.67,75.34
42972602,35323183,2019-05-31,2,Ropa,174.04,348.08
17464883,48875307,2019-05-31,2,Belleza,23.3,46.6
20835455,35907849,2019-05-31,4,Libros,5.83,23.32
21769808,3170897,2019-05-31,2,Ropa,95.36,190.72
17233281,36325973,2019-05-31,2,Hogar,224.57,449.14
15314197,41656830,2019-05-31,2,Deportes,131.66,263.32
2391782,47417782,2019-05-31,2,Belleza,68.47,136.94
14121940,50601830,2019-05-31,2,Hogar,419.11,838.22
17437437,32018792,2019-05-30,2,Libros,49.13,98.26
24160761,34544732,2019-05-30,2,Belleza,16.5,33.0
24986928,42033035,2019-05-30,2,Libros,58.13,116.26
20509427,49516142,2019-06-01,2,Deportes,374.92,749.84
34653008,34067569,2019-06-01,2,Ropa,30.98,61.96
34213733,33859185,2019-05-30,2,Libros,39.9,79.8
3361613,39381939,2019-05-30,2,Electronica,1024.99,2049.98
13757272,39132157,2019-05-30,2,Ropa,143.53,287.06
33504943,46668464,2019-05-31,2,Belleza,83.19,166.38
30461704,2585366,2019-05-30,2,Belleza,35.52,71.04
27571069,40275993,2019-05-30,2,Belleza,17.23,34.46
42291734,6896300,2019-05-30,2,Libros,23.17,46.34
21454463,32677141,2019-05-30,3,Libros,35.18,105.53999999999999
21649896,46004922,2019-05-30,2,Ropa,82.95,165.9
24858243,35234760,2019-05-30,3,Deportes,20.41,61.230000000000004
11807287,40276009,2019-05-30,2,Deportes,216.44,432.88
19954582,6503436,2019-05-30,2,Hogar,111.8,223.6
20724095,2300524,2019-05-30,3,Deportes,27.72,83.16
6263557,45972411,2019-05-30,2,Hogar,287.64,575.28
18973742,36749109,2019-05-30,2,Hogar,240.66,481.32
42183765,46370878,2019-05-30,2,Deportes,159.08,318.16
36517910,46797453,2019-05-30,2,Deportes,269.56,539.12
18947829,42362496,2019-05-30,2,Electronica,262.72,525.44
27186086,32356918,2019-05-30,2,Hogar,422.85,845.7
62740,44245518,2019-05-30,2,Hogar,85.92,171.84
10648625,49396471,2019-05-30,2,Libros,10.87,21.74
22722602,48923369,2019-05-30,2,Belleza,107.5,215.0
21019139,42856122,2019-05-30,2,Deportes,190.82,381.64
21819629,36689328,2019-06-01,4,Ropa,114.46,457.84
8393749,35819251,2019-06-01,2,Electronica,1350.04,2700.08
4126318,43185342,2019-05-30,2,Electronica,484.87,969.74
13498531,3735903,2019-05-31,4,Hogar,318.1,1272.4
9132019,39932747,2019-05-31,2,Deportes,89.09,178.18
11082470,45402138,2019-05-31,3,Libros,29.52,88.56
42825943,41743006,2019-05-29,2,Libros,18.44,36.88
26174422,34318566,2019-05-29,2,Belleza,65.7,131.4
11217267,37841675,2019-05-29,2,Belleza,36.65,73.3
7238888,39329222,2019-05-29,2,Deportes,348.51,697.02
42179369,47095979,2019-05-29,2,Belleza,74.84,149.68
19955266,4277617,2019-05-29,2,Electronica,50.35,100.7
28019912,336442,2019-05-29,2,Electronica,1217.94,2435.88
27940197,41697071,2019-05-29,2,Ropa,72.74,145.48
35434639,3465385,2019-05-29,2,Libros,22.61,45.22
42519746,46369267,2019-05-29,3,Deportes,165.56,496.68
5544473,2260676,2019-05-29,2,Hogar,320.68,641.36
25913992,46548509,2019-05-29,3,Libros,29.31,87.92999999999999
23065871,44487337,2019-05-29,2,Hogar,319.89,639.78
14449162,32091404,2019-05-29,2,Ropa,37.89,75.78
36011814,32054321,2019-05-29,2,Libros,38.23,76.46
24913415,41294204,2019-05-29,2,Ropa,194.33,388.66
24766467,36833728,2019-05-29,2,Belleza,88.9,177.8
2260907,51025491,2019-05-29,2,Ropa,57.54,115.08
21799633,39224790,2019-05-29,2,Ropa,147.59,295.18
35861460,34970147,2019-05-29,2,Hogar,293.89,587.78
11672545,4124449,2019-05-29,2,Belleza,17.56,35.12
25805898,35074130,2019-05-29,2,Ropa,43.86,87.72
19052001,47047754,2019-05-29,4,Libros,7.27,29.08
34739685,44818998,2019-05-29,2,Ropa,163.76,327.52
27108661,48709620,2019-05-29,2,Belleza,68.45,136.9
4317024,37674268,2019-05-29,2,Deportes,140.36,280.72
10740606,42493603,2019-05-29,2,Belleza,19.53,39.06
32280815,31440055,2019-05-29,2,Hogar,249.76,499.52
31918931,3193021,2019-05-29,2,Deportes,219.6,439.2
35685386,51018551,2019-05-29,2,Libros,43.61,87.22
15131954,48687304,2019-05-29,2,Electronica,1456.41,2912.82
42230159,39050110,2019-05-29,2,Ropa,199.33,398.66
15525570,942107,2019-05-29,3,Belleza,55.02,165.06
2455410,47013895,2019-05-29,2,Hogar,211.93,423.86
22737294,31816411,2019-05-29,2,Libros,25.35,50.7
29934326,35755650,2019-05-29,2,Deportes,334.23,668.46
8871236,5891745,2019-05-29,2,Libros,13.6,27.2
14215778,32528924,2019-05-29,2,Belleza,44.54,89.08
13797050,6875441,2019-05-28,2,Ropa,147.74,295.48
13683840,34340471,2019-05-28,6,Belleza,54.96,329.76
19914034,64894,2019-05-28,2,Belleza,6.8,13.6
25196277,39748585,2019-05-28,3,Electronica,469.6,1408.8000000000002
42185887,32456360,2019-05-28,3,Belleza,78.77,236.31
22547664,43240617,2019-05-29,2,Deportes,90.66,181.32
11740906,35605608,2019-05-29,2,Deportes,135.03,270.06
35558608,43747632,2019-05-28,2,Belleza,60.9,121.8
22218879,3264396,2019-05-28,2,Deportes,180.37,360.74
2086855,35335079,2019-05-28,2,Ropa,30.15,60.3
42108883,2827196,2019-05-28,2,Libros,56.6,113.2
26533977,44747955,2019-05-28,2,Belleza,10.09,20.18
35640762,41169644,2019-05-28,2,Ropa,152.45,304.9
40531269,39861831,2019-05-28,2,Deportes,267.12,534.24
4043811,47896333,2019-05-28,2,Libros,8.93,17.86
8793111,42932904,2019-05-28,2,Libros,30.7,61.4
5325759,35448543,2019-05-28,5,Ropa,43.33,216.64999999999998
35641465,39424211,2019-05-28,8,Hogar,83.43,667.44
22286274,6930472,2019-05-28,2,Belleza,19.48,38.96
32383168,36347755,2019-05-28,2,Libros,29.9,59.8
42778846,31278748,2019-05-28,3,Libros,33.35,100.05000000000001
4477976,49567960,2019-05-28,2,Deportes,70.69,141.38
26858435,41983462,2019-05-28,2,Libros,58.87,117.74
20468245,3811954,2019-05-28,2,Ropa,58.98,117.96
22207461,38557892,2019-05-28,2,Libros,30.24,60.48
28378127,42712500,2019-05-28,3,Hogar,119.89,359.67
13248815,910964,2019-05-28,3,Belleza,61.8,185.39999999999998
20617874,36984016,2019-05-28,2,Belleza,91.94,183.88
23343161,46473812,2019-05-28,3,Libros,33.66,100.97999999999999
40557503,31639073,2019-05-28,2,Ropa,118.56,237.12
10404952,32267418,2019-05-28,2,Electronica,464.19,928.38
15821092,42639946,2019-05-28,2,Electronica,410.18,820.36
11441974,51366928,2019-05-28,2,Ropa,154.2,308.4
7097820,37126710,2019-05-28,5,Electronica,221.45,1107.25
5857090,43392091,2019-05-28,2,Ropa,80.29,160.58
1011526,36863000,2019-05-28,2,Deportes,77.56,155.12
6999140,40404828,2019-05-28,2,Ropa,59.02,118.04
6365793,4661596,2019-05-28,2,Electronica,271.39,542.78
15192826,4232721,2019-05-28,2,Libros,53.77,107.54
15192826,3174327,2019-05-28,2,Deportes,298.12,596.24
11225937,34340471,2019-05-28,2,Belleza,54.96,109.92
27252729,47047223,2019-05-28,2,Electronica,863.34,1726.68
1965435,46377075,2019-05-28,2,Ropa,52.64,105.28
30094165,46231998,2019-05-28,2,Hogar,376.15,752.3
12028647,50493033,2019-05-28,4,Hogar,262.46,1049.84
35588061,45988986,2019-05-28,2,Belleza,64.9,129.8
23518621,37841129,2019-05-28,2,Electronica,906.09,1812.18
5812950,36769001,2019-05-28,2,Ropa,21.42,42.84
25552864,34751863,2019-05-28,2,Deportes,389.7,779.4
10874904,49833962,2019-05-28,2,Electronica,724.89,1449.78
42347206,39123947,2019-05-28,2,Electronica,1393.47,2786.94
16393100,46300673,2019-05-28,4,Ropa,100.58,402.32
29860147,48018507,2019-05-28,2,Belleza,6.13,12.26
9282597,39173753,2019-05-28,2,Ropa,57.04,114.08
23072030,6773149,2019-05-28,2,Hogar,65.44,130.88
8805587,6521035,2019-05-28,2,Deportes,312.45,624.9
1029450,1294667,2019-05-28,2,Ropa,70.82,141.64
7757937,46623641,2019-05-28,3,Deportes,339.39,1018.17
21026802,24821459,2019-05-28,2,Electronica,1256.96,2513.92
14416859,44597761,2019-05-28,3,Hogar,25.06,75.17999999999999
18857971,33174572,2019-05-28,2,Belleza,81.8,163.6
26548095,46555091,2019-05-28,2,Belleza,81.56,163.12
5012527,40404826,2019-05-28,2,Libros,43.51,87.02
41676253,7060005,2019-05-28,2,Hogar,341.78,683.56
32381778,31299290,2019-05-28,5,Belleza,49.49,247.45000000000002
2905007,51429744,2019-05-28,2,Electronica,1040.1,2080.2
15349207,39676359,2019-05-28,2,Hogar,450.24,900.48
42751341,32948221,2019-05-28,2,Ropa,73.19,146.38
15042321,6854639,2019-05-28,2,Belleza,113.66,227.32
13688924,39779352,2019-05-28,2,Hogar,21.59,43.18
14089219,4364318,2019-05-28,2,Electronica,556.17,1112.34
28476047,36412497,2019-05-28,3,Libros,12.27,36.81
40928242,41728036,2019-05-28,3,Deportes,68.12,204.36
12115442,39286337,2019-05-28,2,Deportes,329.86,659.72
40211743,35115254,2019-05-28,2,Electronica,1381.63,2763.26
22119172,43127079,2019-05-28,2,Electronica,1177.75,2355.5
10596610,31926941,2019-05-28,2,Deportes,391.11,782.22
12792262,7055195,2019-05-28,4,Libros,16.9,67.6
35818926,34913531,2019-05-28,3,Libros,57.57,172.71
23675493,36367782,2019-05-28,3,Hogar,83.29,249.87
10171704,33005638,2019-05-28,2,Libros,7.61,15.22
41040160,39867188,2019-05-28,3,Deportes,217.87,653.61
13311808,34316442,2019-05-28,2,Electronica,1252.1,2504.2
31795087,48369001,2019-05-28,2,Belleza,9.58,19.16
8346522,9512377,2019-05-28,2,Libros,25.63,51.26
31196172,48308025,2019-05-28,2,Ropa,199.16,398.32
3480350,43913996,2019-05-28,3,Libros,38.12,114.35999999999999
1390444,49628201,2019-05-28,2,Libros,58.84,117.68
35731651,47858777,2019-05-28,3,Belleza,46.98,140.94
22131791,45343084,2019-05-28,2,Libros,24.71,49.42
23456773,47752795,2019-05-28,2,Belleza,57.67,115.34
10482795,35472886,2019-05-28,2,Hogar,310.52,621.04
16072082,37619328,2019-05-28,2,Electronica,1140.92,2281.84
25545316,31517837,2019-05-28,2,Deportes,321.23,642.46
40687500,45539465,2019-05-28,2,Hogar,128.02,256.04
10086026,6035727,2019-05-28,2,Libros,56.14,112.28
17116812,6807612,2019-05-28,3,Libros,52.71,158.13
14422627,3675585,2019-05-28,2,Belleza,74.21,148.42
26715761,3418069,2019-05-28,2,Belleza,7.09,14.18
30253415,46087639,2019-05-28,2,Deportes,68.86,137.72
16015208,50602118,2019-05-28,2,Deportes,307.31,614.62
17375987,31923060,2019-05-28,2,Libros,32.29,64.58
15216112,34732071,2019-05-28,2,Hogar,238.56,477.12
24585758,3950020,2019-05-28,2,Belleza,86.46,172.92
6303550,2253449,2019-05-28,2,Hogar,58.51,117.02
14043963,46287402,2019-05-28,2,Electronica,119.14,238.28
10635646,40276001,2019-05-28,2,Belleza,93.57,187.14
1284959,6751613,2019-05-28,2,Deportes,265.05,530.1
33433941,35673984,2019-05-28,2,Libros,38.9,77.8
19903186,32895709,2019-05-28,2,Ropa,54.39,108.78
11129316,2079059,2019-05-28,2,Libros,34.83,69.66
12307992,36848633,2019-05-28,2,Deportes,104.44,208.88
42689952,2987195,2019-05-28,2,Libros,13.08,26.16
42284417,34131002,2019-05-28,2,Libros,36.52,73.04
41827019,47050575,2019-05-28,2,Electronica,1467.34,2934.68
20773928,31882785,2019-05-28,2,Libros,18.03,36.06
42646515,35248417,2019-05-28,2,Libros,24.54,49.08
32499044,43803233,2019-05-28,2,Hogar,179.0,358.0
23184858,3567810,2019-05-28,2,Hogar,139.44,278.88
39913332,5953282,2019-05-28,2,Ropa,60.63,121.26
20263776,3968898,2019-05-28,2,Hogar,211.03,422.06
15021509,31986091,2019-05-28,2,Hogar,355.4,710.8
14034973,38536166,2019-05-27,3,Belleza,9.46,28.380000000000003
26147884,38349261,2019-05-27,2,Electronica,1437.83,2875.66
3836155,50376727,2019-05-27,2,Hogar,37.45,74.9
952326,45520023,2019-05-27,2,Deportes,354.88,709.76
18221646,3735924,2019-05-27,2,Deportes,359.86,719.72
19558150,35133328,2019-05-28,2,Libros,33.85,67.7
12585701,42355092,2019-05-28,2,Belleza,20.75,41.5
24474481,41090289,2019-05-27,2,Ropa,143.81,287.62
27422108,47985629,2019-05-27,2,Ropa,130.28,260.56
3911190,4780311,2019-05-27,2,Electronica,869.46,1738.92
6303363,6486943,2019-05-27,2,Electronica,961.52,1923.04
30317524,31994091,2019-05-27,2,Libros,52.18,104.36
34349185,2823843,2019-05-27,2,Deportes,229.34,458.68
30146493,3242146,2019-05-27,3,Ropa,88.03,264.09000000000003
12726502,44130998,2019-05-27,2,Belleza,101.4,202.8
22579201,2696060,2019-05-27,3,Libros,58.95,176.85000000000002
14790311,35725375,2019-05-27,3,Belleza,79.19,237.57
20569323,32938497,2019-05-27,2,Deportes,352.27,704.54
13399220,42115250,2019-05-27,2,Deportes,247.52,495.04
10950796,32036187,2019-05-27,2,Belleza,119.96,239.92
2083879,43894749,2019-05-27,2,Ropa,141.06,282.12
13669336,39804321,2019-05-27,2,Ropa,140.75,281.5
33173739,288526,2019-05-27,2,Electronica,1071.94,2143.88
31009386,50476975,2019-05-27,3,Belleza,41.92,125.76
26178617,38550291,2019-05-27,2,Belleza,71.2,142.4
13323537,46344557,2019-05-27,2,Deportes,245.77,491.54
27931228,76652,2019-05-27,2,Electronica,506.85,1013.7
12209825,47599517,2019-05-27,3,Libros,24.24,72.72
32231707,3932708,2019-05-27,4,Belleza,92.66,370.64
15519157,1068885,2019-05-27,2,Electronica,894.95,1789.9
30440016,32193880,2019-05-27,2,Electronica,266.36,532.72
34234418,44460181,2019-05-27,2,Deportes,338.3,676.6
24633884,41084614,2019-05-27,2,Electronica,1330.52,2661.04
42054604,32447603,2019-05-27,2,Ropa,98.57,197.14
24710039,35009451,2019-05-27,2,Libros,58.43,116.86
31991156,32086320,2019-05-27,2,Ropa,49.69,99.38
16149891,4640219,2019-05-27,2,Hogar,474.59,949.18
10397602,4749698,2019-05-27,2,Deportes,355.26,710.52
25898238,48018504,2019-05-27,2,Ropa,160.15,320.3
11339585,47022917,2019-05-27,2,Libros,18.44,36.88
16314453,44300148,2019-05-27,2,Hogar,61.36,122.72
21019743,35606228,2019-05-27,2,Hogar,70.85,141.7
10091967,39876725,2019-05-27,2,Ropa,93.72,187.44
10243265,31818048,2019-05-27,2,Hogar,343.05,686.1
1863130,31674955,2019-05-27,2,Deportes,86.65,173.3
11949131,25874459,2019-05-27,2,Deportes,215.02,430.04
1268283,37310081,2019-05-27,2,Electronica,666.85,1333.7
25739927,3168463,2019-05-27,2,Belleza,107.41,214.82
35214724,47414375,2019-05-27,4,Electronica,672.87,2691.48
16234548,35305808,2019-05-27,2,Deportes,222.84,445.68
22207405,3701626,2019-05-27,2,Ropa,191.5,383.0
27588947,546024,2019-05-27,3,Libros,21.48,64.44
22547168,36760215,2019-05-27,2,Ropa,64.91,129.82
26740342,3577860,2019-05-27,2,Electronica,1209.41,2418.82
3473337,367972,2019-05-27,2,Libros,20.26,40.52
19825480,31843261,2019-05-27,5,Electronica,1488.58,7442.9
16748749,3333210,2019-05-27,2,Deportes,336.11,672.22
13872977,41697824,2019-05-27,3,Ropa,28.1,84.30000000000001
22482092,497697,2019-05-27,2,Ropa,28.15,56.3
40449474,31682315,2019-05-27,2,Deportes,62.28,124.56
15039219,32249975,2019-05-27,4,Libros,54.57,218.28
12307685,38844871,2019-05-27,2,Libros,34.74,69.48
14073876,35458622,2019-05-27,4,Ropa,146.57,586.28
36151469,6881512,2019-05-27,2,Deportes,105.61,211.22
26842207,40177194,2019-05-27,4,Hogar,95.64,382.56
33528534,46528091,2019-05-27,2,Deportes,337.28,674.56
31719246,36519198,2019-05-27,2,Deportes,266.82,533.64
42543059,40276009,2019-05-27,2,Deportes,216.44,432.88
24953744,4040258,2019-05-27,2,Libros,24.72,49.44
42309142,34292458,2019-05-27,2,Deportes,192.91,385.82
24345881,50094116,2019-05-27,2,Electronica,90.56,181.12
12247698,46874406,2019-05-27,2,Hogar,202.15,404.3
7526852,38853369,2019-05-27,2,Electronica,1496.25,2992.5
22283288,42595873,2019-05-27,2,Belleza,93.6,187.2
37555854,50412148,2019-05-27,2,Electronica,1240.85,2481.7
40603074,34982166,2019-05-27,2,Belleza,85.36,170.72
12144444,4419692,2019-05-27,2,Ropa,141.51,283.02
14469359,49378026,2019-05-27,2,Belleza,63.22,126.44
42409410,2054192,2019-05-27,2,Deportes,224.57,449.14
9046834,32640525,2019-05-27,2,Belleza,90.4,180.8
14711224,37145753,2019-05-27,2,Hogar,472.47,944.94
35393212,46843653,2019-05-27,2,Libros,18.6,37.2
21084058,29333759,2019-05-27,2,Electronica,385.7,771.4
33115945,36891932,2019-05-27,2,Hogar,362.53,725.06
4853605,33673262,2019-05-27,2,Electronica,1427.39,2854.78
33115349,50270500,2019-05-27,2,Belleza,8.18,16.36
11523908,35105698,2019-05-27,2,Electronica,252.22,504.44
21014793,49250416,2019-05-27,2,Libros,36.37,72.74
18309495,31131242,2019-05-27,2,Libros,23.89,47.78
491504,41151787,2019-05-27,2,Electronica,1119.86,2239.72
27465432,35305799,2019-05-27,2,Belleza,66.86,133.72
15236013,32069143,2019-05-27,3,Hogar,187.21,561.63
1774820,33042203,2019-05-27,2,Hogar,489.32,978.64
10362970,4418398,2019-05-27,2,Ropa,143.73,287.46
11479263,46249438,2019-05-27,2,Electronica,1255.52,2511.04
18721224,36420714,2019-05-27,2,Belleza,9.63,19.26
11932469,86593,2019-05-27,2,Ropa,90.45,180.9
18682629,34634346,2019-05-27,2,Electronica,392.08,784.16
35159364,40440168,2019-05-27,2,Deportes,162.19,324.38
1904751,43145168,2019-05-27,2,Libros,15.04,30.08
2072566,43687161,2019-05-27,2,Electronica,155.7,311.4
6460157,43427026,2019-05-27,2,Electronica,376.38,752.76
16263361,36263458,2019-05-27,2,Ropa,38.0,76.0
20174358,38563409,2019-05-27,2,Hogar,291.62,583.24
40909396,6486947,2019-05-27,2,Hogar,273.81,547.62
11182857,44268320,2019-05-27,2,Libros,43.27,86.54
16998267,34943485,2019-05-27,2,Belleza,94.01,188.02
17081543,33960010,2019-05-27,2,Electronica,112.26,224.52
4026497,48786750,2019-05-27,2,Hogar,222.57,445.14
12856886,4245902,2019-05-27,2,Ropa,33.22,66.44
895364,42746899,2019-05-27,3,Libros,28.72,86.16
41185008,50588277,2019-05-27,2,Hogar,225.48,450.96
5288742,42660144,2019-05-27,2,Hogar,256.63,513.26
1739368,34860875,2019-05-27,3,Hogar,448.02,1344.06
16788239,48031292,2019-05-27,2,Electronica,1217.39,2434.78
40382838,40237328,2019-05-27,2,Electronica,973.25,1946.5
4726134,31620959,2019-05-27,2,Ropa,178.23,356.46
3462535,46133651,2019-05-27,2,Deportes,277.82,555.64
28081511,31716882,2019-05-27,2,Deportes,331.16,662.32
12177259,47940657,2019-05-27,2,Deportes,234.24,468.48
9253830,39139886,2019-05-27,2,Libros,33.89,67.78
20329390,2980441,2019-05-27,2,Libros,44.83,89.66
3881698,35015988,2019-05-27,3,Ropa,13.74,41.22
11235217,702874,2019-05-27,2,Libros,42.97,85.94
17793249,579438,2019-05-27,2,Deportes,395.89,791.78
1070595,46731128,2019-05-27,2,Deportes,375.12,750.24
9873005,41742608,2019-05-27,3,Deportes,291.3,873.9000000000001
7590156,46806461,2019-05-27,2,Hogar,32.84,65.68
8278235,29333809,2019-05-27,2,Libros,25.78,51.56
13846388,48082640,2019-05-27,2,Electronica,1223.89,2447.78
5378158,50105041,2019-05-26,2,Electronica,1439.98,2879.96
42567402,40167009,2019-05-27,2,Hogar,194.53,389.06
34925034,7177902,2019-05-27,2,Hogar,422.98,845.96
42041186,35649865,2019-05-27,2,Hogar,433.95,867.9
23093036,42016630,2019-05-27,2,Electronica,228.77,457.54
27416119,34586006,2019-05-26,2,Deportes,341.4,682.8
29040535,43524799,2019-05-26,2,Belleza,46.04,92.08
9669628,32677141,2019-05-26,4,Libros,35.18,140.72
17796778,35168759,2019-05-26,3,Hogar,172.26,516.78
16671220,33269884,2019-05-26,2,Deportes,37.87,75.74
21432740,34422905,2019-05-27,2,Ropa,122.72,245.44
16284275,46742768,2019-05-27,2,Hogar,276.4,552.8
3698329,40293805,2019-05-27,2,Electronica,245.34,490.68
12816652,2307412,2019-05-27,2,Belleza,81.25,162.5
40668650,50307134,2019-05-27,2,Hogar,374.13,748.26
5791658,34575721,2019-05-27,2,Electronica,689.28,1378.56
13580772,39676712,2019-05-27,2,Libros,53.86,107.72
1380361,41777177,2019-05-27,2,Hogar,407.61,815.22
29996693,35628139,2019-05-26,2,Libros,48.2,96.4
27269562,44184662,2019-05-26,2,Belleza,57.7,115.4
26957859,49864308,2019-05-26,4,Ropa,17.14,68.56
29792079,4560627,2019-05-26,2,Libros,32.07,64.14
5685521,41475649,2019-05-27,2,Deportes,361.41,722.82
16018342,5611268,2019-05-26,2,Hogar,107.37,214.74
15555628,26863909,2019-05-26,2,Belleza,118.0,236.0
41766594,1068867,2019-05-26,4,Belleza,97.88,391.52
17805126,3767154,2019-05-26,5,Libros,44.04,220.2
26325926,31718362,2019-05-26,2,Ropa,138.66,277.32
12954409,49913420,2019-05-26,2,Electronica,901.19,1802.38
30200345,48641280,2019-05-27,2,Hogar,364.53,729.06
4152964,50853399,2019-05-27,2,Belleza,53.52,107.04
13923710,43775921,2019-05-27,2,Ropa,170.6,341.2
12048308,31808027,2019-05-27,2,Deportes,284.61,569.22
12367481,38797334,2019-05-26,2,Belleza,93.69,187.38
22501905,39067858,2019-05-27,2,Ropa,160.57,321.14
42430369,42143227,2019-05-27,2,Electronica,183.5,367.0
13944543,6531641,2019-05-27,2,Electronica,130.68,261.36
13276476,41900671,2019-05-27,2,Belleza,97.11,194.22
36369312,49523534,2019-05-26,2,Belleza,34.83,69.66
12409657,35420610,2019-05-27,2,Belleza,93.73,187.46
12370153,50416882,2019-05-26,2,Libros,37.01,74.02
18167160,39055461,2019-05-26,2,Hogar,230.2,460.4
5682752,31718361,2019-05-26,2,Ropa,14.19,28.38
13567154,18363309,2019-05-26,3,Belleza,9.63,28.89
40714212,35581654,2019-05-26,2,Hogar,416.16,832.32
8959073,48482245,2019-05-27,2,Libros,38.42,76.84
21357272,31843261,2019-05-26,2,Electronica,1488.58,2977.16
34099280,51007036,2019-05-26,2,Hogar,269.06,538.12
11067811,6340768,2019-05-26,3,Belleza,113.6,340.79999999999995
15229115,1265523,2019-05-26,3,Electronica,301.02,903.06
28178842,5473867,2019-05-26,2,Ropa,59.01,118.02
16751135,4447924,2019-05-26,2,Ropa,153.78,307.56
18070488,50602116,2019-05-26,2,Electronica,1174.09,2348.18
15057727,31245130,2019-05-26,2,Belleza,51.56,103.12
18545475,47702974,2019-05-27,2,Ropa,190.69,381.38
13542192,48887369,2019-05-27,2,Belleza,112.9,225.8
14556433,32533227,2019-05-27,2,Libros,5.68,11.36
5151804,43849548,2019-05-27,2,Belleza,24.82,49.64
41351231,43346260,2019-05-26,3,Hogar,412.81,1238.43
42442288,47952365,2019-05-26,2,Electronica,536.06,1072.12
34468515,44724098,2019-05-26,2,Belleza,15.98,31.96
31611407,34913046,2019-05-26,2,Libros,48.17,96.34
34673363,44699684,2019-05-26,3,Deportes,192.74,578.22
14899985,34207482,2019-05-26,2,Electronica,764.0,1528.0
26606680,6646054,2019-05-26,3,Ropa,45.41,136.23
22732618,31432449,2019-05-26,2,Hogar,335.53,671.06
11246793,1891618,2019-05-26,2,Ropa,114.74,229.48
32166887,33735752,2019-05-26,2,Libros,16.37,32.74
19221728,4408422,2019-05-26,2,Libros,23.72,47.44
13231083,37115326,2019-05-26,2,Ropa,123.41,246.82
11834839,46540542,2019-05-26,2,Electronica,1391.06,2782.12
18160167,35033649,2019-05-26,2,Ropa,184.87,369.74
10347012,34728822,2019-05-26,2,Belleza,38.11,76.22
7412320,40955707,2019-05-26,2,Ropa,149.77,299.54
15324273,40121409,2019-05-26,2,Hogar,391.13,782.26
7283830,33194366,2019-05-27,2,Hogar,407.28,814.56
27553369,40113868,2019-05-27,2,Deportes,236.89,473.78
20048553,51480004,2019-05-27,2,Hogar,20.1,40.2
35702170,43345923,2019-05-27,2,Ropa,154.72,309.44
21845194,41989610,2019-05-26,2,Hogar,66.7,133.4
14505268,34439507,2019-05-26,2,Electronica,219.46,438.92
8540823,29127359,2019-05-26,2,Hogar,308.73,617.46
30250287,31511824,2019-05-26,3,Belleza,72.23,216.69
26585458,34145308,2019-05-26,2,Belleza,118.1,236.2
5715355,34014294,2019-05-26,2,Electronica,401.68,803.36
21460912,32093850,2019-05-26,2,Deportes,265.41,530.82
15108687,35470357,2019-05-26,2,Belleza,97.28,194.56
26126544,36403040,2019-05-26,2,Belleza,39.92,79.84
23725294,126274,2019-05-26,3,Ropa,180.76,542.28
12928033,49919877,2019-05-26,2,Ropa,122.77,245.54
17566888,2650644,2019-05-26,2,Ropa,49.42,98.84
3338345,32701269,2019-05-26,2,Belleza,35.15,70.3
38762923,41061944,2019-05-26,2,Belleza,54.74,109.48
18516271,47864481,2019-05-26,2,Belleza,19.04,38.08
15401993,25866359,2019-05-26,2,Electronica,164.16,328.32
3237909,3338035,2019-05-26,4,Libros,42.4,169.6
10112457,6743182,2019-05-26,2,Electronica,640.39,1280.78
4858485,50472275,2019-05-26,2,Ropa,147.98,295.96
27876804,31648861,2019-05-26,2,Libros,11.05,22.1
16075028,47109731,2019-05-26,2,Hogar,310.78,621.56
14835167,35628133,2019-05-26,2,Deportes,189.34,378.68
6403039,43828102,2019-05-26,3,Ropa,94.23,282.69
9325143,31516269,2019-05-26,2,Deportes,127.66,255.32
10416769,3431046,2019-05-26,3,Deportes,42.04,126.12
23126415,32370198,2019-05-26,2,Electronica,839.96,1679.92
15530944,2984382,2019-05-26,2,Belleza,14.52,29.04
3642513,3174375,2019-05-26,2,Electronica,1250.19,2500.38
10166620,6829943,2019-05-26,2,Belleza,77.68,155.36
15555923,814483,2019-05-26,2,Libros,35.63,71.26
20402176,35135570,2019-05-26,2,Deportes,70.72,141.44
41101075,45350717,2019-05-26,5,Libros,20.81,104.05
42424712,44130998,2019-05-26,2,Belleza,101.4,202.8
1084342,46121586,2019-05-26,2,Deportes,207.29,414.58
18149051,42128389,2019-05-26,2,Electronica,968.26,1936.52
24845650,49465124,2019-05-26,2,Belleza,26.07,52.14
20282821,32283579,2019-05-26,2,Libros,8.27,16.54
12000671,3748955,2019-05-26,2,Libros,5.49,10.98
42008066,2722498,2019-05-26,2,Deportes,151.01,302.02
22851012,35603164,2019-05-26,2,Ropa,101.75,203.5
3923873,31294084,2019-05-26,2,Ropa,45.04,90.08
3555474,3091616,2019-05-26,3,Libros,32.07,96.21000000000001
891563,3560758,2019-05-26,2,Belleza,43.93,87.86
16283536,46002561,2019-05-26,2,Libros,30.03,60.06
811788,44837177,2019-05-26,2,Electronica,553.81,1107.62
3447205,45520885,2019-05-26,2,Deportes,258.82,517.64
3183186,42349528,2019-05-26,2,Electronica,112.2,224.4
13543317,46993020,2019-05-26,2,Ropa,42.47,84.94
9636148,34459988,2019-05-26,2,Deportes,184.45,368.9
35198691,49334240,2019-05-26,2,Ropa,188.2,376.4
262597,8700120,2019-05-26,2,Libros,24.6,49.2
16755080,36315421,2019-05-26,2,Electronica,617.87,1235.74
15402844,48974716,2019-05-26,2,Hogar,404.82,809.64
41487003,47152468,2019-05-26,2,Belleza,106.93,213.86
17853204,44749666,2019-05-26,3,Belleza,33.6,100.80000000000001
36763605,34813650,2019-05-26,2,Hogar,420.65,841.3
6247310,47752401,2019-05-26,2,Ropa,97.17,194.34
16271276,45192887,2019-05-26,2,Deportes,124.05,248.1
13030216,2677096,2019-05-26,2,Belleza,118.33,236.66
9184931,49156643,2019-05-26,2,Hogar,415.03,830.06
12648110,48986817,2019-05-26,2,Libros,59.68,119.36
3068751,32028991,2019-05-26,2,Hogar,96.57,193.14
8872488,33106576,2019-05-26,2,Ropa,37.33,74.66
10923850,4409952,2019-05-26,3,Ropa,105.64,316.92
2780134,36546495,2019-05-26,2,Electronica,976.03,1952.06
19829849,44165335,2019-05-26,2,Belleza,24.67,49.34
16923971,32289222,2019-05-26,2,Electronica,1297.62,2595.24
29772946,32619738,2019-05-26,2,Hogar,273.03,546.06
7467019,39192587,2019-05-26,2,Deportes,176.16,352.32
7614855,46724290,2019-05-26,2,Deportes,248.78,497.56
17157548,4667205,2019-05-25,2,Ropa,130.64,261.28
18893992,36342422,2019-05-26,3,Deportes,36.26,108.78
3131746,46287568,2019-05-26,2,Deportes,399.96,799.92
3573679,2966984,2019-05-26,2,Deportes,158.29,316.58
40920907,44073582,2019-05-26,2,Hogar,44.85,89.7
1051979,51082557,2019-05-26,2,Deportes,343.88,687.76
17639074,1068964,2019-05-26,2,Libros,59.62,119.24
42433439,2053799,2019-05-26,2,Deportes,330.22,660.44
41713836,3701451,2019-05-26,2,Deportes,343.72,687.44
13848208,47773217,2019-05-26,2,Electronica,957.61,1915.22
33299882,46342500,2019-05-26,2,Hogar,462.33,924.66
1541722,5794590,2019-05-26,2,Ropa,16.79,33.58
41788823,47103092,2019-05-26,2,Electronica,865.64,1731.28
23055928,34707585,2019-05-26,2,Electronica,1161.75,2323.5
5709923,47700497,2019-05-26,2,Belleza,82.13,164.26
21010398,45994841,2019-05-25,2,Hogar,39.05,78.1
6458172,4370161,2019-05-25,2,Belleza,11.82,23.64
41330003,1059993,2019-05-25,2,Libros,34.92,69.84
8137852,44284761,2019-05-25,2,Hogar,264.8,529.6
11065803,3420232,2019-05-25,3,Belleza,84.53,253.59
25349615,37005551,2019-05-25,2,Belleza,13.92,27.84
42363561,50266968,2019-05-25,2,Belleza,97.61,195.22
11598796,45602946,2019-05-26,2,Ropa,36.49,72.98
26407543,7074782,2019-05-26,2,Deportes,179.09,358.18
26625329,6048145,2019-06-12,2,Hogar,442.42,884.84
17940315,48727406,2019-06-12,2,Deportes,233.0,466.0
7297983,51753603,2019-06-11,4,Deportes,164.24,656.96
15566897,52650311,2019-06-11,2,Libros,7.65,15.3
16558815,2199410,2019-06-11,2,Belleza,82.31,164.62
804685,1069865,2019-06-11,2,Ropa,197.44,394.88
10706231,47591757,2019-06-11,2,Libros,55.15,110.3
4379873,47595819,2019-06-11,2,Electronica,1090.08,2180.16
38567857,32990094,2019-06-11,2,Ropa,30.01,60.02
7419150,52440189,2019-06-11,2,Deportes,110.99,221.98
17303458,46287025,2019-06-11,2,Ropa,45.5,91.0
13574146,33114882,2019-06-11,2,Belleza,45.88,91.76
6039395,34956386,2019-06-11,6,Electronica,391.5,2349.0
16209711,1207451,2019-06-11,2,Belleza,33.11,66.22
14442999,42673594,2019-06-11,2,Electronica,944.26,1888.52
24524768,45991609,2019-06-11,2,Libros,22.53,45.06
13871654,33087161,2019-06-11,2,Deportes,277.32,554.64
7564832,47107199,2019-06-11,2,Electronica,1424.44,2848.88
1759308,37627212,2019-06-11,2,Electronica,975.79,1951.58
905853,43166644,2019-06-11,2,Electronica,1139.9,2279.8
1626185,42660596,2019-06-11,3,Ropa,152.8,458.40000000000003
3924617,4028117,2019-06-11,2,Libros,23.19,46.38
22599195,38494396,2019-06-11,4,Ropa,12.84,51.36
20552303,42767574,2019-06-11,2,Deportes,40.92,81.84
1216382,51386324,2019-06-11,2,Electronica,458.99,917.98
4151922,47970810,2019-06-11,3,Libros,42.92,128.76
38393609,50215740,2019-06-11,2,Libros,54.87,109.74
41816744,51504992,2019-06-11,2,Hogar,480.02,960.04
41816744,52856262,2019-06-11,2,Deportes,29.82,59.64
15769388,41192827,2019-06-11,2,Libros,59.45,118.9
25713842,34277785,2019-06-11,2,Deportes,156.48,312.96
12258039,4277225,2019-06-11,2,Electronica,517.62,1035.24
12339590,35134963,2019-06-11,2,Hogar,491.07,982.14
17690878,14734509,2019-06-11,2,Libros,59.19,118.38
505222,31375462,2019-06-11,2,Electronica,1272.29,2544.58
17631930,48309681,2019-06-11,2,Libros,14.92,29.84
1289531,1263777,2019-06-11,2,Ropa,21.95,43.9
42456834,51625599,2019-06-11,2,Deportes,163.78,327.56
5980367,3423404,2019-06-11,2,Electronica,1295.44,2590.88
848835,39790976,2019-06-11,3,Libros,17.15,51.449999999999996
20618656,39342449,2019-06-12,2,Electronica,273.24,546.48
41675041,48651464,2019-06-11,2,Libros,55.04,110.08
10793404,36864745,2019-06-11,2,Deportes,376.57,753.14
14463316,4945731,2019-06-11,2,Libros,5.69,11.38
29842632,32646408,2019-06-11,2,Hogar,367.81,735.62
3546977,35720230,2019-06-11,2,Libros,22.01,44.02
36121935,50393817,2019-06-11,2,Libros,25.61,51.22
16960159,36322518,2019-06-11,2,Deportes,198.26,396.52
32229812,31715766,2019-06-10,2,Libros,28.47,56.94
40182338,873699,2019-06-10,2,Deportes,215.69,431.38
10044452,6712450,2019-06-10,2,Hogar,297.45,594.9
13195305,37435109,2019-06-10,2,Deportes,196.93,393.86
24201991,32752170,2019-06-10,2,Electronica,1067.27,2134.54
25781249,32518620,2019-06-10,2,Deportes,293.07,586.14
43557291,39050107,2019-06-10,3,Hogar,228.57,685.71
10549100,51862434,2019-06-10,3,Belleza,21.38,64.14
21206673,47647556,2019-06-10,2,Libros,40.24,80.48
32526957,37534174,2019-06-10,2,Deportes,313.72,627.44
13599605,47727373,2019-06-10,2,Libros,40.1,80.2
34623598,50002701,2019-06-10,2,Ropa,121.73,243.46
5419198,35470355,2019-06-10,2,Belleza,62.88,125.76
11082470,36525929,2019-06-10,2,Electronica,382.65,765.3
28922775,47167040,2019-06-10,2,Electronica,985.45,1970.9
34599878,37111586,2019-06-10,2,Ropa,73.62,147.24
13195320,44290069,2019-06-10,2,Deportes,183.14,366.28
27864205,39483963,2019-06-10,2,Ropa,184.72,369.44
6685018,42803991,2019-06-10,2,Deportes,268.41,536.82
1202580,51607022,2019-06-10,2,Ropa,62.85,125.7
882359,37617241,2019-06-10,2,Belleza,59.39,118.78
14699327,35615670,2019-06-10,2,Libros,51.56,103.12
3913274,4362302,2019-06-10,2,Libros,23.45,46.9
10543059,31296869,2019-06-10,2,Belleza,86.42,172.84
10684428,6918275,2019-06-10,2,Hogar,269.84,539.68
19210608,2959890,2019-06-10,2,Ropa,139.14,278.28
3916277,47928422,2019-06-10,2,Ropa,153.36,306.72
3155969,104677,2019-06-10,2,Belleza,25.0,50.0
8789930,38674388,2019-06-10,4,Electronica,1264.06,5056.24
10555182,43443394,2019-06-10,2,Electronica,869.47,1738.94
41315966,41494814,2019-06-10,2,Electronica,1372.69,2745.38
7099788,41214787,2019-06-10,2,Libros,58.26,116.52
16265674,47939848,2019-06-10,2,Libros,41.09,82.18
9340746,52515232,2019-06-10,2,Deportes,393.79,787.58
28641312,50125260,2019-06-10,2,Belleza,70.63,141.26
32450845,32771237,2019-06-10,2,Hogar,229.66,459.32
21203401,42529450,2019-06-10,2,Hogar,282.52,565.04
9261462,33368518,2019-06-10,2,Belleza,18.31,36.62
26312659,3171592,2019-06-10,2,Hogar,209.83,419.66
13325320,260733,2019-06-10,4,Electronica,714.69,2858.76
8288991,35470256,2019-06-10,2,Hogar,426.58,853.16
43633988,4057956,2019-06-10,2,Hogar,382.94,765.88
34792550,32181659,2019-06-10,2,Belleza,74.16,148.32
8751738,32925810,2019-06-10,2,Belleza,44.94,89.88
7087177,31161385,2019-06-10,2,Hogar,105.71,211.42
34505831,45577359,2019-06-10,2,Ropa,76.08,152.16
15125470,46226877,2019-06-10,2,Belleza,83.18,166.36
615723,31058980,2019-06-10,2,Deportes,119.95,239.9
28774759,51025478,2019-06-10,2,Deportes,182.22,364.44
14006582,46270667,2019-06-10,2,Electronica,610.82,1221.64
15003284,6861661,2019-06-10,2,Hogar,386.31,772.62
6794258,48301592,2019-06-10,2,Ropa,177.92,355.84
24487124,33653312,2019-06-10,2,Electronica,1064.09,2128.18
2996484,49865295,2019-06-10,2,Hogar,180.68,361.36
26445737,49541121,2019-06-10,2,Belleza,54.82,109.64
30944996,4346574,2019-06-10,2,Deportes,74.47,148.94
2804287,3256800,2019-06-10,2,Libros,14.25,28.5
33908135,52081833,2019-06-09,2,Ropa,41.22,82.44
26531048,39472403,2019-06-09,2,Libros,12.18,24.36
4970758,31116975,2019-06-10,2,Deportes,88.24,176.48
4040146,43703552,2019-06-10,2,Libros,16.15,32.3
10241442,48206338,2019-06-09,2,Belleza,17.86,35.72
3407019,33277779,2019-06-09,2,Hogar,325.53,651.06
31769922,41884589,2019-06-09,2,Belleza,118.9,237.8
8896417,42882549,2019-06-09,2,Libros,53.36,106.72
12407113,32089008,2019-06-09,2,Belleza,10.24,20.48
4474597,32759897,2019-06-10,2,Deportes,180.76,361.52
2839296,1809133,2019-06-10,3,Ropa,173.27,519.8100000000001
42851349,47370023,2019-06-09,2,Belleza,20.49,40.98
27489034,51715605,2019-06-09,2,Deportes,342.11,684.22
40432578,52120368,2019-06-09,2,Ropa,122.61,245.22
14020042,34867616,2019-06-09,2,Hogar,466.68,933.36
30366086,39758552,2019-06-09,2,Libros,53.18,106.36
34370528,49215524,2019-06-09,2,Hogar,343.36,686.72
838538,31477876,2019-06-10,2,Electronica,1003.84,2007.68
18617678,42573611,2019-06-14,2,Deportes,101.0,202.0
29744936,36513665,2019-06-14,2,Ropa,32.18,64.36
41937712,53238,2019-06-14,2,Electronica,1409.74,2819.48
13760655,51277870,2019-06-14,2,Belleza,52.77,105.54
21083122,48468634,2019-06-14,2,Libros,28.79,57.58
15907625,37341710,2019-06-14,2,Hogar,105.49,210.98
22478695,43184225,2019-06-14,2,Ropa,29.46,58.92
44206973,40276009,2019-06-14,2,Deportes,216.44,432.88
9445930,32194190,2019-06-14,3,Deportes,134.88,404.64
14765476,31837089,2019-06-14,2,Electronica,1297.71,2595.42
3758903,31116980,2019-06-14,2,Electronica,797.47,1594.94
2766948,4645659,2019-06-14,2,Hogar,23.32,46.64
15545150,34021716,2019-06-14,2,Libros,21.1,42.2
22102270,33493192,2019-06-14,3,Ropa,90.57,271.71
15497001,227692,2019-06-14,2,Libros,33.08,66.16
12899543,31516269,2019-06-14,2,Deportes,127.66,255.32
3684028,46967784,2019-06-14,2,Ropa,44.5,89.0
1691299,43915214,2019-06-14,2,Ropa,193.2,386.4
3773121,32988126,2019-06-14,2,Deportes,239.97,479.94
18942153,6909359,2019-06-14,2,Deportes,218.4,436.8
8295229,41257212,2019-06-14,2,Deportes,23.35,46.7
6223553,31451464,2019-06-14,2,Belleza,60.86,121.72
33039898,45538092,2019-06-14,2,Ropa,169.16,338.32
12247902,43266023,2019-06-14,2,Hogar,121.53,243.06
1002496,41882859,2019-06-14,2,Libros,24.32,48.64
5534147,76259,2019-06-14,2,Deportes,27.82,55.64
13540295,34435503,2019-06-14,2,Electronica,235.63,471.26
22203667,49556931,2019-06-15,2,Deportes,391.23,782.46
12501022,36508451,2019-06-14,2,Libros,8.67,17.34
23021690,34548940,2019-06-14,2,Libros,54.4,108.8
15716332,34473666,2019-06-14,2,Libros,14.53,29.06
41590226,48629999,2019-06-14,2,Ropa,69.47,138.94
32727108,40776911,2019-06-14,2,Belleza,7.68,15.36
9764589,36336784,2019-06-14,2,Deportes,243.27,486.54
30950523,46687755,2019-06-14,2,Electronica,494.3,988.6
34676326,46825706,2019-06-13,4,Libros,42.36,169.44
11539436,44587808,2019-06-13,3,Belleza,21.2,63.599999999999994
10187053,4081070,2019-06-14,3,Belleza,56.03,168.09
13820449,50976104,2019-06-13,2,Deportes,143.68,287.36
13017806,34440240,2019-06-13,3,Libros,8.11,24.33
12179673,3909612,2019-06-13,2,Ropa,168.31,336.62
26074294,48909396,2019-06-13,2,Ropa,18.58,37.16
10065595,31451464,2019-06-13,2,Belleza,60.86,121.72
16020756,8318172,2019-06-13,2,Electronica,1345.62,2691.24
11087205,43507388,2019-06-13,2,Ropa,134.12,268.24
1110278,2114118,2019-06-13,2,Electronica,505.41,1010.82
44121907,54825897,2019-06-13,2,Deportes,93.01,186.02
13259594,46234164,2019-06-13,2,Ropa,136.75,273.5
17030714,36252539,2019-06-13,2,Belleza,71.07,142.14
14157483,32054749,2019-06-13,3,Libros,22.34,67.02
24885735,39144272,2019-06-13,2,Hogar,263.79,527.58
14783730,34913531,2019-06-13,4,Libros,57.57,230.28
4386649,50772497,2019-06-13,2,Hogar,134.42,268.84
5365274,47887693,2019-06-13,2,Hogar,387.08,774.16
12583364,50810974,2019-06-13,2,Ropa,174.1,348.2
10218194,38104911,2019-06-13,2,Hogar,167.2,334.4
21625318,36903975,2019-06-13,2,Hogar,133.9,267.8
11714402,35504416,2019-06-13,2,Electronica,1140.16,2280.32
35393375,28209709,2019-06-13,2,Belleza,7.02,14.04
7671484,49833380,2019-06-13,2,Belleza,35.82,71.64
4367217,34800983,2019-06-13,2,Electronica,594.32,1188.64
13471539,32713278,2019-06-13,2,Electronica,1329.25,2658.5
21373901,40570325,2019-06-13,2,Electronica,173.96,347.92
20775645,50287415,2019-06-13,2,Hogar,475.96,951.92
6776302,48767751,2019-06-13,2,Deportes,292.26,584.52
10188028,31870450,2019-06-12,2,Libros,32.09,64.18
31656457,48120252,2019-06-13,2,Libros,40.23,80.46
27337699,49485975,2019-06-12,2,Hogar,215.79,431.58
15965180,4552938,2019-06-12,6,Libros,37.47,224.82
21503042,47598561,2019-06-12,2,Libros,21.44,42.88
7489941,41048356,2019-06-12,2,Electronica,1428.5,2857.0
28587591,37116258,2019-06-12,2,Belleza,18.27,36.54
8702523,51880456,2019-06-12,7,Libros,24.05,168.35
8380911,32719118,2019-06-12,2,Hogar,451.06,902.12
110497,44445825,2019-06-12,2,Deportes,294.79,589.58
11641966,39493739,2019-06-12,2,Hogar,29.11,58.22
31313887,44464499,2019-06-12,2,Ropa,14.39,28.78
898231,150419,2019-06-12,2,Hogar,265.51,531.02
35980728,40275989,2019-06-12,2,Libros,28.37,56.74
11257601,43690717,2019-06-12,2,Electronica,752.17,1504.34
23402752,49818617,2019-06-12,2,Belleza,55.94,111.88
34694662,31317434,2019-06-12,2,Belleza,39.77,79.54
26449733,39681455,2019-06-12,2,Libros,59.27,118.54
13036338,3895625,2019-06-12,2,Electronica,444.38,888.76
13332804,2197292,2019-06-12,2,Ropa,103.11,206.22
14311247,45723259,2019-06-12,3,Electronica,637.09,1911.27
38207944,49626171,2019-06-12,2,Hogar,97.57,195.14
13024669,42674872,2019-06-12,2,Electronica,343.8,687.6
30161124,32056110,2019-06-12,2,Electronica,1381.54,2763.08
20442432,750898,2019-06-12,2,Ropa,173.07,346.14
902912,76692,2019-06-12,2,Hogar,111.54,223.08
10175553,539546,2019-06-12,2,Deportes,352.75,705.5
12444064,47973054,2019-06-12,2,Deportes,99.49,198.98
1511865,51654452,2019-06-12,2,Belleza,77.05,154.1
12351208,33842392,2019-06-12,2,Libros,9.47,18.94
43461068,31810286,2019-06-12,2,Electronica,1326.54,2653.08
10813406,2036591,2019-06-12,5,Hogar,289.17,1445.8500000000001
11076946,33980115,2019-06-11,2,Belleza,10.92,21.84
18294671,32640545,2019-06-11,2,Ropa,115.44,230.88
30597010,25458659,2019-06-11,2,Electronica,1006.2,2012.4
1348135,3947551,2019-06-11,2,Deportes,316.29,632.58
39697306,43847859,2019-06-11,7,Electronica,219.41,1535.87
1589864,32142515,2019-06-11,2,Ropa,86.85,173.7
32340937,46352493,2019-06-12,2,Libros,7.31,14.62
43704327,3170092,2019-06-11,3,Ropa,139.72,419.15999999999997
37003864,39353396,2019-06-11,2,Electronica,495.8,991.6
18870091,42016407,2019-06-11,2,Libros,35.77,71.54
11897274,41953082,2019-06-11,2,Ropa,187.22,374.44
14571214,7090866,2019-06-11,2,Libros,21.82,43.64
36344765,50958880,2019-06-11,2,Electronica,120.51,241.02
25919805,52114747,2019-06-11,2,Electronica,1029.66,2059.32
14338384,2525548,2019-06-12,2,Libros,48.28,96.56
28472545,32214507,2019-06-12,2,Hogar,479.57,959.14
852587,2079955,2019-06-11,2,Belleza,23.15,46.3
2642875,41247457,2019-06-11,2,Ropa,84.51,169.02
21331892,41853334,2019-06-11,2,Ropa,170.39,340.78
25138988,39550918,2019-06-11,2,Hogar,406.33,812.66
9624453,6471044,2019-06-11,2,Hogar,318.03,636.06
7723519,6630943,2019-06-11,2,Hogar,145.64,291.28
11115881,36360402,2019-06-11,2,Deportes,127.93,255.86
15997309,38213270,2019-06-11,2,Deportes,67.12,134.24
18457711,38670884,2019-06-11,2,Libros,55.7,111.4
10250331,48169604,2019-06-11,2,Deportes,85.71,171.42
12069362,47053104,2019-06-11,2,Electronica,880.69,1761.38
13195597,35899785,2019-06-11,2,Libros,37.14,74.28
1779849,35135413,2019-06-11,2,Ropa,80.23,160.46
2256827,2480503,2019-06-11,2,Belleza,45.54,91.08
9789982,4695239,2019-06-11,4,Electronica,1019.45,4077.8
43732065,32431245,2019-06-11,2,Electronica,873.37,1746.74
12434585,46996006,2019-06-11,2,Ropa,83.78,167.56
14553201,47107199,2019-06-11,3,Electronica,1424.44,4273.32
14919669,49570899,2019-06-11,2,Ropa,58.47,116.94
8943424,45536327,2019-06-11,2,Libros,26.95,53.9
11155901,34334441,2019-06-11,2,Hogar,406.72,813.44
6447080,50376708,2019-06-11,2,Hogar,483.74,967.48
8996118,36457962,2019-06-11,2,Electronica,972.13,1944.26
13896560,31530005,2019-06-11,2,Hogar,394.32,788.64
43815201,32122021,2019-06-11,2,Libros,39.6,79.2
8418862,6545729,2019-06-11,2,Ropa,111.24,222.48
10652925,38106555,2019-06-11,2,Hogar,318.04,636.08
29662842,37261571,2019-06-11,2,Deportes,395.47,790.94
10714417,1064523,2019-06-11,2,Belleza,79.15,158.3
9559560,4560234,2019-06-11,2,Hogar,227.63,455.26
27096807,54486956,2019-06-11,2,Ropa,22.59,45.18
28183779,34371299,2019-06-11,2,Libros,57.64,115.28
30302330,51643588,2019-06-11,3,Electronica,1199.94,3599.82
11982491,26038359,2019-06-11,2,Belleza,50.81,101.62
10420512,32902616,2019-06-11,2,Hogar,491.46,982.92
19796782,39861831,2019-06-11,2,Deportes,267.12,534.24
32799631,49899381,2019-06-11,2,Ropa,75.65,151.3
11509921,7065921,2019-06-11,2,Belleza,47.79,95.58
3419778,49385524,2019-06-11,2,Belleza,75.12,150.24
12589415,32913061,2019-06-11,2,Deportes,124.25,248.5
10975920,45602946,2019-06-11,2,Ropa,36.49,72.98
37727031,2646045,2019-06-11,2,Belleza,85.34,170.68
10511336,40243607,2019-06-11,2,Libros,13.41,26.82
28885872,50476870,2019-06-11,2,Ropa,30.52,61.04
1268292,38188331,2019-06-11,2,Ropa,111.63,223.26
12676315,41008640,2019-06-11,2,Hogar,284.41,568.82
12422730,43496100,2019-06-11,2,Hogar,66.73,133.46
11898651,986793,2019-06-11,2,Hogar,482.63,965.26
16005736,34709113,2019-06-11,2,Libros,36.53,73.06
36351346,31172015,2019-06-11,2,Belleza,22.37,44.74
16276269,52831514,2019-06-11,2,Belleza,40.82,81.64
8980600,37789891,2019-06-12,2,Electronica,956.46,1912.92
1143159,49594254,2019-06-11,2,Deportes,324.09,648.18
43286259,34601369,2019-06-11,2,Libros,33.78,67.56
40332482,4023287,2019-06-11,2,Hogar,106.25,212.5
19999829,4684142,2019-06-11,2,Electronica,199.13,398.26
12869523,27786059,2019-06-11,2,Deportes,183.69,367.38
33404647,51792783,2019-06-10,2,Electronica,539.25,1078.5
6317149,47952444,2019-06-10,2,Belleza,80.43,160.86
10423524,46003992,2019-06-11,2,Deportes,371.59,743.18
4110628,44461822,2019-06-10,2,Deportes,114.14,228.28
37255232,51925379,2019-06-10,3,Ropa,172.49,517.47
43877968,33858368,2019-06-10,2,Ropa,56.13,112.26
11035879,47952404,2019-06-10,2,Belleza,110.85,221.7
40862692,32712426,2019-06-10,2,Belleza,108.73,217.46
41743824,31731865,2019-06-10,2,Libros,57.36,114.72
31942791,2185898,2019-06-10,3,Deportes,340.0,1020.0
14891102,32605217,2019-06-10,2,Belleza,73.25,146.5
25765670,4815880,2019-06-10,2,Deportes,175.74,351.48
26382106,39689885,2019-06-10,2,Libros,32.04,64.08
1923694,35374060,2019-06-10,2,Libros,52.99,105.98
21497601,46576560,2019-06-10,4,Ropa,67.27,269.08
9508067,35404898,2019-06-10,3,Hogar,311.84,935.52
19223886,31716215,2019-06-10,2,Deportes,80.52,161.04
37456133,49592225,2019-06-11,2,Belleza,21.19,42.38
4015621,3302117,2019-06-10,2,Belleza,100.1,200.2
16049746,42690363,2019-06-10,2,Deportes,309.36,618.72
27909361,35248249,2019-06-10,2,Deportes,209.11,418.22
32717712,4560202,2019-06-10,2,Deportes,124.45,248.9
25127578,31716940,2019-06-10,2,Hogar,343.64,687.28
7012896,47053625,2019-06-10,2,Belleza,9.42,18.84
15341402,45520884,2019-06-10,2,Libros,36.25,72.5
2370266,41169597,2019-06-10,2,Belleza,50.82,101.64
2895419,52204998,2019-06-10,2,Hogar,489.26,978.52
33641327,31788136,2019-06-10,2,Deportes,212.87,425.74
12649842,35166173,2019-06-10,2,Ropa,114.93,229.86
32955183,6887094,2019-06-10,2,Deportes,290.7,581.4
10861306,5478053,2019-06-10,2,Deportes,204.12,408.24
1764716,40662722,2019-06-10,2,Hogar,123.92,247.84
3935010,43547704,2019-06-10,2,Belleza,66.79,133.58
10228799,6251624,2019-06-10,2,Deportes,378.82,757.64
10109215,5041766,2019-06-10,2,Belleza,52.14,104.28
1921420,34431889,2019-06-10,2,Electronica,1035.48,2070.96
20577541,46144228,2019-06-10,2,Libros,14.8,29.6
16292752,32898706,2019-06-10,2,Libros,58.79,117.58
5447999,51728187,2019-06-10,2,Belleza,100.44,200.88
4310308,46923324,2019-06-10,3,Ropa,135.22,405.65999999999997
960069,6035638,2019-06-10,2,Libros,45.48,90.96
18740507,2629471,2019-06-10,2,Ropa,187.93,375.86
6687491,42336441,2019-06-10,2,Deportes,384.71,769.42
16386109,46186291,2019-06-10,2,Libros,58.29,116.58
27803702,6041667,2019-06-10,2,Belleza,76.95,153.9
12466578,6455456,2019-06-10,2,Libros,26.16,52.32
20679150,2478758,2019-06-10,2,Deportes,70.6,141.2
35942911,32332795,2019-06-10,2,Hogar,201.99,403.98
11797381,40122574,2019-06-10,2,Ropa,189.16,378.32
23366643,1784621,2019-06-10,2,Deportes,358.12,716.24
9543873,52239888,2019-06-10,2,Hogar,268.97,537.94
24505061,47086583,2019-06-10,2,Libros,34.54,69.08
6984463,38004332,2019-06-10,2,Libros,21.99,43.98
5374051,36906023,2019-06-10,2,Deportes,192.71,385.42
40797943,39573333,2019-06-10,2,Belleza,87.16,174.32
30815300,42935503,2019-06-10,2,Libros,27.13,54.26
15990489,570833,2019-06-10,2,Belleza,26.62,53.24
13182417,35411056,2019-06-10,2,Belleza,67.2,134.4
21594921,48891877,2019-06-10,2,Belleza,30.91,61.82
21227061,44442637,2019-06-10,2,Electronica,1462.72,2925.44
8372057,34925525,2019-06-10,2,Hogar,204.31,408.62
16483351,50753523,2019-06-10,2,Hogar,456.19,912.38
23064016,47223838,2019-06-10,2,Libros,17.41,34.82
16215491,37206906,2019-06-10,2,Libros,15.41,30.82
12334032,44598599,2019-06-10,2,Belleza,75.94,151.88
25364818,47084910,2019-06-10,2,Electronica,1180.1,2360.2
1143616,31784151,2019-06-10,2,Belleza,70.18,140.36
12440964,39559659,2019-06-10,2,Electronica,383.2,766.4
13195748,33855737,2019-06-10,2,Belleza,9.36,18.72
5626500,43424225,2019-06-10,2,Ropa,127.47,254.94
607785,35375773,2019-06-10,3,Ropa,34.9,104.69999999999999
1013481,40969642,2019-06-10,2,Deportes,150.41,300.82
250025,49230154,2019-06-10,2,Belleza,82.72,165.44
11286724,4395523,2019-06-10,2,Libros,10.39,20.78
12317686,51744192,2019-06-09,2,Belleza,16.65,33.3
14895832,52100667,2019-06-09,2,Hogar,76.72,153.44
22056438,35163523,2019-06-10,2,Libros,42.98,85.96
41106300,49072863,2019-06-10,3,Deportes,43.43,130.29
10156557,50462654,2019-06-09,3,Belleza,78.3,234.89999999999998
14535938,35187319,2019-06-09,2,Belleza,119.94,239.88
22537988,4464729,2019-06-09,2,Libros,59.78,119.56
18471045,52080019,2019-06-09,2,Ropa,83.54,167.08
40352593,2517047,2019-06-09,2,Belleza,109.17,218.34
16348784,6195120,2019-06-09,2,Deportes,131.56,263.12
17933574,47030466,2019-06-09,2,Belleza,91.62,183.24
2435136,44735195,2019-06-09,2,Ropa,51.62,103.24
4906784,50913652,2019-06-09,2,Deportes,209.36,418.72
13490291,41882189,2019-06-09,2,Ropa,166.68,333.36
10425338,31556399,2019-06-10,2,Electronica,1233.68,2467.36
26031855,14260859,2019-06-09,2,Ropa,160.91,321.82
2024339,48385978,2019-06-09,2,Belleza,99.73,199.46
21187289,104409,2019-06-09,2,Hogar,117.56,235.12
17822223,31694903,2019-06-09,2,Ropa,101.62,203.24
16775503,32882831,2019-06-09,2,Libros,31.67,63.34
11076032,50135172,2019-06-09,2,Libros,28.35,56.7
925525,48676119,2019-06-09,2,Hogar,446.89,893.78
15296825,50838984,2019-06-09,3,Electronica,480.49,1441.47
37465999,31980788,2019-06-09,2,Deportes,373.97,747.94
11233339,750540,2019-06-09,2,Deportes,191.3,382.6
20105999,52625713,2019-06-09,2,Hogar,339.85,679.7
9853293,33421279,2019-06-09,2,Deportes,122.18,244.36
29964285,5808221,2019-06-09,2,Libros,56.21,112.42
1714524,52204863,2019-06-09,2,Ropa,87.96,175.92
30379929,50961646,2019-06-09,2,Hogar,359.25,718.5
2781009,32443080,2019-06-09,2,Belleza,63.97,127.94
822403,34837223,2019-06-09,2,Ropa,186.83,373.66
13865786,44266526,2019-06-09,2,Ropa,150.05,300.1
23464563,33652651,2019-06-09,4,Ropa,117.24,468.96
24057520,44051794,2019-06-09,2,Deportes,216.69,433.38
11724853,34901829,2019-06-09,2,Belleza,106.97,213.94
20760649,47986863,2019-06-09,2,Electronica,1015.06,2030.12
1923367,31882991,2019-06-09,2,Libros,40.6,81.2
39875505,46459816,2019-06-09,2,Deportes,113.62,227.24
40411008,39885252,2019-06-09,2,Hogar,206.51,413.02
11598486,31103712,2019-06-09,2,Electronica,1040.79,2081.58
11133733,35608102,2019-06-09,2,Hogar,447.52,895.04
7861165,33465005,2019-06-09,2,Deportes,139.91,279.82
18009274,49735159,2019-06-09,2,Belleza,29.78,59.56
13410800,47886668,2019-06-09,2,Ropa,122.8,245.6
29744941,31060407,2019-06-09,2,Libros,51.73,103.46
5968851,37031427,2019-06-09,2,Ropa,22.77,45.54
29835991,33859185,2019-06-09,2,Libros,39.9,79.8
23875344,31715530,2019-06-09,2,Belleza,87.17,174.34
1510102,46882361,2019-06-09,2,Belleza,105.49,210.98
10288753,36962582,2019-06-09,2,Electronica,1069.55,2139.1
43614006,41239302,2019-06-09,2,Electronica,564.7,1129.4
34421631,50834451,2019-06-09,2,Hogar,447.95,895.9
17098730,46499473,2019-06-09,3,Belleza,62.75,188.25
30578383,40175354,2019-06-09,2,Electronica,986.36,1972.72
14069677,4811711,2019-06-09,2,Belleza,29.1,58.2
23909830,31844015,2019-06-09,2,Deportes,178.59,357.18
23506051,46145831,2019-06-09,2,Ropa,173.86,347.72
1597167,35286959,2019-06-09,2,Ropa,50.46,100.92
1127195,48229300,2019-06-09,2,Ropa,84.21,168.42
16025125,39102491,2019-06-09,2,Belleza,41.58,83.16
29145400,38034070,2019-06-09,2,Belleza,22.38,44.76
9089170,39659569,2019-06-09,2,Hogar,155.51,311.02
9873005,50015699,2019-06-09,2,Ropa,54.23,108.46
18385781,35424194,2019-06-09,2,Hogar,462.94,925.88
14246440,42091294,2019-06-09,2,Ropa,150.8,301.6
38968310,32253815,2019-06-09,2,Hogar,168.31,336.62
10283637,43507617,2019-06-09,2,Hogar,385.22,770.44
34363312,41952430,2019-06-09,2,Deportes,28.41,56.82
13709385,48307490,2019-06-09,2,Hogar,270.36,540.72
34158801,49592379,2019-06-09,2,Belleza,33.79,67.58
21775820,6654114,2019-06-09,3,Hogar,70.45,211.35000000000002
15536324,31516269,2019-06-09,4,Deportes,127.66,510.64
42059822,31743165,2019-06-09,2,Ropa,177.91,355.82
11469744,48962676,2019-06-09,2,Hogar,111.68,223.36
3623292,35611601,2019-06-09,2,Electronica,1242.47,2484.94
4565209,6483065,2019-06-09,6,Libros,27.73,166.38
12155970,13058259,2019-06-09,2,Ropa,12.72,25.44
21335222,47570995,2019-06-09,2,Electronica,1112.17,2224.34
30062868,2138025,2019-06-09,2,Ropa,123.31,246.62
1243908,49480639,2019-06-09,2,Belleza,44.58,89.16
22015506,40785093,2019-06-09,2,Libros,20.49,40.98
2268790,43870329,2019-06-09,2,Libros,9.05,18.1
25792685,31516269,2019-06-09,2,Deportes,127.66,255.32
6386597,50809072,2019-06-09,2,Belleza,113.26,226.52
14614026,4624910,2019-06-08,2,Libros,32.17,64.34
17060589,39833031,2019-06-08,2,Belleza,110.33,220.66
11082470,44283260,2019-06-08,2,Belleza,14.84,29.68
3956952,49589021,2019-06-08,2,Electronica,1309.59,2619.18
16917020,43859749,2019-06-08,2,Deportes,125.96,251.92
31892981,39116357,2019-06-08,2,Ropa,48.68,97.36
43401385,36767104,2019-06-08,2,Belleza,37.31,74.62
18596023,47043293,2019-06-08,2,Ropa,117.27,234.54
1611987,49496625,2019-06-09,2,Electronica,157.38,314.76
41538980,3256486,2019-06-08,4,Deportes,203.07,812.28
31349493,48508054,2019-06-09,2,Electronica,1348.83,2697.66
6980938,50810869,2019-06-09,2,Libros,15.35,30.7
26698997,37075317,2019-06-09,2,Ropa,72.93,145.86
26538791,33028234,2019-06-08,2,Deportes,170.53,341.06
18154274,47781001,2019-06-08,2,Libros,37.24,74.48
24977098,39283106,2019-06-08,2,Deportes,369.32,738.64
11172,38853369,2019-06-08,2,Electronica,1496.25,2992.5
12905388,40558657,2019-06-08,2,Libros,26.7,53.4
3775572,50416248,2019-06-08,2,Electronica,150.27,300.54
2685847,48010725,2019-06-08,3,Belleza,45.01,135.03
3794681,46202588,2019-06-09,2,Ropa,46.12,92.24
2912394,36763178,2019-06-08,3,Hogar,331.11,993.33
30808630,46849503,2019-06-08,3,Hogar,29.19,87.57000000000001
40515010,31763131,2019-06-08,2,Electronica,473.3,946.6
17673003,51032229,2019-06-08,2,Ropa,113.58,227.16
15489830,35543900,2019-06-08,2,Libros,29.41,58.82
2383367,29127359,2019-06-08,2,Hogar,308.73,617.46
1901058,52371147,2019-06-08,2,Ropa,62.69,125.38
16771102,36776487,2019-06-08,2,Electronica,848.94,1697.88
4622633,51380352,2019-06-08,2,Ropa,31.8,63.6
43471889,34876045,2019-06-08,3,Belleza,113.42,340.26
20223637,3735903,2019-06-08,2,Hogar,318.1,636.2
13759559,33875821,2019-06-08,2,Electronica,471.81,943.62
25065018,31081516,2019-06-08,2,Electronica,1207.4,2414.8
32287164,3599371,2019-06-08,2,Belleza,111.15,222.3
30074390,37617113,2019-06-08,2,Ropa,71.91,143.82
28110104,51821595,2019-06-08,2,Belleza,21.66,43.32
29195120,32354404,2019-06-08,2,Electronica,1183.67,2367.34
41616782,47941430,2019-06-08,2,Ropa,56.78,113.56
20645673,3012311,2019-06-08,3,Electronica,1021.16,3063.48
5289942,47848471,2019-06-08,2,Ropa,71.51,143.02
2798073,47495076,2019-06-08,2,Belleza,63.55,127.1
17180829,32638866,2019-06-08,2,Belleza,82.49,164.98
14401599,49539506,2019-06-08,2,Ropa,121.89,243.78
4099399,43775921,2019-06-08,2,Ropa,170.6,341.2
20646407,48339258,2019-06-08,2,Electronica,885.61,1771.22
39734354,38185142,2019-06-08,2,Hogar,46.86,93.72
34888719,36897442,2019-06-08,2,Belleza,33.64,67.28
1822868,46260670,2019-06-08,2,Belleza,70.76,141.52
6742997,32044483,2019-06-08,2,Libros,6.01,12.02
29587830,51289553,2019-06-08,2,Hogar,136.56,273.12
5801605,41192576,2019-06-08,2,Libros,11.93,23.86
4367645,31065541,2019-06-08,2,Ropa,53.55,107.1
6292160,34412650,2019-06-08,2,Electronica,412.29,824.58
6136166,52790130,2019-06-08,2,Libros,34.46,68.92
16013202,41724525,2019-06-08,2,Ropa,120.57,241.14
22547235,6295025,2019-06-08,2,Deportes,365.42,730.84
32346027,46606865,2019-06-08,2,Belleza,49.39,98.78
24908331,38074854,2019-06-08,2,Ropa,34.56,69.12
1776026,44767161,2019-06-08,2,Deportes,372.1,744.2
27621152,48358940,2019-06-08,2,Belleza,79.97,159.94
460174,6936016,2019-06-08,2,Belleza,109.96,219.92
2470102,49613907,2019-06-08,2,Deportes,336.72,673.44
12431548,3175521,2019-06-08,2,Deportes,281.28,562.56
1032700,37082622,2019-06-08,2,Ropa,77.66,155.32
14018800,3554189,2019-06-08,2,Libros,18.26,36.52
16573881,33855767,2019-06-08,2,Libros,17.23,34.46
6127586,52138815,2019-06-07,2,Deportes,381.83,763.66
12072251,34412650,2019-06-07,5,Electronica,412.29,2061.4500000000003
12049346,35903351,2019-06-07,2,Ropa,192.13,384.26
13797112,4661890,2019-06-07,2,Libros,44.87,89.74
13539664,4770691,2019-06-07,2,Ropa,177.92,355.84
17501898,39835889,2019-06-07,2,Ropa,184.61,369.22
15849059,50364979,2019-06-07,2,Belleza,63.83,127.66
30885128,49177763,2019-06-08,2,Libros,39.6,79.2
31290566,49073689,2019-06-07,2,Libros,28.03,56.06
31249369,49220849,2019-06-07,2,Belleza,53.13,106.26
16501552,41085847,2019-06-07,2,Deportes,34.6,69.2
8345844,48072296,2019-06-07,2,Belleza,54.89,109.78
3297644,42704591,2019-06-07,2,Libros,42.04,84.08
20096067,47574373,2019-06-07,2,Libros,28.21,56.42
11492564,4155810,2019-06-07,2,Libros,8.39,16.78
12547554,39393779,2019-06-07,2,Deportes,351.52,703.04
42749541,51616931,2019-06-07,2,Belleza,43.24,86.48
13695551,45044763,2019-06-07,2,Electronica,242.39,484.78
14158869,2934421,2019-06-07,2,Electronica,1226.76,2453.52
1246456,38133318,2019-06-07,2,Deportes,276.1,552.2
29055334,42479291,2019-06-07,2,Belleza,32.81,65.62
43549731,32056089,2019-06-07,2,Belleza,66.69,133.38
38267700,25593309,2019-06-07,2,Ropa,138.36,276.72
10830027,52515166,2019-06-07,2,Ropa,86.35,172.7
10323231,31946628,2019-06-07,2,Libros,56.64,113.28
15178465,51892322,2019-06-07,2,Hogar,309.56,619.12
4762637,41255872,2019-06-07,2,Deportes,80.19,160.38
328417,32066166,2019-06-07,2,Hogar,258.54,517.08
9132059,43888800,2019-06-07,2,Hogar,433.34,866.68
12527753,40408813,2019-06-07,2,Deportes,275.17,550.34
37688716,38790575,2019-06-07,2,Belleza,101.88,203.76
33845738,43448663,2019-06-07,2,Deportes,115.15,230.3
12387631,50829598,2019-06-07,3,Hogar,445.85,1337.5500000000002
40325440,3236709,2019-06-07,2,Belleza,73.02,146.04
10736250,4714554,2019-06-07,2,Libros,46.56,93.12
10974245,46234841,2019-06-07,2,Hogar,492.55,985.1
15518016,45987402,2019-06-07,2,Libros,45.09,90.18
4042572,6717109,2019-06-07,2,Libros,24.06,48.12
1045361,35802105,2019-06-07,2,Belleza,107.08,214.16
8697145,46806461,2019-06-06,3,Hogar,32.84,98.52000000000001
35161754,31694849,2019-06-07,2,Electronica,975.07,1950.14
7459539,43902036,2019-06-07,3,Deportes,343.7,1031.1
41261864,47932726,2019-06-07,2,Libros,24.85,49.7
844431,2584488,2019-06-07,2,Deportes,75.35,150.7
900078,2683496,2019-06-07,2,Libros,23.28,46.56
8831763,44730169,2019-06-07,2,Belleza,57.36,114.72
29562338,32067826,2019-06-07,2,Electronica,823.44,1646.88
11496000,50780137,2019-06-07,4,Electronica,790.67,3162.68
35233186,34220710,2019-06-07,2,Libros,35.03,70.06
14817740,44206118,2019-06-08,2,Ropa,109.01,218.02
36817123,8398892,2019-06-06,2,Belleza,101.8,203.6
15615253,1008299,2019-06-07,2,Ropa,42.32,84.64
28790679,37437416,2019-06-07,2,Deportes,140.1,280.2
11415780,46703174,2019-06-07,2,Deportes,357.67,715.34
38834711,49530022,2019-06-07,2,Hogar,286.82,573.64
12976168,49619896,2019-06-07,2,Belleza,72.09,144.18
8176157,6059114,2019-06-07,2,Hogar,246.86,493.72
1892151,46035720,2019-06-07,2,Libros,35.19,70.38
10884335,44131487,2019-06-06,2,Hogar,111.07,222.14
2585398,50963746,2019-06-07,2,Electronica,842.96,1685.92
33211013,38814620,2019-06-07,3,Deportes,398.93,1196.79
11037371,35458632,2019-06-06,2,Hogar,289.53,579.06
3781733,4922809,2019-06-06,2,Electronica,114.38,228.76
23563920,36368564,2019-06-06,3,Belleza,96.59,289.77
29577720,36524491,2019-06-06,2,Ropa,103.77,207.54
4025639,4409947,2019-06-06,2,Hogar,207.29,414.58
12810242,5891666,2019-06-06,2,Libros,13.45,26.9
42254338,33649387,2019-06-06,3,Libros,52.44,157.32
8946168,47647005,2019-06-06,3,Libros,15.89,47.67
3341467,6882090,2019-06-07,2,Deportes,369.89,739.78
32317276,38361988,2019-06-07,2,Hogar,229.27,458.54
14712920,41495831,2019-06-07,2,Belleza,90.42,180.84
25935533,4410578,2019-06-07,2,Hogar,280.29,560.58
13322915,42930680,2019-06-06,2,Deportes,117.52,235.04
5369697,31257444,2019-06-06,2,Electronica,1023.08,2046.16
13356036,51111916,2019-06-06,2,Deportes,384.01,768.02
11233112,46401926,2019-06-07,2,Libros,47.33,94.66
5910511,39522407,2019-06-07,2,Electronica,925.83,1851.66
11381268,27124359,2019-06-06,2,Libros,59.48,118.96
10261005,35018407,2019-06-06,2,Ropa,60.41,120.82
34484771,3955675,2019-06-06,2,Deportes,43.69,87.38
28890942,31497070,2019-06-06,2,Deportes,32.21,64.42
5857107,1123971,2019-06-06,2,Belleza,86.73,173.46
11136977,42204849,2019-06-06,2,Hogar,417.66,835.32
6176265,50172810,2019-06-06,2,Electronica,970.9,1941.8
22443573,36961811,2019-06-06,2,Electronica,1362.29,2724.58
6833130,39224019,2019-06-06,2,Belleza,85.27,170.54
5986829,33746344,2019-06-06,2,Belleza,47.66,95.32
1273854,42748403,2019-06-06,2,Hogar,102.91,205.82
13215746,42658800,2019-06-06,2,Libros,55.86,111.72
9879389,49730806,2019-06-06,2,Hogar,65.24,130.48
33535795,42934298,2019-06-06,2,Deportes,226.34,452.68
8490321,42383687,2019-06-05,2,Libros,22.27,44.54
11639894,34434931,2019-06-05,2,Ropa,61.57,123.14
29506527,52203803,2019-06-05,2,Hogar,328.23,656.46
37585168,46166327,2019-06-05,2,Belleza,31.59,63.18
41204826,35304028,2019-06-05,2,Libros,55.4,110.8
13448445,32092603,2019-06-05,2,Hogar,211.93,423.86
1333596,47929685,2019-06-05,3,Electronica,1032.19,3096.57
1946558,40497202,2019-06-05,2,Ropa,148.27,296.54
13851811,39745652,2019-06-05,2,Deportes,279.52,559.04
22241968,36366279,2019-06-05,2,Electronica,1359.93,2719.86
32653414,52893705,2019-06-05,3,Electronica,385.14,1155.42
2916768,40769893,2019-06-05,2,Hogar,111.08,222.16
20600600,50440943,2019-06-05,2,Ropa,26.35,52.7
43336820,52204144,2019-06-05,2,Deportes,41.08,82.16
21865503,1140183,2019-06-05,2,Belleza,105.95,211.9
22598408,37758601,2019-06-05,2,Libros,58.53,117.06
35888312,31509022,2019-06-05,2,Deportes,134.96,269.92
34656214,36396681,2019-06-05,2,Hogar,351.35,702.7
2518478,40206906,2019-06-05,2,Electronica,62.92,125.84
15130120,31903976,2019-06-05,2,Hogar,106.49,212.98
11236276,34932733,2019-06-05,2,Belleza,84.27,168.54
43043463,31511818,2019-06-05,2,Hogar,46.96,93.92
39645932,47612008,2019-06-06,2,Deportes,198.03,396.06
35109691,50917006,2019-06-05,2,Hogar,336.35,672.7
1494063,41785903,2019-06-05,2,Belleza,93.09,186.18
12177425,51361145,2019-06-05,2,Belleza,57.19,114.38
37117906,193380,2019-06-05,2,Belleza,77.48,154.96
18247340,4524800,2019-06-05,2,Deportes,225.04,450.08
32952002,39747632,2019-06-05,2,Belleza,11.02,22.04
11748715,6707770,2019-06-05,2,Electronica,1127.07,2254.14
11112685,39896472,2019-06-05,2,Belleza,24.82,49.64
4593424,31462365,2019-06-05,3,Hogar,30.43,91.28999999999999
4593424,51913957,2019-06-05,3,Libros,29.81,89.42999999999999
3504397,34175633,2019-06-05,2,Hogar,434.83,869.66
39932220,38504642,2019-06-05,2,Libros,13.3,26.6
899355,2947818,2019-06-05,2,Hogar,21.24,42.48
24997337,47479626,2019-06-05,2,Hogar,433.31,866.62
30115084,38048720,2019-06-06,2,Deportes,61.79,123.58
22904036,25458659,2019-06-05,2,Electronica,1006.2,2012.4
10008787,33272052,2019-06-05,2,Hogar,191.37,382.74
11404573,42328040,2019-06-05,2,Deportes,240.47,480.94
28982103,3767187,2019-06-04,2,Deportes,93.34,186.68
1847030,6808535,2019-06-04,2,Belleza,97.23,194.46
9144139,44764716,2019-06-04,2,Electronica,1142.28,2284.56
18454467,50803208,2019-06-04,2,Belleza,80.05,160.1
29157115,46472203,2019-06-05,2,Libros,43.27,86.54
23036600,33354872,2019-06-04,2,Belleza,61.06,122.12
13647337,985806,2019-06-04,2,Belleza,47.0,94.0
40548414,44429953,2019-06-04,3,Deportes,162.72,488.15999999999997
11648916,32071890,2019-06-04,2,Electronica,304.92,609.84
11082470,35470357,2019-06-04,2,Belleza,97.28,194.56
6271729,48972483,2019-06-04,2,Deportes,211.17,422.34
4009868,43895176,2019-06-04,2,Libros,9.25,18.5
18130520,32122021,2019-06-04,2,Libros,39.6,79.2
13325320,52792972,2019-06-04,2,Hogar,345.92,691.84
29363146,3632762,2019-06-04,2,Deportes,46.64,93.28
3405163,51329399,2019-06-04,3,Hogar,185.48,556.4399999999999
14816338,35335079,2019-06-05,3,Ropa,30.15,90.44999999999999
2937601,2524965,2019-06-05,2,Belleza,30.85,61.7
15311157,34555165,2019-06-04,2,Ropa,62.88,125.76
13181633,4224043,2019-06-05,2,Ropa,44.26,88.52
5988013,40247834,2019-06-04,4,Hogar,452.26,1809.04
16714474,4746327,2019-06-05,2,Ropa,42.12,84.24
11144612,49056786,2019-06-05,2,Hogar,443.22,886.44
17488329,36860217,2019-06-04,2,Deportes,237.45,474.9
10850705,46855498,2019-06-04,2,Belleza,104.76,209.52
8059320,6257874,2019-06-04,2,Electronica,737.39,1474.78
11657314,51317404,2019-06-04,2,Belleza,111.68,223.36
1156243,3968934,2019-06-05,2,Hogar,117.57,235.14
3218196,34246431,2019-06-05,2,Hogar,284.03,568.06
9299415,35308712,2019-06-04,2,Belleza,19.47,38.94
3539604,35041648,2019-06-04,2,Libros,29.6,59.2
1384716,39845663,2019-06-04,3,Belleza,23.18,69.53999999999999
19890398,4972738,2019-06-04,2,Hogar,291.4,582.8
8040843,40227080,2019-06-04,2,Ropa,125.08,250.16
3003366,42436260,2019-06-04,2,Ropa,79.45,158.9
8869980,32449568,2019-06-04,2,Ropa,106.06,212.12
15639931,41870414,2019-06-04,2,Hogar,52.02,104.04
6839198,3453138,2019-06-04,2,Hogar,332.83,665.66
17944480,112210,2019-06-04,2,Libros,31.86,63.72
21700599,33809266,2019-06-04,3,Ropa,36.01,108.03
17549198,47121401,2019-06-04,2,Hogar,468.9,937.8
28431935,38844595,2019-06-04,2,Hogar,478.5,957.0
17626105,45288138,2019-06-04,2,Libros,52.11,104.22
16641065,31773673,2019-06-04,2,Hogar,138.15,276.3
14014803,4161211,2019-06-04,2,Libros,51.41,102.82
14782939,1069650,2019-06-04,2,Belleza,16.35,32.7
17716085,32127151,2019-06-04,2,Libros,59.64,119.28
10213632,44279851,2019-06-04,2,Electronica,630.55,1261.1
1058387,46186071,2019-06-04,2,Ropa,40.99,81.98
6795064,38503273,2019-06-04,2,Belleza,98.39,196.78
15425056,38191816,2019-06-04,2,Electronica,377.31,754.62
13537921,31991199,2019-06-04,2,Libros,16.62,33.24
40704055,48747865,2019-06-04,4,Hogar,270.2,1080.8
1903892,36402096,2019-06-04,2,Ropa,193.38,386.76
14576013,2492600,2019-06-04,2,Hogar,77.09,154.18
4643359,39766865,2019-06-04,2,Belleza,59.58,119.16
3623669,49568855,2019-06-04,2,Libros,35.7,71.4
3288870,3070782,2019-06-04,2,Hogar,231.27,462.54
43082972,6786463,2019-06-04,2,Deportes,46.4,92.8
20819875,6896504,2019-06-04,2,Belleza,60.77,121.54
31652456,39762155,2019-06-04,2,Electronica,729.97,1459.94
2510602,46855878,2019-06-04,2,Belleza,35.09,70.18
26597283,38209109,2019-06-04,2,Ropa,185.1,370.2
13646126,36371121,2019-06-04,2,Hogar,176.8,353.6
19916941,42572819,2019-06-04,2,Libros,27.98,55.96
3520706,51819799,2019-06-04,2,Libros,52.53,105.06
4465379,1152915,2019-06-04,2,Belleza,17.61,35.22
3552825,47087174,2019-06-04,2,Hogar,169.66,339.32
9685176,38541966,2019-06-03,2,Hogar,100.52,201.04
38728423,48128619,2019-06-03,6,Deportes,175.2,1051.1999999999998
11869297,35550187,2019-06-04,2,Deportes,62.42,124.84
3135794,43259230,2019-06-04,2,Libros,29.26,58.52
851863,41906117,2019-06-04,2,Deportes,154.47,308.94
3116728,34693878,2019-06-03,2,Electronica,373.81,747.62
39751714,49553777,2019-06-03,2,Deportes,264.03,528.06
4160093,35879093,2019-06-04,2,Electronica,1428.82,2857.64
5135202,4867506,2019-06-04,2,Deportes,98.7,197.4
14201708,33269834,2019-06-03,3,Belleza,39.43,118.28999999999999
6972801,4471840,2019-06-03,2,Libros,44.15,88.3
3091305,44593137,2019-06-03,2,Libros,45.83,91.66
29129307,44731952,2019-06-03,2,Electronica,772.27,1544.54
17958951,6602294,2019-06-03,2,Belleza,108.23,216.46
14271542,39902716,2019-06-03,2,Libros,58.15,116.3
28639138,39475956,2019-06-03,2,Belleza,46.66,93.32
16292407,31526135,2019-06-04,2,Hogar,330.75,661.5
26485394,3969017,2019-06-03,2,Electronica,1010.21,2020.42
25143365,46930293,2019-06-03,3,Libros,27.2,81.6
4206948,50016407,2019-06-03,2,Ropa,70.19,140.38
22936426,49119155,2019-06-03,3,Hogar,467.87,1403.6100000000001
3780497,46364149,2019-06-03,2,Belleza,95.85,191.7
25562040,31504630,2019-06-03,2,Libros,11.3,22.6
8137852,39787530,2019-06-03,2,Electronica,223.83,447.66
9488146,6295639,2019-06-03,2,Deportes,370.57,741.14
12484629,33112440,2019-06-03,3,Ropa,25.47,76.41
11106782,38454958,2019-06-03,3,Belleza,84.17,252.51
18462553,36552490,2019-06-03,2,Hogar,124.98,249.96
1664506,33446460,2019-06-03,2,Electronica,101.02,202.04
2811003,6353218,2019-06-03,2,Ropa,21.33,42.66
16897375,37198203,2019-06-03,2,Electronica,591.61,1183.22
4246677,50476981,2019-06-03,2,Libros,9.27,18.54
33960238,36328171,2019-06-03,2,Deportes,246.72,493.44
9367092,36827417,2019-06-03,2,Hogar,328.92,657.84
36879201,47587421,2019-06-03,2,Electronica,591.53,1183.06
13441666,6901659,2019-06-03,2,Belleza,90.43,180.86
19209779,46874741,2019-06-03,2,Libros,31.95,63.9
14961410,42410381,2019-06-03,2,Libros,28.66,57.32
12598297,34543081,2019-06-03,2,Hogar,212.39,424.78
31893007,47899539,2019-06-03,2,Libros,28.71,57.42
33273585,36779171,2019-06-03,2,Belleza,116.31,232.62
19139666,40276034,2019-06-03,2,Belleza,90.45,180.9
42354308,3710762,2019-06-03,2,Electronica,1038.04,2076.08
11816980,36374035,2019-06-03,2,Hogar,167.88,335.76
12717749,42352806,2019-06-03,2,Libros,45.36,90.72
9744470,7157541,2019-06-03,2,Libros,23.16,46.32
25275828,6139210,2019-06-03,2,Belleza,19.46,38.92
43056949,51606257,2019-06-03,2,Deportes,200.64,401.28
29413919,47413203,2019-06-03,2,Deportes,305.39,610.78
1198016,4771088,2019-06-03,2,Libros,25.77,51.54
14497614,4420278,2019-06-03,2,Electronica,1310.3,2620.6
41922750,47210920,2019-06-03,4,Hogar,202.67,810.68
4190378,6517586,2019-06-03,2,Libros,24.24,48.48
7397796,33844497,2019-06-03,2,Ropa,199.67,399.34
883625,46634371,2019-06-03,2,Hogar,78.4,156.8
33896178,35311883,2019-06-03,2,Hogar,249.0,498.0
13482757,38270932,2019-06-03,2,Deportes,325.98,651.96
23455364,46429232,2019-06-03,2,Libros,49.27,98.54
31795087,48369001,2019-06-03,2,Belleza,9.58,19.16
24342209,7842366,2019-06-03,2,Belleza,111.53,223.06
41831575,43147110,2019-06-03,2,Ropa,26.13,52.26
37230456,37579906,2019-06-03,2,Libros,19.92,39.84
11503453,3780077,2019-06-03,2,Electronica,1163.23,2326.46
20999345,47480321,2019-06-03,2,Electronica,1049.43,2098.86
8405691,35287490,2019-06-03,2,Ropa,116.89,233.78
20938462,36693967,2019-06-03,2,Libros,35.78,71.56
3250849,46481494,2019-06-03,2,Electronica,291.01,582.02
6181370,40275993,2019-06-02,3,Belleza,17.23,51.69
16728416,1763040,2019-06-02,2,Ropa,63.42,126.84
13589136,51879400,2019-06-02,2,Electronica,805.93,1611.86
12463746,3080187,2019-06-02,2,Electronica,451.91,903.82
31624041,32921787,2019-06-02,2,Ropa,49.95,99.9
29359729,2585334,2019-06-03,2,Ropa,26.67,53.34
1456570,31451585,2019-06-03,2,Electronica,275.8,551.6
43119325,46422880,2019-06-03,2,Deportes,312.17,624.34
42594801,6243032,2019-06-03,2,Ropa,146.57,293.14
13195803,32717530,2019-06-03,2,Belleza,5.7,11.4
8840617,32595491,2019-06-03,2,Libros,7.52,15.04
35710176,43602716,2019-06-02,2,Hogar,113.59,227.18
11557015,51249664,2019-06-02,2,Belleza,69.45,138.9
9946649,38630690,2019-06-02,2,Electronica,517.81,1035.62
41538980,48746154,2019-06-02,3,Electronica,1243.71,3731.13
3802396,37861889,2019-06-02,3,Belleza,95.27,285.81
28909041,49295335,2019-06-02,2,Deportes,358.8,717.6
42952994,31322424,2019-06-02,2,Belleza,69.74,139.48
15051816,3969412,2019-06-02,3,Ropa,76.89,230.67000000000002
30422813,33844506,2019-06-02,2,Belleza,74.7,149.4
12276538,48154787,2019-06-02,2,Electronica,179.25,358.5
43025497,6590770,2019-06-02,2,Deportes,146.27,292.54
30419825,1021891,2019-06-02,3,Belleza,6.1,18.299999999999997
1621736,4733376,2019-06-02,2,Electronica,714.22,1428.44
17015074,6981757,2019-06-02,2,Hogar,23.29,46.58
25016192,36320650,2019-06-02,2,Libros,27.41,54.82
16378242,43448245,2019-06-02,2,Ropa,53.33,106.66
14341577,32511327,2019-06-02,3,Belleza,23.09,69.27
26417581,43900310,2019-06-02,4,Electronica,942.22,3768.88
14961410,44587808,2019-06-02,2,Belleza,21.2,42.4
21026002,43227018,2019-06-02,2,Libros,59.73,119.46
13339290,44165068,2019-06-02,2,Ropa,43.77,87.54
31943484,37216485,2019-06-02,2,Electronica,842.31,1684.62
42207056,38515894,2019-06-02,2,Deportes,65.5,131.0
1300487,31081059,2019-06-02,2,Hogar,468.1,936.2
4377642,43888359,2019-06-02,2,Deportes,130.87,261.74
32612926,36511906,2019-06-02,2,Hogar,440.99,881.98
27317687,51767094,2019-06-02,2,Belleza,37.55,75.1
42757411,31508756,2019-06-02,2,Ropa,163.15,326.3
11225126,34214826,2019-06-02,2,Belleza,29.08,58.16
11465094,48035132,2019-06-02,2,Hogar,157.0,314.0
38909975,3118179,2019-06-02,2,Hogar,108.35,216.7
4819841,36812180,2019-06-02,2,Hogar,143.17,286.34
16722849,33849019,2019-06-02,2,Libros,50.92,101.84
35467430,51586299,2019-06-02,3,Electronica,976.6,2929.8
3157596,40598421,2019-06-02,2,Ropa,87.12,174.24
2905503,37810716,2019-06-02,2,Belleza,116.72,233.44
5073154,43373609,2019-06-02,2,Belleza,58.46,116.92
11446253,34907175,2019-06-02,2,Deportes,388.51,777.02
12296374,3799296,2019-06-02,2,Hogar,110.34,220.68
2057814,50913862,2019-06-02,2,Hogar,453.75,907.5
2524155,40818330,2019-06-02,2,Hogar,21.7,43.4
34488624,51645774,2019-06-02,2,Hogar,137.51,275.02
24877755,51248847,2019-06-02,2,Belleza,67.71,135.42
7228888,49522309,2019-06-02,2,Deportes,180.76,361.52
1065211,50957789,2019-06-02,2,Electronica,811.38,1622.76
11207304,46086096,2019-06-02,2,Libros,35.44,70.88
22887195,35891222,2019-06-02,2,Ropa,83.92,167.84
41766839,46211109,2019-06-02,2,Electronica,1497.39,2994.78
6577623,51055428,2019-06-02,2,Belleza,117.3,234.6
31589349,39170227,2019-06-02,2,Libros,57.9,115.8
13027783,36711108,2019-06-03,2,Libros,58.85,117.7
9974648,43446678,2019-06-03,2,Libros,48.62,97.24
10395582,47220200,2019-06-02,2,Hogar,494.47,988.94
22931427,32280005,2019-06-02,2,Ropa,179.55,359.1
10621740,47043723,2019-06-02,2,Libros,26.83,53.66
23201893,44892821,2019-06-01,2,Belleza,52.83,105.66
37137124,40768247,2019-06-01,4,Belleza,95.25,381.0
35489208,46004922,2019-06-01,2,Ropa,82.95,165.9
7458860,36511660,2019-06-01,2,Libros,55.16,110.32
42930239,36502526,2019-06-01,2,Belleza,86.95,173.9
10820537,41837098,2019-06-01,2,Ropa,90.33,180.66
8929991,31811873,2019-06-01,2,Ropa,22.5,45.0
5500151,36703536,2019-06-04,2,Deportes,327.68,655.36
29606742,35033621,2019-06-04,2,Deportes,382.04,764.08
35577558,42078016,2019-06-01,2,Electronica,575.57,1151.14
41356608,31111402,2019-06-01,2,Ropa,38.86,77.72
10568555,4366597,2019-06-01,2,Ropa,72.04,144.08
25623029,45827189,2019-06-01,2,Ropa,120.7,241.4
42068208,35193989,2019-06-01,2,Deportes,140.43,280.86
6514476,42621205,2019-06-01,2,Libros,38.58,77.16
40222736,4349035,2019-06-01,2,Libros,58.18,116.36
31694148,47745574,2019-06-01,2,Belleza,82.13,164.26
4207735,32568008,2019-06-01,2,Libros,24.95,49.9
20155868,34861413,2019-06-01,2,Hogar,468.84,937.68
39620846,42727135,2019-06-01,2,Deportes,234.94,469.88
13350001,47083102,2019-06-01,2,Ropa,34.39,68.78
2553528,40507357,2019-06-01,2,Libros,32.44,64.88
1705314,2884581,2019-06-01,2,Deportes,268.38,536.76
7419249,34331663,2019-06-01,2,Libros,51.1,102.2
18567335,49262730,2019-06-01,2,Electronica,1407.89,2815.78
12590507,31180949,2019-06-01,2,Ropa,70.31,140.62
10162800,31162316,2019-06-01,2,Electronica,275.49,550.98
12779109,3449802,2019-06-01,2,Ropa,24.03,48.06
21080588,47145450,2019-06-01,3,Deportes,300.57,901.71
43018096,38591604,2019-06-01,2,Belleza,96.44,192.88
28980085,33623645,2019-06-01,3,Libros,27.52,82.56
1386233,31267177,2019-06-01,2,Libros,26.78,53.56
8279920,48228506,2019-06-01,2,Hogar,477.8,955.6
41873423,31641496,2019-06-01,2,Electronica,1379.19,2758.38
14001077,31255558,2019-06-01,2,Libros,17.83,35.66
41112750,25729159,2019-06-01,3,Libros,49.65,148.95
4534475,37214578,2019-06-01,2,Belleza,107.11,214.22
25085159,40275989,2019-06-01,2,Libros,28.37,56.74
16510569,39176034,2019-06-19,2,Deportes,316.71,633.42
11014967,4695394,2019-06-19,2,Belleza,76.61,153.22
35477297,52087211,2019-06-19,3,Deportes,78.6,235.79999999999998
4647828,48752234,2019-06-19,2,Electronica,567.32,1134.64
34256671,34397758,2019-06-19,2,Ropa,48.85,97.7
4146086,48598354,2019-06-19,2,Hogar,101.07,202.14
9929814,39919990,2019-06-19,2,Libros,21.23,42.46
7171969,2925652,2019-06-19,2,Deportes,253.81,507.62
25094465,2732450,2019-06-19,2,Ropa,81.3,162.6
14849129,31559300,2019-06-19,5,Belleza,50.32,251.6
40316299,52166340,2019-06-19,3,Deportes,225.07,675.21
22246543,34933215,2019-06-19,2,Belleza,15.03,30.06
43787374,31243569,2019-06-19,2,Belleza,31.96,63.92
4656684,35464891,2019-06-19,2,Libros,45.63,91.26
32037116,625682,2019-06-19,2,Ropa,86.32,172.64
13648518,39543957,2019-06-19,2,Libros,26.67,53.34
33360218,50897410,2019-06-19,2,Hogar,247.99,495.98
17946707,50302023,2019-06-19,2,Hogar,487.54,975.08
18257991,49215520,2019-06-19,2,Ropa,75.43,150.86
4146417,43161357,2019-06-19,2,Belleza,79.55,159.1
12245738,42697748,2019-06-18,2,Libros,26.59,53.18
37990555,40971632,2019-06-19,2,Deportes,359.83,719.66
30423002,33518288,2019-06-19,2,Libros,21.76,43.52
1635466,32640512,2019-06-19,2,Ropa,170.88,341.76
23071500,5478844,2019-06-19,4,Electronica,400.36,1601.44
14915452,31637474,2019-06-19,2,Belleza,84.55,169.1
41762115,50476870,2019-06-19,2,Ropa,30.52,61.04
18144248,34214027,2019-06-19,2,Hogar,46.61,93.22
11295608,42779597,2019-06-18,2,Ropa,193.01,386.02
1506773,47122587,2019-06-19,2,Ropa,114.91,229.82
44459252,47178327,2019-06-19,2,Hogar,184.26,368.52
18532107,7587271,2019-06-19,3,Hogar,442.85,1328.5500000000002
21216948,55464635,2019-06-19,2,Belleza,100.66,201.32
18381634,39658451,2019-06-19,2,Hogar,169.44,338.88
6657646,5774338,2019-06-19,2,Ropa,130.23,260.46
5670619,48974046,2019-06-19,2,Belleza,118.11,236.22
5363618,3295568,2019-06-19,2,Electronica,1321.29,2642.58
10661289,31451464,2019-06-19,2,Belleza,60.86,121.72
31858890,32984356,2019-06-19,2,Ropa,40.47,80.94
4104399,43524799,2019-06-19,2,Belleza,46.04,92.08
6031997,48079368,2019-06-18,2,Deportes,228.05,456.1
10283527,44709159,2019-06-18,2,Libros,24.17,48.34
7150930,6023474,2019-06-18,2,Ropa,92.52,185.04
17968227,49873011,2019-06-18,2,Belleza,43.55,87.1
11373645,50601841,2019-06-18,2,Libros,23.48,46.96
33890381,46477489,2019-06-18,2,Deportes,222.22,444.44
9038487,52617355,2019-06-18,2,Ropa,113.09,226.18
3429911,49522283,2019-06-18,3,Electronica,328.35,985.0500000000001
14771289,2486041,2019-06-18,2,Electronica,829.22,1658.44
17410394,46309765,2019-06-18,2,Deportes,126.01,252.02
9011399,45995863,2019-06-18,2,Ropa,116.54,233.08
28204561,37827809,2019-06-18,2,Hogar,155.16,310.32
5143900,35865180,2019-06-18,2,Libros,45.63,91.26
14023496,52643742,2019-06-18,2,Belleza,8.4,16.8
2270492,47552379,2019-06-18,2,Belleza,48.81,97.62
33559397,31098425,2019-06-18,2,Hogar,212.65,425.3
3490685,45166445,2019-06-18,2,Electronica,753.41,1506.82
2745770,32412156,2019-06-18,5,Electronica,1020.07,5100.35
13001154,46278101,2019-06-18,2,Ropa,80.24,160.48
10272368,35133529,2019-06-18,2,Deportes,100.99,201.98
27021765,36873526,2019-06-18,2,Libros,53.67,107.34
26001836,34414884,2019-06-18,2,Deportes,392.79,785.58
15217613,41085113,2019-06-18,2,Deportes,27.61,55.22
945924,46568051,2019-06-18,2,Ropa,113.83,227.66
11627458,48596442,2019-06-18,2,Deportes,149.85,299.7
26062074,44161955,2019-06-18,2,Hogar,149.34,298.68
7419249,53031438,2019-06-18,2,Ropa,73.78,147.56
3684507,4524965,2019-06-18,2,Libros,45.86,91.72
13208246,31089336,2019-06-18,2,Hogar,324.86,649.72
17908692,350193,2019-06-18,2,Ropa,46.24,92.48
37937728,34454087,2019-06-18,2,Deportes,366.89,733.78
3980009,42033033,2019-06-18,2,Hogar,31.4,62.8
42541854,47489240,2019-06-17,2,Hogar,241.07,482.14
7341330,37444851,2019-06-17,2,Hogar,172.9,345.8
11623542,9502748,2019-06-17,2,Libros,37.36,74.72
6632945,37751680,2019-06-17,2,Hogar,386.28,772.56
31116770,51066042,2019-06-17,2,Ropa,13.11,26.22
14855981,43448366,2019-06-17,2,Belleza,54.66,109.32
9930306,32014623,2019-06-17,2,Electronica,744.54,1489.08
24109911,31124081,2019-06-17,3,Deportes,155.02,465.06000000000006
23008753,3486058,2019-06-17,2,Hogar,179.03,358.06
35706296,48248005,2019-06-17,3,Libros,23.54,70.62
4463901,31374169,2019-06-17,2,Belleza,8.6,17.2
4463901,44744318,2019-06-17,2,Libros,13.37,26.74
10500261,42743720,2019-06-17,2,Deportes,73.92,147.84
25524437,34231923,2019-06-17,2,Deportes,395.67,791.34
13036334,46225186,2019-06-17,2,Hogar,25.75,51.5
12903833,54687990,2019-06-17,2,Hogar,96.03,192.06
1439610,34758456,2019-06-17,2,Ropa,188.43,376.86
1708962,50866323,2019-06-17,2,Ropa,195.09,390.18
16394419,31889566,2019-06-17,2,Belleza,77.25,154.5
42650858,32591275,2019-06-17,2,Belleza,56.83,113.66
32479629,55521098,2019-06-17,2,Hogar,53.2,106.4
9784337,42794056,2019-06-17,2,Deportes,274.47,548.94
10879583,50589651,2019-06-17,2,Hogar,81.83,163.66
40879188,45607399,2019-06-17,2,Ropa,109.76,219.52
18248413,49080292,2019-06-17,2,Deportes,275.05,550.1
2105853,49226987,2019-06-17,3,Deportes,392.09,1176.27
18863475,51789407,2019-06-17,2,Hogar,273.01,546.02
25374458,43375830,2019-06-16,2,Electronica,360.42,720.84
25433532,4079048,2019-06-16,2,Electronica,953.54,1907.08
3731266,42165097,2019-06-16,2,Belleza,76.91,153.82
23126975,35847549,2019-06-16,2,Libros,33.21,66.42
16198630,38110565,2019-06-16,2,Deportes,222.59,445.18
13376074,31263744,2019-06-16,2,Deportes,201.68,403.36
21712605,54322017,2019-06-16,3,Electronica,1026.92,3080.76
34794336,49560031,2019-06-16,2,Libros,36.46,72.92
10371152,53035093,2019-06-16,2,Belleza,74.92,149.84
2021322,49922213,2019-06-16,2,Ropa,197.53,395.06
25309986,3766251,2019-06-16,2,Electronica,1247.5,2495.0
7184702,51246640,2019-06-16,3,Deportes,82.77,248.31
20602144,32193349,2019-06-16,2,Libros,19.56,39.12
41075710,52335364,2019-06-16,4,Electronica,1102.35,4409.4
18370724,40276017,2019-06-16,2,Deportes,101.43,202.86
12348512,47296034,2019-06-16,2,Belleza,94.97,189.94
12194304,33200807,2019-06-17,2,Electronica,352.07,704.14
43228389,46000191,2019-06-16,2,Hogar,217.55,435.1
18547748,1070014,2019-06-16,2,Electronica,263.96,527.92
29966902,7129427,2019-06-16,2,Hogar,427.84,855.68
7235219,32309727,2019-06-16,2,Hogar,230.64,461.28
4101204,35052140,2019-06-16,2,Deportes,354.61,709.22
28122012,31081038,2019-06-16,2,Ropa,99.98,199.96
44361622,34491162,2019-06-16,2,Hogar,398.44,796.88
32321309,47008854,2019-06-16,2,Libros,20.41,40.82
20265311,6396718,2019-06-16,2,Electronica,1263.82,2527.64
775953,46557403,2019-06-16,2,Electronica,984.02,1968.04
17453528,31059168,2019-06-16,2,Ropa,85.53,171.06
13334387,34350893,2019-06-16,2,Belleza,53.69,107.38
40381125,32099011,2019-06-16,2,Electronica,1392.69,2785.38
10313836,43699107,2019-06-16,4,Electronica,365.8,1463.2
3556347,54310303,2019-06-16,2,Belleza,84.74,169.48
1670818,39329222,2019-06-16,2,Deportes,348.51,697.02
40115730,49811850,2019-06-16,2,Ropa,144.39,288.78
37733587,4066994,2019-05-25,2,Libros,55.73,111.46
27681051,2032031,2019-05-25,2,Libros,44.22,88.44
16382353,32139021,2019-05-25,2,Electronica,897.48,1794.96
7283206,32492841,2019-05-25,2,Deportes,96.01,192.02
11592714,40548175,2019-05-25,2,Belleza,108.79,217.58
13628198,49472240,2019-05-25,2,Electronica,1252.24,2504.48
14017139,35449470,2019-05-25,2,Hogar,362.64,725.28
17225589,35011030,2019-05-25,2,Libros,6.79,13.58
12719718,46130148,2019-05-25,3,Deportes,74.78,224.34
21549732,43852687,2019-05-26,2,Deportes,161.94,323.88
18701121,36711049,2019-05-25,2,Hogar,321.47,642.94
21022449,37172575,2019-05-25,2,Electronica,807.26,1614.52
1114755,31060332,2019-05-25,2,Ropa,70.67,141.34
15986352,35784275,2019-05-25,2,Libros,12.94,25.88
11842343,14261309,2019-05-25,2,Deportes,230.14,460.28
30448226,30243459,2019-05-25,2,Hogar,153.67,307.34
7750833,32333785,2019-05-25,2,Libros,17.82,35.64
10779958,46686580,2019-05-25,2,Belleza,50.88,101.76
7844739,6059114,2019-05-25,2,Hogar,246.86,493.72
8936455,41697943,2019-05-25,2,Ropa,159.24,318.48
9691301,42831960,2019-05-25,2,Hogar,251.61,503.22
3584356,686787,2019-05-25,2,Belleza,29.9,59.8
35452670,4193867,2019-05-25,2,Electronica,219.51,439.02
14667819,31759379,2019-05-25,2,Belleza,62.38,124.76
1697714,6318016,2019-05-25,2,Hogar,400.27,800.54
5583268,36288162,2019-05-25,2,Hogar,331.62,663.24
22550786,35187319,2019-05-25,2,Belleza,119.94,239.88
7501698,32099008,2019-05-25,2,Electronica,386.62,773.24
28816307,2426844,2019-05-25,2,Belleza,55.22,110.44
2859941,37482242,2019-05-25,2,Belleza,103.35,206.7
3544180,50107998,2019-05-25,2,Electronica,307.6,615.2
1588866,4724798,2019-05-25,3,Belleza,66.19,198.57
21712168,2582512,2019-05-25,2,Libros,24.59,49.18
8314,3766775,2019-05-25,3,Electronica,230.06,690.1800000000001
11294262,46295104,2019-05-25,2,Ropa,19.48,38.96
2313684,31511819,2019-05-25,2,Hogar,284.6,569.2
13748824,48411711,2019-05-25,2,Ropa,13.94,27.88
17408277,47121003,2019-05-25,2,Libros,10.69,21.38
10320563,50125240,2019-05-25,2,Libros,24.12,48.24
32921530,44295837,2019-05-25,2,Deportes,36.54,73.08
18941441,35604717,2019-05-25,2,Deportes,172.17,344.34
11869304,39475980,2019-05-25,2,Deportes,69.54,139.08
31166427,32718549,2019-05-25,2,Electronica,557.32,1114.64
27657559,5298692,2019-05-25,2,Belleza,95.98,191.96
2785524,48377232,2019-05-25,2,Libros,39.45,78.9
9784424,5914571,2019-05-25,2,Ropa,94.63,189.26
35824692,4349063,2019-05-25,2,Ropa,27.45,54.9
8314,3328663,2019-05-25,2,Ropa,127.64,255.28
5492430,37603156,2019-05-25,2,Ropa,41.1,82.2
14124972,31798891,2019-05-25,2,Deportes,49.1,98.2
10413163,86003,2019-05-25,2,Ropa,95.89,191.78
13723113,35779708,2019-05-24,2,Ropa,136.16,272.32
23913662,3125692,2019-05-24,3,Belleza,109.89,329.67
2776338,39606519,2019-05-24,2,Deportes,195.03,390.06
2625980,36947481,2019-05-25,2,Ropa,17.79,35.58
3782068,33266900,2019-05-25,2,Electronica,1326.43,2652.86
14032838,4362378,2019-05-25,2,Hogar,47.48,94.96
11218040,45969158,2019-05-25,2,Hogar,435.74,871.48
23599311,31809421,2019-05-25,2,Hogar,205.03,410.06
15630707,46744123,2019-05-25,2,Deportes,158.85,317.7
41521732,13058709,2019-05-25,3,Ropa,113.13,339.39
2792793,41160723,2019-05-25,2,Libros,57.64,115.28
4853539,46413565,2019-05-25,2,Libros,54.43,108.86
16355173,44695842,2019-05-25,3,Libros,30.87,92.61
6126340,48664859,2019-05-25,4,Deportes,284.41,1137.64
2297858,46230452,2019-05-25,2,Belleza,71.75,143.5
2045302,43228386,2019-05-25,2,Electronica,1055.52,2111.04
24454235,2053561,2019-05-25,2,Electronica,1252.52,2505.04
10102105,39761994,2019-05-25,2,Electronica,247.57,495.14
33441827,38383130,2019-05-24,2,Hogar,31.73,63.46
7284718,32907793,2019-05-24,2,Hogar,172.99,345.98
31291111,47593703,2019-05-24,2,Libros,57.76,115.52
32067591,43302446,2019-05-25,2,Libros,57.21,114.42
13584361,4785004,2019-05-25,2,Hogar,20.44,40.88
13900602,35432042,2019-05-25,2,Ropa,48.27,96.54
1948697,3554228,2019-05-25,2,Belleza,119.28,238.56
3373671,4483481,2019-05-25,2,Belleza,61.67,123.34
15690666,50853396,2019-05-24,2,Belleza,70.88,141.76
26312875,38882076,2019-05-25,2,Libros,19.33,38.66
12833485,1271909,2019-05-25,2,Belleza,24.14,48.28
40083823,2974139,2019-05-25,2,Hogar,448.75,897.5
40497703,6044223,2019-05-25,2,Electronica,385.33,770.66
10249191,40153668,2019-05-24,2,Ropa,62.73,125.46
8366377,37790815,2019-05-24,2,Hogar,106.98,213.96
17938258,42351026,2019-05-24,2,Belleza,31.23,62.46
36081427,4056391,2019-05-24,3,Hogar,461.02,1383.06
23430072,33215802,2019-05-24,2,Belleza,85.83,171.66
16590127,46301310,2019-05-24,3,Deportes,312.07,936.21
10771763,35690010,2019-05-24,2,Libros,25.74,51.48
3437174,3735288,2019-05-25,2,Electronica,1368.31,2736.62
22966201,46163256,2019-05-25,2,Deportes,319.98,639.96
4286044,4587969,2019-05-25,2,Ropa,152.61,305.22
35178880,7029269,2019-05-25,2,Hogar,485.91,971.82
1966748,4399948,2019-05-25,2,Ropa,79.58,159.16
42155385,33868730,2019-05-25,2,Hogar,121.21,242.42
11764624,33111364,2019-05-24,4,Hogar,311.32,1245.28
21385173,37975508,2019-05-24,2,Libros,55.05,110.1
41989126,48249134,2019-05-24,2,Deportes,320.54,641.08
41291140,6624405,2019-05-24,2,Ropa,16.56,33.12
25550048,39118910,2019-05-24,2,Libros,35.99,71.98
15284205,31063311,2019-05-24,2,Belleza,13.76,27.52
12020432,49604934,2019-05-24,4,Libros,40.9,163.6
11840377,31140981,2019-05-24,2,Libros,33.96,67.92
8653841,43547321,2019-05-24,2,Belleza,26.18,52.36
23182235,32884569,2019-05-24,3,Ropa,37.89,113.67
12925158,45995773,2019-05-24,2,Hogar,442.89,885.78
2203560,40376341,2019-05-24,2,Belleza,44.47,88.94
30157361,36812451,2019-05-24,2,Deportes,167.24,334.48
23679751,2456162,2019-05-24,2,Libros,41.98,83.96
10547390,750540,2019-05-24,2,Deportes,191.3,382.6
9377786,33477261,2019-05-24,2,Electronica,220.52,441.04
23595898,38342350,2019-05-24,3,Electronica,743.81,2231.43
31672227,31683091,2019-05-24,2,Belleza,61.21,122.42
3028093,3616971,2019-05-24,2,Libros,9.91,19.82
22489039,46208934,2019-05-24,2,Deportes,167.23,334.46
11899597,4276745,2019-05-24,2,Ropa,27.95,55.9
1883014,38088050,2019-05-24,2,Deportes,92.49,184.98
17546749,47086221,2019-05-24,2,Electronica,60.4,120.8
1721690,32320762,2019-05-24,2,Electronica,312.9,625.8
20856024,31714866,2019-05-24,2,Electronica,529.15,1058.3
9380756,32775978,2019-05-24,2,Libros,34.6,69.2
20504107,47050843,2019-05-24,2,Hogar,460.85,921.7
25579957,1246863,2019-05-24,2,Hogar,277.06,554.12
41399787,44307125,2019-05-24,2,Hogar,357.22,714.44
6443095,7044661,2019-05-24,2,Libros,24.67,49.34
15532029,41024968,2019-05-24,2,Deportes,305.62,611.24
42053193,38910529,2019-05-24,2,Hogar,315.93,631.86
856490,47321439,2019-05-25,2,Ropa,97.36,194.72
23597754,33686526,2019-05-25,3,Electronica,330.96,992.8799999999999
4456383,42695371,2019-05-25,2,Deportes,135.35,270.7
10750348,35197019,2019-05-25,2,Electronica,950.37,1900.74
39955917,43774192,2019-05-25,2,Hogar,221.64,443.28
6625065,2075487,2019-05-25,2,Deportes,357.97,715.94
40595960,34947607,2019-05-25,2,Belleza,32.01,64.02
8622069,1836835,2019-05-25,2,Ropa,23.88,47.76
21725036,35628133,2019-05-24,2,Deportes,189.34,378.68
22220474,45732598,2019-05-24,2,Hogar,300.83,601.66
4868502,47492999,2019-05-24,2,Hogar,444.73,889.46
31629002,46398614,2019-05-24,2,Ropa,79.3,158.6
11539058,35740805,2019-05-24,2,Libros,54.1,108.2
11744031,31544504,2019-05-24,2,Ropa,133.07,266.14
22497901,44610463,2019-05-24,2,Belleza,31.61,63.22
8943424,3980174,2019-05-24,2,Hogar,285.86,571.72
14220459,40591826,2019-05-24,2,Libros,48.27,96.54
20455005,6370596,2019-05-24,2,Hogar,435.51,871.02
28654750,40219229,2019-05-24,2,Electronica,202.42,404.84
3460515,47466977,2019-05-24,2,Deportes,155.42,310.84
14870122,3909610,2019-05-24,2,Deportes,263.06,526.12
13646301,36256716,2019-05-24,2,Electronica,100.35,200.7
18012306,31166639,2019-05-24,2,Deportes,282.43,564.86
1016864,50364732,2019-05-24,2,Ropa,110.33,220.66
1537085,44748408,2019-05-24,2,Deportes,129.66,259.32
15483576,35034417,2019-05-24,2,Electronica,527.04,1054.08
22186148,37144354,2019-05-24,2,Deportes,270.93,541.86
11035754,46111498,2019-05-24,2,Deportes,329.57,659.14
18353034,43173978,2019-05-24,2,Electronica,470.57,941.14
42110495,44161094,2019-05-24,2,Belleza,119.01,238.02
16241523,48935781,2019-05-24,2,Deportes,330.22,660.44
13645456,46473123,2019-05-24,2,Libros,19.6,39.2
36921082,43837759,2019-05-24,2,Libros,43.94,87.88
14542663,41223648,2019-05-24,3,Deportes,43.31,129.93
29740272,49967604,2019-05-24,2,Belleza,109.0,218.0
18832433,2021248,2019-05-24,2,Electronica,1195.58,2391.16
10715226,40780130,2019-05-24,2,Belleza,31.34,62.68
11066333,49120949,2019-05-24,2,Electronica,618.76,1237.52
3442581,44695616,2019-05-24,2,Ropa,61.04,122.08
11887857,48727667,2019-05-24,2,Electronica,1477.4,2954.8
34392754,4269015,2019-05-25,2,Ropa,172.3,344.6
37239608,49956506,2019-05-24,2,Ropa,186.74,373.48
40689010,39441794,2019-05-24,2,Electronica,1193.72,2387.44
22357640,32221319,2019-05-24,2,Libros,30.1,60.2
3003075,45627895,2019-05-24,2,Hogar,114.64,229.28
41133785,7081214,2019-05-24,2,Electronica,351.72,703.44
16418326,5983196,2019-05-24,2,Deportes,77.64,155.28
20287735,43453011,2019-05-24,3,Libros,35.07,105.21000000000001
41420696,270717,2019-05-24,2,Libros,55.6,111.2
17430377,50602118,2019-05-24,2,Deportes,307.31,614.62
4528539,44062470,2019-05-24,2,Deportes,396.88,793.76
22944975,44745000,2019-05-24,2,Hogar,154.34,308.68
1051764,35753673,2019-05-24,2,Libros,43.35,86.7
3631117,6306498,2019-05-24,2,Ropa,123.45,246.9
2867282,40208986,2019-05-24,2,Hogar,252.13,504.26
38349322,3168264,2019-05-24,3,Deportes,272.99,818.97
12589174,43756097,2019-05-24,2,Hogar,195.11,390.22
4628358,48059558,2019-05-24,2,Electronica,1419.5,2839.0
5001868,4260327,2019-05-24,2,Hogar,357.14,714.28
17111379,4462077,2019-05-24,2,Ropa,153.3,306.6
13797626,3312104,2019-05-23,3,Electronica,401.51,1204.53
39758320,46463880,2019-05-23,2,Belleza,24.39,48.78
26605306,34186474,2019-05-23,2,Deportes,169.85,339.7
22104809,3339229,2019-05-23,2,Deportes,311.34,622.68
41317314,4409952,2019-05-23,2,Ropa,105.64,211.28
41457399,46815957,2019-05-23,2,Hogar,470.32,940.64
23607962,37440994,2019-05-23,2,Libros,28.5,57.0
28400479,4695836,2019-05-23,3,Libros,41.41,124.22999999999999
12081532,49479592,2019-05-23,2,Electronica,1172.53,2345.06
11055363,47333814,2019-05-23,2,Belleza,59.1,118.2
1432409,35879577,2019-05-23,2,Electronica,478.08,956.16
27004654,25729159,2019-05-23,2,Libros,49.65,99.3
10327624,39194362,2019-05-23,2,Deportes,300.92,601.84
14408223,49312873,2019-05-23,3,Electronica,1207.39,3622.17
20110192,48394305,2019-05-23,2,Belleza,28.33,56.66
5004395,31713916,2019-05-23,2,Libros,21.78,43.56
13411691,36423689,2019-05-23,3,Hogar,254.97,764.91
21700599,39727271,2019-05-23,2,Ropa,45.44,90.88
31055688,44132067,2019-05-23,2,Electronica,1396.81,2793.62
12165193,35495826,2019-05-23,2,Ropa,122.35,244.7
41753952,3621831,2019-05-23,2,Electronica,120.42,240.84
29123887,50052194,2019-05-23,3,Deportes,66.06,198.18
12638063,4693189,2019-05-23,2,Hogar,104.25,208.5
12420988,49215510,2019-05-23,2,Hogar,477.86,955.72
3223422,49267967,2019-05-23,2,Electronica,1120.34,2240.68
11515779,45734074,2019-05-23,2,Libros,45.39,90.78
41630419,1069847,2019-05-23,2,Hogar,50.16,100.32
10260771,40193645,2019-05-23,2,Electronica,1348.18,2696.36
5210312,6415377,2019-05-23,2,Electronica,693.42,1386.84
13197764,34869442,2019-05-23,2,Ropa,135.35,270.7
32627110,49460889,2019-05-23,2,Hogar,480.45,960.9
26886911,4446440,2019-05-22,2,Electronica,195.02,390.04
10707999,37198092,2019-05-22,3,Ropa,101.63,304.89
36115179,31557034,2019-05-22,2,Belleza,10.71,21.42
16586799,34239311,2019-05-22,2,Belleza,49.59,99.18
6871663,33868512,2019-05-22,2,Ropa,104.91,209.82
5574347,37251216,2019-05-22,3,Ropa,57.93,173.79
17689507,6120421,2019-05-23,3,Electronica,1371.05,4113.15
18840719,32096611,2019-05-22,2,Deportes,171.43,342.86
4856973,47622074,2019-05-22,2,Deportes,260.87,521.74
19879095,36396714,2019-05-22,3,Libros,52.32,156.96
34327643,38448771,2019-05-22,3,Deportes,393.8,1181.4
22497287,31470949,2019-05-22,2,Ropa,105.73,211.46
38212786,6630838,2019-05-22,2,Libros,30.07,60.14
10773358,41676102,2019-05-22,2,Electronica,159.82,319.64
12754931,45290429,2019-05-22,2,Hogar,21.18,42.36
966575,4916074,2019-05-22,2,Ropa,125.67,251.34
33976935,1869259,2019-05-22,2,Belleza,39.59,79.18
15432257,46555843,2019-05-22,3,Ropa,22.44,67.32000000000001
41881071,32613590,2019-05-22,2,Libros,25.92,51.84
25926216,40194107,2019-05-22,2,Electronica,55.23,110.46
18304921,48835615,2019-05-22,2,Belleza,75.75,151.5
41877533,42466586,2019-05-22,2,Deportes,230.85,461.7
10794659,46190987,2019-05-22,2,Ropa,90.83,181.66
4253476,35784290,2019-05-22,2,Belleza,19.61,39.22
9638796,47478794,2019-05-22,2,Belleza,39.08,78.16
2504211,1152915,2019-05-22,2,Belleza,17.61,35.22
34076111,75816,2019-05-22,2,Deportes,236.47,472.94
18040171,49706997,2019-05-22,2,Electronica,1002.23,2004.46
14989141,36353149,2019-05-22,2,Belleza,58.17,116.34
34234488,39898664,2019-05-22,2,Electronica,1215.74,2431.48
3247708,40478015,2019-05-21,2,Deportes,62.73,125.46
14134718,6267828,2019-05-21,2,Ropa,169.35,338.7
35716175,37851700,2019-05-21,2,Electronica,172.59,345.18
26711546,42344980,2019-05-21,2,Ropa,18.41,36.82
18113560,924387,2019-05-22,2,Belleza,66.62,133.24
36708894,42545575,2019-05-21,2,Electronica,1074.04,2148.08
7661735,48710722,2019-05-21,2,Hogar,78.3,156.6
72263,41881971,2019-05-21,2,Electronica,976.47,1952.94
7661735,40066033,2019-05-21,2,Belleza,59.85,119.7
5714860,34358085,2019-05-21,2,Deportes,395.19,790.38
12817128,42744101,2019-05-21,3,Deportes,292.64,877.92
10996812,41743155,2019-05-21,2,Belleza,80.61,161.22
21375707,6773149,2019-05-21,2,Hogar,65.44,130.88
16060286,4213878,2019-05-21,2,Ropa,118.39,236.78
14780474,34498873,2019-05-21,2,Ropa,199.5,399.0
13369485,7105656,2019-05-21,2,Deportes,392.57,785.14
38349322,6977893,2019-05-21,2,Deportes,224.48,448.96
14132707,47417514,2019-05-21,7,Belleza,57.35,401.45
22377527,34736729,2019-05-21,3,Ropa,97.8,293.4
32250648,38274757,2019-05-21,4,Deportes,182.77,731.08
6597669,1294854,2019-05-21,2,Ropa,110.97,221.94
40807131,2240454,2019-05-21,2,Deportes,123.96,247.92
35573384,52798,2019-05-21,2,Electronica,1393.84,2787.68
14273158,42725958,2019-05-21,2,Hogar,252.76,505.52
30413809,42466415,2019-05-21,2,Ropa,51.32,102.64
10401178,46727639,2019-05-22,2,Libros,51.31,102.62
10752999,46952244,2019-05-21,2,Electronica,739.19,1478.38
24442495,5478844,2019-05-21,2,Electronica,400.36,800.72
22034134,43121313,2019-05-21,2,Libros,44.51,89.02
13042796,49542635,2019-05-21,2,Deportes,148.02,296.04
4429925,46401103,2019-05-21,2,Hogar,318.03,636.06
40175527,104281,2019-05-21,2,Hogar,256.71,513.42
10128335,3937199,2019-05-21,2,Electronica,141.19,282.38
3977530,5747905,2019-05-21,2,Deportes,159.5,319.0
15150586,35323185,2019-05-21,2,Deportes,354.99,709.98
9580273,41830384,2019-05-21,2,Ropa,31.42,62.84
36620991,43345728,2019-05-21,3,Deportes,205.03,615.09
41466190,31076790,2019-05-21,2,Belleza,27.35,54.7
23748449,33623645,2019-05-21,2,Libros,27.52,55.04
298524,39362740,2019-05-21,2,Deportes,347.2,694.4
2135654,37473881,2019-05-21,2,Belleza,34.15,68.3
6246283,39143451,2019-05-21,2,Deportes,260.7,521.4
3088546,33269327,2019-05-21,2,Ropa,41.46,82.92
12435203,6620691,2019-05-21,2,Belleza,51.57,103.14
39605705,41519121,2019-05-21,2,Electronica,1354.07,2708.14
41126041,36545163,2019-05-21,2,Belleza,24.1,48.2
40924074,48542377,2019-05-21,2,Ropa,136.01,272.02
23283301,25592859,2019-05-21,2,Libros,16.25,32.5
17476043,47311598,2019-05-21,2,Belleza,52.81,105.62
1055541,31972236,2019-05-21,2,Deportes,225.43,450.86
14210483,2784849,2019-05-21,2,Deportes,239.38,478.76
1569685,34815982,2019-05-21,2,Libros,38.14,76.28
16248528,3735215,2019-05-21,2,Ropa,131.62,263.24
25498239,34471105,2019-05-21,2,Hogar,146.81,293.62
23656566,32511263,2019-05-21,2,Deportes,172.52,345.04
15040970,32787016,2019-05-21,2,Electronica,104.11,208.22
29574756,2378650,2019-05-20,2,Ropa,156.06,312.12
10345004,34407849,2019-05-21,2,Ropa,50.71,101.42
22537371,42040796,2019-05-21,2,Belleza,101.27,202.54
41777038,40780545,2019-05-21,2,Belleza,27.91,55.82
40900590,45520888,2019-05-20,4,Electronica,342.09,1368.36
32242789,44055508,2019-05-21,2,Deportes,35.97,71.94
16838194,31843261,2019-05-21,2,Electronica,1488.58,2977.16
8276934,37490105,2019-05-21,2,Ropa,194.37,388.74
9015996,658915,2019-05-20,2,Electronica,1220.42,2440.84
8823403,44597062,2019-05-21,2,Deportes,157.07,314.14
17095300,40276034,2019-05-20,2,Belleza,90.45,180.9
15897644,6896816,2019-05-20,2,Belleza,15.11,30.22
1874710,34340471,2019-05-21,2,Belleza,54.96,109.92
21053410,41885318,2019-05-20,2,Ropa,101.56,203.12
7499129,40193104,2019-05-20,2,Belleza,38.58,77.16
18754580,43169194,2019-05-20,2,Ropa,123.48,246.96
18873710,44598069,2019-05-20,2,Libros,44.45,88.9
575579,35304417,2019-05-20,3,Hogar,231.97,695.91
21647073,43333275,2019-05-20,2,Ropa,175.98,351.96
14710624,6368797,2019-05-20,2,Hogar,265.76,531.52
41317228,2838102,2019-05-20,2,Ropa,37.41,74.82
41474235,43821032,2019-05-20,2,Hogar,316.81,633.62
32344985,43345384,2019-05-20,2,Libros,30.42,60.84
28407707,4741116,2019-05-20,2,Belleza,112.6,225.2
38751020,41009205,2019-05-20,2,Deportes,168.92,337.84
22507982,31298630,2019-05-20,3,Hogar,210.39,631.17
1785701,47552198,2019-05-20,2,Libros,40.79,81.58
15094133,33679117,2019-05-20,2,Hogar,270.59,541.18
38059551,954452,2019-05-20,2,Belleza,48.06,96.12
7328112,32229572,2019-05-20,2,Libros,11.96,23.92
10250791,44694778,2019-05-20,2,Hogar,495.04,990.08
22547168,42695424,2019-05-20,2,Libros,21.62,43.24
25948189,2491060,2019-05-20,2,Libros,20.26,40.52
17797705,3992407,2019-05-20,2,Electronica,1303.42,2606.84
9675660,42405297,2019-05-20,2,Belleza,5.39,10.78
28201303,1008384,2019-05-20,2,Libros,30.74,61.48
14250260,35145546,2019-05-20,2,Electronica,341.82,683.64
4067697,36322504,2019-05-20,2,Belleza,72.9,145.8
2689413,46953147,2019-05-20,2,Hogar,93.79,187.58
24426,3282345,2019-05-20,2,Libros,59.22,118.44
16430866,42940814,2019-05-20,2,Electronica,723.08,1446.16
1896835,7080318,2019-05-20,2,Hogar,304.72,609.44
25219817,46655932,2019-05-20,2,Libros,13.82,27.64
12979710,36377223,2019-05-20,2,Belleza,38.28,76.56
18419817,36704178,2019-05-20,2,Libros,38.8,77.6
7260037,39839904,2019-05-20,2,Hogar,281.53,563.06
21253146,711758,2019-05-20,3,Electronica,1342.03,4026.09
15754739,47943128,2019-05-20,3,Electronica,1187.33,3561.99
12899622,48833377,2019-05-20,3,Electronica,440.39,1321.17
30997054,44130998,2019-05-20,2,Belleza,101.4,202.8
5637020,46020196,2019-05-20,2,Libros,40.94,81.88
7435936,46869486,2019-05-20,2,Hogar,156.12,312.24
16383450,46011194,2019-05-20,2,Ropa,121.48,242.96
17492983,37806541,2019-05-20,2,Belleza,74.58,149.16
32037116,38035508,2019-05-20,2,Belleza,19.01,38.02
13263739,41935664,2019-05-20,2,Hogar,281.09,562.18
12041932,46275127,2019-05-20,2,Ropa,12.27,24.54
34385809,6360665,2019-05-20,2,Electronica,776.76,1553.52
31639027,32280526,2019-05-20,2,Deportes,285.06,570.12
15531744,44748679,2019-05-20,2,Deportes,47.68,95.36
25897075,2655711,2019-05-20,2,Hogar,470.27,940.54
14602191,29127359,2019-05-20,2,Hogar,308.73,617.46
5601179,36418716,2019-05-20,2,Ropa,97.16,194.32
5026179,3287473,2019-05-20,2,Ropa,188.3,376.6
31314085,146857,2019-05-20,2,Belleza,59.98,119.96
36789062,7129879,2019-05-20,2,Belleza,17.35,34.7
41360678,34628424,2019-05-20,2,Electronica,1427.36,2854.72
22515057,41932546,2019-05-20,2,Libros,11.01,22.02
1655792,35504413,2019-05-20,2,Belleza,13.34,26.68
40508450,35920441,2019-05-20,2,Ropa,97.68,195.36
34363312,2170770,2019-05-20,2,Libros,56.59,113.18
12048872,46254271,2019-05-20,2,Deportes,108.43,216.86
10330920,33123172,2019-05-20,2,Libros,6.91,13.82
7456770,31843261,2019-05-20,2,Electronica,1488.58,2977.16
35586201,2058902,2019-05-20,3,Electronica,1200.01,3600.0299999999997
12864544,38923930,2019-05-20,2,Electronica,914.03,1828.06
41090510,48976265,2019-05-20,3,Libros,33.27,99.81
4043518,46051409,2019-06-19,2,Hogar,31.66,63.32
16717175,49215733,2019-06-19,2,Ropa,134.11,268.22
21929050,37857528,2019-06-19,2,Hogar,98.24,196.48
12574090,32444866,2019-06-19,2,Libros,56.22,112.44
9197941,47869711,2019-06-19,3,Ropa,140.29,420.87
39755436,6896378,2019-06-19,2,Belleza,86.31,172.62
28120899,35770875,2019-06-19,2,Hogar,127.8,255.6
31449878,47453564,2019-06-19,2,Hogar,442.17,884.34
108219,31381934,2019-06-19,2,Libros,34.58,69.16
20378483,34982846,2019-06-19,2,Deportes,345.69,691.38
44252072,4437094,2019-06-19,2,Belleza,78.33,156.66
12709304,31171214,2019-06-19,2,Libros,19.9,39.8
44095389,40275989,2019-06-19,2,Libros,28.37,56.74
44225430,51821595,2019-06-18,2,Belleza,21.66,43.32
811880,47047032,2019-06-19,2,Hogar,381.4,762.8
27315361,40275998,2019-06-18,3,Hogar,486.66,1459.98
4830425,42042317,2019-06-19,2,Ropa,119.17,238.34
14434259,1078949,2019-06-19,2,Deportes,38.4,76.8
12308774,32032717,2019-06-19,2,Libros,27.29,54.58
21502721,31354308,2019-06-18,2,Libros,15.12,30.24
31393514,47047046,2019-06-18,2,Hogar,189.2,378.4
44394778,31292542,2019-06-18,2,Hogar,200.93,401.86
1488168,55790974,2019-06-19,2,Belleza,59.62,119.24
43170079,46634347,2019-06-19,2,Libros,38.02,76.04
40137220,35833844,2019-06-19,2,Hogar,291.92,583.84
26633229,36524495,2019-06-19,2,Electronica,106.54,213.08
15313695,39602935,2019-06-19,2,Deportes,305.26,610.52
5420350,3807324,2019-06-19,2,Electronica,1426.32,2852.64
41459214,44268320,2019-06-19,2,Libros,43.27,86.54
40222415,1845174,2019-06-19,3,Deportes,152.5,457.5
20102580,35129179,2019-06-18,2,Libros,14.89,29.78
1411526,34883332,2019-06-18,2,Belleza,67.1,134.2
23302025,35253037,2019-06-19,2,Hogar,356.88,713.76
23026945,47227529,2019-06-18,2,Hogar,344.27,688.54
24271798,3540236,2019-06-18,2,Hogar,311.87,623.74
44473609,40276068,2019-06-18,2,Electronica,959.96,1919.92
19175251,49005509,2019-06-18,2,Libros,13.04,26.08
1070383,4431242,2019-06-18,2,Deportes,337.99,675.98
3168357,3036080,2019-06-18,2,Hogar,221.43,442.86
13661908,32852144,2019-06-18,2,Electronica,371.13,742.26
14398982,31373989,2019-06-18,2,Hogar,56.84,113.68
6193561,33269445,2019-06-18,2,Libros,27.92,55.84
11165656,54587603,2019-06-18,2,Belleza,76.07,152.14
27018113,38132965,2019-06-18,2,Electronica,1014.8,2029.6
15569513,54173069,2019-06-18,2,Hogar,481.93,963.86
30284954,42211212,2019-06-18,2,Hogar,89.28,178.56
25759354,42249108,2019-06-18,2,Ropa,197.3,394.6
8659512,42680617,2019-06-18,2,Deportes,268.78,537.56
6902420,50267050,2019-06-18,2,Electronica,708.63,1417.26
32609005,32412156,2019-06-18,2,Electronica,1020.07,2040.14
31433641,46743111,2019-06-18,2,Ropa,178.76,357.52
27787248,5898457,2019-06-18,2,Belleza,84.87,169.74
44453836,54587893,2019-06-18,2,Deportes,152.51,305.02
44460516,47417885,2019-06-18,2,Electronica,1331.92,2663.84
33747309,34408527,2019-06-18,2,Deportes,373.15,746.3
13258321,49927888,2019-06-18,2,Hogar,338.31,676.62
14410326,46982479,2019-06-18,2,Electronica,1063.31,2126.62
11752392,31516269,2019-06-18,2,Deportes,127.66,255.32
12775222,32596720,2019-06-18,2,Hogar,449.75,899.5
29414527,31873581,2019-06-18,2,Deportes,190.4,380.8
1122838,48759710,2019-06-18,2,Hogar,333.6,667.2
11060326,39036724,2019-06-18,2,Belleza,90.64,181.28
11060326,39037099,2019-06-18,2,Libros,29.97,59.94
7646365,5898322,2019-06-18,2,Hogar,55.47,110.94
817513,3607640,2019-06-18,2,Belleza,93.72,187.44
4885725,46283904,2019-06-18,2,Libros,7.63,15.26
40575770,34605768,2019-06-18,2,Deportes,292.81,585.62
4593926,2301407,2019-06-18,2,Deportes,366.13,732.26
11234513,7105676,2019-06-18,3,Deportes,98.03,294.09000000000003
18608994,40100903,2019-06-17,2,Electronica,553.11,1106.22
23544331,47644863,2019-06-17,3,Belleza,16.74,50.22
13619421,35784881,2019-06-17,2,Belleza,31.78,63.56
11789588,6827793,2019-06-17,2,Ropa,116.83,233.66
9158844,31773673,2019-06-17,2,Hogar,138.15,276.3
11142949,42690546,2019-06-17,2,Ropa,189.11,378.22
42653080,38347301,2019-06-17,2,Libros,33.18,66.36
9700145,43802423,2019-06-17,2,Libros,11.2,22.4
9283280,41638673,2019-06-17,2,Ropa,129.28,258.56
62725,42215883,2019-06-17,2,Libros,45.31,90.62
23011543,40275998,2019-06-17,2,Hogar,486.66,973.32
42079666,35496075,2019-06-17,3,Hogar,205.74,617.22
32277262,55399273,2019-06-17,2,Ropa,147.09,294.18
20354683,4194932,2019-06-17,2,Belleza,42.35,84.7
18250146,47086250,2019-06-17,2,Hogar,397.71,795.42
36600055,4470345,2019-06-17,2,Libros,23.76,47.52
24213670,5747559,2019-06-17,2,Deportes,117.32,234.64
5759101,36294771,2019-06-17,2,Electronica,1324.81,2649.62
18617678,53580288,2019-06-17,3,Ropa,114.21,342.63
19898032,32729495,2019-06-17,2,Deportes,128.36,256.72
4728353,36503966,2019-06-17,3,Libros,56.43,169.29
12483354,6685655,2019-06-17,2,Belleza,84.45,168.9
18403208,2283822,2019-06-17,2,Electronica,370.02,740.04
22377527,44849434,2019-06-17,4,Deportes,253.56,1014.24
17589490,41982582,2019-06-17,2,Electronica,1312.02,2624.04
27620436,39379248,2019-06-17,2,Ropa,142.27,284.54
33762683,33973190,2019-06-17,2,Libros,18.46,36.92
10181236,35213234,2019-06-17,2,Belleza,79.62,159.24
5736506,43914395,2019-06-17,2,Libros,39.05,78.1
10666130,36263781,2019-06-17,2,Electronica,1240.22,2480.44
11284240,47883721,2019-06-17,2,Deportes,87.69,175.38
37585696,51915263,2019-06-17,2,Ropa,142.93,285.86
14298198,6427926,2019-06-17,2,Ropa,15.2,30.4
42296364,36942828,2019-06-17,2,Libros,43.29,86.58
40381125,53622732,2019-06-17,7,Deportes,384.97,2694.79
17132963,50667338,2019-06-17,2,Deportes,86.27,172.54
11431533,48018508,2019-06-17,2,Electronica,501.38,1002.76
11713136,49577203,2019-06-17,2,Libros,37.06,74.12
3145320,3342900,2019-06-17,2,Libros,45.28,90.56
3321666,43786395,2019-06-17,2,Hogar,182.02,364.04
12288192,55385939,2019-06-16,2,Libros,41.53,83.06
7374067,6043841,2019-06-16,2,Ropa,180.86,361.72
12221726,46313443,2019-06-16,2,Electronica,1103.51,2207.02
16741759,32282850,2019-06-16,3,Deportes,290.19,870.5699999999999
1663203,39916032,2019-06-16,4,Libros,26.01,104.04
24201695,49556385,2019-06-16,3,Electronica,1371.57,4114.71
2914348,32069104,2019-06-16,2,Libros,20.25,40.5
12733745,46296420,2019-06-16,2,Deportes,98.01,196.02
39624831,54088106,2019-06-16,2,Belleza,46.89,93.78
8638758,3790117,2019-06-16,2,Deportes,267.06,534.12
10785340,32804808,2019-06-16,2,Deportes,347.44,694.88
17078448,50317408,2019-06-16,5,Deportes,70.19,350.95
8468187,35462471,2019-06-16,2,Libros,49.76,99.52
7552597,3952198,2019-06-16,2,Hogar,409.22,818.44
21811327,33827655,2019-06-16,4,Deportes,243.03,972.12
3478715,32194395,2019-06-16,2,Ropa,154.52,309.04
11063305,32889632,2019-06-16,2,Ropa,44.56,89.12
14004503,35133243,2019-06-16,2,Electronica,295.9,591.8
22913317,42678283,2019-06-16,2,Hogar,433.46,866.92
29144255,7163984,2019-06-16,2,Electronica,772.32,1544.64
41475678,3711312,2019-06-16,3,Ropa,56.73,170.19
6466628,41191028,2019-06-16,2,Ropa,140.86,281.72
11467975,46015111,2019-06-16,2,Belleza,107.57,215.14
9382577,35134221,2019-06-16,2,Deportes,260.28,520.56
2920056,41259618,2019-06-16,2,Ropa,76.0,152.0
33029544,44165330,2019-06-16,2,Libros,31.58,63.16
25471284,31928883,2019-06-16,3,Libros,46.37,139.10999999999999
21093104,48044387,2019-06-16,2,Electronica,147.88,295.76
18467665,34359671,2019-06-16,2,Electronica,364.89,729.78
33975778,31132771,2019-06-16,2,Deportes,195.78,391.56
13884331,48937315,2019-06-16,2,Deportes,249.61,499.22
11159614,53560299,2019-06-16,2,Belleza,44.0,88.0
9566162,41696363,2019-06-16,2,Hogar,159.72,319.44
11009114,42431004,2019-06-16,2,Electronica,110.01,220.02
3156311,16190909,2019-06-16,2,Deportes,32.39,64.78
31569661,46935756,2019-06-16,2,Electronica,454.11,908.22
8134634,55246928,2019-06-16,2,Deportes,221.59,443.18
11218160,39573460,2019-06-16,2,Ropa,115.71,231.42
1083975,6728937,2019-06-16,2,Belleza,21.71,43.42
821527,32125005,2019-06-16,3,Electronica,766.34,2299.02
27333445,31095253,2019-06-16,2,Ropa,87.88,175.76
5060724,37809723,2019-06-16,2,Electronica,415.82,831.64
4853991,31534892,2019-06-16,2,Hogar,209.34,418.68
9931006,52204742,2019-06-16,2,Belleza,20.96,41.92
9272300,31943139,2019-06-15,2,Libros,11.34,22.68
26513626,40093570,2019-06-16,2,Libros,21.5,43.0
7492085,46506432,2019-06-16,2,Electronica,406.69,813.38
39773364,45347934,2019-06-16,2,Libros,59.74,119.48
11421723,48693764,2019-06-16,3,Ropa,72.03,216.09
33133156,6744094,2019-06-15,2,Deportes,375.85,751.7
12173890,45300919,2019-06-15,5,Libros,26.57,132.85
40390818,6865276,2019-06-15,2,Hogar,227.92,455.84
33828000,44596989,2019-06-15,2,Libros,48.84,97.68
14953708,8384848,2019-06-15,2,Electronica,185.78,371.56
26608353,2731307,2019-06-15,2,Ropa,44.64,89.28
14929705,2627774,2019-06-15,2,Electronica,1462.07,2924.14
16606123,4244838,2019-06-15,2,Electronica,783.58,1567.16
1592375,6489348,2019-06-15,2,Electronica,114.25,228.5
1115306,46923019,2019-06-15,2,Belleza,10.45,20.9
3783958,46159393,2019-06-15,2,Belleza,109.33,218.66
11983492,33511519,2019-06-15,2,Deportes,351.88,703.76
7366704,3870583,2019-06-15,2,Ropa,97.1,194.2
3215817,30561109,2019-06-15,2,Deportes,294.83,589.66
34854974,47865450,2019-06-15,2,Hogar,94.16,188.32
3874369,50345086,2019-06-15,2,Hogar,417.69,835.38
1479498,5775895,2019-06-15,3,Hogar,172.43,517.29
33389448,6243280,2019-06-15,2,Electronica,657.63,1315.26
5694612,2580202,2019-06-15,2,Belleza,83.48,166.96
27408290,31431913,2019-06-15,2,Ropa,77.15,154.3
20265369,42520901,2019-06-15,2,Electronica,961.57,1923.14
35992310,46858785,2019-06-15,2,Ropa,35.98,71.96
10622851,43301770,2019-06-15,2,Belleza,106.81,213.62
3937156,32055294,2019-06-15,2,Belleza,96.7,193.4
5654207,51242285,2019-06-15,2,Libros,25.99,51.98
15648097,1263681,2019-06-15,2,Libros,30.4,60.8
12334483,3508879,2019-06-15,3,Libros,20.84,62.519999999999996
22372003,46212951,2019-06-15,2,Hogar,62.79,125.58
23680619,46745557,2019-06-15,2,Ropa,64.25,128.5
4013314,48389323,2019-06-15,2,Ropa,76.23,152.46
16743545,2871413,2019-06-15,2,Electronica,471.19,942.38
3017219,7081487,2019-06-15,2,Ropa,103.77,207.54
1427305,2047940,2019-06-15,2,Electronica,654.07,1308.14
892670,38563409,2019-06-15,2,Hogar,291.62,583.24
28517519,44343992,2019-06-15,2,Deportes,70.54,141.08
27513804,31068719,2019-06-15,2,Ropa,41.06,82.12
12850307,18363259,2019-06-15,2,Deportes,224.24,448.48
24998017,38382770,2019-06-15,2,Libros,23.86,47.72
24782505,42350213,2019-06-15,2,Deportes,233.58,467.16
16715886,49012547,2019-06-15,2,Electronica,909.36,1818.72
34624302,45605516,2019-06-15,2,Deportes,204.76,409.52
17008509,49266625,2019-06-15,2,Hogar,373.31,746.62
8199256,36811739,2019-06-15,2,Deportes,300.15,600.3
3576892,52140030,2019-06-15,2,Ropa,91.25,182.5
4746781,42555479,2019-06-14,2,Electronica,230.44,460.88
28954370,31124589,2019-06-14,2,Ropa,110.73,221.46
18901865,46902277,2019-06-14,2,Libros,25.98,51.96
27764485,43900263,2019-06-14,6,Hogar,81.89,491.34000000000003
38241748,50728279,2019-06-14,2,Libros,59.0,118.0
32245100,85559,2019-06-14,2,Ropa,80.25,160.5
2320249,47164267,2019-06-14,2,Ropa,128.9,257.8
10818211,51967607,2019-06-14,2,Ropa,103.12,206.24
19146118,35134023,2019-06-14,2,Belleza,21.43,42.86
29375157,33099340,2019-06-14,3,Hogar,41.94,125.82
13624400,41995562,2019-06-14,2,Ropa,128.9,257.8
11082045,39639033,2019-06-14,2,Ropa,56.93,113.86
935677,1070104,2019-06-14,2,Electronica,184.21,368.42
12808937,6420717,2019-06-15,2,Libros,18.4,36.8
19236382,1265437,2019-06-15,2,Libros,57.63,115.26
3397291,50835260,2019-06-14,2,Ropa,97.74,195.48
11909337,50046403,2019-06-14,3,Electronica,92.67,278.01
1542298,39392914,2019-06-14,2,Belleza,44.08,88.16
6732271,49223746,2019-06-14,2,Libros,37.15,74.3
6514476,36704249,2019-06-14,3,Electronica,526.42,1579.2599999999998
39648552,31674948,2019-06-14,2,Belleza,8.09,16.18
25207448,4445642,2019-06-14,2,Ropa,94.42,188.84
3189304,41897852,2019-06-14,2,Hogar,66.36,132.72
12820357,42466415,2019-06-14,2,Ropa,51.32,102.64
42610894,46858790,2019-06-14,2,Deportes,255.28,510.56
11159506,46210952,2019-06-14,2,Deportes,255.44,510.88
11139195,33163670,2019-06-14,2,Ropa,17.17,34.34
4130701,47022677,2019-06-14,2,Libros,20.99,41.98
8623579,6076732,2019-06-14,2,Electronica,649.85,1299.7
3230326,513842,2019-06-14,2,Hogar,281.88,563.76
43263193,37286567,2019-06-14,2,Belleza,39.05,78.1
7429554,42690363,2019-06-14,2,Deportes,309.36,618.72
26434768,4349842,2019-06-14,2,Ropa,64.67,129.34
25011026,31378732,2019-06-14,2,Hogar,491.76,983.52
17849944,43547827,2019-06-14,3,Hogar,35.3,105.89999999999999
39739497,4601958,2019-06-14,3,Libros,59.4,178.2
14479107,33321392,2019-06-14,2,Belleza,10.49,20.98
10102993,42781057,2019-06-14,2,Hogar,154.85,309.7
25390770,47430747,2019-06-14,2,Libros,32.15,64.3
13783774,50350644,2019-06-14,2,Electronica,257.78,515.56
18028363,6019664,2019-06-14,2,Libros,12.42,24.84
18246487,6477201,2019-06-14,2,Electronica,421.65,843.3
44207943,43873658,2019-06-16,2,Electronica,1461.59,2923.18
44160621,34533249,2019-06-14,2,Hogar,199.36,398.72
11419385,4923966,2019-06-14,2,Hogar,283.12,566.24
7838507,43209526,2019-06-14,2,Libros,36.13,72.26
14765476,35470357,2019-06-14,2,Belleza,97.28,194.56
14787732,40574715,2019-06-14,2,Electronica,1071.22,2142.44
3822409,34026885,2019-06-14,3,Belleza,90.36,271.08
11513475,3277966,2019-06-14,3,Hogar,348.7,1046.1
9842588,43646487,2019-06-14,2,Libros,23.53,47.06
16767236,31092737,2019-06-14,2,Libros,11.15,22.3
25001301,45733829,2019-06-14,2,Belleza,45.25,90.5
23897790,36359820,2019-06-19,3,Deportes,127.05,381.15
23323786,33056893,2019-06-19,2,Deportes,370.62,741.24
22318342,41804650,2019-06-19,2,Libros,16.57,33.14
27223974,37612920,2019-06-19,2,Hogar,81.09,162.18
22084883,46773803,2019-06-19,2,Belleza,7.82,15.64
21387807,37205444,2019-06-19,2,Libros,56.46,112.92
30791531,50653629,2019-06-19,4,Deportes,369.99,1479.96
13465160,37485223,2019-06-19,2,Hogar,39.45,78.9
12623507,929385,2019-06-19,2,Electronica,300.97,601.94
13602858,51359956,2019-06-19,2,Ropa,36.51,73.02
15253960,46144228,2019-06-19,2,Libros,14.8,29.6
17631200,38213262,2019-06-19,2,Ropa,63.43,126.86
24693542,32448268,2019-06-19,3,Electronica,345.9,1037.6999999999998
9451664,44712987,2019-06-18,2,Libros,57.02,114.04
29687652,36408822,2019-06-19,2,Ropa,25.99,51.98
42483287,41212668,2019-06-19,2,Ropa,50.22,100.44
24517289,49128612,2019-06-19,2,Electronica,167.05,334.1
22928900,49489184,2019-06-19,2,Libros,58.92,117.84
2733421,45607399,2019-06-19,2,Ropa,109.76,219.52
44486815,47228759,2019-06-19,2,Libros,55.51,111.02
10716322,32872142,2019-06-19,2,Electronica,1089.12,2178.24
35228355,44607611,2019-06-19,2,Libros,28.43,56.86
1547464,50189651,2019-06-18,3,Libros,15.46,46.38
2809135,38614387,2019-06-18,2,Hogar,122.42,244.84
16052334,44713192,2019-06-18,2,Hogar,229.87,459.74
44394778,25940109,2019-06-18,2,Electronica,1163.92,2327.84
7943723,47463137,2019-06-19,2,Belleza,35.44,70.88
10500751,37491334,2019-06-19,3,Ropa,69.05,207.14999999999998
1173116,37644262,2019-06-19,2,Hogar,305.97,611.94
30374316,31279063,2019-06-19,2,Ropa,55.17,110.34
4778985,36511935,2019-06-18,2,Deportes,242.0,484.0
12876193,36794754,2019-06-19,2,Electronica,611.34,1222.68
15313695,50649709,2019-06-19,2,Belleza,8.95,17.9
11089921,32521952,2019-06-19,2,Deportes,173.03,346.06
11830281,3766388,2019-06-19,2,Deportes,369.42,738.84
13403472,46107431,2019-06-19,2,Libros,21.12,42.24
26035021,33133772,2019-06-19,2,Deportes,142.68,285.36
34101808,42751589,2019-06-19,2,Electronica,145.61,291.22
33878829,32596064,2019-06-19,2,Hogar,313.3,626.6
11496078,50202040,2019-06-19,3,Electronica,1281.4,3844.2000000000003
40714585,39813260,2019-06-19,2,Libros,20.77,41.54
2912239,40348743,2019-06-19,2,Hogar,186.17,372.34
10800153,45244403,2019-06-18,2,Deportes,111.29,222.58
11990637,44161955,2019-06-18,2,Hogar,149.34,298.68
1199977,46440459,2019-06-18,2,Deportes,383.51,767.02
13374362,34244779,2019-06-18,3,Libros,54.73,164.19
11397119,34926973,2019-06-18,2,Belleza,90.68,181.36
32494421,35723165,2019-06-18,3,Hogar,290.07,870.21
10969352,31475971,2019-06-18,2,Deportes,136.1,272.2
6659421,33128249,2019-06-18,2,Libros,17.14,34.28
6334420,47046703,2019-06-18,2,Ropa,145.99,291.98
30832021,39900298,2019-06-18,2,Belleza,65.01,130.02
24150203,31077951,2019-06-18,2,Electronica,804.87,1609.74
28261523,6537333,2019-06-18,2,Belleza,13.48,26.96
7782295,2300916,2019-06-18,2,Ropa,107.32,214.64
21255519,46211346,2019-06-18,2,Belleza,87.49,174.98
3436863,6517569,2019-06-18,2,Hogar,414.03,828.06
31393514,47398585,2019-06-18,2,Electronica,1422.86,2845.72
16501885,3968273,2019-06-18,2,Electronica,204.69,409.38
19896925,35133533,2019-06-18,2,Hogar,321.12,642.24
18568068,42681931,2019-06-18,2,Belleza,70.36,140.72
3218558,39091509,2019-06-18,2,Deportes,358.32,716.64
35918909,52615905,2019-06-18,2,Belleza,91.39,182.78
14101248,44184796,2019-06-18,2,Ropa,193.4,386.8
17303815,46481411,2019-06-18,2,Libros,57.8,115.6
33172898,1387952,2019-06-18,5,Deportes,105.76,528.8000000000001
18198713,50115940,2019-06-18,2,Belleza,88.42,176.84
846198,3031139,2019-06-18,2,Libros,34.18,68.36
13258321,34451685,2019-06-18,2,Libros,16.8,33.6
4200200,50765966,2019-06-18,3,Hogar,109.51,328.53000000000003
3302801,4025490,2019-06-18,2,Ropa,25.41,50.82
17306812,46399759,2019-06-18,3,Ropa,161.15,483.45000000000005
2497995,46795320,2019-06-18,2,Hogar,24.72,49.44
16499405,3775553,2019-06-18,2,Ropa,71.66,143.32
31859171,49305034,2019-06-18,2,Deportes,345.65,691.3
21790479,5783643,2019-06-18,2,Electronica,932.06,1864.12
9183472,31299527,2019-06-18,2,Deportes,275.98,551.96
14471967,47931783,2019-06-18,2,Belleza,38.54,77.08
40163715,37045647,2019-06-18,2,Libros,30.15,60.3
21142632,34617914,2019-06-18,2,Libros,27.68,55.36
8344220,32810770,2019-06-18,2,Electronica,391.75,783.5
36608502,42572213,2019-06-18,2,Deportes,230.39,460.78
15974156,41690671,2019-06-18,2,Belleza,100.74,201.48
30550478,212781,2019-06-18,2,Electronica,952.02,1904.04
17505758,38191114,2019-06-18,2,Libros,7.06,14.12
2011732,31375882,2019-06-18,2,Deportes,331.57,663.14
14818649,46113475,2019-06-18,2,Ropa,30.15,60.3
21564033,3049278,2019-06-18,2,Libros,27.2,54.4
857157,4661793,2019-06-18,2,Hogar,292.06,584.12
8963578,39402951,2019-06-18,2,Ropa,11.45,22.9
8420358,1263941,2019-06-17,2,Libros,40.91,81.82
10294350,47089304,2019-06-17,2,Deportes,270.69,541.38
16612662,2378647,2019-06-17,2,Electronica,996.16,1992.32
15483576,50853422,2019-06-17,2,Ropa,41.06,82.12
9028021,48503394,2019-06-17,3,Deportes,117.18,351.54
12308774,1766124,2019-06-17,4,Belleza,33.45,133.8
42805755,1070104,2019-06-17,5,Electronica,184.21,921.0500000000001
25142751,51360085,2019-06-17,2,Hogar,480.63,961.26
14958027,15977059,2019-06-17,2,Ropa,22.83,45.66
9775473,5934377,2019-06-17,2,Electronica,671.7,1343.4
26898883,32431325,2019-06-17,2,Belleza,105.19,210.38
18396726,48410660,2019-06-17,2,Hogar,98.63,197.26
7456705,44804665,2019-06-17,2,Deportes,312.4,624.8
24113947,31977381,2019-06-17,4,Hogar,413.88,1655.52
3560730,35586395,2019-06-17,3,Electronica,1459.83,4379.49
15360126,48497105,2019-06-17,2,Deportes,167.16,334.32
22410357,31170890,2019-06-17,2,Deportes,137.67,275.34
37110636,11766359,2019-06-17,2,Ropa,15.83,31.66
22634410,34940833,2019-06-17,2,Ropa,38.5,77.0
27682078,52204945,2019-06-17,3,Electronica,864.92,2594.7599999999998
28503155,39462001,2019-06-17,2,Libros,13.67,27.34
15892414,31092739,2019-06-17,2,Libros,45.5,91.0
11468982,3578298,2019-06-17,2,Deportes,34.15,68.3
40844447,7094121,2019-06-17,2,Ropa,59.3,118.6
9434510,42490509,2019-06-17,2,Hogar,352.29,704.58
44417727,51717673,2019-06-17,2,Hogar,138.92,277.84
12041588,3284675,2019-06-17,2,Deportes,296.93,593.86
3165612,31714342,2019-06-17,2,Ropa,199.21,398.42
18726314,49502819,2019-06-17,2,Electronica,1205.77,2411.54
35289983,35163523,2019-06-17,2,Libros,42.98,85.96
9541291,42028703,2019-06-17,2,Electronica,545.66,1091.32
14486329,2891661,2019-06-17,2,Electronica,1355.86,2711.72
15095025,46558733,2019-06-17,3,Hogar,39.82,119.46000000000001
4878730,47346901,2019-06-17,2,Libros,14.95,29.9
3739294,40932959,2019-06-17,2,Ropa,147.75,295.5
3958916,9518985,2019-06-17,4,Ropa,14.43,57.72
6056954,45741529,2019-06-17,2,Ropa,29.46,58.92
42275289,37285991,2019-06-17,2,Hogar,99.66,199.32
40575854,51298451,2019-06-17,2,Electronica,1482.0,2964.0
4088390,47159667,2019-06-17,2,Electronica,573.28,1146.56
41297588,2946864,2019-06-16,2,Deportes,331.79,663.58
7052488,35028328,2019-06-16,2,Libros,25.68,51.36
8337444,31097470,2019-06-16,3,Belleza,101.6,304.79999999999995
14463217,37578671,2019-06-16,5,Libros,58.1,290.5
11893910,33980343,2019-06-16,2,Ropa,92.75,185.5
20817465,4687560,2019-06-16,2,Ropa,116.28,232.56
19897155,49799229,2019-06-16,2,Ropa,129.44,258.88
8302728,7143174,2019-06-16,2,Libros,56.42,112.84
11534362,51804816,2019-06-16,2,Belleza,34.53,69.06
14794405,33179526,2019-06-16,2,Deportes,252.27,504.54
11730552,31479909,2019-06-16,2,Belleza,35.5,71.0
10343764,7062586,2019-06-16,2,Libros,22.86,45.72
7547758,1979235,2019-06-16,2,Belleza,29.95,59.9
22362574,36416722,2019-06-16,2,Electronica,173.13,346.26
10269952,45731417,2019-06-16,2,Electronica,950.03,1900.06
11204126,40745378,2019-06-16,2,Ropa,177.6,355.2
10670665,46715576,2019-06-16,2,Hogar,185.43,370.86
30424869,44747695,2019-06-16,3,Ropa,115.01,345.03000000000003
9724568,35429062,2019-06-16,3,Hogar,326.43,979.29
40852214,49271824,2019-06-16,4,Belleza,52.68,210.72
33239277,47376615,2019-06-16,2,Electronica,1359.85,2719.7
3544238,34841805,2019-06-16,2,Libros,24.95,49.9
34359536,46156603,2019-06-16,2,Hogar,75.63,151.26
19072505,47162004,2019-06-16,2,Belleza,21.56,43.12
823524,1008579,2019-06-16,2,Electronica,1341.74,2683.48
1318713,31763416,2019-06-16,2,Libros,59.34,118.68
22105144,44350561,2019-06-16,2,Hogar,155.13,310.26
1070383,36813646,2019-06-16,2,Ropa,37.28,74.56
4264322,38132917,2019-06-16,2,Ropa,101.62,203.24
3177911,3568840,2019-06-16,2,Ropa,144.81,289.62
11448876,35154288,2019-06-16,2,Belleza,75.43,150.86
10326159,40570617,2019-06-16,2,Ropa,190.71,381.42
44132105,34329403,2019-06-16,2,Deportes,330.76,661.52
37110636,31618854,2019-06-16,2,Electronica,1310.01,2620.02
38202030,31073782,2019-06-16,2,Belleza,67.29,134.58
12534615,53560305,2019-06-16,2,Libros,23.0,46.0
27093210,3566083,2019-06-16,2,Ropa,143.33,286.66
16102679,46287627,2019-06-16,2,Electronica,686.63,1373.26
3195706,4033598,2019-06-16,2,Hogar,154.56,309.12
4907051,45196041,2019-06-16,2,Ropa,38.93,77.86
29448239,49709669,2019-06-16,3,Electronica,815.42,2446.2599999999998
41380253,44731860,2019-06-16,2,Deportes,245.82,491.64
21826067,2075487,2019-06-16,3,Deportes,357.97,1073.91
21233568,35404368,2019-06-16,2,Hogar,451.22,902.44
11625495,76602,2019-06-16,2,Hogar,290.86,581.72
17034672,51148503,2019-06-16,2,Deportes,64.29,128.58
9036689,33697243,2019-06-16,2,Libros,36.35,72.7
11392706,51034521,2019-06-16,2,Electronica,294.2,588.4
2179823,35847549,2019-06-16,2,Libros,33.21,66.42
7635142,39581540,2019-06-16,2,Deportes,272.21,544.42
2200692,49334324,2019-06-15,2,Libros,28.62,57.24
11140745,6630858,2019-06-15,2,Electronica,1280.74,2561.48
5489481,49672016,2019-06-15,3,Electronica,1178.49,3535.4700000000003
24331904,39441452,2019-06-15,2,Deportes,295.27,590.54
44259305,43885660,2019-06-15,3,Electronica,1066.07,3198.21
15940633,46702855,2019-06-15,2,Ropa,116.49,232.98
11359812,4160913,2019-06-15,2,Electronica,138.61,277.22
38971265,51591449,2019-06-15,2,Belleza,80.38,160.76
44220612,43717728,2019-06-15,2,Libros,30.68,61.36
15016775,37997900,2019-06-15,2,Electronica,730.85,1461.7
17595125,35351780,2019-06-15,2,Belleza,48.59,97.18
42956048,39961177,2019-06-15,2,Electronica,1397.15,2794.3
18843169,7123252,2019-06-15,2,Electronica,411.7,823.4
25395338,31790263,2019-06-15,2,Deportes,140.31,280.62
20213690,38541988,2019-06-15,2,Ropa,192.98,385.96
4162546,47324623,2019-06-15,5,Deportes,298.2,1491.0
35775142,50382426,2019-06-15,5,Libros,49.56,247.8
30761285,32626715,2019-06-15,2,Ropa,12.68,25.36
13939034,32434613,2019-06-15,2,Hogar,454.46,908.92
1643490,4906270,2019-06-15,2,Deportes,106.13,212.26
13255039,31759979,2019-06-15,2,Deportes,288.25,576.5
5555070,5865768,2019-06-15,2,Ropa,115.08,230.16
37433887,3539213,2019-06-15,2,Deportes,223.99,447.98
32123549,34830807,2019-06-15,2,Ropa,146.41,292.82
11060813,4470109,2019-06-15,2,Deportes,98.73,197.46
21618471,46655176,2019-06-15,2,Electronica,280.59,561.18
31006483,31713754,2019-06-15,2,Ropa,133.86,267.72
10488732,6035668,2019-06-15,2,Ropa,65.21,130.42
8272570,42781060,2019-06-15,2,Belleza,117.0,234.0
18864484,39727015,2019-06-15,2,Deportes,191.57,383.14
44173063,31121286,2019-06-15,2,Deportes,62.41,124.82
13643903,52597720,2019-06-15,2,Ropa,140.3,280.6
15144321,32853556,2019-06-15,3,Electronica,493.93,1481.79
20943143,4741017,2019-06-15,2,Electronica,265.45,530.9
32229363,2702409,2019-06-15,2,Libros,28.26,56.52
18396597,53000125,2019-06-15,2,Electronica,1448.12,2896.24
5906042,45288702,2019-06-15,2,Deportes,176.34,352.68
20393302,50003393,2019-06-15,2,Belleza,44.94,89.88
5827890,40644780,2019-06-15,2,Ropa,94.46,188.92
12319686,35188287,2019-06-15,2,Hogar,20.88,41.76
22900630,6367983,2019-06-15,2,Belleza,20.31,40.62
5801605,4426992,2019-06-15,2,Hogar,427.09,854.18
2271075,35078857,2019-06-15,2,Belleza,117.47,234.94
17155831,31535766,2019-06-15,2,Electronica,279.02,558.04
44230249,6084832,2019-06-15,2,Deportes,223.5,447.0
13310345,42386724,2019-06-15,2,Hogar,483.67,967.34
6371156,7025343,2019-06-15,3,Belleza,23.01,69.03
29834415,54949044,2019-06-15,2,Deportes,90.8,181.6
6617308,53527225,2019-06-15,2,Hogar,464.51,929.02
5643357,46119123,2019-06-15,2,Ropa,144.08,288.16
11043847,51764142,2019-06-15,2,Belleza,22.48,44.96
9847505,47023190,2019-06-14,2,Ropa,84.76,169.52
22452493,51013128,2019-06-14,2,Electronica,131.59,263.18
12186773,46232883,2019-06-14,3,Ropa,92.21,276.63
18715249,33499756,2019-06-14,2,Ropa,157.8,315.6
12426688,44597361,2019-06-14,2,Libros,35.47,70.94
41069701,46296360,2019-06-14,2,Belleza,79.46,158.92
13700515,44461822,2019-06-14,3,Deportes,114.14,342.42
1392441,46616424,2019-06-14,2,Electronica,523.89,1047.78
14861788,46128562,2019-06-14,2,Ropa,40.67,81.34
2907802,43524724,2019-06-14,2,Libros,54.25,108.5
2105085,41708376,2019-06-14,2,Deportes,24.98,49.96
13766202,40280134,2019-06-14,2,Hogar,413.34,826.68
11421802,43375324,2019-06-14,3,Deportes,274.35,823.0500000000001
3729257,42420172,2019-06-14,2,Ropa,130.96,261.92
11685431,56078,2019-06-14,2,Electronica,382.52,765.04
42610894,46184140,2019-06-14,2,Ropa,89.5,179.0
22164573,2980441,2019-06-14,2,Libros,44.83,89.66
13829570,33810481,2019-06-14,2,Hogar,403.7,807.4
16445225,33130021,2019-06-14,2,Electronica,831.12,1662.24
36350720,2842371,2019-06-14,2,Belleza,39.52,79.04
41350381,35146684,2019-06-14,2,Electronica,437.42,874.84
912888,52897518,2019-06-14,2,Belleza,30.03,60.06
23858466,46527824,2019-06-14,2,Electronica,1244.41,2488.82
4621899,38281817,2019-06-14,2,Hogar,297.2,594.4
21393306,35862249,2019-06-14,2,Hogar,358.94,717.88
14568273,31688680,2019-06-14,3,Electronica,988.8,2966.3999999999996
5116746,5886324,2019-06-14,2,Electronica,1297.17,2594.34
4382807,34437012,2019-06-14,2,Ropa,197.5,395.0
18429781,42211915,2019-06-14,2,Hogar,136.0,272.0
10747882,2763029,2019-06-14,2,Belleza,25.8,51.6
3501837,46735418,2019-06-14,2,Belleza,58.13,116.26
12311830,38828676,2019-06-14,2,Deportes,33.33,66.66
44072014,33028234,2019-06-14,2,Deportes,170.53,341.06
14935335,857718,2019-06-14,2,Libros,48.54,97.08
25383646,32048657,2019-06-14,2,Libros,53.61,107.22
10265598,4815743,2019-06-14,2,Libros,42.73,85.46
17686569,31162489,2019-06-14,4,Belleza,35.82,143.28
4921846,49305126,2019-06-14,2,Deportes,66.8,133.6
3487795,2497141,2019-06-14,3,Libros,26.02,78.06
21920775,51606984,2019-06-14,2,Libros,50.83,101.66
15003284,25134259,2019-06-14,2,Libros,53.34,106.68
14053193,46296991,2019-06-14,2,Electronica,554.35,1108.7
34873859,47599065,2019-06-14,2,Electronica,99.67,199.34
15037773,42353748,2019-06-14,2,Electronica,447.71,895.42
2703416,51345382,2019-06-14,2,Ropa,198.09,396.18
22342103,31058979,2019-06-14,2,Libros,42.22,84.44
10756241,44349937,2019-06-14,2,Ropa,181.16,362.32
12975178,39849165,2019-06-14,2,Deportes,314.45,628.9
3112453,31534829,2019-06-14,2,Belleza,67.07,134.14
3312690,48885673,2019-06-14,2,Libros,13.18,26.36
14018667,33926502,2019-06-14,2,Belleza,45.09,90.18
15832031,39785728,2019-06-14,2,Electronica,896.42,1792.84
33877868,46225421,2019-06-14,2,Libros,52.88,105.76
610431,31938700,2019-06-14,2,Hogar,145.31,290.62
44170832,34544519,2019-06-14,2,Ropa,33.03,66.06
24175303,34091923,2019-06-14,2,Ropa,116.18,232.36
842522,51725820,2019-06-14,2,Libros,14.71,29.42
3252600,45040865,2019-06-14,2,Electronica,935.02,1870.04
3202391,32206823,2019-06-14,2,Ropa,60.07,120.14
3622518,42033035,2019-06-14,2,Libros,58.13,116.26
19108839,52215712,2019-06-14,2,Electronica,384.9,769.8
9176786,34732070,2019-06-14,2,Deportes,171.69,343.38
4224234,44055547,2019-06-14,2,Belleza,73.22,146.44
14964803,2786618,2019-06-14,2,Hogar,279.48,558.96
23066517,47952312,2019-06-14,2,Belleza,33.14,66.28
36369312,43803246,2019-06-13,2,Belleza,107.48,214.96
44142635,37653439,2019-06-13,2,Deportes,61.76,123.52
819789,35426950,2019-06-13,2,Ropa,17.5,35.0
2298152,49592379,2019-06-13,2,Belleza,33.79,67.58
10507781,44601279,2019-06-13,2,Electronica,461.03,922.06
12386202,6320496,2019-06-13,2,Hogar,307.31,614.62
10996812,32196981,2019-06-13,2,Ropa,33.45,66.9
43707478,43901143,2019-06-13,2,Libros,32.77,65.54
17686249,37776880,2019-06-13,2,Belleza,114.45,228.9
16824375,49148453,2019-06-13,2,Libros,43.42,86.84
28829983,37286426,2019-06-14,2,Electronica,945.31,1890.62
18572413,4490127,2019-06-13,2,Belleza,71.1,142.2
4482792,4458222,2019-06-13,2,Ropa,44.11,88.22
40127972,46464819,2019-06-13,2,Belleza,54.75,109.5
16188853,6865188,2019-06-13,2,Electronica,546.66,1093.32
32889121,3248258,2019-06-13,2,Deportes,382.17,764.34
7272237,7157041,2019-06-13,2,Libros,18.33,36.66
36623391,32252271,2019-06-13,2,Libros,30.93,61.86
39047088,46798946,2019-06-13,2,Ropa,188.24,376.48
44096480,31688102,2019-06-13,2,Belleza,95.76,191.52
28322549,14512759,2019-06-13,2,Ropa,193.26,386.52
12695940,53542059,2019-06-13,2,Deportes,251.17,502.34
15431105,47896891,2019-06-13,2,Belleza,43.39,86.78
1879260,36419673,2019-06-13,2,Belleza,100.06,200.12
13546827,34956243,2019-06-13,2,Ropa,65.38,130.76
16329880,41007742,2019-06-13,2,Ropa,41.31,82.62
14826637,35627305,2019-06-13,2,Electronica,1074.12,2148.24
26026693,42540513,2019-06-13,2,Deportes,262.8,525.6
13948912,4033598,2019-06-13,2,Hogar,154.56,309.12
4736492,51275252,2019-06-13,2,Electronica,1324.48,2648.96
13902427,86130,2019-06-13,2,Libros,57.91,115.82
3126731,35483631,2019-06-12,3,Belleza,103.58,310.74
14401308,47944012,2019-06-12,2,Ropa,21.4,42.8
24426,31933743,2019-06-12,2,Belleza,81.42,162.84
2042578,40780939,2019-06-12,4,Belleza,95.24,380.96
42145545,38630906,2019-06-12,2,Hogar,491.24,982.48
42603942,41481157,2019-06-12,2,Libros,25.61,51.22
11057322,47887693,2019-06-12,2,Hogar,387.08,774.16
43142807,6808092,2019-06-12,2,Hogar,97.39,194.78
16831877,43547395,2019-06-12,2,Belleza,103.09,206.18
6891470,46264677,2019-06-12,2,Electronica,231.36,462.72
34832304,50062270,2019-06-12,2,Ropa,70.32,140.64
14048332,50583960,2019-06-12,2,Belleza,73.79,147.58
9260021,4636487,2019-06-12,2,Libros,26.44,52.88
25878086,31373757,2019-06-12,2,Hogar,210.13,420.26
28223940,32107401,2019-06-12,2,Ropa,149.17,298.34
41186789,40314175,2019-06-12,2,Belleza,46.57,93.14
22578717,32706939,2019-06-12,2,Deportes,283.37,566.74
11874042,926076,2019-06-12,2,Libros,5.79,11.58
40450871,39594891,2019-06-12,2,Libros,22.86,45.72
6221732,42479233,2019-06-12,2,Deportes,141.24,282.48
6470033,44695843,2019-06-12,2,Belleza,91.12,182.24
37235904,35745189,2019-06-12,2,Ropa,71.91,143.82
18143907,3967383,2019-06-13,2,Libros,22.3,44.6
16118505,2974144,2019-06-12,2,Ropa,130.33,260.66
1503214,44832904,2019-06-12,2,Belleza,84.18,168.36
14157956,48718746,2019-06-12,4,Belleza,80.72,322.88
38799474,43685702,2019-06-12,2,Hogar,307.6,615.2
19923330,44748036,2019-06-12,2,Libros,27.75,55.5
24618453,33363219,2019-06-12,2,Libros,25.53,51.06
43975542,41253099,2019-06-12,2,Deportes,234.54,469.08
2366855,49363693,2019-06-12,2,Hogar,45.9,91.8
6731393,4650446,2019-06-12,2,Hogar,439.77,879.54
11457058,48221628,2019-06-12,2,Libros,50.39,100.78
2397830,50885678,2019-06-12,2,Belleza,44.83,89.66
17586951,3539232,2019-06-11,2,Hogar,289.91,579.82
10597696,40317936,2019-06-12,2,Deportes,374.25,748.5
14425020,31651887,2019-06-11,2,Hogar,146.74,293.48
24616347,36870518,2019-06-11,2,Deportes,302.13,604.26
42899010,3521319,2019-06-12,2,Hogar,55.12,110.24
42046104,32686739,2019-06-11,2,Deportes,218.88,437.76
33874307,35666287,2019-06-11,2,Hogar,443.73,887.46
12649705,51731687,2019-06-11,2,Hogar,282.58,565.16
15667146,48120251,2019-06-11,2,Ropa,127.09,254.18
13983201,41897852,2019-06-11,2,Hogar,66.36,132.72
11818468,4524800,2019-06-11,2,Deportes,225.04,450.08
18327021,46144228,2019-06-11,2,Libros,14.8,29.6
26636370,37119461,2019-06-11,2,Deportes,364.9,729.8
11577171,49956964,2019-06-11,2,Deportes,291.84,583.68
12555746,31451408,2019-06-11,2,Deportes,284.43,568.86
14818720,44245518,2019-06-12,2,Hogar,85.92,171.84
11988543,7080378,2019-06-12,2,Electronica,900.26,1800.52
13871654,31298760,2019-06-12,2,Hogar,322.0,644.0
25013161,37002023,2019-06-12,2,Deportes,325.41,650.82
4065933,36855498,2019-06-11,6,Libros,58.86,353.15999999999997
955825,44478020,2019-06-11,2,Electronica,1203.22,2406.44
14028637,49501767,2019-06-11,2,Ropa,144.43,288.86
3180591,52975057,2019-06-11,2,Deportes,71.51,143.02
43915990,47083018,2019-06-11,2,Deportes,330.49,660.98
10229596,2982008,2019-06-11,2,Electronica,1117.19,2234.38
43196863,31298843,2019-06-12,2,Hogar,388.66,777.32
3701225,35631718,2019-06-12,2,Libros,17.71,35.42
35685744,34220556,2019-06-19,2,Ropa,181.65,363.3
27056389,39352209,2019-05-26,2,Deportes,56.97,113.94
14844927,4479949,2019-05-26,2,Electronica,58.53,117.06
912159,36545267,2019-05-26,2,Hogar,138.0,276.0
15454991,33039212,2019-05-26,2,Ropa,141.14,282.28
42203503,48125839,2019-05-26,2,Libros,41.47,82.94
10464756,37185230,2019-05-26,2,Libros,42.05,84.1
7631085,42382316,2019-05-26,2,Ropa,69.53,139.06
20632897,31716783,2019-05-26,2,Belleza,85.67,171.34
19915077,43922106,2019-05-25,3,Libros,26.34,79.02
28775502,47073705,2019-05-26,2,Belleza,5.02,10.04
3342611,37990389,2019-05-26,2,Libros,13.94,27.88
2586574,38783735,2019-05-26,2,Ropa,177.7,355.4
25650320,34003894,2019-05-25,3,Electronica,372.91,1118.73
16167134,48275396,2019-05-25,2,Ropa,31.45,62.9
10824947,39733498,2019-05-25,3,Ropa,139.62,418.86
38168005,25123359,2019-05-25,2,Electronica,689.02,1378.04
16680821,36398226,2019-05-25,2,Electronica,1205.06,2410.12
42260113,48305310,2019-05-25,3,Hogar,432.8,1298.4
12416188,44742767,2019-05-25,2,Electronica,1056.88,2113.76
15549455,3867592,2019-05-25,3,Libros,51.53,154.59
2873031,47585228,2019-05-25,2,Hogar,166.81,333.62
8250830,32056128,2019-05-25,2,Ropa,85.1,170.2
20772195,43838791,2019-05-25,2,Electronica,783.04,1566.08
18107295,48312297,2019-05-25,2,Belleza,79.77,159.54
11343764,41266391,2019-05-27,2,Belleza,42.03,84.06
8918787,32062678,2019-05-27,2,Ropa,17.81,35.62
10159197,3753815,2019-05-27,2,Deportes,208.35,416.7
17289843,81527,2019-05-25,2,Ropa,12.44,24.88
15702609,436888,2019-05-25,2,Ropa,190.62,381.24
15709171,45534218,2019-05-25,2,Deportes,322.74,645.48
1507222,4078993,2019-05-25,2,Libros,15.56,31.12
10409231,49613896,2019-05-25,2,Electronica,466.98,933.96
6101082,6981822,2019-05-25,2,Belleza,118.03,236.06
1569894,35586688,2019-05-25,2,Ropa,80.97,161.94
14744634,32142045,2019-05-25,2,Deportes,317.81,635.62
11228137,32069814,2019-05-25,2,Hogar,231.71,463.42
15867129,112304,2019-05-25,2,Ropa,174.18,348.36
39774234,37815202,2019-05-25,2,Belleza,85.93,171.86
32715339,44169688,2019-05-25,2,Electronica,83.22,166.44
23880110,43514845,2019-05-25,2,Ropa,65.93,131.86
12967389,33181428,2019-05-25,2,Ropa,116.02,232.04
15426951,35886356,2019-05-25,3,Libros,55.94,167.82
16518928,49469160,2019-05-25,2,Deportes,58.77,117.54
9201466,41136735,2019-05-25,2,Hogar,306.56,613.12
883904,31712940,2019-05-25,2,Hogar,161.56,323.12
18043716,43869785,2019-05-25,2,Electronica,1339.53,2679.06
12153741,47032433,2019-05-25,2,Belleza,92.99,185.98
40639814,50235181,2019-05-25,2,Electronica,586.07,1172.14
9365424,46282457,2019-05-25,2,Ropa,41.75,83.5
16147886,3175387,2019-05-25,2,Ropa,12.18,24.36
1612046,37463252,2019-05-25,2,Hogar,316.25,632.5
2380540,33988593,2019-05-25,2,Belleza,51.7,103.4
18054905,47143312,2019-05-25,2,Deportes,139.61,279.22
17690764,39833031,2019-05-25,2,Belleza,110.33,220.66
15288679,35217531,2019-05-25,2,Belleza,118.33,236.66
6594893,37790993,2019-05-25,3,Ropa,98.57,295.71
26408745,50826270,2019-05-25,2,Deportes,304.94,609.88
16077841,45567870,2019-05-25,2,Belleza,25.4,50.8
7617065,32082328,2019-05-25,2,Belleza,6.55,13.1
4484477,6061771,2019-05-25,2,Deportes,178.67,357.34
15231761,31999826,2019-05-25,2,Ropa,136.48,272.96
13622787,37631630,2019-05-25,2,Belleza,63.26,126.52
11689435,51087307,2019-05-25,2,Deportes,358.38,716.76
14304959,2582848,2019-05-25,2,Libros,28.87,57.74
3635580,44076636,2019-05-25,2,Libros,22.11,44.22
1905398,6531608,2019-05-25,2,Ropa,184.05,368.1
6007608,36513970,2019-05-25,2,Deportes,174.58,349.16
16852839,43885796,2019-05-25,2,Libros,19.83,39.66
10779958,33711548,2019-05-25,2,Electronica,636.68,1273.36
4978038,51123329,2019-05-25,2,Deportes,57.11,114.22
32184509,50493281,2019-05-25,2,Belleza,96.23,192.46
5012426,37491334,2019-05-25,2,Ropa,69.05,138.1
19776676,32242237,2019-05-25,3,Ropa,166.77,500.31000000000006
29367978,6280267,2019-05-25,2,Libros,6.83,13.66
10366249,5215193,2019-05-25,2,Belleza,46.24,92.48
18408084,32434759,2019-05-25,2,Electronica,1137.32,2274.64
7943805,37666690,2019-05-25,2,Electronica,1422.25,2844.5
12121746,50817342,2019-05-25,2,Ropa,81.79,163.58
27834705,2974139,2019-05-25,2,Hogar,448.75,897.5
12179673,44748363,2019-05-25,2,Libros,52.96,105.92
18251019,3905049,2019-05-25,2,Libros,26.65,53.3
11905585,32271537,2019-05-25,3,Libros,14.87,44.61
18174166,44484618,2019-05-25,2,Deportes,21.31,42.62
20236456,39329175,2019-05-25,3,Belleza,42.97,128.91
10132506,34777976,2019-05-25,2,Libros,25.82,51.64
26391066,571366,2019-05-25,2,Belleza,113.69,227.38
42167782,47135679,2019-05-25,2,Ropa,49.15,98.3
10396249,3257232,2019-05-25,6,Libros,26.02,156.12
11703313,6277358,2019-05-25,2,Ropa,14.78,29.56
6060408,4051240,2019-05-25,2,Libros,46.99,93.98
10368663,41483129,2019-05-25,2,Electronica,1376.95,2753.9
41517225,48380115,2019-05-25,3,Hogar,130.34,391.02
4431949,35275798,2019-05-25,2,Ropa,91.51,183.02
17824990,239786,2019-05-25,2,Libros,11.72,23.44
4636894,3160392,2019-05-25,3,Hogar,236.57,709.71
10243528,32088676,2019-05-25,2,Ropa,35.34,70.68
1662190,31715545,2019-05-25,2,Deportes,218.87,437.74
23025064,1294667,2019-05-24,2,Ropa,70.82,141.64
34149185,33042021,2019-05-25,2,Libros,45.4,90.8
16038539,32271331,2019-05-25,2,Electronica,1321.19,2642.38
15606039,1263259,2019-05-25,2,Deportes,230.27,460.54
5873737,6107171,2019-05-25,2,Electronica,405.57,811.14
4614251,4033618,2019-05-25,2,Belleza,31.16,62.32
11269000,32567464,2019-05-25,2,Libros,24.46,48.92
26473199,44221192,2019-05-25,2,Electronica,975.93,1951.86
40858391,31583919,2019-05-25,4,Hogar,301.03,1204.12
5110773,36895069,2019-05-25,2,Ropa,35.99,71.98
21778121,4460483,2019-05-25,2,Belleza,102.17,204.34
38028120,3556341,2019-05-25,2,Electronica,739.02,1478.04
3210381,41914862,2019-05-25,2,Belleza,23.67,47.34
9414170,49427389,2019-05-25,2,Belleza,19.13,38.26
12930453,39550918,2019-05-25,2,Hogar,406.33,812.66
21869501,769989,2019-05-25,2,Ropa,193.45,386.9
14732363,48299581,2019-05-25,2,Hogar,151.54,303.08
5674879,6687080,2019-05-25,2,Ropa,182.63,365.26
9260543,49552756,2019-05-25,2,Libros,27.58,55.16
9629076,31534894,2019-05-25,2,Electronica,609.59,1219.18
4502021,33048433,2019-05-25,2,Belleza,85.61,171.22
8910467,32061657,2019-05-25,2,Ropa,11.88,23.76
11761196,46624420,2019-05-25,2,Ropa,74.24,148.48
35337817,47551306,2019-05-24,2,Ropa,67.5,135.0
32070081,3738909,2019-05-24,2,Electronica,1308.74,2617.48
29102788,3118930,2019-05-24,2,Hogar,271.62,543.24
21470435,36288075,2019-05-25,2,Ropa,79.27,158.54
28013329,36545267,2019-05-24,2,Hogar,138.0,276.0
20419233,35248247,2019-05-25,2,Electronica,435.81,871.62
3537613,6597234,2019-05-25,2,Belleza,72.91,145.82
17087143,39397365,2019-05-24,2,Libros,13.34,26.68
30086237,1069442,2019-05-24,2,Deportes,113.56,227.12
31422215,45711940,2019-05-24,2,Electronica,475.74,951.48
6039838,47552221,2019-05-25,2,Deportes,251.01,502.02
12447507,43754290,2019-05-25,2,Ropa,80.92,161.84
16256826,36432355,2019-05-25,2,Ropa,106.1,212.2
19901573,31341540,2019-05-25,2,Electronica,993.14,1986.28
38724412,50035229,2019-05-24,2,Deportes,383.38,766.76
12774894,36812623,2019-05-24,2,Ropa,155.32,310.64
14716698,32052462,2019-05-24,2,Belleza,51.6,103.2
24164901,42661632,2019-05-24,2,Hogar,377.91,755.82
10977637,3257622,2019-05-24,2,Hogar,475.6,951.2
16345054,35429187,2019-05-24,2,Libros,19.12,38.24
11667784,42385874,2019-05-24,2,Ropa,104.88,209.76
3767034,49553171,2019-05-24,2,Deportes,175.99,351.98
2362497,33981221,2019-05-24,2,Libros,9.29,18.58
9680600,48984262,2019-05-24,2,Ropa,179.55,359.1
3608710,31769966,2019-05-24,2,Libros,18.55,37.1
20241362,35470162,2019-05-24,2,Libros,8.52,17.04
36096252,40556702,2019-05-24,2,Deportes,224.14,448.28
8731612,4552938,2019-05-24,2,Libros,37.47,74.94
11979088,46260535,2019-05-24,2,Libros,51.52,103.04
17529574,47077960,2019-05-24,2,Belleza,51.76,103.52
13997203,44220412,2019-05-24,2,Deportes,317.57,635.14
3186321,1263702,2019-05-25,2,Ropa,168.92,337.84
13198388,45607582,2019-05-24,2,Belleza,57.26,114.52
4786004,35032590,2019-05-24,2,Electronica,906.88,1813.76
5213525,49836002,2019-05-24,2,Hogar,273.95,547.9
14255600,3892937,2019-05-24,2,Ropa,188.45,376.9
7687787,35483720,2019-05-24,2,Belleza,74.16,148.32
12727710,49801067,2019-05-24,2,Ropa,147.85,295.7
4824926,32444850,2019-05-24,2,Ropa,185.82,371.64
13878074,38404491,2019-05-24,2,Belleza,30.3,60.6
22188917,2141817,2019-05-24,2,Electronica,499.84,999.68
32859342,711758,2019-05-24,2,Electronica,1342.03,2684.06
16662538,1060291,2019-05-24,2,Deportes,46.95,93.9
2856075,45553756,2019-05-24,2,Electronica,774.87,1549.74
10236522,36425260,2019-05-24,2,Belleza,105.5,211.0
7022847,33048523,2019-05-24,2,Ropa,72.1,144.2
11960802,2032031,2019-05-24,2,Libros,44.22,88.44
11701612,4154195,2019-05-24,2,Ropa,184.24,368.48
15483576,6127603,2019-05-24,2,Hogar,77.22,154.44
10804460,46103066,2019-05-24,2,Ropa,23.0,46.0
25989432,32686757,2019-05-24,2,Deportes,190.05,380.1
32405086,4316003,2019-05-24,2,Electronica,334.46,668.92
24261946,7047323,2019-05-24,2,Hogar,494.18,988.36
20241362,42555391,2019-05-24,2,Libros,14.02,28.04
40159801,40923296,2019-05-24,2,Hogar,182.86,365.72
11086980,31947874,2019-05-24,2,Ropa,165.8,331.6
32998411,39689729,2019-05-24,2,Hogar,201.26,402.52
37430167,35434002,2019-05-24,2,Libros,38.54,77.08
11629889,46283258,2019-05-24,2,Electronica,778.13,1556.26
11482022,1033620,2019-05-24,2,Belleza,87.63,175.26
30494759,31496838,2019-05-24,3,Ropa,39.67,119.01
13867797,40123717,2019-05-24,2,Deportes,369.77,739.54
6703685,42350580,2019-05-24,2,Electronica,983.27,1966.54
18673883,42617235,2019-05-24,2,Ropa,61.48,122.96
17952160,34440754,2019-05-24,2,Electronica,228.72,457.44
31378480,49555017,2019-05-24,2,Deportes,76.9,153.8
11521000,43803233,2019-05-24,2,Hogar,179.0,358.0
19810249,36524490,2019-05-24,2,Belleza,30.45,60.9
13913120,3570450,2019-05-24,2,Ropa,158.71,317.42
9885377,159490,2019-05-24,2,Libros,37.35,74.7
5794402,34472043,2019-05-24,2,Libros,25.94,51.88
14180645,34743752,2019-05-24,2,Deportes,146.5,293.0
13965763,6581161,2019-05-24,2,Deportes,379.09,758.18
31415140,44606415,2019-05-23,2,Hogar,430.04,860.08
2659020,44746911,2019-05-23,2,Deportes,352.41,704.82
16431178,6896543,2019-05-24,2,Hogar,296.91,593.82
18635206,50246577,2019-05-23,2,Ropa,109.66,219.32
12800899,48308572,2019-05-23,2,Hogar,410.98,821.96
18218843,45742804,2019-05-23,2,Ropa,152.37,304.74
14296592,34071472,2019-05-23,2,Ropa,86.06,172.12
25174077,34532472,2019-05-23,2,Belleza,14.51,29.02
17744754,43547943,2019-05-23,2,Ropa,156.02,312.04
10570236,4033667,2019-05-23,2,Hogar,96.82,193.64
17413026,48975188,2019-05-23,2,Belleza,6.88,13.76
35873635,2058902,2019-05-23,2,Electronica,1200.01,2400.02
5567590,32752181,2019-05-23,2,Belleza,101.98,203.96
27700671,2876934,2019-05-23,2,Ropa,67.24,134.48
12817653,45525744,2019-05-23,2,Ropa,119.87,239.74
17217459,3404796,2019-05-23,2,Deportes,358.83,717.66
20110192,49154005,2019-05-23,3,Deportes,204.14,612.42
24520563,35908611,2019-05-23,2,Libros,55.96,111.92
18475050,44442637,2019-05-23,2,Electronica,1462.72,2925.44
10013783,34471105,2019-05-23,2,Hogar,146.81,293.62
12335092,4154195,2019-05-23,2,Ropa,184.24,368.48
8951424,31167762,2019-05-23,2,Belleza,45.71,91.42
870842,43695891,2019-05-23,2,Ropa,147.66,295.32
13213174,4461976,2019-05-23,2,Deportes,134.37,268.74
13497860,38627421,2019-05-23,2,Ropa,10.22,20.44
24799650,33207773,2019-05-23,3,Ropa,82.15,246.45000000000002
40330402,50032230,2019-05-23,2,Belleza,89.84,179.68
41018511,45284165,2019-05-23,2,Electronica,205.96,411.92
10332467,44292093,2019-05-22,3,Libros,13.25,39.75
23850208,6019666,2019-05-23,2,Ropa,103.43,206.86
8784194,38995145,2019-05-23,2,Belleza,63.05,126.1
22920640,34152971,2019-05-22,2,Electronica,357.87,715.74
26771179,35470162,2019-05-23,2,Libros,8.52,17.04
3167759,47225147,2019-05-22,2,Deportes,48.36,96.72
17862575,33405313,2019-05-22,3,Deportes,254.63,763.89
21245896,34350893,2019-05-22,2,Belleza,53.69,107.38
40293362,38783549,2019-05-22,2,Deportes,381.75,763.5
7315814,44051794,2019-05-22,2,Deportes,216.69,433.38
36215207,35883061,2019-05-22,2,Hogar,165.69,331.38
38652873,50476987,2019-05-22,2,Ropa,120.32,240.64
13045281,33654889,2019-05-22,3,Belleza,114.66,343.98
10450205,4368208,2019-05-22,2,Deportes,267.18,534.36
14518408,42921787,2019-05-22,2,Electronica,1026.01,2052.02
13823620,45602974,2019-05-22,3,Deportes,87.99,263.96999999999997
1190881,48229396,2019-05-22,2,Libros,32.09,64.18
23420439,43524799,2019-05-22,2,Belleza,46.04,92.08
15206960,4483081,2019-05-22,2,Ropa,79.75,159.5
1638833,376188,2019-05-22,2,Ropa,99.48,198.96
12482053,43524799,2019-05-22,2,Belleza,46.04,92.08
35708333,49931778,2019-05-22,2,Belleza,97.1,194.2
18559881,37111636,2019-05-22,2,Hogar,238.44,476.88
10478324,31363973,2019-05-22,2,Belleza,12.23,24.46
8578203,35821042,2019-05-22,2,Deportes,364.11,728.22
1580681,36796360,2019-05-22,2,Libros,34.96,69.92
5799421,32797063,2019-05-22,2,Electronica,1390.52,2781.04
18068133,31651793,2019-05-22,2,Belleza,70.82,141.64
13589703,48968865,2019-05-22,2,Hogar,48.77,97.54
12280385,45607481,2019-05-22,2,Belleza,68.58,137.16
22524187,32590162,2019-05-22,2,Ropa,119.39,238.78
12698145,46635591,2019-05-22,2,Deportes,101.45,202.9
929844,2430094,2019-05-22,2,Deportes,198.99,397.98
33481184,39882222,2019-05-22,2,Deportes,194.59,389.18
17973327,44747413,2019-05-22,2,Deportes,256.69,513.38
17479116,42512072,2019-05-22,2,Deportes,118.65,237.3
28052645,48352178,2019-05-23,4,Deportes,241.06,964.24
36930709,36833901,2019-05-23,2,Electronica,399.38,798.76
37442220,35650427,2019-05-22,2,Hogar,231.53,463.06
20828615,45296127,2019-05-21,3,Deportes,66.63,199.89
1190835,42510097,2019-05-21,5,Hogar,33.09,165.45000000000002
17952816,43120726,2019-05-21,2,Libros,22.63,45.26
20871486,38948544,2019-05-22,2,Deportes,124.34,248.68
24423879,48727511,2019-05-22,2,Belleza,51.8,103.6
41857178,37356282,2019-05-21,2,Deportes,385.55,771.1
40116123,49782722,2019-05-21,2,Ropa,109.22,218.44
8597015,83183,2019-05-21,3,Electronica,852.11,2556.33
5344687,47462740,2019-05-22,2,Belleza,113.28,226.56
18231425,42676541,2019-05-21,2,Belleza,110.93,221.86
21443412,34383719,2019-05-21,2,Ropa,177.98,355.96
41526027,35243753,2019-05-21,2,Deportes,57.24,114.48
24423879,41880573,2019-05-21,2,Libros,58.27,116.54
1392910,4913103,2019-05-21,2,Electronica,969.73,1939.46
28645089,41225574,2019-05-21,3,Belleza,97.93,293.79
16814944,43248749,2019-05-21,2,Electronica,1261.58,2523.16
31092389,6727155,2019-05-21,2,Belleza,71.46,142.92
29265254,6950075,2019-05-21,2,Deportes,26.65,53.3
20043143,39617850,2019-05-21,2,Libros,58.55,117.1
11342056,3170989,2019-05-21,2,Belleza,59.3,118.6
29223,38115857,2019-05-21,3,Libros,26.65,79.94999999999999
19147904,44747295,2019-05-21,2,Electronica,197.85,395.7
3747463,34289893,2019-05-21,2,Belleza,50.42,100.84
13575708,46848985,2019-05-21,2,Libros,47.92,95.84
29973032,47240423,2019-05-21,2,Hogar,220.71,441.42
7515195,42040545,2019-05-21,2,Deportes,112.03,224.06
6744962,7005775,2019-05-21,3,Ropa,72.19,216.57
13073454,50287403,2019-05-21,2,Libros,59.19,118.38
12071986,34586753,2019-05-21,2,Ropa,79.95,159.9
1923213,36502438,2019-05-21,2,Deportes,220.16,440.32
39752163,36813659,2019-05-21,2,Ropa,171.18,342.36
41294234,3078815,2019-05-21,2,Deportes,220.42,440.84
826008,35140220,2019-05-21,2,Ropa,71.65,143.3
11706560,35627510,2019-05-21,3,Libros,33.81,101.43
11213690,42600424,2019-05-21,2,Hogar,70.33,140.66
15419113,75786,2019-05-21,3,Ropa,34.7,104.10000000000001
10206092,36972175,2019-05-21,2,Hogar,310.21,620.42
2489374,49801067,2019-05-21,2,Ropa,147.85,295.7
29525561,40264852,2019-05-21,2,Libros,43.18,86.36
4706512,36825189,2019-05-21,2,Belleza,110.51,221.02
11279916,47238955,2019-05-21,2,Deportes,295.76,591.52
40516717,48114210,2019-05-21,2,Electronica,158.19,316.38
34806561,3488956,2019-05-21,2,Hogar,187.85,375.7
14220003,42671750,2019-05-21,2,Electronica,634.2,1268.4
29746324,40211410,2019-05-21,5,Deportes,20.97,104.85
4187536,31059203,2019-05-21,2,Hogar,262.94,525.88
10694997,38034084,2019-05-21,2,Ropa,46.71,93.42
30443531,35106449,2019-05-21,2,Hogar,436.05,872.1
14248963,34424935,2019-05-21,2,Electronica,201.29,402.58
11235545,37790515,2019-05-21,3,Libros,5.08,15.24
23777810,36468634,2019-05-21,2,Deportes,191.44,382.88
30821209,1069623,2019-05-21,2,Hogar,241.16,482.32
8605329,33296411,2019-05-21,2,Deportes,79.06,158.12
33003850,32571183,2019-05-21,2,Hogar,458.01,916.02
35761968,802719,2019-05-21,2,Hogar,372.92,745.84
27221070,4944835,2019-05-21,2,Libros,55.6,111.2
6660557,2798517,2019-05-21,2,Hogar,35.34,70.68
14902491,33429270,2019-05-20,2,Ropa,85.16,170.32
17724791,1008559,2019-05-20,2,Belleza,119.63,239.26
10754770,31255558,2019-05-21,2,Libros,17.83,35.66
21216220,49370622,2019-05-21,2,Libros,45.3,90.6
15436007,35134963,2019-05-20,2,Hogar,491.07,982.14
12402516,38329621,2019-05-20,2,Belleza,114.62,229.24
1009705,37214614,2019-05-20,4,Ropa,41.18,164.72
8508353,47709800,2019-05-21,2,Belleza,30.46,60.92
18206452,42462880,2019-05-20,2,Electronica,274.48,548.96
27092035,38489475,2019-05-20,2,Belleza,39.77,79.54
41474235,42053724,2019-05-20,2,Ropa,147.63,295.26
8843186,37855545,2019-05-20,2,Belleza,23.97,47.94
40540447,2243424,2019-05-20,5,Deportes,219.21,1096.05
14227476,35110502,2019-05-20,2,Hogar,145.57,291.14
19228797,36962620,2019-05-20,2,Electronica,1252.33,2504.66
36439756,3581690,2019-05-20,2,Deportes,22.51,45.02
10586786,35406479,2019-05-20,2,Hogar,61.34,122.68
21233274,44596787,2019-05-20,2,Deportes,104.78,209.56
5261986,32767450,2019-05-20,2,Ropa,125.0,250.0
552631,50010726,2019-05-20,2,Hogar,61.9,123.8
1796115,1846471,2019-05-20,3,Hogar,241.16,723.48
40204264,31138735,2019-05-20,2,Libros,28.99,57.98
17187869,2871519,2019-05-20,2,Electronica,1286.16,2572.32
13029949,36307743,2019-05-20,2,Ropa,128.83,257.66
8436068,36560230,2019-05-20,2,Electronica,977.57,1955.14
41778551,42613393,2019-05-20,2,Libros,57.35,114.7
9559868,44620264,2019-05-20,2,Belleza,117.97,235.94
21631118,37138360,2019-05-20,2,Deportes,268.29,536.58
18439703,33030334,2019-05-20,2,Electronica,806.9,1613.8
33292124,42530775,2019-05-20,2,Deportes,251.01,502.02
14247846,32119615,2019-05-20,2,Ropa,82.66,165.32
12891204,6670110,2019-05-20,2,Belleza,118.56,237.12
11644794,42803906,2019-05-20,2,Ropa,143.95,287.9
14175616,39683360,2019-05-20,2,Belleza,38.47,76.94
27881156,3747797,2019-05-20,2,Belleza,11.64,23.28
14988557,39364801,2019-05-20,3,Deportes,36.99,110.97
3770056,38491001,2019-05-20,2,Ropa,48.93,97.86
9820242,49516118,2019-05-20,2,Ropa,54.25,108.5
12486437,32616150,2019-05-20,2,Electronica,651.82,1303.64
10866814,38040708,2019-05-20,2,Ropa,50.82,101.64
3416662,40437195,2019-05-20,2,Electronica,964.82,1929.64
39700049,511199,2019-05-20,2,Belleza,34.81,69.62
9473380,36392871,2019-05-20,2,Hogar,117.46,234.92
1121197,44077637,2019-05-20,2,Hogar,106.12,212.24
11620597,34732094,2019-05-20,2,Belleza,97.58,195.16
16363790,36860936,2019-05-20,3,Hogar,243.55,730.6500000000001
8849939,37734164,2019-05-20,2,Libros,53.88,107.76
15219201,4973854,2019-05-20,2,Ropa,98.98,197.96
3196555,48825463,2019-05-20,2,Libros,27.76,55.52
14295702,2980442,2019-05-20,2,Ropa,119.84,239.68
15573109,6930097,2019-05-20,2,Electronica,422.96,845.92
2884003,42513354,2019-05-20,2,Libros,24.44,48.88
22567291,6626510,2019-05-20,3,Libros,16.76,50.28
18617678,35845960,2019-05-20,2,Libros,36.45,72.9
33583562,32242646,2019-05-20,2,Belleza,85.2,170.4
10253527,39862043,2019-05-20,2,Electronica,1026.86,2053.72
12307754,33655173,2019-05-20,2,Hogar,138.59,277.18
10211703,48229442,2019-05-20,2,Electronica,1180.49,2360.98
31542773,3936326,2019-05-20,2,Belleza,34.43,68.86
9835392,35172900,2019-05-31,2,Ropa,38.56,77.12
15693666,35755798,2019-05-31,2,Electronica,557.22,1114.44
29678950,40978209,2019-05-31,2,Libros,37.88,75.76
10786249,38266166,2019-05-31,2,Hogar,83.87,167.74
13919159,4097007,2019-05-31,2,Hogar,329.32,658.64
2030318,48979507,2019-05-31,2,Ropa,173.98,347.96
12119052,34693648,2019-05-31,2,Electronica,475.05,950.1
7450365,49292901,2019-05-31,2,Belleza,56.77,113.54
15181975,4029314,2019-05-31,2,Ropa,53.38,106.76
42960208,48010613,2019-05-31,3,Electronica,573.83,1721.4900000000002
34701249,47045484,2019-05-31,2,Deportes,28.35,56.7
1528413,37349477,2019-05-31,2,Hogar,477.58,955.16
32680212,45039079,2019-05-31,2,Belleza,52.83,105.66
17174391,46472383,2019-05-31,2,Libros,48.39,96.78
8157340,39004253,2019-05-31,2,Belleza,21.4,42.8
22448555,31551837,2019-05-31,2,Libros,49.68,99.36
8300351,40621071,2019-05-31,2,Belleza,103.92,207.84
34640213,36691951,2019-05-31,2,Hogar,362.01,724.02
5632656,421204,2019-05-31,2,Libros,54.68,109.36
9485747,46265712,2019-05-31,3,Electronica,292.44,877.3199999999999
2297240,47478745,2019-05-31,2,Ropa,70.48,140.96
1617875,45796926,2019-05-31,2,Libros,31.21,62.42
8453248,50300762,2019-05-31,2,Ropa,127.82,255.64
32114131,42170501,2019-05-31,2,Electronica,914.48,1828.96
22386183,40284012,2019-05-31,2,Ropa,173.6,347.2
3608518,38512397,2019-05-31,2,Belleza,29.8,59.6
2750948,32703299,2019-05-31,2,Electronica,304.68,609.36
14737656,40286420,2019-05-31,2,Belleza,34.14,68.28
5979450,37642202,2019-05-31,2,Deportes,358.79,717.58
22734923,31586482,2019-05-31,2,Belleza,113.22,226.44
3064618,49231203,2019-05-31,2,Belleza,70.51,141.02
14150273,6827746,2019-05-31,2,Ropa,105.26,210.52
6434969,33880888,2019-05-31,2,Libros,38.3,76.6
41893,37631175,2019-05-31,2,Deportes,254.2,508.4
38731973,4916074,2019-05-30,2,Ropa,125.67,251.34
4087654,44195357,2019-05-30,2,Belleza,24.59,49.18
42183765,42717271,2019-05-30,4,Belleza,83.94,335.76
10156557,51361603,2019-05-30,2,Deportes,191.89,383.78
21762714,39099489,2019-05-30,2,Deportes,216.61,433.22
20893031,45922880,2019-05-30,2,Electronica,93.96,187.92
41272805,3311095,2019-05-30,2,Ropa,155.27,310.54
3324016,4349063,2019-05-30,2,Ropa,27.45,54.9
35126739,45197836,2019-05-30,2,Deportes,337.46,674.92
7671791,45362179,2019-05-30,3,Deportes,255.38,766.14
6943736,6806209,2019-05-30,2,Hogar,378.13,756.26
5456318,6057188,2019-05-30,2,Libros,33.75,67.5
10806978,50810963,2019-05-30,2,Hogar,317.14,634.28
12211563,3633997,2019-05-30,2,Ropa,165.13,330.26
10299074,47351002,2019-05-30,2,Deportes,254.97,509.94
41429032,44074484,2019-05-30,2,Ropa,84.97,169.94
14293107,35538105,2019-05-30,2,Libros,48.55,97.1
13302888,34902769,2019-05-30,3,Libros,30.75,92.25
13584114,37546648,2019-05-30,2,Belleza,83.22,166.44
1728297,48047129,2019-05-30,3,Belleza,76.46,229.38
11271671,43448921,2019-05-30,2,Belleza,85.77,171.54
37115948,49863032,2019-05-30,2,Belleza,95.3,190.6
13839876,35638743,2019-06-01,2,Ropa,25.13,50.26
1776026,6871594,2019-05-30,2,Hogar,263.67,527.34
6514476,4399948,2019-05-30,2,Ropa,79.58,159.16
42825943,32657162,2019-05-29,2,Deportes,328.97,657.94
30902244,51305109,2019-05-29,3,Belleza,62.18,186.54
41686495,39311749,2019-05-29,2,Electronica,1437.12,2874.24
26670920,50398514,2019-05-29,2,Belleza,91.56,183.12
6238540,958336,2019-05-29,2,Deportes,85.03,170.06
18499617,31621106,2019-05-29,2,Belleza,100.4,200.8
25339437,37856104,2019-05-29,2,Hogar,282.52,565.04
8019414,1265249,2019-05-29,2,Ropa,197.05,394.1
12069778,39349792,2019-05-29,2,Ropa,146.58,293.16
18541762,40276034,2019-05-29,2,Belleza,90.45,180.9
17159675,2158942,2019-05-29,3,Deportes,52.07,156.21
11618367,37254044,2019-05-29,2,Ropa,85.04,170.08
21797671,51856300,2019-05-29,2,Ropa,108.28,216.56
27508441,50892553,2019-05-29,4,Electronica,1266.57,5066.28
13455982,3172554,2019-05-29,4,Deportes,297.15,1188.6
19035921,24802059,2019-05-29,2,Deportes,160.36,320.72
18050551,46860786,2019-05-29,3,Ropa,134.15,402.45000000000005
9099422,3748951,2019-05-29,2,Ropa,119.61,239.22
1694709,49499918,2019-05-29,2,Ropa,33.95,67.9
42223213,35750460,2019-05-29,2,Libros,17.92,35.84
23085684,39102491,2019-05-29,3,Belleza,41.58,124.74
42453310,37168590,2019-05-29,2,Hogar,180.44,360.88
41973330,5904601,2019-05-29,2,Belleza,27.48,54.96
3581353,48529737,2019-05-29,2,Hogar,87.81,175.62
24704882,2075487,2019-05-29,3,Deportes,357.97,1073.91
27240148,4654990,2019-05-29,2,Deportes,42.12,84.24
34393497,51758636,2019-05-29,2,Electronica,1316.0,2632.0
26312346,2843107,2019-05-29,2,Belleza,38.23,76.46
26377492,48456150,2019-05-29,3,Electronica,470.96,1412.8799999999999
33035376,32240880,2019-05-29,2,Libros,16.34,32.68
42587815,51295798,2019-05-29,2,Deportes,200.65,401.3
27437258,7076289,2019-05-29,2,Libros,33.28,66.56
7929364,36949940,2019-05-29,2,Deportes,99.15,198.3
4148636,47177839,2019-05-29,2,Electronica,932.43,1864.86
11892496,321315,2019-05-29,2,Electronica,1098.35,2196.7
811919,35299456,2019-05-29,2,Hogar,418.04,836.08
40740642,47095979,2019-05-29,2,Belleza,74.84,149.68
40674870,40276011,2019-05-29,2,Belleza,74.61,149.22
42018821,6728356,2019-05-29,2,Electronica,592.07,1184.14
26574038,35828245,2019-05-29,2,Deportes,242.47,484.94
35569717,49571017,2019-05-29,3,Ropa,105.44,316.32
3382133,43872304,2019-05-29,2,Electronica,333.55,667.1
20226226,35651278,2019-05-29,2,Libros,45.15,90.3
33391426,32931488,2019-05-29,2,Belleza,97.17,194.34
33615486,952997,2019-05-28,2,Deportes,266.54,533.08
13308904,48004396,2019-05-28,2,Libros,22.81,45.62
1981970,42110403,2019-05-28,2,Hogar,464.49,928.98
26129211,47108176,2019-05-28,2,Hogar,235.85,471.7
42194302,36949510,2019-05-28,2,Belleza,35.58,71.16
42287167,3269538,2019-05-28,2,Ropa,87.56,175.12
2198005,36326232,2019-05-28,2,Electronica,1053.51,2107.02
13046136,38911978,2019-05-28,2,Deportes,341.45,682.9
41921268,47342559,2019-05-28,3,Libros,24.61,73.83
10805809,47315353,2019-05-28,2,Ropa,101.55,203.1
38494625,35056027,2019-05-28,2,Electronica,387.31,774.62
42785021,3814128,2019-05-28,2,Libros,39.46,78.92
1802403,3135013,2019-05-28,2,Deportes,370.06,740.12
12051491,1763269,2019-05-28,4,Hogar,103.9,415.6
25046366,2899126,2019-05-28,2,Electronica,1214.38,2428.76
13653991,48909396,2019-05-28,2,Ropa,18.58,37.16
40588890,34250037,2019-05-28,2,Belleza,59.81,119.62
31370373,47323854,2019-05-28,3,Ropa,161.91,485.73
41680124,49967677,2019-05-28,2,Belleza,63.14,126.28
27572618,46370878,2019-05-28,2,Deportes,159.08,318.16
13520921,50344360,2019-05-28,2,Ropa,81.69,163.38
42483496,36955970,2019-05-28,2,Libros,43.32,86.64
13721986,48449119,2019-05-28,2,Deportes,116.53,233.06
24546533,46484312,2019-05-28,2,Deportes,271.39,542.78
24723311,33073943,2019-05-28,2,Electronica,1355.91,2711.82
4345334,2145560,2019-05-28,2,Electronica,514.37,1028.74
1626332,35412812,2019-05-28,3,Belleza,40.75,122.25
24464827,6772765,2019-05-28,2,Deportes,274.03,548.06
42185887,6280076,2019-05-28,3,Ropa,97.54,292.62
42311391,32069143,2019-05-28,2,Hogar,187.21,374.42
13046136,42585510,2019-05-28,3,Electronica,692.61,2077.83
17849405,34932446,2019-05-28,2,Hogar,126.26,252.52
35202210,48731895,2019-05-28,2,Deportes,89.7,179.4
36879095,42834709,2019-05-28,3,Belleza,94.46,283.38
6518232,6624405,2019-05-28,3,Ropa,16.56,49.67999999999999
7831271,35158448,2019-05-28,2,Libros,26.69,53.38
35171125,51125663,2019-05-28,2,Libros,16.04,32.08
7239165,36322504,2019-05-28,2,Belleza,72.9,145.8
39162395,3261451,2019-05-28,2,Belleza,96.23,192.46
15524684,31225529,2019-05-28,2,Belleza,54.36,108.72
15106430,31834432,2019-05-28,2,Libros,59.73,119.46
7097820,35033613,2019-05-28,5,Libros,15.85,79.25
12597932,45982906,2019-05-28,2,Electronica,184.82,369.64
15380973,4258758,2019-05-28,2,Belleza,13.67,27.34
35758626,4665509,2019-05-28,2,Deportes,337.46,674.92
17912303,40089265,2019-05-28,2,Deportes,186.35,372.7
4727909,32283621,2019-05-28,2,Ropa,10.59,21.18
41431381,34582740,2019-05-28,2,Deportes,68.09,136.18
12901520,38610580,2019-05-28,3,Libros,53.11,159.32999999999998
14303900,44597594,2019-05-28,2,Electronica,1321.54,2643.08
3167937,4080169,2019-05-28,2,Deportes,326.44,652.88
31795087,32546896,2019-05-28,3,Hogar,135.43,406.29
13429821,34867121,2019-05-28,2,Electronica,590.49,1180.98
35130626,5931026,2019-05-28,2,Electronica,1130.14,2260.28
27480027,6361936,2019-05-28,2,Deportes,205.95,411.9
32978798,42211437,2019-05-28,2,Hogar,89.61,179.22
22528066,31991157,2019-05-28,2,Electronica,153.59,307.18
10880227,35283869,2019-05-28,2,Ropa,56.13,112.26
10771166,4137882,2019-05-28,2,Deportes,389.58,779.16
2456453,7029516,2019-05-28,2,Hogar,88.24,176.48
8648968,46021583,2019-05-28,2,Electronica,792.71,1585.42
36390445,51365330,2019-05-28,2,Electronica,1102.82,2205.64
9566162,41696363,2019-05-28,2,Hogar,159.72,319.44
12236171,31272415,2019-05-28,2,Hogar,246.84,493.68
12536744,31673290,2019-05-28,2,Electronica,1135.47,2270.94
29113769,4370161,2019-05-28,2,Belleza,11.82,23.64
38045370,3258487,2019-05-28,2,Deportes,271.22,542.44
19146630,35168746,2019-05-28,2,Libros,29.15,58.3
6030085,47605428,2019-05-28,2,Deportes,154.49,308.98
5704305,43380529,2019-05-28,2,Belleza,91.75,183.5
15576914,48275009,2019-05-28,2,Belleza,42.16,84.32
4193327,4192411,2019-05-28,2,Belleza,95.59,191.18
2010880,2286793,2019-05-28,2,Deportes,278.34,556.68
18170286,31677136,2019-05-28,3,Ropa,119.76,359.28000000000003
19963203,3302117,2019-05-28,2,Belleza,100.1,200.2
27878672,39593881,2019-05-28,2,Deportes,160.14,320.28
14091250,31124039,2019-05-28,2,Libros,16.28,32.56
10316209,36296332,2019-05-28,2,Deportes,34.13,68.26
16743858,45690594,2019-05-28,4,Hogar,359.55,1438.2
5090162,6715476,2019-05-28,2,Deportes,54.71,109.42
12790227,5770510,2019-05-28,2,Deportes,388.81,777.62
5617019,5987056,2019-05-28,2,Electronica,1469.18,2938.36
15603907,35646248,2019-05-28,2,Electronica,238.82,477.64
13766200,32595982,2019-05-28,2,Electronica,200.71,401.42
40541195,3257239,2019-05-28,2,Deportes,176.83,353.66
12893630,49614349,2019-05-28,2,Ropa,193.1,386.2
9404039,34985874,2019-05-28,3,Hogar,209.15,627.45
1032231,35532300,2019-05-28,2,Hogar,191.44,382.88
13225892,46385326,2019-05-28,2,Libros,43.7,87.4
12533982,45734720,2019-05-28,2,Ropa,43.96,87.92
36146459,34909633,2019-05-28,2,Ropa,79.03,158.06
7415052,46817743,2019-05-28,2,Hogar,156.28,312.56
26980163,47571181,2019-05-28,2,Belleza,74.18,148.36
29011786,45708093,2019-05-28,2,Electronica,285.99,571.98
7264839,37111513,2019-05-28,2,Electronica,845.62,1691.24
3568477,32630021,2019-05-28,2,Hogar,430.91,861.82
3780497,41974259,2019-05-28,2,Ropa,107.69,215.38
41898545,34388922,2019-05-28,2,Libros,42.59,85.18
23149845,1069033,2019-05-28,2,Belleza,13.65,27.3
17755209,51577301,2019-05-28,2,Hogar,232.77,465.54
28311318,47465773,2019-05-28,2,Electronica,187.6,375.2
42185887,31511824,2019-05-28,2,Belleza,72.23,144.46
16883386,48014651,2019-05-28,2,Deportes,247.8,495.6
1034759,2530935,2019-05-28,2,Ropa,63.4,126.8
22472947,46388860,2019-05-28,2,Deportes,129.16,258.32
23004957,42572216,2019-05-28,2,Libros,9.22,18.44
14825520,45310533,2019-05-28,2,Hogar,165.47,330.94
5498592,33661794,2019-05-28,2,Electronica,784.68,1569.36
26299095,26710859,2019-05-28,2,Belleza,72.24,144.48
3721357,48774635,2019-05-28,2,Deportes,45.33,90.66
23131064,31977381,2019-05-28,2,Hogar,413.88,827.76
18575429,36506501,2019-05-28,2,Belleza,79.92,159.84
27269805,7105535,2019-05-28,3,Libros,31.89,95.67
4559705,35564684,2019-05-28,3,Libros,15.53,46.589999999999996
18163329,51030801,2019-05-28,2,Electronica,828.52,1657.04
11783678,47460460,2019-05-28,2,Deportes,336.46,672.92
2428092,38895959,2019-05-28,2,Libros,23.82,47.64
42153667,2848578,2019-05-28,2,Deportes,90.4,180.8
35930299,42726293,2019-05-28,2,Belleza,25.02,50.04
13998446,51173162,2019-05-28,2,Belleza,68.46,136.92
18393314,35616441,2019-05-28,2,Electronica,1149.21,2298.42
29908776,33027793,2019-05-28,2,Deportes,379.11,758.22
21327726,32882961,2019-05-28,2,Electronica,800.91,1601.82
15053013,33048433,2019-05-28,2,Belleza,85.61,171.22
9442643,6515655,2019-05-28,2,Belleza,100.67,201.34
16653807,39106092,2019-05-28,2,Hogar,382.16,764.32
9393252,41889042,2019-05-28,2,Libros,33.51,67.02
12475274,39833031,2019-05-28,2,Belleza,110.33,220.66
26038751,38580133,2019-05-28,2,Deportes,266.07,532.14
22098159,31451577,2019-05-28,2,Hogar,187.37,374.74
22035564,3059799,2019-05-28,2,Ropa,87.27,174.54
42691721,43864680,2019-05-27,2,Ropa,110.82,221.64
13898422,50416889,2019-05-27,2,Electronica,785.56,1571.12
17313521,42719119,2019-05-27,3,Hogar,358.92,1076.76
21965799,47418002,2019-05-27,2,Belleza,52.15,104.3
18089180,4240392,2019-05-27,2,Ropa,28.96,57.92
17491858,511359,2019-05-27,2,Electronica,1193.63,2387.26
42594139,43620023,2019-05-27,2,Libros,42.67,85.34
3226931,4593913,2019-05-27,2,Hogar,475.81,951.62
31325846,40276009,2019-05-27,2,Deportes,216.44,432.88
17608131,282558,2019-05-27,2,Hogar,222.93,445.86
19563271,47002015,2019-05-27,5,Electronica,163.4,817.0
4701045,31571582,2019-05-27,2,Belleza,33.23,66.46
42623759,32445246,2019-05-27,3,Electronica,226.35,679.05
3321513,6929796,2019-05-27,2,Belleza,93.93,187.86
42401544,6626407,2019-05-27,2,Electronica,148.25,296.5
21424853,35568642,2019-05-27,2,Belleza,109.4,218.8
6737355,38585547,2019-05-27,2,Belleza,37.39,74.78
20092715,35537156,2019-05-27,3,Deportes,361.57,1084.71
21121476,48496000,2019-05-27,2,Hogar,390.15,780.3
31644267,3720460,2019-05-27,2,Libros,52.92,105.84
25157921,6316425,2019-05-27,2,Hogar,118.81,237.62
2432954,6137194,2019-05-27,2,Hogar,303.91,607.82
35855797,31631877,2019-05-27,2,Deportes,55.56,111.12
6225524,410840,2019-05-27,5,Hogar,104.03,520.15
22640687,40276011,2019-05-27,2,Belleza,74.61,149.22
10883999,47011231,2019-05-27,3,Belleza,28.26,84.78
15444156,50105038,2019-05-27,2,Belleza,40.64,81.28
12135546,46676144,2019-05-27,3,Electronica,1124.18,3372.54
10254980,40957751,2019-05-27,3,Deportes,29.39,88.17
10837058,46357539,2019-05-27,2,Electronica,1359.52,2719.04
15918437,41265509,2019-05-27,2,Deportes,46.91,93.82
1053919,31991356,2019-05-27,2,Electronica,595.91,1191.82
24473241,1078951,2019-05-27,2,Ropa,25.41,50.82
29972713,6460080,2019-05-27,2,Hogar,387.95,775.9
28163653,4909749,2019-05-27,2,Hogar,83.54,167.08
9002371,42919877,2019-05-27,2,Libros,53.66,107.32
10051963,46043519,2019-05-27,2,Belleza,65.98,131.96
7264434,32717530,2019-05-27,2,Belleza,5.7,11.4
42096467,48833585,2019-05-27,2,Libros,57.17,114.34
4956548,51449873,2019-05-27,2,Ropa,65.17,130.34
22795156,4756583,2019-05-27,3,Libros,29.99,89.97
42038051,44823612,2019-05-27,2,Hogar,351.71,703.42
29382951,48670009,2019-05-27,2,Belleza,100.67,201.34
27306063,9076610,2019-05-27,2,Belleza,118.98,237.96
5868753,1786375,2019-05-27,2,Ropa,90.06,180.12
11795145,46743111,2019-05-27,2,Ropa,178.76,357.52
6097445,42236698,2019-05-27,2,Hogar,447.83,895.66
16745239,37519582,2019-05-27,2,Electronica,221.08,442.16
15593370,31235419,2019-05-27,2,Deportes,289.3,578.6
30738231,45567867,2019-05-27,2,Belleza,91.53,183.06
12525354,41906117,2019-05-27,2,Deportes,154.47,308.94
10928272,35022615,2019-05-27,2,Ropa,76.16,152.32
15319966,41086382,2019-05-27,2,Belleza,16.65,33.3
27862935,40745993,2019-05-27,4,Libros,26.27,105.08
23489080,36253688,2019-05-27,2,Libros,53.41,106.82
13561610,34859104,2019-05-27,2,Libros,23.62,47.24
25032920,48549177,2019-05-27,2,Ropa,196.3,392.6
41927074,36863739,2019-05-27,2,Belleza,50.17,100.34
10355262,40293793,2019-05-27,2,Ropa,178.42,356.84
11697886,36524490,2019-05-27,2,Belleza,30.45,60.9
41927074,36992342,2019-05-27,2,Belleza,63.61,127.22
36623903,4268892,2019-05-27,2,Libros,44.44,88.88
8918284,48799664,2019-05-27,2,Hogar,37.01,74.02
14603135,31348540,2019-05-27,2,Libros,33.6,67.2
19178467,3764862,2019-05-27,2,Electronica,858.1,1716.2
39393146,46015113,2019-05-27,2,Belleza,101.34,202.68
3622591,46365911,2019-05-27,3,Electronica,736.84,2210.52
18283005,35486013,2019-05-27,2,Hogar,49.03,98.06
41059929,34709110,2019-05-27,2,Electronica,439.5,879.0
18042615,45604178,2019-05-27,2,Libros,36.17,72.34
934717,45665859,2019-05-27,2,Hogar,406.47,812.94
6702825,5989378,2019-05-27,2,Hogar,287.03,574.06
841495,38801021,2019-05-27,2,Ropa,187.88,375.76
5741728,42767764,2019-05-27,2,Deportes,327.93,655.86
8276341,3009451,2019-05-27,2,Libros,13.59,27.18
16664366,32002411,2019-05-27,2,Belleza,49.73,99.46
33704542,35559982,2019-05-27,2,Libros,41.77,83.54
905395,39242359,2019-05-27,2,Belleza,112.92,225.84
26778778,2788400,2019-05-27,2,Belleza,118.59,237.18
3003366,30243509,2019-05-27,2,Electronica,1156.62,2313.24
25404375,3309269,2019-05-27,2,Belleza,70.98,141.96
40485385,38132918,2019-05-27,2,Belleza,92.01,184.02
14330340,1008721,2019-05-27,2,Ropa,61.91,123.82
15328180,35613743,2019-05-27,2,Hogar,152.55,305.1
12774948,35351405,2019-05-27,3,Libros,40.99,122.97
10033953,48472605,2019-05-27,2,Libros,52.95,105.9
2019597,43818686,2019-05-27,2,Belleza,116.53,233.06
41398055,42553585,2019-05-27,3,Deportes,149.71,449.13
2358247,4660546,2019-05-27,2,Libros,48.81,97.62
13330047,43279518,2019-05-27,2,Belleza,102.93,205.86
13538285,31808027,2019-05-27,2,Deportes,284.61,569.22
9323902,47001854,2019-05-27,2,Electronica,953.6,1907.2
33136761,2206195,2019-05-27,2,Electronica,554.01,1108.02
18682629,33030316,2019-05-27,2,Electronica,947.68,1895.36
2528464,34318566,2019-05-27,2,Belleza,65.7,131.4
12636874,44309999,2019-05-27,2,Belleza,72.21,144.42
16263361,47982208,2019-05-27,2,Ropa,125.24,250.48
1876100,37610045,2019-05-27,2,Deportes,255.32,510.64
20789769,43873315,2019-05-27,2,Electronica,77.24,154.48
31530074,47585228,2019-05-27,2,Hogar,166.81,333.62
1586207,34707585,2019-05-27,2,Electronica,1161.75,2323.5
10337199,32431286,2019-05-27,2,Belleza,102.41,204.82
2351038,43333967,2019-05-27,2,Ropa,42.32,84.64
2926636,48353915,2019-05-27,2,Ropa,79.79,159.58
11382767,2724423,2019-05-27,2,Libros,37.23,74.46
16501745,31818893,2019-05-27,3,Libros,50.88,152.64000000000001
16574592,50408435,2019-05-27,2,Deportes,91.73,183.46
41727253,31631877,2019-05-27,2,Deportes,55.56,111.12
11732904,47086189,2019-05-27,2,Belleza,37.58,75.16
22068710,35799968,2019-05-27,2,Belleza,117.49,234.98
25505893,33246203,2019-05-27,3,Ropa,60.0,180.0
23358121,3735903,2019-05-27,2,Hogar,318.1,636.2
15741841,32778280,2019-05-27,2,Ropa,99.23,198.46
21114142,44764808,2019-05-27,2,Ropa,176.7,353.4
308767,33005638,2019-05-27,2,Libros,7.61,15.22
8303787,2160245,2019-05-27,3,Libros,9.4,28.200000000000003
1195237,35700956,2019-05-27,3,Belleza,99.38,298.14
5378158,50105038,2019-05-26,2,Belleza,40.64,81.28
1140365,34960197,2019-05-27,2,Ropa,118.49,236.98
33353392,30243509,2019-05-27,2,Electronica,1156.62,2313.24
7419150,7055195,2019-05-27,2,Libros,16.9,33.8
42211399,34732115,2019-05-27,2,Electronica,96.11,192.22
24266699,33695292,2019-05-27,2,Belleza,108.83,217.66
42481314,41710423,2019-05-27,2,Libros,7.16,14.32
12266675,76711,2019-05-27,2,Electronica,797.07,1594.14
13490291,36560193,2019-05-27,2,Hogar,38.78,77.56
26751198,42921232,2019-05-27,2,Libros,10.68,21.36
12533067,587837,2019-05-27,2,Belleza,13.19,26.38
1335449,39310526,2019-05-27,2,Hogar,445.29,890.58
17401353,44263134,2019-05-27,2,Ropa,155.51,311.02
10500751,34614655,2019-05-27,2,Libros,15.83,31.66
6479379,44044121,2019-05-27,2,Ropa,127.89,255.78
14302199,7077194,2019-05-27,2,Libros,48.71,97.42
3869574,36509987,2019-05-27,2,Deportes,358.04,716.08
12609230,39069149,2019-05-27,2,Ropa,98.98,197.96
7248420,34222543,2019-05-27,2,Hogar,450.29,900.58
27287023,5812850,2019-05-27,3,Libros,32.93,98.78999999999999
3546977,31832510,2019-05-27,2,Ropa,140.76,281.52
13806228,45998088,2019-05-27,2,Belleza,117.59,235.18
857013,47795156,2019-05-27,2,Libros,17.98,35.96
2405241,3534128,2019-05-27,2,Libros,14.27,28.54
15327562,41295672,2019-05-27,2,Ropa,74.98,149.96
13630995,47999853,2019-05-27,2,Deportes,82.47,164.94
19130254,42595067,2019-05-27,2,Ropa,63.99,127.98
10996476,34454085,2019-05-27,2,Hogar,375.35,750.7
3818148,36488979,2019-05-26,2,Hogar,246.6,493.2
17471391,1069607,2019-05-26,3,Libros,25.63,76.89
12490462,46287431,2019-05-27,2,Libros,25.28,50.56
12324048,50835449,2019-05-27,3,Ropa,46.96,140.88
10954350,2174671,2019-05-27,3,Hogar,231.99,695.97
7097820,35180550,2019-05-27,2,Hogar,317.95,635.9
15477726,48326359,2019-05-27,2,Deportes,72.88,145.76
12375065,33102587,2019-05-26,2,Belleza,116.87,233.74
20348157,6518227,2019-05-26,2,Deportes,188.45,376.9
2079909,40428463,2019-05-26,2,Electronica,1424.54,2849.08
12018634,44751010,2019-05-26,2,Deportes,71.17,142.34
9356492,43522415,2019-05-26,2,Ropa,155.77,311.54
11643014,38613737,2019-05-26,4,Belleza,76.03,304.12
20622377,31970650,2019-05-26,2,Ropa,165.81,331.62
9524925,37776012,2019-05-26,2,Electronica,920.98,1841.96
13193744,48238388,2019-05-26,2,Belleza,115.73,231.46
9425890,48890182,2019-05-26,3,Libros,11.64,34.92
8858312,42589685,2019-05-26,2,Libros,39.48,78.96
31105954,4811685,2019-05-26,2,Hogar,395.53,791.06
24228890,3409670,2019-05-26,2,Deportes,353.48,706.96
15765548,42425865,2019-05-26,3,Ropa,145.77,437.31000000000006
19171725,48944820,2019-05-26,2,Electronica,810.14,1620.28
6079137,4405349,2019-05-27,2,Electronica,1108.37,2216.74
13545670,32431196,2019-05-26,2,Hogar,147.32,294.64
5788079,31168290,2019-05-26,2,Deportes,344.71,689.42
20506239,31818893,2019-05-26,2,Libros,50.88,101.76
14994759,34343050,2019-05-26,2,Hogar,248.08,496.16
17730316,46038207,2019-05-26,4,Deportes,255.87,1023.48
8814008,6630843,2019-05-26,2,Electronica,917.46,1834.92
14458392,2157842,2019-05-26,2,Libros,9.36,18.72
21789915,35299456,2019-05-26,2,Hogar,418.04,836.08
26194695,34962929,2019-05-26,2,Belleza,62.2,124.4
41344587,3043896,2019-05-26,2,Hogar,353.61,707.22
1526507,2821165,2019-05-26,2,Hogar,298.27,596.54
16022180,39392094,2019-05-26,2,Hogar,232.55,465.1
3246918,31124081,2019-05-26,2,Deportes,155.02,310.04
1311558,38898376,2019-05-26,2,Belleza,30.69,61.38
3921297,39283113,2019-05-26,2,Hogar,489.98,979.96
4513082,2747173,2019-05-26,2,Electronica,499.02,998.04
41835970,48754365,2019-05-26,2,Deportes,286.24,572.48
18262088,48316310,2019-05-26,4,Libros,17.33,69.32
8391357,31339014,2019-05-26,2,Hogar,316.54,633.08
22973386,6190987,2019-05-26,2,Belleza,72.82,145.64
42436362,31933319,2019-05-26,2,Electronica,1457.11,2914.22
17797437,35040975,2019-05-26,2,Deportes,43.1,86.2
3574026,31431751,2019-05-26,2,Belleza,17.43,34.86
25791551,39688478,2019-05-26,2,Libros,32.83,65.66
9978619,46394304,2019-05-26,2,Libros,33.99,67.98
20782268,47702699,2019-05-26,2,Deportes,35.17,70.34
5838528,35908108,2019-05-26,2,Hogar,415.54,831.08
23098381,33870649,2019-05-26,2,Libros,32.21,64.42
4667229,44630286,2019-05-26,2,Electronica,552.63,1105.26
35230544,37567190,2019-05-26,2,Ropa,60.31,120.62
10324322,31845818,2019-05-26,2,Belleza,41.67,83.34
26670353,31073625,2019-05-26,2,Electronica,1299.04,2598.08
24645721,31162833,2019-05-26,2,Hogar,110.42,220.84
23047535,34372945,2019-05-26,2,Electronica,282.61,565.22
10270665,36802879,2019-05-27,2,Electronica,359.11,718.22
10843945,37998157,2019-05-27,2,Ropa,128.75,257.5
38756930,36327772,2019-05-26,2,Electronica,1225.85,2451.7
39696129,6859524,2019-05-26,2,Deportes,145.77,291.54
903413,954487,2019-05-26,2,Deportes,137.63,275.26
25219817,44260553,2019-05-26,2,Belleza,24.95,49.9
39903436,6194843,2019-05-26,2,Ropa,49.75,99.5
12982690,44308594,2019-05-26,2,Belleza,76.21,152.42
10689144,47314718,2019-05-26,2,Belleza,50.63,101.26
35861469,4897840,2019-05-26,2,Belleza,33.29,66.58
39927739,6353002,2019-05-26,2,Hogar,440.48,880.96
16829059,50376735,2019-05-26,2,Hogar,65.39,130.78
22758818,35606228,2019-05-26,2,Hogar,70.85,141.7
18572459,36392612,2019-05-26,2,Ropa,16.15,32.3
25947991,35810762,2019-05-26,2,Libros,9.86,19.72
11183411,32646410,2019-05-26,2,Hogar,425.14,850.28
3343783,35406479,2019-05-26,2,Hogar,61.34,122.68
6686010,3329303,2019-05-26,2,Hogar,330.85,661.7
12759094,4524800,2019-05-26,2,Deportes,225.04,450.08
22988999,4973112,2019-05-26,10,Hogar,479.51,4795.1
11637769,4461972,2019-05-26,2,Belleza,43.67,87.34
8200465,49263038,2019-05-26,3,Ropa,50.41,151.23
27131739,1294584,2019-05-26,2,Belleza,69.63,139.26
1624700,46125522,2019-05-26,2,Deportes,224.37,448.74
16811495,50602115,2019-05-26,2,Electronica,507.9,1015.8
6449416,32428797,2019-05-26,2,Belleza,72.97,145.94
8895052,33039212,2019-05-26,2,Ropa,141.14,282.28
8352486,7485021,2019-05-26,2,Electronica,96.64,193.28
12215398,1891535,2019-05-26,2,Deportes,152.06,304.12
13711734,893225,2019-05-26,2,Electronica,58.55,117.1
17978060,48660675,2019-05-26,2,Electronica,100.8,201.6
27876804,4075546,2019-05-26,2,Deportes,272.25,544.5
42362822,31509518,2019-05-26,2,Deportes,218.84,437.68
21115160,2142881,2019-05-26,2,Belleza,99.42,198.84
16454778,35625169,2019-05-26,2,Deportes,134.16,268.32
17194055,27138409,2019-05-26,2,Ropa,164.94,329.88
7248420,4471642,2019-05-26,2,Electronica,666.96,1333.92
24274834,39395799,2019-05-26,2,Electronica,190.21,380.42
38792137,3748948,2019-05-26,2,Libros,58.79,117.58
3483913,4913171,2019-05-26,3,Deportes,214.54,643.62
29330251,6258969,2019-05-26,2,Hogar,320.3,640.6
10367050,49680809,2019-05-26,2,Hogar,340.34,680.68
23546076,33730969,2019-05-26,2,Deportes,157.72,315.44
19926088,39648548,2019-05-26,2,Ropa,152.03,304.06
9721864,35434060,2019-05-26,2,Hogar,437.08,874.16
36340850,44097055,2019-05-26,2,Libros,26.3,52.6
41881567,43952971,2019-05-26,2,Deportes,269.66,539.32
10467741,42116369,2019-05-26,2,Ropa,153.85,307.7
9851473,50615592,2019-05-26,2,Ropa,46.12,92.24
23247748,33833572,2019-05-26,2,Belleza,43.25,86.5
24352833,32051480,2019-05-26,2,Ropa,30.67,61.34
17128424,41317958,2019-05-26,3,Hogar,307.07,921.21
1013056,48366636,2019-05-26,2,Hogar,403.45,806.9
35436816,48499945,2019-05-26,2,Deportes,252.12,504.24
20113660,40375348,2019-05-26,2,Deportes,88.32,176.64
27069949,3404813,2019-05-26,2,Ropa,113.81,227.62
2319980,32129324,2019-05-26,2,Libros,50.92,101.84
16944627,46727223,2019-05-26,2,Electronica,488.95,977.9
4679439,38116011,2019-05-26,2,Belleza,100.75,201.5
11773935,43215606,2019-05-26,2,Electronica,1187.7,2375.4
22404273,46975781,2019-05-26,4,Ropa,14.13,56.52
21108765,31808028,2019-05-26,2,Ropa,55.5,111.0
17211359,39839586,2019-05-26,2,Electronica,837.27,1674.54
38494150,49639154,2019-05-26,4,Belleza,87.53,350.12
33935436,31111033,2019-05-26,2,Electronica,1326.77,2653.54
29047046,1826823,2019-05-26,2,Deportes,263.6,527.2
13239944,3291520,2019-05-26,2,Hogar,199.47,398.94
24768288,3811948,2019-05-26,2,Libros,15.15,30.3
6476633,46692328,2019-05-26,2,Deportes,308.81,617.62
34594200,6699801,2019-05-26,2,Hogar,115.29,230.58
12960808,5994846,2019-05-26,2,Libros,43.25,86.5
42159962,3704365,2019-05-26,2,Deportes,206.09,412.18
6678412,38429630,2019-05-26,2,Libros,14.97,29.94
17028971,1267570,2019-05-26,2,Libros,10.01,20.02
1810759,4184026,2019-05-26,2,Ropa,57.71,115.42
18345633,35164168,2019-05-26,2,Libros,20.67,41.34
3050670,6052768,2019-05-26,2,Belleza,79.43,158.86
26595523,4903605,2019-05-26,2,Hogar,46.24,92.48
23572851,7445901,2019-05-26,2,Belleza,61.4,122.8
1269719,49591097,2019-05-26,2,Electronica,283.28,566.56
12232970,31810238,2019-05-26,2,Belleza,111.99,223.98
10013001,6786628,2019-05-26,3,Electronica,853.82,2561.46
3748686,34732062,2019-05-26,2,Deportes,206.55,413.1
24675675,36317937,2019-05-26,2,Deportes,185.18,370.36
16735523,49755295,2019-05-26,2,Electronica,871.57,1743.14
16066305,45732598,2019-05-26,2,Hogar,300.83,601.66
10717184,6911654,2019-05-25,3,Belleza,7.58,22.740000000000002
30762380,368535,2019-05-26,2,Electronica,1485.63,2971.26
16858061,48236286,2019-05-26,2,Libros,35.66,71.32
31350244,34233849,2019-05-26,2,Ropa,16.69,33.38
3057287,4931218,2019-05-26,2,Deportes,244.19,488.38
17542539,46703192,2019-05-26,2,Ropa,93.04,186.08
2879836,45995863,2019-05-26,2,Ropa,116.54,233.08
13248628,33028221,2019-05-25,2,Libros,6.32,12.64
4874475,35104525,2019-05-25,2,Deportes,247.21,494.42
14579048,46409772,2019-05-25,2,Libros,55.84,111.68
3564899,34145308,2019-05-25,2,Belleza,118.1,236.2
16711944,42382028,2019-05-25,2,Hogar,22.62,45.24
12389615,42189114,2019-05-25,2,Deportes,24.02,48.04
12273841,49621769,2019-05-25,2,Deportes,239.59,479.18
42233150,49244697,2019-05-25,2,Libros,57.9,115.8
21165709,3747797,2019-05-25,2,Belleza,11.64,23.28
21293119,44323006,2019-05-26,2,Hogar,130.24,260.48
41825658,577647,2019-05-26,2,Ropa,58.29,116.58
26360414,42187883,2019-05-26,2,Ropa,10.08,20.16
4044717,7954467,2019-05-26,3,Hogar,47.18,141.54
20025599,45567869,2019-05-26,2,Belleza,10.16,20.32
3072066,42521247,2019-05-26,2,Ropa,166.3,332.6
35487049,47483324,2019-05-26,2,Electronica,1263.27,2526.54
14518380,40579137,2019-05-26,2,Libros,44.97,89.94
6538962,25139909,2019-05-26,2,Belleza,8.68,17.36
2964114,3227529,2019-05-26,2,Libros,24.4,48.8
6987550,6631261,2019-05-26,2,Hogar,413.31,826.62
4079246,41768205,2019-05-26,2,Ropa,112.56,225.12
41675520,6918700,2019-05-26,2,Belleza,40.0,80.0
9537384,1069963,2019-05-26,2,Ropa,93.08,186.16
19513742,46281185,2019-05-26,2,Libros,8.62,17.24
2768354,32128325,2019-05-26,2,Deportes,379.07,758.14
10435114,2479514,2019-05-26,2,Electronica,947.72,1895.44
1666454,35578766,2019-05-26,2,Hogar,369.65,739.3
16645670,35845880,2019-05-26,2,Deportes,277.1,554.2
10811723,2866605,2019-05-26,2,Belleza,81.79,163.58
1265672,43873689,2019-05-26,2,Ropa,143.28,286.56
15128078,2836441,2019-05-26,2,Deportes,26.56,53.12
6987540,48761146,2019-05-25,2,Deportes,219.64,439.28
42254665,46283034,2019-05-25,3,Belleza,99.5,298.5
23852414,35412812,2019-05-25,2,Belleza,40.75,81.5
20161247,39631879,2019-05-25,2,Deportes,36.92,73.84
34079808,35814707,2019-05-25,2,Hogar,478.74,957.48
35564291,47698628,2019-05-26,2,Libros,28.33,56.66
23749185,6025643,2019-05-25,2,Ropa,65.08,130.16
42360656,6717883,2019-05-25,2,Deportes,222.09,444.18
28609395,40928632,2019-05-25,2,Hogar,403.59,807.18
32195999,50891995,2019-05-26,2,Ropa,100.2,200.4
14294961,6190998,2019-05-26,2,Ropa,132.57,265.14
949966,34227324,2019-05-26,2,Deportes,209.97,419.94
1154361,3302862,2019-05-25,2,Hogar,321.17,642.34
22902648,2803772,2019-05-25,2,Libros,12.59,25.18
3609988,44210679,2019-05-26,2,Deportes,34.69,69.38
13532761,40270435,2019-05-26,2,Belleza,20.74,41.48
2156952,46506432,2019-05-26,2,Electronica,406.69,813.38
11174957,31474149,2019-05-25,2,Libros,36.98,73.96
14951611,35716175,2019-05-25,2,Ropa,64.31,128.62
41261095,31534894,2019-05-25,2,Electronica,609.59,1219.18
31938284,48633899,2019-05-25,2,Deportes,116.28,232.56
42119080,40725734,2019-05-27,2,Ropa,126.88,253.76
41833439,25593409,2019-05-25,2,Belleza,27.21,54.42
395455,41657191,2019-05-25,2,Hogar,236.11,472.22
15808945,40785771,2019-05-25,2,Electronica,106.28,212.56
10927202,46266547,2019-05-25,2,Deportes,33.25,66.5
15634220,6779069,2019-05-25,3,Libros,9.98,29.94
11298972,33699113,2019-05-25,2,Deportes,154.17,308.34
14527238,5481578,2019-05-25,2,Ropa,11.17,22.34
40778455,48727297,2019-05-25,2,Hogar,254.58,509.16
30156081,40109343,2019-05-25,2,Belleza,46.48,92.96
4043564,35783442,2019-05-25,2,Libros,35.55,71.1
3181750,36947592,2019-05-25,2,Electronica,172.22,344.44
11153219,36835638,2019-05-25,2,Hogar,364.6,729.2
40295939,32376332,2019-05-25,2,Deportes,115.37,230.74
4107220,4491748,2019-05-25,2,Belleza,23.06,46.12
41794273,36296895,2019-05-25,2,Hogar,149.86,299.72
13700326,37527201,2019-05-25,2,Electronica,52.56,105.12
7352293,36503135,2019-05-25,2,Electronica,1203.41,2406.82
23569319,47498750,2019-05-25,2,Hogar,35.07,70.14
2733103,6542665,2019-05-25,2,Libros,11.6,23.2
10368597,2750620,2019-05-25,2,Ropa,152.66,305.32
35748339,49983112,2019-05-25,2,Hogar,123.06,246.12
16358801,31732430,2019-05-25,2,Hogar,91.0,182.0
15746913,35167136,2019-05-25,2,Hogar,497.24,994.48
21319024,37565167,2019-05-25,2,Electronica,293.36,586.72
830783,36755650,2019-05-25,2,Deportes,319.73,639.46
1152671,2146798,2019-05-25,2,Libros,43.78,87.56
5331836,1294667,2019-05-25,2,Ropa,70.82,141.64
41702474,37627659,2019-05-25,2,Libros,22.72,45.44
26358117,33883265,2019-05-25,2,Ropa,72.84,145.68
3839241,35708360,2019-05-25,3,Hogar,288.32,864.96
29108720,34317116,2019-05-25,2,Belleza,103.02,206.04
3004919,3255274,2019-05-25,2,Hogar,202.3,404.6
31381601,6743497,2019-05-25,2,Ropa,21.62,43.24
2595665,42368522,2019-05-25,2,Hogar,196.59,393.18
27932432,40153668,2019-05-25,2,Ropa,62.73,125.46
28877923,5950407,2019-05-25,2,Electronica,350.6,701.2
7069081,6674636,2019-05-26,2,Hogar,470.52,941.04
18152189,3260135,2019-05-25,2,Hogar,353.18,706.36
19143534,42555479,2019-05-25,2,Electronica,230.44,460.88
9137819,34390995,2019-05-25,3,Belleza,10.85,32.55
24049873,33906448,2019-05-25,3,Libros,48.54,145.62
6703900,4172823,2019-05-25,2,Electronica,474.83,949.66
4252749,47557058,2019-05-25,2,Electronica,122.81,245.62
10280016,339439,2019-05-25,2,Hogar,417.56,835.12
12291780,47425369,2019-05-25,2,Libros,54.85,109.7
30441029,33324373,2019-05-25,2,Belleza,17.91,35.82
10269048,34235959,2019-05-25,3,Hogar,228.54,685.62
14821894,48936806,2019-05-25,2,Hogar,466.96,933.92
6844709,4930196,2019-05-25,2,Ropa,37.59,75.18
9254545,44751399,2019-05-25,2,Ropa,65.46,130.92
29115689,2437941,2019-05-25,2,Libros,21.74,43.48
19788964,31834507,2019-05-25,2,Belleza,8.46,16.92
42195610,4022353,2019-05-25,2,Deportes,33.78,67.56
41280770,49836363,2019-05-25,3,Ropa,191.03,573.09
12776446,35503013,2019-05-25,2,Deportes,237.02,474.04
21765975,47732556,2019-05-25,2,Electronica,494.64,989.28
26851751,48975307,2019-05-25,2,Ropa,81.95,163.9
3311921,44472578,2019-05-25,2,Ropa,145.82,291.64
3915366,35523682,2019-05-25,2,Belleza,47.15,94.3
14366807,6252284,2019-05-25,2,Libros,17.53,35.06
7647985,46358908,2019-05-25,2,Deportes,58.7,117.4
3511275,41732431,2019-05-25,2,Ropa,148.5,297.0
26904129,43190369,2019-05-25,2,Ropa,44.31,88.62
20503332,37482242,2019-05-25,2,Belleza,103.35,206.7
23179191,6241095,2019-05-25,2,Belleza,13.01,26.02
2935511,6618295,2019-05-25,2,Belleza,54.1,108.2
10597034,32492841,2019-05-24,2,Deportes,96.01,192.02
27611445,5743684,2019-05-24,2,Libros,7.18,14.36
2505492,39723052,2019-05-24,2,Deportes,386.7,773.4
2325549,48505796,2019-05-24,4,Electronica,959.57,3838.28
20749755,39580768,2019-05-24,2,Libros,13.4,26.8
3385792,48479655,2019-05-24,2,Electronica,300.06,600.12
25029770,40409679,2019-05-24,2,Hogar,291.37,582.74
13527344,31946630,2019-05-24,2,Ropa,77.75,155.5
12876484,46848985,2019-05-24,2,Libros,47.92,95.84
25145968,44305296,2019-05-24,2,Deportes,314.22,628.44
1069272,36967146,2019-05-24,2,Libros,35.02,70.04
11385117,36254131,2019-05-24,2,Ropa,92.33,184.66
15041803,35168764,2019-05-24,2,Libros,58.64,117.28
10942296,3675590,2019-05-24,2,Deportes,385.93,771.86
8814008,39273482,2019-05-24,2,Deportes,168.48,336.96
8935832,37546264,2019-05-24,2,Deportes,172.23,344.46
2125780,36347865,2019-05-24,2,Ropa,136.5,273.0
3448959,32720845,2019-05-24,2,Libros,49.52,99.04
32715900,46484515,2019-05-24,2,Belleza,77.01,154.02
23607636,42588952,2019-05-24,2,Ropa,142.74,285.48
8252808,5217990,2019-05-24,2,Deportes,161.71,323.42
5322254,43363747,2019-05-24,2,Libros,31.37,62.74
40639820,39833031,2019-05-24,2,Belleza,110.33,220.66
34325684,48896217,2019-05-24,2,Hogar,110.56,221.12
15098135,33200178,2019-05-24,2,Electronica,1036.36,2072.72
7794858,34399439,2019-05-24,2,Deportes,104.15,208.3
5761661,3675590,2019-05-24,2,Deportes,385.93,771.86
41839427,76357,2019-05-24,2,Hogar,15.61,31.22
7398622,40737297,2019-05-24,2,Belleza,112.38,224.76
7041409,45284334,2019-05-24,2,Deportes,136.29,272.58
25649242,33302316,2019-05-24,2,Hogar,110.37,220.74
13857875,44171002,2019-05-24,2,Deportes,121.9,243.8
17755017,39222729,2019-05-24,2,Ropa,72.79,145.58
817736,48167050,2019-05-24,2,Libros,31.1,62.2
27892898,31781158,2019-05-24,2,Hogar,48.64,97.28
12410180,926803,2019-05-24,2,Libros,7.9,15.8
28219393,34579392,2019-05-24,2,Ropa,65.65,131.3
32861420,2837802,2019-05-24,2,Ropa,66.2,132.4
5478739,35135933,2019-05-24,2,Libros,11.47,22.94
8609949,34576326,2019-05-24,2,Hogar,211.32,422.64
4058834,38026135,2019-05-24,2,Libros,20.62,41.24
11697297,43524799,2019-05-24,2,Belleza,46.04,92.08
11567956,43504003,2019-05-24,2,Libros,6.43,12.86
16406829,6463644,2019-05-24,2,Electronica,1334.3,2668.6
14526735,32125005,2019-05-24,2,Electronica,766.34,1532.68
27917603,33462881,2019-05-24,2,Hogar,444.72,889.44
9837384,46144228,2019-05-24,3,Libros,14.8,44.400000000000006
35852080,39749622,2019-05-24,2,Electronica,353.31,706.62
25741385,33061423,2019-05-24,2,Deportes,304.14,608.28
13498575,511199,2019-05-24,2,Belleza,34.81,69.62
4901782,46418137,2019-05-24,2,Deportes,81.89,163.78
3725001,2393699,2019-05-24,2,Libros,35.1,70.2
22851594,32959299,2019-05-24,2,Deportes,259.69,519.38
21518510,35041741,2019-05-25,2,Hogar,479.41,958.82
3680586,1996298,2019-05-23,2,Libros,25.75,51.5
15053689,32054650,2019-05-23,3,Deportes,254.92,764.76
12884350,36354620,2019-05-23,2,Belleza,105.99,211.98
21918877,42658414,2019-05-23,2,Ropa,95.49,190.98
21918877,4214259,2019-05-23,2,Libros,11.73,23.46
35426246,46660424,2019-05-23,3,Ropa,81.71,245.13
5104262,37038389,2019-05-23,4,Electronica,248.02,992.08
14974624,49092309,2019-05-23,2,Deportes,26.32,52.64
30059836,29856959,2019-05-23,4,Electronica,1139.75,4559.0
9750738,49722978,2019-05-23,2,Libros,18.11,36.22
41624312,42572212,2019-05-23,2,Electronica,1485.47,2970.94
35524393,3453474,2019-05-23,2,Ropa,10.38,20.76
26224179,39831999,2019-05-23,2,Ropa,175.76,351.52
14743611,38383130,2019-05-23,2,Hogar,31.73,63.46
22241985,48090785,2019-05-23,2,Deportes,188.64,377.28
25527464,43510415,2019-05-23,2,Libros,18.14,36.28
12496746,36545165,2019-05-23,2,Belleza,35.22,70.44
30359727,31611700,2019-05-23,2,Belleza,32.66,65.32
15782051,37111805,2019-05-23,2,Deportes,93.93,187.86
15597126,32276642,2019-05-23,2,Libros,51.27,102.54
15158963,32188320,2019-05-23,2,Deportes,84.73,169.46
41064457,45912125,2019-05-22,9,Libros,35.9,323.09999999999997
41930410,40643312,2019-05-22,2,Electronica,162.11,324.22
13955770,49307725,2019-05-23,2,Deportes,380.82,761.64
22394309,48567700,2019-05-23,2,Libros,38.18,76.36
3381838,44598276,2019-05-22,2,Belleza,108.86,217.72
19142200,34454688,2019-05-22,2,Libros,26.88,53.76
2429164,46015934,2019-05-22,2,Libros,49.59,99.18
24639633,38507358,2019-05-22,2,Deportes,344.39,688.78
1353108,36499632,2019-05-22,2,Electronica,1069.28,2138.56
41749466,44329257,2019-05-22,4,Electronica,184.77,739.08
40876911,40276034,2019-05-22,2,Belleza,90.45,180.9
39103069,42477460,2019-05-22,2,Electronica,73.32,146.64
22575230,41307990,2019-05-22,2,Electronica,294.41,588.82
2029044,42574914,2019-05-22,2,Hogar,72.28,144.56
21201247,35806397,2019-05-22,2,Deportes,295.55,591.1
41118140,33297335,2019-05-22,2,Ropa,115.83,231.66
18068996,46736309,2019-05-22,2,Ropa,158.24,316.48
22811261,34732115,2019-05-22,2,Electronica,96.11,192.22
40705835,42654563,2019-05-22,2,Deportes,219.86,439.72
27080707,36965632,2019-05-22,2,Hogar,137.64,275.28
28611140,6243145,2019-05-22,2,Electronica,274.18,548.36
3084932,46368904,2019-05-22,2,Hogar,115.18,230.36
3742393,47392210,2019-05-22,2,Belleza,51.03,102.06
944820,46967358,2019-05-22,3,Belleza,90.12,270.36
1032278,34720254,2019-05-22,2,Deportes,116.72,233.44
25511213,31508396,2019-05-21,2,Deportes,285.47,570.94
30128661,41697454,2019-05-21,2,Ropa,103.39,206.78
28337206,4719228,2019-05-21,2,Ropa,178.23,356.46
40645396,42609714,2019-05-21,2,Belleza,31.79,63.58
11642542,1294667,2019-05-21,2,Ropa,70.82,141.64
18113560,38834100,2019-05-22,2,Electronica,703.74,1407.48
25248343,35897649,2019-05-21,2,Hogar,61.88,123.76
27963287,6928936,2019-05-21,2,Ropa,73.68,147.36
4325115,50792519,2019-05-21,2,Libros,32.88,65.76
5146115,42930759,2019-05-21,2,Ropa,149.22,298.44
16762778,32617141,2019-05-21,2,Electronica,337.21,674.42
34271770,35530133,2019-05-21,2,Electronica,366.23,732.46
11328636,39169399,2019-05-21,2,Deportes,260.0,520.0
28097641,4492729,2019-05-21,2,Hogar,200.49,400.98
41670694,37739880,2019-05-21,2,Electronica,749.04,1498.08
11192719,44073624,2019-05-21,2,Ropa,168.87,337.74
15903461,31226201,2019-05-21,2,Ropa,104.83,209.66
811697,49506595,2019-05-21,2,Belleza,80.04,160.08
16517084,34350636,2019-05-21,2,Electronica,1002.32,2004.64
12737235,46373374,2019-05-21,3,Libros,49.2,147.60000000000002
2458841,39885367,2019-05-21,3,Deportes,262.49,787.47
41485686,7157959,2019-05-21,2,Hogar,46.43,92.86
27917168,44201312,2019-05-21,2,Libros,23.82,47.64
5027342,4360826,2019-05-21,2,Deportes,395.94,791.88
15552074,37605480,2019-05-21,2,Ropa,47.34,94.68
1031186,47046765,2019-05-21,2,Libros,37.27,74.54
7529258,45729486,2019-05-21,2,Deportes,340.32,680.64
11829463,40065703,2019-05-21,3,Ropa,121.45,364.35
40889699,6615134,2019-05-21,2,Ropa,80.73,161.46
22102387,40656915,2019-05-21,2,Belleza,113.14,226.28
5663414,33002006,2019-05-21,2,Ropa,25.24,50.48
41373490,41081258,2019-05-21,2,Ropa,78.72,157.44
30578628,6278255,2019-05-21,2,Ropa,44.59,89.18
22125978,35652177,2019-05-21,2,Belleza,115.5,231.0
40977963,49562759,2019-05-21,2,Libros,44.33,88.66
12986048,43861250,2019-05-21,2,Deportes,304.77,609.54
3859021,4154138,2019-05-21,2,Belleza,55.14,110.28
8888724,38658855,2019-05-21,2,Belleza,17.65,35.3
14822047,31063369,2019-05-21,2,Electronica,436.74,873.48
25987733,46388932,2019-05-21,2,Electronica,426.58,853.16
25498239,43141142,2019-05-21,2,Electronica,755.83,1511.66
4673816,3799604,2019-05-21,3,Hogar,238.58,715.74
17295014,49744536,2019-05-21,2,Electronica,678.44,1356.88
22453495,3888068,2019-05-21,2,Deportes,208.47,416.94
10423524,2758494,2019-05-21,2,Belleza,118.51,237.02
25187712,31283158,2019-05-20,2,Deportes,133.37,266.74
8276934,6852897,2019-05-21,2,Libros,38.84,77.68
15858726,37631834,2019-05-20,2,Electronica,397.29,794.58
12785282,40093194,2019-05-21,2,Hogar,241.3,482.6
13649293,38411109,2019-05-20,2,Libros,28.72,57.44
41797887,40276077,2019-05-20,2,Ropa,80.78,161.56
28830282,6583518,2019-05-21,2,Libros,16.0,32.0
6017415,4316003,2019-05-20,2,Electronica,334.46,668.92
33412339,36322504,2019-05-23,2,Belleza,72.9,145.8
25262807,43328870,2019-05-20,2,Hogar,285.72,571.44
993882,32782547,2019-05-20,5,Libros,19.58,97.89999999999999
34538123,6129326,2019-05-20,2,Belleza,9.23,18.46
32015320,49535596,2019-05-20,2,Deportes,329.8,659.6
17065672,38413892,2019-05-20,2,Ropa,34.37,68.74
30887695,39270824,2019-05-20,2,Deportes,159.85,319.7
1896835,31168287,2019-05-20,3,Electronica,741.91,2225.73
7763579,46238094,2019-05-20,2,Ropa,92.17,184.34
35240637,44602600,2019-05-20,2,Ropa,48.27,96.54
1796115,36482756,2019-05-20,4,Hogar,366.95,1467.8
12447846,3778198,2019-05-20,2,Belleza,73.63,147.26
9187564,1207282,2019-05-20,2,Belleza,38.97,77.94
12357978,48026151,2019-05-20,2,Hogar,40.08,80.16
11835492,31317580,2019-05-20,2,Electronica,1163.01,2326.02
35825017,31518156,2019-05-20,2,Hogar,185.98,371.96
8779696,533478,2019-05-20,2,Libros,53.93,107.86
11679305,42921787,2019-05-20,3,Electronica,1026.01,3078.0299999999997
7163363,31535646,2019-05-20,3,Electronica,622.83,1868.4900000000002
30040412,25593309,2019-05-20,2,Ropa,138.36,276.72
19821339,42359815,2019-05-20,2,Ropa,146.36,292.72
10589254,31477849,2019-05-20,2,Hogar,470.69,941.38
15634459,45347777,2019-05-20,2,Electronica,994.17,1988.34
24608339,29748459,2019-05-20,2,Ropa,88.56,177.12
11411790,49815780,2019-05-20,2,Hogar,290.19,580.38
9039456,4283893,2019-05-20,2,Belleza,67.5,135.0
830320,48858868,2019-05-20,2,Hogar,298.64,597.28
7630252,48537644,2019-05-20,2,Deportes,75.79,151.58
41505141,46744119,2019-05-20,2,Hogar,353.78,707.56
9704083,1124076,2019-05-20,3,Deportes,75.12,225.36
13198318,38780520,2019-05-20,3,Ropa,12.78,38.339999999999996
14295702,2808131,2019-05-20,2,Hogar,318.02,636.04
3724188,32631827,2019-05-20,2,Ropa,32.21,64.42
13860597,35154146,2019-05-20,2,Ropa,156.38,312.76
23419058,47333823,2019-05-20,2,Electronica,1305.65,2611.3
30821693,36686058,2019-05-20,2,Ropa,189.5,379.0
14823625,5804719,2019-05-20,2,Ropa,136.25,272.5
14361718,4312077,2019-05-20,3,Hogar,248.78,746.34
6764036,32098851,2019-05-20,2,Hogar,185.86,371.72
15141119,4033598,2019-05-20,2,Hogar,154.56,309.12
6666499,34097269,2019-05-20,2,Belleza,61.46,122.92
2204808,5855186,2019-05-20,2,Libros,12.84,25.68
5146858,50032233,2019-05-20,2,Electronica,326.01,652.02
13970780,50427490,2019-05-20,2,Ropa,76.2,152.4
22404350,6806251,2019-05-20,2,Deportes,259.6,519.2
25150941,42699310,2019-05-20,2,Electronica,1091.0,2182.0
10969890,1295457,2019-05-21,2,Deportes,102.62,205.24
13039569,40737324,2019-05-22,2,Ropa,60.17,120.34
12611154,46453526,2019-06-01,2,Belleza,41.54,83.08
25680133,47551293,2019-06-01,2,Electronica,1136.53,2273.06
42408426,25455959,2019-06-01,2,Belleza,25.45,50.9
6319658,37675900,2019-06-01,2,Belleza,33.28,66.56
28214474,104409,2019-06-01,2,Hogar,117.56,235.12
14249751,39198088,2019-06-01,2,Ropa,13.33,26.66
7592175,41884885,2019-06-01,2,Deportes,323.06,646.12
11734864,4276826,2019-06-01,2,Deportes,293.62,587.24
10416769,39340727,2019-06-01,3,Belleza,76.06,228.18
4488460,42723390,2019-06-01,2,Belleza,84.85,169.7
6695404,32121045,2019-06-01,2,Ropa,179.39,358.78
42459025,40950696,2019-06-01,2,Deportes,101.44,202.88
39882884,38610580,2019-06-01,2,Libros,53.11,106.22
1576584,4941941,2019-05-31,2,Electronica,1046.7,2093.4
41790413,82875,2019-05-31,2,Belleza,73.58,147.16
18391033,31437997,2019-06-01,2,Hogar,192.57,385.14
34523093,35323188,2019-05-31,3,Libros,29.08,87.24
30607715,34477083,2019-05-31,2,Libros,36.24,72.48
14235638,44463857,2019-05-31,2,Hogar,53.54,107.08
10281522,50467660,2019-06-01,2,Belleza,61.73,123.46
11010131,32699421,2019-06-01,2,Deportes,133.66,267.32
38322444,36921069,2019-05-31,2,Electronica,980.65,1961.3
12257649,36711152,2019-06-01,2,Electronica,312.42,624.84
11732494,14279359,2019-06-01,2,Ropa,112.73,225.46
2057573,717359,2019-06-01,2,Hogar,233.39,466.78
14400879,38937986,2019-06-01,2,Electronica,718.48,1436.96
5166469,46948784,2019-05-31,2,Deportes,209.57,419.14
9984555,50604920,2019-05-31,2,Deportes,198.37,396.74
34469495,32040106,2019-05-31,2,Hogar,442.51,885.02
20217262,42140305,2019-06-01,2,Libros,50.02,100.04
27955968,6682313,2019-06-01,2,Hogar,320.34,640.68
39889184,4435441,2019-05-31,3,Deportes,292.27,876.81
19064783,6041608,2019-05-31,2,Belleza,9.92,19.84
22443939,39833031,2019-05-31,2,Belleza,110.33,220.66
42324258,31688662,2019-05-31,2,Deportes,302.72,605.44
7557884,37370284,2019-05-31,2,Deportes,204.74,409.48
18123815,40952610,2019-05-31,2,Belleza,41.54,83.08
3660438,40493711,2019-05-31,2,Belleza,21.07,42.14
6302535,50036331,2019-05-31,2,Belleza,13.65,27.3
5356857,33277750,2019-05-31,2,Belleza,10.16,20.32
10890708,31516269,2019-05-31,2,Deportes,127.66,255.32
42772762,50924325,2019-05-31,2,Belleza,23.61,47.22
29943784,4232557,2019-05-31,2,Deportes,31.45,62.9
23020438,46321336,2019-05-31,2,Ropa,149.2,298.4
2910137,39690222,2019-05-31,2,Ropa,57.24,114.48
7813115,1887258,2019-05-31,2,Electronica,584.67,1169.34
42690968,39429530,2019-05-31,2,Libros,28.8,57.6
34648695,31948259,2019-05-31,4,Libros,39.1,156.4
15406680,50433972,2019-05-31,2,Ropa,166.32,332.64
42172813,43914053,2019-05-31,3,Libros,11.31,33.93
5120963,32188384,2019-05-31,3,Ropa,168.76,506.28
6654018,4828305,2019-05-31,2,Electronica,333.15,666.3
16357397,6274313,2019-05-31,2,Deportes,263.03,526.06
41815677,6670503,2019-05-31,2,Belleza,44.33,88.66
10956908,49310991,2019-05-31,2,Belleza,18.55,37.1
12790681,26038359,2019-05-31,2,Belleza,50.81,101.62
15034092,35470352,2019-05-31,2,Deportes,280.24,560.48
13899054,50191167,2019-05-31,2,Deportes,54.77,109.54
41893,5904605,2019-05-31,2,Libros,23.45,46.9
14332610,35133525,2019-05-31,2,Ropa,36.66,73.32
14269718,43489331,2019-05-31,2,Deportes,121.73,243.46
29593790,31373397,2019-05-31,2,Electronica,126.79,253.58
27075030,44292735,2019-05-31,2,Belleza,73.43,146.86
5120840,331934,2019-05-31,2,Hogar,85.46,170.92
36122309,39359897,2019-05-30,2,Hogar,86.56,173.12
2180804,1175269,2019-05-30,2,Electronica,1147.26,2294.52
16489073,4217991,2019-05-30,2,Libros,17.0,34.0
27518847,31546667,2019-05-30,2,Libros,43.66,87.32
16964248,5049358,2019-05-31,2,Electronica,1207.07,2414.14
42062576,36707821,2019-05-30,2,Deportes,92.16,184.32
10951268,33507527,2019-05-31,2,Ropa,147.06,294.12
35579879,50439105,2019-05-30,2,Belleza,43.3,86.6
12404079,44309415,2019-05-30,2,Libros,37.07,74.14
19113999,31558925,2019-05-30,2,Libros,7.13,14.26
5419115,44607254,2019-05-30,3,Hogar,255.19,765.5699999999999
18845718,1834323,2019-05-30,2,Electronica,265.6,531.2
5906254,47897387,2019-05-30,2,Hogar,250.87,501.74
22686574,31169648,2019-05-30,2,Libros,11.6,23.2
8674346,4780897,2019-05-30,2,Ropa,36.86,73.72
14376744,42477166,2019-05-30,2,Ropa,93.05,186.1
20525350,42033035,2019-05-30,2,Libros,58.13,116.26
24447886,43790758,2019-05-30,2,Hogar,68.65,137.3
22190147,47959830,2019-05-30,2,Belleza,30.29,60.58
10316957,41697824,2019-05-30,2,Ropa,28.1,56.2
13184166,34244755,2019-05-30,2,Ropa,123.06,246.12
11350944,49304421,2019-05-30,2,Hogar,488.68,977.36
9098736,3227527,2019-05-30,2,Electronica,701.32,1402.64
42063306,34260435,2019-05-30,2,Hogar,348.28,696.56
19980812,33159989,2019-05-30,2,Hogar,276.62,553.24
5069588,32940026,2019-05-30,2,Deportes,209.38,418.76
31125736,34874730,2019-05-30,2,Ropa,22.29,44.58
26339125,50847846,2019-05-30,2,Belleza,21.59,43.18
3115259,2059399,2019-05-31,2,Belleza,106.55,213.1
41324147,31642800,2019-05-31,2,Deportes,175.86,351.72
24369272,31557199,2019-05-30,2,Libros,38.79,77.58
8754708,39868084,2019-05-30,2,Belleza,65.75,131.5
10871751,5995368,2019-05-29,3,Hogar,420.25,1260.75
14268613,42383148,2019-05-31,2,Hogar,198.76,397.52
11082470,39659926,2019-05-31,2,Deportes,167.37,334.74
14268613,48229464,2019-05-31,2,Electronica,855.42,1710.84
15364398,44270578,2019-05-29,2,Ropa,36.82,73.64
34047346,31704053,2019-05-29,3,Ropa,173.74,521.22
42332997,40553486,2019-05-29,2,Ropa,83.58,167.16
20805204,6930129,2019-05-29,2,Ropa,94.93,189.86
33385738,31906943,2019-05-29,2,Hogar,492.79,985.58
13215981,49310623,2019-05-29,3,Electronica,559.61,1678.83
34447277,50787830,2019-05-29,2,Deportes,264.94,529.88
37136576,32272771,2019-05-29,3,Deportes,72.22,216.66
34739685,48233653,2019-05-29,2,Ropa,22.44,44.88
3317182,46130148,2019-05-29,2,Deportes,74.78,149.56
41923690,44744819,2019-05-29,2,Electronica,1313.74,2627.48
39459131,44751565,2019-05-29,2,Electronica,1109.57,2219.14
22060268,36402096,2019-05-29,2,Ropa,193.38,386.76
41556409,42559492,2019-05-29,2,Electronica,510.37,1020.74
26347565,36679235,2019-05-29,2,Belleza,63.03,126.06
25594396,34441387,2019-05-29,2,Belleza,20.61,41.22
3787969,50043415,2019-05-29,2,Ropa,144.36,288.72
42821902,45609917,2019-05-29,2,Electronica,151.98,303.96
9434920,6578209,2019-05-29,2,Libros,46.64,93.28
11744266,43532794,2019-05-29,2,Electronica,842.91,1685.82
18236285,42803906,2019-05-29,2,Ropa,143.95,287.9
40728122,4641933,2019-05-29,3,Deportes,125.96,377.88
37115466,46969569,2019-05-30,2,Deportes,347.78,695.56
11058752,2581204,2019-05-29,2,Ropa,197.35,394.7
15119942,39659045,2019-05-30,2,Libros,18.99,37.98
31478705,39813260,2019-05-29,2,Libros,20.77,41.54
35864107,4012247,2019-05-29,2,Electronica,1219.06,2438.12
40583377,44131850,2019-05-29,2,Libros,46.26,92.52
29396666,44581827,2019-05-29,2,Ropa,151.97,303.94
5429666,31994881,2019-05-29,2,Deportes,383.75,767.5
28325485,46882361,2019-05-29,2,Belleza,105.49,210.98
34587183,44820539,2019-05-29,2,Deportes,204.91,409.82
42842147,33061423,2019-05-29,2,Deportes,304.14,608.28
42267318,31834756,2019-05-29,2,Belleza,82.53,165.06
15133603,6738208,2019-05-29,2,Ropa,166.54,333.08
10928272,36413496,2019-05-29,2,Ropa,101.11,202.22
41088674,41146127,2019-05-29,2,Electronica,748.08,1496.16
6347589,39536615,2019-05-29,2,Electronica,512.05,1024.1
11399734,42566053,2019-05-29,2,Electronica,876.85,1753.7
22813970,32678898,2019-05-29,2,Belleza,94.79,189.58
8276934,6842021,2019-05-29,3,Hogar,347.8,1043.4
22353427,34355695,2019-05-29,2,Libros,29.81,59.62
828627,43143197,2019-05-29,2,Hogar,218.38,436.76
36116251,37341974,2019-05-29,2,Hogar,50.21,100.42
42392098,34639363,2019-05-29,2,Ropa,11.24,22.48
13042855,202408,2019-05-29,2,Hogar,313.1,626.2
7622396,2279900,2019-05-29,2,Libros,34.09,68.18
14454079,48184991,2019-05-28,2,Ropa,89.32,178.64
37918381,35611680,2019-05-28,5,Libros,48.78,243.9
20696488,49377574,2019-05-28,2,Deportes,226.21,452.42
15818884,47095974,2019-05-28,3,Hogar,262.32,786.96
15752623,46234609,2019-05-28,2,Ropa,187.97,375.94
14284138,34934489,2019-05-28,2,Ropa,47.27,94.54
16977156,6647781,2019-05-28,2,Ropa,198.13,396.26
23469780,43521175,2019-05-28,2,Belleza,39.26,78.52
24877141,4677604,2019-05-28,2,Ropa,132.06,264.12
25383605,47463138,2019-05-28,2,Electronica,777.69,1555.38
13874898,34720132,2019-05-28,2,Hogar,20.36,40.72
21318513,86032,2019-05-28,3,Electronica,571.39,1714.17
15437236,34763997,2019-05-28,2,Libros,12.66,25.32
22737141,40276058,2019-05-28,3,Electronica,904.24,2712.7200000000003
1456195,35628139,2019-05-28,2,Libros,48.2,96.4
23664427,48971724,2019-05-28,2,Deportes,71.24,142.48
30115051,31759439,2019-05-28,2,Belleza,86.82,173.64
42265730,3449798,2019-05-28,2,Libros,25.77,51.54
7633367,42566053,2019-05-28,2,Electronica,876.85,1753.7
41583053,31236027,2019-05-28,2,Electronica,1443.88,2887.76
12666849,39471713,2019-05-28,2,Belleza,42.45,84.9
18198559,46948784,2019-05-28,3,Deportes,209.57,628.71
20380480,31301296,2019-05-28,2,Belleza,118.11,236.22
35619671,3169226,2019-05-28,2,Deportes,98.06,196.12
31473775,35363444,2019-05-28,3,Belleza,16.82,50.46
35683378,48509954,2019-05-28,2,Ropa,69.39,138.78
35715797,45563661,2019-05-28,5,Belleza,106.84,534.2
17655456,1263240,2019-05-28,2,Deportes,218.3,436.6
24991677,5056979,2019-05-28,4,Libros,12.46,49.84
17719739,46618923,2019-05-28,2,Deportes,96.95,193.9
26843183,4103366,2019-05-29,2,Deportes,138.28,276.56
41242231,42555345,2019-05-28,2,Electronica,905.74,1811.48
4072137,39749869,2019-05-28,2,Ropa,73.15,146.3
10475784,39049075,2019-05-28,2,Electronica,1133.23,2266.46
20506162,51563796,2019-05-28,3,Libros,38.9,116.69999999999999
12305835,32095065,2019-05-28,2,Hogar,438.8,877.6
13665782,2889609,2019-05-28,2,Libros,32.55,65.1
1183786,42653028,2019-05-28,2,Ropa,72.92,145.84
12182725,48738695,2019-05-28,2,Belleza,119.57,239.14
35367584,3254537,2019-05-28,2,Deportes,155.14,310.28
8774376,37119965,2019-05-28,2,Hogar,222.87,445.74
21568965,42118849,2019-05-28,2,Ropa,163.73,327.46
27121434,40793741,2019-05-28,2,Electronica,178.52,357.04
42271550,39678570,2019-05-28,2,Deportes,166.87,333.74
42271550,46930158,2019-05-28,3,Libros,9.71,29.130000000000003
39017917,48549193,2019-05-28,2,Electronica,251.99,503.98
2231871,570798,2019-05-28,3,Ropa,10.88,32.64
29565612,3316210,2019-05-28,2,Ropa,11.81,23.62
19013327,37139343,2019-05-28,2,Libros,25.92,51.84
4787555,1294667,2019-05-28,3,Ropa,70.82,212.45999999999998
18710442,49271385,2019-05-28,2,Hogar,407.44,814.88
16220815,33046974,2019-05-28,2,Libros,37.29,74.58
17822867,43456802,2019-05-28,2,Belleza,78.02,156.04
954977,4534585,2019-05-28,3,Electronica,802.91,2408.73
16887829,49956866,2019-05-28,2,Hogar,412.6,825.2
5664439,4322708,2019-05-28,3,Deportes,354.54,1063.6200000000001
10492722,41635336,2019-05-28,2,Belleza,102.72,205.44
22302316,31345206,2019-05-28,2,Hogar,408.88,817.76
13815886,47389758,2019-05-28,3,Electronica,314.93,944.79
36420587,46271299,2019-05-28,2,Ropa,122.84,245.68
27933711,32601715,2019-05-28,2,Libros,37.89,75.78
16471195,2803758,2019-05-28,2,Deportes,241.22,482.44
16393100,47103212,2019-05-28,3,Ropa,109.37,328.11
1650952,48565979,2019-05-28,2,Libros,34.04,68.08
19777963,50768007,2019-05-28,2,Electronica,747.18,1494.36
14979396,48553923,2019-05-28,2,Belleza,15.25,30.5
26473898,27104109,2019-05-28,2,Belleza,16.75,33.5
16465097,32576674,2019-05-28,2,Ropa,181.43,362.86
41487849,32677141,2019-05-28,2,Libros,35.18,70.36
21600496,2744384,2019-05-28,2,Ropa,129.74,259.48
21251142,42712498,2019-05-28,3,Belleza,99.39,298.17
21545074,47789292,2019-05-28,2,Deportes,119.68,239.36
25390118,46438233,2019-05-28,2,Libros,20.36,40.72
4167307,42671449,2019-05-28,2,Electronica,969.41,1938.82
25493642,40276001,2019-05-28,2,Belleza,93.57,187.14
16125099,32320768,2019-05-28,2,Deportes,114.69,229.38
14333317,38782550,2019-05-28,2,Deportes,251.87,503.74
35844028,47422364,2019-05-28,2,Ropa,87.32,174.64
32802916,4903605,2019-05-28,6,Hogar,46.24,277.44
16503652,38268919,2019-05-28,2,Ropa,93.85,187.7
33760259,31170561,2019-05-28,2,Belleza,11.97,23.94
42760049,6061782,2019-05-28,2,Ropa,36.36,72.72
10887881,6391716,2019-05-28,2,Hogar,205.77,411.54
32931169,35859611,2019-05-28,2,Electronica,1064.55,2129.1
4800111,32987774,2019-05-28,2,Ropa,19.12,38.24
30345965,6477903,2019-05-28,2,Deportes,147.13,294.26
10028770,48228782,2019-05-28,2,Libros,43.23,86.46
15181798,46043230,2019-05-28,2,Libros,48.56,97.12
23994720,35887367,2019-05-28,2,Libros,15.46,30.92
36438522,2517716,2019-05-28,2,Hogar,369.77,739.54
1468397,43166644,2019-05-28,2,Electronica,1139.9,2279.8
27047240,39102491,2019-05-28,2,Belleza,41.58,83.16
24895664,6569007,2019-05-28,2,Deportes,383.06,766.12
3507676,43727896,2019-05-28,2,Hogar,454.8,909.6
34595090,50416733,2019-05-28,2,Ropa,159.98,319.96
41720608,50440138,2019-05-28,2,Electronica,1082.87,2165.74
30052227,51007293,2019-05-28,3,Libros,17.93,53.79
12591228,1243353,2019-05-28,2,Deportes,260.88,521.76
41364143,48727192,2019-05-28,2,Libros,40.38,80.76
33423909,48727755,2019-05-28,2,Hogar,212.31,424.62
3057906,37783375,2019-05-28,2,Belleza,61.7,123.4
17182363,32896885,2019-05-28,2,Ropa,141.87,283.74
3823772,43842580,2019-05-28,2,Libros,13.8,27.6
22879004,3118269,2019-05-28,2,Electronica,1430.55,2861.1
34133550,41632892,2019-05-28,2,Ropa,66.11,132.22
33738638,42426756,2019-05-28,2,Belleza,33.33,66.66
42139753,33028289,2019-05-28,3,Electronica,922.62,2767.86
2609308,35629163,2019-05-28,2,Belleza,20.04,40.08
21156259,40404828,2019-05-28,2,Ropa,59.02,118.04
32883990,34946375,2019-05-28,2,Ropa,120.68,241.36
23838286,40464098,2019-05-28,2,Hogar,58.09,116.18
1946189,31075800,2019-05-28,2,Ropa,103.21,206.42
18983127,36909881,2019-05-28,2,Ropa,127.88,255.76
34721928,31830766,2019-05-28,2,Ropa,23.32,46.64
4538238,50430841,2019-05-28,2,Deportes,98.64,197.28
41370497,41277806,2019-05-28,2,Libros,51.31,102.62
16179159,539578,2019-05-28,2,Belleza,43.57,87.14
11197017,32875986,2019-05-28,2,Belleza,47.39,94.78
12603577,3227529,2019-05-28,3,Libros,24.4,73.19999999999999
5172021,35907580,2019-05-28,2,Libros,42.19,84.38
28724815,2302798,2019-05-29,2,Belleza,65.84,131.68
24167111,104425,2019-05-28,2,Libros,26.02,52.04
10852104,35614215,2019-05-27,2,Deportes,191.26,382.52
33895121,39757493,2019-05-27,2,Hogar,21.29,42.58
27735784,50627858,2019-05-27,2,Libros,47.38,94.76
41470912,46082155,2019-05-28,2,Ropa,17.79,35.58
29856677,37166897,2019-05-28,2,Hogar,417.22,834.44
33903894,32229572,2019-05-28,3,Libros,11.96,35.88
344049,47611423,2019-05-28,2,Deportes,225.58,451.16
39380323,36947592,2019-05-27,2,Electronica,172.22,344.44
14436742,50490466,2019-05-27,3,Belleza,65.7,197.10000000000002
11020716,47855978,2019-05-27,2,Libros,43.75,87.5
41157813,40170002,2019-05-27,2,Ropa,173.32,346.64
10978737,35289102,2019-05-27,3,Electronica,1416.84,4250.5199999999995
42612800,42566044,2019-05-27,2,Electronica,837.89,1675.78
4726849,34848010,2019-05-27,2,Hogar,88.07,176.14
13334180,4759915,2019-05-27,2,Belleza,106.04,212.08
27701316,43524799,2019-05-27,2,Belleza,46.04,92.08
14960192,39050110,2019-05-27,2,Ropa,199.33,398.66
13011687,7485021,2019-05-27,3,Electronica,96.64,289.92
10418168,33867025,2019-05-27,2,Electronica,108.97,217.94
13306100,42613286,2019-05-27,2,Hogar,406.56,813.12
29507724,46504286,2019-05-27,2,Deportes,278.56,557.12
18023173,47872722,2019-05-27,2,Hogar,453.79,907.58
11934200,42520536,2019-05-27,2,Hogar,450.27,900.54
2620456,3890549,2019-05-27,2,Hogar,40.78,81.56
3311040,39570187,2019-05-27,2,Ropa,125.79,251.58
13721320,35834613,2019-05-27,2,Hogar,75.47,150.94
22890261,7075832,2019-05-27,2,Libros,9.32,18.64
2207645,35453704,2019-05-27,2,Hogar,232.41,464.82
1936064,47882543,2019-05-27,2,Ropa,28.54,57.08
13525979,6028928,2019-05-27,2,Ropa,148.3,296.6
31748491,50966546,2019-05-27,2,Deportes,388.2,776.4
2141815,45639035,2019-05-27,2,Belleza,70.5,141.0
42254460,2427008,2019-05-27,2,Electronica,390.99,781.98
10069515,31296869,2019-05-27,2,Belleza,86.42,172.84
2489398,1993121,2019-05-27,2,Electronica,1272.65,2545.3
40800591,47048390,2019-05-27,2,Hogar,428.76,857.52
30739160,4917528,2019-05-27,2,Deportes,298.46,596.92
35861369,41809506,2019-05-27,2,Hogar,313.34,626.68
2671663,48839821,2019-05-27,2,Electronica,1308.3,2616.6
4192036,39499820,2019-05-27,2,Ropa,41.03,82.06
39172110,1982243,2019-05-27,2,Belleza,112.13,224.26
1079230,49736024,2019-05-27,2,Deportes,379.94,759.88
16217030,36382831,2019-05-27,2,Ropa,175.68,351.36
20773813,35613753,2019-05-27,2,Belleza,33.83,67.66
41539794,46994432,2019-05-27,3,Deportes,346.11,1038.33
27081691,2819775,2019-05-27,2,Deportes,209.1,418.2
1052592,34839211,2019-05-27,2,Electronica,912.65,1825.3
27372430,43856950,2019-05-27,2,Ropa,169.71,339.42
26284639,25420159,2019-05-27,2,Deportes,31.24,62.48
5006170,2119530,2019-05-27,2,Libros,24.96,49.92
32620354,41975105,2019-05-28,2,Deportes,329.96,659.92
42567416,33911250,2019-05-27,2,Deportes,273.6,547.2
14557377,34893683,2019-05-27,3,Belleza,98.6,295.79999999999995
1163905,2146825,2019-05-27,2,Electronica,1280.6,2561.2
10274042,4578147,2019-05-27,3,Hogar,97.07,291.21
1119378,925691,2019-05-27,2,Electronica,1073.54,2147.08
17938320,49756120,2019-05-27,2,Hogar,86.05,172.1
35214724,45564332,2019-05-27,2,Ropa,159.17,318.34
35222347,46087637,2019-05-27,2,Ropa,56.57,113.14
36583572,1069646,2019-05-27,2,Deportes,300.37,600.74
13294872,35408012,2019-05-27,2,Libros,30.03,60.06
22547168,48229331,2019-05-27,2,Ropa,197.39,394.78
16842829,3174875,2019-05-27,2,Deportes,240.36,480.72
1041635,31498138,2019-05-27,4,Electronica,967.24,3868.96
11545668,31780330,2019-05-27,2,Hogar,235.3,470.6
18710522,6415442,2019-05-27,2,Ropa,79.95,159.9
28604924,76168,2019-05-27,2,Electronica,1115.05,2230.1
26089095,44347028,2019-05-27,2,Electronica,767.58,1535.16
42649920,50418348,2019-05-27,2,Libros,5.99,11.98
22673136,36947592,2019-05-27,2,Electronica,172.22,344.44
13736852,42568863,2019-05-27,2,Ropa,125.63,251.26
42512318,2574544,2019-05-27,2,Electronica,1254.17,2508.34
12967948,34473676,2019-05-27,3,Libros,18.02,54.06
1067981,42692335,2019-05-27,2,Libros,17.16,34.32
2321619,32919787,2019-05-27,2,Deportes,131.49,262.98
1167900,6057282,2019-05-27,2,Ropa,125.69,251.38
5177766,36397788,2019-05-27,2,Libros,49.99,99.98
33279964,44577955,2019-05-27,2,Ropa,57.43,114.86
6205119,46196326,2019-05-27,2,Ropa,187.13,374.26
29088973,40945291,2019-05-27,2,Hogar,464.78,929.56
38222749,45282802,2019-05-27,2,Electronica,340.78,681.56
26248305,35719959,2019-05-27,2,Belleza,35.34,70.68
6602891,45770784,2019-05-27,2,Ropa,143.11,286.22
3910184,4593965,2019-05-27,2,Hogar,232.39,464.78
18328538,36549905,2019-05-27,2,Electronica,1430.01,2860.02
17417570,48518547,2019-05-27,2,Libros,44.04,88.08
30889699,42367451,2019-05-27,3,Deportes,189.06,567.1800000000001
20942540,46185983,2019-05-27,2,Ropa,42.11,84.22
1659470,1869259,2019-05-27,2,Belleza,39.59,79.18
380975,39671495,2019-05-27,2,Libros,30.36,60.72
11880260,1069883,2019-05-27,2,Libros,38.37,76.74
3736739,44352943,2019-05-27,2,Libros,23.2,46.4
27908027,38359337,2019-05-27,4,Libros,33.06,132.24
42378377,2583210,2019-05-27,2,Libros,12.16,24.32
11930487,47047584,2019-05-27,2,Ropa,95.92,191.84
10445052,41511478,2019-05-27,2,Belleza,15.44,30.88
1838417,51063549,2019-05-27,2,Hogar,38.81,77.62
32708515,46438233,2019-05-27,2,Libros,20.36,40.72
27852258,36947592,2019-05-27,2,Electronica,172.22,344.44
8809792,37472365,2019-05-27,2,Libros,52.15,104.3
14590627,44737340,2019-05-27,2,Libros,16.28,32.56
34820841,36904549,2019-05-27,2,Ropa,190.3,380.6
21018698,5770551,2019-05-27,2,Hogar,293.95,587.9
16998267,35848939,2019-05-27,2,Ropa,38.31,76.62
1051240,3512429,2019-05-27,2,Electronica,430.66,861.32
1704544,42901927,2019-05-27,2,Deportes,157.31,314.62
16518500,40530988,2019-05-27,2,Deportes,74.6,149.2
9301476,6952350,2019-05-27,2,Electronica,116.65,233.3
40780966,4341197,2019-05-27,2,Ropa,176.66,353.32
13002727,1197202,2019-05-27,2,Deportes,24.5,49.0
15536130,47122521,2019-05-27,2,Hogar,44.74,89.48
26822353,32590597,2019-05-27,2,Electronica,1217.35,2434.7
32131349,32122021,2019-05-27,2,Libros,39.6,79.2
10901789,2036589,2019-05-27,2,Belleza,37.43,74.86
23393896,37197658,2019-05-27,5,Libros,41.34,206.70000000000002
41980330,46130932,2019-05-27,2,Ropa,147.34,294.68
31254612,44065340,2019-05-27,2,Electronica,262.03,524.06
1913258,42741342,2019-05-27,2,Deportes,110.17,220.34
29020403,6928936,2019-05-27,2,Ropa,73.68,147.36
20679227,3037497,2019-05-27,2,Ropa,118.83,237.66
14508158,34220220,2019-05-27,2,Hogar,494.49,988.98
5201783,45599488,2019-05-27,2,Ropa,23.95,47.9
14552309,36965607,2019-05-27,3,Ropa,86.11,258.33
22122865,46119686,2019-05-27,2,Hogar,35.89,71.78
35290605,2460551,2019-05-27,2,Libros,15.96,31.92
15988409,51087229,2019-05-27,2,Deportes,152.91,305.82
2986719,3675590,2019-05-27,2,Deportes,385.93,771.86
6253658,50966599,2019-05-27,2,Hogar,455.12,910.24
10953333,38278012,2019-05-27,2,Ropa,28.33,56.66
34925034,32054294,2019-05-27,2,Hogar,430.58,861.16
12225446,50590161,2019-05-27,2,Libros,14.78,29.56
25756313,40635785,2019-05-27,2,Electronica,1299.59,2599.18
17870367,32280050,2019-05-27,2,Hogar,275.94,551.88
20694325,31703363,2019-05-27,3,Hogar,440.93,1322.79
7616253,40441658,2019-05-27,2,Ropa,38.82,77.64
41728949,6896389,2019-05-27,2,Electronica,1154.95,2309.9
1073336,47590071,2019-05-27,2,Belleza,83.28,166.56
8712692,5861263,2019-05-27,2,Belleza,67.44,134.88
16227867,6782031,2019-05-27,3,Deportes,328.02,984.06
18062403,35744577,2019-05-27,2,Hogar,329.41,658.82
2888935,35052472,2019-05-27,2,Hogar,440.37,880.74
1308380,50030045,2019-05-27,2,Electronica,602.54,1205.08
14329664,42719498,2019-05-27,2,Libros,37.45,74.9
22735781,1078950,2019-05-27,2,Belleza,105.12,210.24
41497163,45029035,2019-05-26,2,Deportes,101.63,203.26
11418863,34235338,2019-05-26,2,Electronica,754.32,1508.64
8148047,50724512,2019-05-26,2,Hogar,480.96,961.92
6946873,46106610,2019-05-27,2,Belleza,59.46,118.92
34399611,3948438,2019-05-27,2,Deportes,116.08,232.16
10317889,36370998,2019-05-27,2,Ropa,76.7,153.4
5418374,34911526,2019-05-27,2,Belleza,106.78,213.56
19988649,43541807,2019-05-27,2,Deportes,382.86,765.72
1651609,33997569,2019-05-27,2,Electronica,1427.66,2855.32
19030086,7055226,2019-05-26,2,Ropa,142.8,285.6
36814462,34977263,2019-05-26,2,Deportes,213.65,427.3
11944853,4480641,2019-05-26,3,Deportes,89.42,268.26
28030115,34800982,2019-05-26,2,Hogar,74.76,149.52
41550697,3929304,2019-05-27,2,Libros,8.29,16.58
25448326,47922729,2019-05-27,3,Belleza,7.04,21.12
24563289,36545260,2019-05-27,2,Hogar,440.89,881.78
20004048,37115686,2019-05-27,2,Ropa,163.73,327.46
15083015,34319792,2019-05-27,2,Libros,36.23,72.46
2964114,2344715,2019-05-27,2,Deportes,399.51,799.02
27498772,34732118,2019-05-27,2,Hogar,477.23,954.46
17504765,3910231,2019-05-27,2,Libros,41.03,82.06
14951436,31161656,2019-05-27,2,Belleza,58.43,116.86
38290511,45741403,2019-05-26,4,Ropa,38.91,155.64
25565156,533133,2019-05-26,2,Electronica,797.61,1595.22
28595659,5995325,2019-05-26,2,Deportes,277.26,554.52
15139174,42748280,2019-05-26,2,Hogar,91.51,183.02
25371269,44749210,2019-05-26,2,Ropa,85.71,171.42
17421835,1263763,2019-05-26,2,Electronica,1416.84,2833.68
9542613,47760455,2019-05-26,3,Hogar,180.86,542.58
9014847,40214471,2019-05-26,2,Ropa,39.03,78.06
13669871,32131719,2019-05-26,2,Ropa,120.66,241.32
42295502,32044482,2019-05-26,2,Libros,38.13,76.26
22504924,42826422,2019-05-26,2,Hogar,109.0,218.0
9471737,50916212,2019-05-27,2,Ropa,47.35,94.7
10481823,50823244,2019-05-27,2,Deportes,396.03,792.06
16425482,45742925,2019-05-27,2,Hogar,132.99,265.98
2408382,47079705,2019-05-27,3,Ropa,169.26,507.78
141826,1869259,2019-05-27,2,Belleza,39.59,79.18
4868684,34251265,2019-05-27,2,Libros,30.87,61.74
27332703,5892402,2019-05-27,2,Electronica,680.73,1361.46
11854382,33856277,2019-05-26,2,Electronica,477.7,955.4
10310097,46163580,2019-05-26,2,Deportes,314.05,628.1
3432430,2530927,2019-05-26,2,Hogar,442.12,884.24
23816615,34693648,2019-05-26,2,Electronica,475.05,950.1
42451090,38967752,2019-05-26,2,Libros,19.36,38.72
13861475,3338947,2019-05-26,2,Ropa,28.07,56.14
16027495,36500662,2019-05-26,3,Ropa,36.01,108.03
40462199,36473497,2019-05-26,2,Electronica,1199.57,2399.14
21767748,2302279,2019-05-26,2,Libros,28.97,57.94
10968398,36968594,2019-05-26,2,Deportes,70.13,140.26
1979408,37118080,2019-05-26,2,Electronica,543.42,1086.84
11965155,1069623,2019-05-26,2,Hogar,241.16,482.32
37808159,51376033,2019-05-26,2,Electronica,795.64,1591.28
3053888,31743105,2019-05-26,2,Deportes,343.78,687.56
1496560,2282819,2019-05-26,3,Hogar,326.25,978.75
24513946,34250565,2019-05-26,3,Ropa,43.45,130.35000000000002
12695270,2301685,2019-05-26,2,Hogar,91.97,183.94
7566219,50476330,2019-05-26,2,Libros,27.68,55.36
13409469,40193643,2019-05-26,2,Belleza,13.65,27.3
40914497,6032944,2019-05-26,3,Belleza,91.89,275.67
23998676,31703580,2019-05-26,2,Belleza,51.17,102.34
14061266,41868256,2019-05-26,2,Deportes,150.35,300.7
22017554,2788397,2019-05-27,2,Electronica,788.21,1576.42
41277762,42679477,2019-05-27,2,Hogar,358.84,717.68
42574989,32056367,2019-05-27,2,Ropa,118.18,236.36
12418668,31843261,2019-05-26,2,Electronica,1488.58,2977.16
1622185,48325844,2019-05-26,5,Belleza,97.28,486.4
26023350,2053561,2019-05-26,2,Electronica,1252.52,2505.04
40987397,46135071,2019-05-26,2,Hogar,320.24,640.48
11646781,42035905,2019-05-26,2,Belleza,95.62,191.24
1840233,3985759,2019-05-26,2,Belleza,85.13,170.26
10698587,42695389,2019-05-26,3,Ropa,46.69,140.07
18787320,49521603,2019-05-26,2,Libros,7.88,15.76
8922968,6456376,2019-05-26,2,Libros,54.69,109.38
16072144,47936921,2019-05-26,2,Libros,57.01,114.02
3687907,49465803,2019-05-26,2,Deportes,296.23,592.46
17619419,48112356,2019-05-26,2,Electronica,1100.1,2200.2
20516199,35041717,2019-05-26,3,Deportes,122.66,367.98
1624700,4054198,2019-05-26,2,Hogar,278.08,556.16
398394,31335073,2019-05-26,2,Deportes,397.05,794.1
14039788,3687316,2019-05-26,2,Hogar,430.23,860.46
18589164,35163523,2019-05-26,2,Libros,42.98,85.96
22559912,38561330,2019-05-26,2,Hogar,162.63,325.26
36911435,33012520,2019-05-26,2,Belleza,68.42,136.84
12375065,32055889,2019-05-26,2,Electronica,486.52,973.04
35177265,43467061,2019-05-26,3,Ropa,101.88,305.64
2137692,42625822,2019-05-26,2,Electronica,636.67,1273.34
26156899,40276011,2019-05-26,2,Belleza,74.61,149.22
13327288,6807168,2019-05-26,2,Libros,25.41,50.82
38343713,43172070,2019-05-26,2,Libros,39.48,78.96
6776302,44042362,2019-05-26,2,Deportes,24.37,48.74
14138086,47166546,2019-05-26,2,Hogar,385.22,770.44
1295911,42708599,2019-05-26,2,Belleza,90.11,180.22
33537121,37504880,2019-05-26,2,Belleza,100.49,200.98
12739916,39591978,2019-05-26,2,Hogar,423.1,846.2
19947522,50691723,2019-05-26,2,Electronica,871.28,1742.56
19156423,38613664,2019-05-26,3,Ropa,158.21,474.63
11824761,48167245,2019-05-26,2,Electronica,763.97,1527.94
4709866,51040885,2019-05-26,2,Hogar,476.49,952.98
11358334,31725849,2019-05-26,2,Hogar,107.49,214.98
41580295,981776,2019-05-26,2,Ropa,183.97,367.94
2477880,41725250,2019-05-26,2,Deportes,118.24,236.48
1061075,2585334,2019-05-26,2,Ropa,26.67,53.34
1085800,7066099,2019-05-26,2,Libros,25.04,50.08
13447942,39833031,2019-05-26,2,Belleza,110.33,220.66
18471267,6983008,2019-05-26,2,Deportes,59.03,118.06
845975,4409952,2019-05-26,2,Ropa,105.64,211.28
36183829,32242550,2019-05-26,2,Ropa,83.98,167.96
14042312,46473123,2019-05-26,2,Libros,19.6,39.2
9414112,2708015,2019-05-26,2,Ropa,93.43,186.86
13616629,41980866,2019-05-26,3,Deportes,253.67,761.01
42341628,2610469,2019-05-26,3,Belleza,31.56,94.67999999999999
22065039,4919746,2019-05-26,2,Ropa,93.21,186.42
8907905,32661635,2019-05-26,2,Deportes,231.2,462.4
4649622,39561181,2019-05-26,2,Deportes,327.0,654.0
1606427,36433493,2019-05-26,2,Libros,51.13,102.26
8845324,6710551,2019-05-26,2,Deportes,117.69,235.38
18907162,46412162,2019-05-26,2,Belleza,71.74,143.48
21216563,4780318,2019-05-26,2,Deportes,148.94,297.88
3090797,44712995,2019-05-26,2,Libros,34.14,68.28
9804585,40270386,2019-05-26,2,Belleza,81.7,163.4
7694755,1008453,2019-05-26,2,Ropa,76.58,153.16
2719296,32557425,2019-05-26,3,Electronica,1492.0,4476.0
6586108,33861495,2019-05-26,2,Ropa,117.12,234.24
242178,34454446,2019-05-26,2,Electronica,1245.47,2490.94
36122022,6028928,2019-05-26,4,Ropa,148.3,593.2
6184554,42942017,2019-05-26,2,Ropa,147.78,295.56
1312688,35700393,2019-05-26,3,Libros,51.9,155.7
3714087,2979069,2019-05-26,2,Electronica,302.01,604.02
19016816,40383678,2019-05-26,2,Electronica,372.7,745.4
13692706,36315550,2019-05-26,2,Hogar,251.39,502.78
31833381,31737182,2019-05-26,2,Electronica,1285.88,2571.76
38375410,35920388,2019-05-26,2,Electronica,336.53,673.06
24560108,49130597,2019-05-26,2,Hogar,485.97,971.94
8841410,32717530,2019-05-26,2,Belleza,5.7,11.4
8276934,6915733,2019-05-26,2,Deportes,68.49,136.98
749325,45539081,2019-05-26,2,Deportes,86.53,173.06
9813288,4060869,2019-05-26,2,Hogar,96.11,192.22
13947203,6306074,2019-05-26,2,Belleza,72.39,144.78
1287421,7155816,2019-05-26,2,Electronica,1380.43,2760.86
383598,37834279,2019-05-25,3,Electronica,419.91,1259.73
11029654,48397387,2019-05-26,2,Hogar,283.22,566.44
9203108,33123090,2019-05-26,2,Belleza,7.73,15.46
12349894,36259899,2019-05-26,2,Hogar,100.25,200.5
15583612,1294671,2019-05-26,2,Belleza,77.58,155.16
2993196,42462901,2019-05-26,2,Libros,11.78,23.56
5629689,32883002,2019-05-26,2,Deportes,206.7,413.4
32080322,2905446,2019-05-26,2,Ropa,134.48,268.96
42429419,6619953,2019-05-26,2,Libros,20.77,41.54
11703593,46438233,2019-05-26,2,Libros,20.36,40.72
3550424,2690812,2019-05-26,2,Libros,36.85,73.7
22727744,46237358,2019-05-26,2,Deportes,73.2,146.4
10492689,45019190,2019-05-26,2,Electronica,283.99,567.98
6780061,32004413,2019-05-25,2,Libros,41.93,83.86
33812509,47474615,2019-05-25,3,Hogar,407.32,1221.96
42293337,49576953,2019-05-25,2,Belleza,109.43,218.86
1303643,7132333,2019-05-25,2,Deportes,329.17,658.34
23133116,1207202,2019-05-25,2,Belleza,117.0,234.0
27164552,32593629,2019-05-25,2,Deportes,175.14,350.28
34774612,2156958,2019-05-25,2,Libros,23.21,46.42
25993360,34909327,2019-05-25,2,Electronica,90.87,181.74
40846540,2173644,2019-05-25,2,Ropa,95.48,190.96
24915931,46276815,2019-05-25,2,Belleza,79.91,159.82
30191529,45995859,2019-05-25,2,Hogar,404.19,808.38
1268999,37443356,2019-05-25,2,Belleza,98.77,197.54
14798690,39197297,2019-05-25,2,Ropa,60.82,121.64
23514838,40181939,2019-05-25,2,Belleza,64.06,128.12
20488716,76259,2019-05-26,2,Deportes,27.82,55.64
538448,976646,2019-05-26,2,Belleza,81.13,162.26
21238623,44059851,2019-05-26,2,Deportes,229.61,459.22
5113495,43215606,2019-05-26,3,Electronica,1187.7,3563.1000000000004
35225501,44752649,2019-05-26,2,Deportes,124.13,248.26
8742448,36418528,2019-05-26,2,Ropa,161.29,322.58
4568075,31168291,2019-05-26,2,Electronica,301.37,602.74
9959761,50376699,2019-05-26,2,Belleza,99.12,198.24
41470912,36547394,2019-05-26,2,Libros,54.77,109.54
13818735,48919247,2019-05-26,2,Libros,57.39,114.78
18726314,35372959,2019-05-26,2,Belleza,47.04,94.08
13914820,45995862,2019-05-26,3,Electronica,598.32,1794.96
1170075,48714692,2019-05-26,2,Electronica,595.46,1190.92
19507533,567671,2019-05-26,2,Ropa,151.22,302.44
14798690,41476724,2019-05-26,2,Ropa,96.69,193.38
16097166,41883074,2019-05-26,2,Deportes,30.87,61.74
8212642,35361246,2019-05-26,2,Belleza,110.79,221.58
20593131,32328849,2019-05-26,2,Hogar,223.91,447.82
26787237,47462704,2019-05-25,2,Ropa,48.66,97.32
5079253,37334107,2019-05-25,2,Belleza,68.9,137.8
22673136,32242160,2019-05-26,2,Deportes,140.9,281.8
30482628,46672200,2019-05-26,2,Electronica,367.41,734.82
42443135,47170220,2019-05-26,2,Deportes,98.29,196.58
16142382,31507854,2019-05-26,2,Libros,35.02,70.04
11671999,35370659,2019-05-25,2,Electronica,617.01,1234.02
41817714,42105793,2019-05-25,2,Belleza,28.01,56.02
14336226,34431889,2019-05-26,2,Electronica,1035.48,2070.96
2210936,2601415,2019-05-26,2,Ropa,118.87,237.74
11673289,2497017,2019-05-26,2,Ropa,199.4,398.8
16384775,36358902,2019-05-26,2,Electronica,1295.58,2591.16
11476892,43944593,2019-05-26,2,Ropa,11.46,22.92
30775825,34278202,2019-05-26,2,Belleza,10.81,21.62
30996342,40802779,2019-05-25,2,Ropa,125.92,251.84
42278536,48151551,2019-05-25,2,Deportes,257.98,515.96
27062851,50853319,2019-05-25,2,Belleza,105.99,211.98
25381836,31511822,2019-05-25,2,Hogar,424.78,849.56
1963195,45994405,2019-05-27,2,Hogar,320.09,640.18
32777197,4916076,2019-05-27,2,Ropa,53.27,106.54
10699954,45524489,2019-05-27,2,Ropa,99.02,198.04
23350443,29496609,2019-05-27,2,Deportes,327.41,654.82
12308128,1836835,2019-05-25,2,Ropa,23.88,47.76
10110796,46977734,2019-05-25,2,Deportes,370.67,741.34
10871565,31702228,2019-05-25,2,Libros,18.03,36.06
29265447,40501093,2019-05-25,2,Electronica,832.43,1664.86
11328861,2032179,2019-05-25,2,Ropa,167.55,335.1
14811656,4524906,2019-05-25,3,Electronica,280.44,841.3199999999999
5451363,32337869,2019-05-25,2,Electronica,770.65,1541.3
37941106,37356541,2019-05-25,2,Deportes,54.24,108.48
7601627,31124671,2019-05-25,2,Electronica,1415.51,2831.02
16748028,26038359,2019-05-25,2,Belleza,50.81,101.62
15923101,4906270,2019-05-25,2,Deportes,106.13,212.26
18556263,6417324,2019-05-25,2,Electronica,975.18,1950.36
6111658,3041925,2019-05-25,2,Hogar,429.3,858.6
20913085,39691521,2019-05-25,2,Electronica,1497.53,2995.06
16686007,32181460,2019-05-25,2,Ropa,44.71,89.42
881911,43751170,2019-05-25,2,Libros,43.18,86.36
1905142,1124287,2019-05-25,2,Belleza,22.98,45.96
11289512,2833320,2019-05-25,2,Deportes,357.05,714.1
8380933,36945615,2019-05-25,4,Belleza,71.23,284.92
38848132,47314738,2019-05-25,2,Libros,40.18,80.36
36915399,45637581,2019-05-25,2,Electronica,1404.04,2808.08
4262796,35456318,2019-05-25,2,Hogar,212.72,425.44
3250917,41272128,2019-05-25,2,Deportes,276.41,552.82
20180646,46365911,2019-05-25,4,Electronica,736.84,2947.36
14114704,32985490,2019-05-25,2,Deportes,170.32,340.64
916881,43485145,2019-05-25,2,Ropa,100.56,201.12
12066389,32708779,2019-05-25,2,Libros,10.66,21.32
1070383,46668718,2019-05-25,2,Libros,5.43,10.86
26057337,5563538,2019-05-25,2,Electronica,129.97,259.94
6092282,40778768,2019-05-25,2,Ropa,46.58,93.16
18440437,44169608,2019-05-25,2,Electronica,712.08,1424.16
6092282,45795040,2019-05-25,2,Electronica,80.44,160.88
10608089,44491040,2019-05-25,2,Deportes,79.26,158.52
28500191,6411072,2019-05-25,4,Electronica,581.18,2324.72
11261234,31529981,2019-05-25,2,Libros,47.98,95.96
29740272,49993157,2019-05-25,2,Electronica,1155.14,2310.28
42220731,27132459,2019-05-25,2,Hogar,398.02,796.04
11362460,2984478,2019-05-25,2,Hogar,461.95,923.9
14117889,31651160,2019-05-25,2,Libros,11.55,23.1
13428508,41255600,2019-05-26,2,Hogar,94.12,188.24
26827986,43547826,2019-05-25,2,Deportes,146.75,293.5
34885005,47585225,2019-05-25,2,Ropa,183.88,367.76
16569724,31539877,2019-05-25,2,Belleza,94.18,188.36
11334208,6855426,2019-05-25,2,Electronica,519.98,1039.96
40153674,32097875,2019-05-25,2,Belleza,15.08,30.16
8478708,4154482,2019-05-25,2,Ropa,127.11,254.22
11500390,31308587,2019-05-25,2,Ropa,58.8,117.6
5753681,631249,2019-05-25,2,Deportes,221.84,443.68
22808678,46875141,2019-05-25,2,Hogar,471.77,943.54
15417224,34091923,2019-05-25,3,Ropa,116.18,348.54
10386007,34579622,2019-05-25,2,Hogar,292.72,585.44
4229278,41990789,2019-05-25,2,Ropa,185.53,371.06
25081305,42465394,2019-05-25,2,Deportes,169.35,338.7
1591480,4531627,2019-05-25,2,Deportes,260.67,521.34
9066934,5995368,2019-05-25,3,Hogar,420.25,1260.75
4137213,43438209,2019-05-25,2,Libros,54.16,108.32
6305531,44749139,2019-05-25,4,Electronica,902.58,3610.32
29709508,46272707,2019-05-25,2,Hogar,313.23,626.46
13709852,33873318,2019-05-25,3,Hogar,445.68,1337.04
41587440,988829,2019-05-25,2,Ropa,146.1,292.2
9883638,36519198,2019-05-25,2,Deportes,266.82,533.64
16063454,35496096,2019-05-25,2,Libros,53.52,107.04
11851484,2819480,2019-05-25,2,Belleza,15.14,30.28
12366226,42566053,2019-05-25,2,Electronica,876.85,1753.7
33022980,6406152,2019-05-25,2,Hogar,178.38,356.76
2209496,42048482,2019-05-25,2,Electronica,626.64,1253.28
15986972,46303249,2019-05-25,2,Deportes,365.69,731.38
35770168,38118716,2019-05-25,2,Ropa,191.64,383.28
6691077,31061791,2019-05-25,3,Hogar,73.38,220.14
14572248,32787042,2019-05-25,2,Belleza,18.7,37.4
21357446,35045547,2019-05-25,2,Electronica,1405.55,2811.1
34890586,3327970,2019-05-25,2,Electronica,478.87,957.74
8346817,933350,2019-05-25,2,Libros,18.3,36.6
3434443,36885511,2019-05-25,2,Hogar,32.28,64.56
10659550,31470463,2019-05-25,2,Belleza,36.69,73.38
18877853,49892061,2019-05-25,2,Electronica,1055.61,2111.22
10580454,38304812,2019-05-25,2,Ropa,90.95,181.9
846018,31521671,2019-05-25,2,Electronica,799.46,1598.92
7267600,34688272,2019-05-25,2,Belleza,110.49,220.98
20111538,49673339,2019-05-25,2,Deportes,63.58,127.16
31729001,31120501,2019-05-25,2,Deportes,47.07,94.14
13210776,31473003,2019-05-25,2,Libros,51.86,103.72
13937512,1263140,2019-05-25,2,Hogar,390.81,781.62
1604327,42411919,2019-05-25,2,Belleza,35.33,70.66
11362300,33906448,2019-05-25,2,Libros,48.54,97.08
569630,38182323,2019-05-25,2,Libros,22.83,45.66
25979160,32887503,2019-05-25,2,Electronica,499.9,999.8
6505362,45639755,2019-05-25,2,Electronica,989.32,1978.64
40528737,34556571,2019-05-25,2,Deportes,43.26,86.52
39886900,32993874,2019-05-25,2,Libros,31.92,63.84
41186138,27079059,2019-05-25,3,Deportes,70.87,212.61
14911347,46147201,2019-05-25,2,Ropa,165.75,331.5
26636828,35165943,2019-05-25,2,Deportes,164.65,329.3
41525528,37646756,2019-05-25,2,Ropa,110.24,220.48
29206105,6055126,2019-05-24,2,Electronica,92.51,185.02
40473222,6636354,2019-05-25,2,Libros,33.7,67.4
1633788,2836424,2019-05-25,2,Libros,8.2,16.4
13378127,4696224,2019-05-25,2,Ropa,138.26,276.52
42037385,50362735,2019-05-25,2,Libros,47.17,94.34
1278207,38906747,2019-05-25,2,Libros,44.05,88.1
3123298,42943642,2019-05-25,2,Ropa,150.03,300.06
11696740,85735,2019-05-25,2,Electronica,717.62,1435.24
5271087,3418718,2019-05-25,2,Hogar,65.74,131.48
2526216,31608737,2019-05-25,2,Deportes,283.51,567.02
15432100,42081273,2019-05-25,2,Ropa,44.53,89.06
9839037,32904354,2019-05-25,2,Electronica,192.12,384.24
11518334,32571754,2019-05-25,2,Libros,46.64,93.28
8804525,39578974,2019-05-25,2,Belleza,107.28,214.56
13379626,6039605,2019-05-25,2,Ropa,146.17,292.34
12169864,46956708,2019-05-25,2,Deportes,326.12,652.24
7298547,34818448,2019-05-25,2,Libros,59.51,119.02
10809728,47879712,2019-05-25,2,Hogar,80.36,160.72
11816431,46281185,2019-05-25,2,Libros,8.62,17.24
23832850,31274036,2019-05-25,2,Electronica,1449.47,2898.94
14835307,37635542,2019-05-25,2,Hogar,306.58,613.16
40083823,31574568,2019-05-25,2,Belleza,98.52,197.04
39893551,38593691,2019-05-24,2,Ropa,133.53,267.06
34649858,42803906,2019-05-25,2,Ropa,143.95,287.9
5246884,51063515,2019-05-25,2,Libros,36.35,72.7
21448629,50581475,2019-05-24,3,Ropa,143.69,431.07
16644642,47755907,2019-05-24,2,Deportes,141.7,283.4
13852143,6471635,2019-05-24,2,Ropa,185.61,371.22
21701039,3277829,2019-05-24,3,Electronica,217.17,651.51
14378591,32457105,2019-05-24,2,Belleza,41.57,83.14
28980478,27080809,2019-05-24,2,Hogar,30.11,60.22
10325651,42040591,2019-05-25,2,Belleza,36.2,72.4
8679176,47027958,2019-05-25,2,Libros,17.0,34.0
5965701,35627526,2019-05-25,2,Hogar,337.94,675.88
29621797,40172783,2019-05-24,2,Ropa,19.43,38.86
20785522,36841185,2019-05-24,2,Libros,32.05,64.1
8651992,38816413,2019-05-24,2,Hogar,242.29,484.58
19020796,50041945,2019-05-24,2,Libros,9.28,18.56
866132,33389615,2019-05-24,2,Deportes,119.5,239.0
28772129,31839449,2019-05-24,3,Belleza,114.63,343.89
42165406,35471487,2019-05-25,2,Hogar,68.71,137.42
3792933,1008436,2019-05-25,2,Electronica,1072.77,2145.54
34199158,38968800,2019-05-25,2,Hogar,162.93,325.86
27900281,34407849,2019-05-25,2,Ropa,50.71,101.42
24162190,40167009,2019-05-25,2,Hogar,194.53,389.06
17146210,33154832,2019-05-25,2,Hogar,32.39,64.78
12358511,47165569,2019-05-25,2,Electronica,265.89,531.78
6628476,32056102,2019-05-25,2,Belleza,85.43,170.86
2256187,35157969,2019-05-24,2,Libros,25.17,50.34
34495711,6257394,2019-05-24,2,Hogar,234.26,468.52
19776676,32242242,2019-05-24,2,Belleza,23.05,46.1
6945888,2582968,2019-05-24,2,Hogar,345.84,691.68
11213506,3605343,2019-05-24,2,Deportes,305.58,611.16
18692589,44154300,2019-05-24,2,Deportes,116.12,232.24
40234331,32289523,2019-05-24,3,Deportes,88.82,266.46
3054526,45018593,2019-05-24,2,Deportes,37.1,74.2
25259434,33728913,2019-05-24,2,Ropa,25.38,50.76
16247087,3726513,2019-05-24,2,Hogar,333.67,667.34
16226432,41660691,2019-05-24,4,Ropa,35.75,143.0
13323036,46627697,2019-05-24,2,Belleza,61.8,123.6
41675372,42352809,2019-05-24,2,Ropa,39.0,78.0
3800424,48352783,2019-05-24,2,Belleza,24.57,49.14
13782307,49841242,2019-05-24,2,Belleza,5.5,11.0
25519617,44592240,2019-05-24,2,Belleza,41.89,83.78
1391826,36496883,2019-05-24,2,Libros,9.94,19.88
20042611,50475730,2019-05-24,3,Ropa,84.85,254.54999999999998
38647080,50500138,2019-05-24,2,Libros,37.88,75.76
25444735,33608645,2019-05-24,2,Hogar,193.25,386.5
21890656,3982318,2019-05-24,2,Ropa,143.97,287.94
1204444,48005066,2019-05-25,2,Hogar,374.6,749.2
23372820,47864484,2019-05-25,2,Belleza,36.68,73.36
25116567,33061423,2019-05-24,2,Deportes,304.14,608.28
17209419,1263762,2019-05-24,2,Hogar,352.85,705.7
29403036,33005638,2019-05-24,2,Libros,7.61,15.22
13710008,48154368,2019-05-24,2,Belleza,112.72,225.44
7990252,35708999,2019-05-24,2,Ropa,55.09,110.18
10261161,33332746,2019-05-24,2,Belleza,104.82,209.64
8943424,3631520,2019-05-24,2,Hogar,106.89,213.78
34645168,49283319,2019-05-24,3,Deportes,251.69,755.0699999999999
9137611,3328452,2019-05-24,2,Hogar,303.52,607.04
41023577,41905383,2019-05-24,2,Deportes,213.84,427.68
35600091,33609160,2019-05-24,2,Ropa,10.83,21.66
18448638,49762982,2019-05-24,2,Libros,35.54,71.08
27624976,39560862,2019-05-24,2,Ropa,187.23,374.46
20805024,40276001,2019-05-24,2,Belleza,93.57,187.14
10951795,31535092,2019-05-24,2,Libros,23.4,46.8
16966591,105890,2019-05-24,2,Libros,58.22,116.44
18256077,34222951,2019-05-24,2,Ropa,77.78,155.56
3305802,31906092,2019-05-24,2,Hogar,82.83,165.66
12823179,6531168,2019-05-24,2,Electronica,627.68,1255.36
13668955,6988267,2019-05-24,2,Electronica,659.86,1319.72
17596951,50208328,2019-05-24,2,Hogar,254.89,509.78
6935069,43544804,2019-05-24,2,Hogar,320.29,640.58
33172556,43252415,2019-05-24,2,Belleza,63.06,126.12
3767129,31927238,2019-05-24,2,Belleza,66.72,133.44
3476771,31535891,2019-05-24,2,Hogar,26.67,53.34
15438751,48180586,2019-05-24,2,Deportes,116.38,232.76
14602860,42266074,2019-05-24,3,Libros,22.09,66.27
35445336,37575631,2019-05-24,2,Belleza,118.52,237.04
10255672,1008564,2019-05-24,2,Hogar,158.35,316.7
27783454,36545164,2019-05-24,3,Libros,55.63,166.89000000000001
27961585,50046389,2019-05-24,2,Electronica,1350.04,2700.08
21356905,33861387,2019-05-24,2,Deportes,135.8,271.6
6375037,47138184,2019-05-24,2,Ropa,28.26,56.52
7527790,36398159,2019-05-24,2,Hogar,135.09,270.18
7083687,1008436,2019-05-23,2,Electronica,1072.77,2145.54
15919301,14718809,2019-05-23,4,Hogar,147.32,589.28
28674775,34137085,2019-05-23,2,Libros,58.8,117.6
25119433,49258486,2019-05-23,2,Deportes,276.23,552.46
23379653,39700684,2019-05-23,2,Belleza,112.14,224.28
20044750,38047394,2019-05-23,2,Belleza,101.02,202.04
1292625,43297074,2019-05-23,2,Belleza,71.54,143.08
1508635,4354511,2019-05-23,2,Deportes,231.44,462.88
4650787,44587808,2019-05-23,2,Belleza,21.2,42.4
23119586,4379552,2019-05-23,2,Ropa,138.32,276.64
12795957,41175467,2019-05-23,2,Deportes,257.44,514.88
17922174,36871780,2019-05-23,2,Deportes,273.18,546.36
15481322,43227689,2019-05-23,2,Belleza,35.45,70.9
17182055,32256653,2019-05-23,3,Belleza,51.93,155.79
5543180,40507358,2019-05-23,2,Libros,37.59,75.18
14529548,34754742,2019-05-24,3,Electronica,102.1,306.29999999999995
18118142,49891843,2019-05-23,2,Electronica,750.11,1500.22
9798330,47066602,2019-05-23,2,Hogar,431.97,863.94
2832551,42454768,2019-05-23,2,Hogar,253.8,507.6
35220398,34180922,2019-05-23,2,Deportes,229.88,459.76
1029835,4450567,2019-05-23,2,Deportes,96.72,193.44
39655849,32284659,2019-05-23,2,Ropa,160.93,321.86
8874681,47295517,2019-05-23,2,Ropa,78.19,156.38
23496611,39611893,2019-05-23,2,Electronica,1437.05,2874.1
21682642,40153668,2019-05-23,2,Ropa,62.73,125.46
18253196,41323386,2019-05-23,2,Hogar,496.95,993.9
30264141,31884638,2019-05-23,4,Electronica,1378.2,5512.8
5957280,7025173,2019-05-23,2,Electronica,173.07,346.14
4728353,6983338,2019-05-23,3,Hogar,176.59,529.77
9215104,49948787,2019-05-23,2,Ropa,189.58,379.16
3213412,4643891,2019-05-23,2,Libros,49.25,98.5
8804181,42151211,2019-05-23,2,Libros,55.12,110.24
6325456,46556823,2019-05-23,4,Libros,36.49,145.96
8702954,38541892,2019-05-23,2,Hogar,247.99,495.98
16024819,3745712,2019-05-23,2,Belleza,17.25,34.5
39735049,37549710,2019-05-23,2,Belleza,101.54,203.08
20098151,4050452,2019-05-23,2,Belleza,90.69,181.38
17217392,37997898,2019-05-23,2,Deportes,42.37,84.74
18787352,3900676,2019-05-23,2,Ropa,49.79,99.58
40496946,44752583,2019-05-23,2,Ropa,115.88,231.76
27523567,47851601,2019-05-22,3,Deportes,280.07,840.21
14332031,46834023,2019-05-23,2,Electronica,249.62,499.24
40575686,40134774,2019-05-23,3,Libros,18.47,55.41
11947502,36503135,2019-05-22,2,Electronica,1203.41,2406.82
26318378,36963953,2019-05-23,2,Belleza,27.21,54.42
23643204,48974388,2019-05-22,2,Libros,17.1,34.2
1209299,37697371,2019-05-22,2,Belleza,110.88,221.76
12549225,31678777,2019-05-22,2,Libros,44.37,88.74
32633918,32309585,2019-05-22,2,Electronica,1118.81,2237.62
27781169,42332689,2019-05-22,2,Libros,48.67,97.34
10332467,44819500,2019-05-22,2,Libros,24.61,49.22
10170558,2495542,2019-05-22,3,Hogar,387.08,1161.24
31314056,39692280,2019-05-22,2,Libros,58.81,117.62
5922469,37121754,2019-05-22,3,Hogar,353.72,1061.16
8112918,6716693,2019-05-22,2,Ropa,89.18,178.36
6579600,49764156,2019-05-22,2,Deportes,292.22,584.44
40720789,48229290,2019-05-22,2,Hogar,337.21,674.42
3712475,33455675,2019-05-22,2,Libros,54.54,109.08
10488008,48726857,2019-05-22,2,Ropa,34.46,68.92
18041956,6988364,2019-05-22,3,Hogar,143.67,431.01
26870632,3767187,2019-05-22,2,Deportes,93.34,186.68
13447316,42563510,2019-05-22,2,Libros,55.56,111.12
3858545,4472340,2019-05-22,2,Libros,57.04,114.08
2781940,48825001,2019-05-22,2,Electronica,752.0,1504.0
41437990,750546,2019-05-22,2,Ropa,81.16,162.32
35328195,33739394,2019-05-22,2,Ropa,150.53,301.06
41426890,6267828,2019-05-22,2,Ropa,169.35,338.7
15453102,50079722,2019-05-22,2,Belleza,37.52,75.04
8227755,32959481,2019-05-22,2,Belleza,62.36,124.72
5224058,44704208,2019-05-22,2,Electronica,1405.07,2810.14
34192107,48952893,2019-05-22,2,Hogar,87.66,175.32
11082470,34834885,2019-05-22,2,Belleza,53.28,106.56
16811911,32749918,2019-05-23,2,Belleza,109.83,219.66
27478159,34438413,2019-05-22,2,Deportes,152.67,305.34
25873050,35613743,2019-05-22,2,Hogar,152.55,305.1
32140977,31302639,2019-05-22,2,Ropa,155.94,311.88
24246144,36788946,2019-05-21,2,Hogar,203.79,407.58
14153173,33877342,2019-05-22,2,Libros,49.27,98.54
40781428,31900469,2019-05-21,2,Ropa,196.39,392.78
14532800,43474034,2019-05-21,2,Hogar,203.09,406.18
36215207,49430680,2019-05-21,2,Belleza,102.19,204.38
15974311,36826084,2019-05-21,3,Deportes,395.6,1186.8000000000002
2051442,34977729,2019-05-21,2,Ropa,196.93,393.86
34312435,50055599,2019-05-21,2,Belleza,54.88,109.76
5385301,40573034,2019-05-21,2,Hogar,250.59,501.18
29746324,37211343,2019-05-21,3,Ropa,67.65,202.95000000000002
33447297,44601821,2019-05-21,2,Libros,22.27,44.54
5518731,32040145,2019-05-21,3,Ropa,103.57,310.71
8276934,31337186,2019-05-21,6,Belleza,28.06,168.35999999999999
1579541,6914011,2019-05-21,2,Ropa,145.11,290.22
7234452,48726849,2019-05-21,2,Libros,34.5,69.0
7535921,32024358,2019-05-21,2,Deportes,361.27,722.54
11333624,31482132,2019-05-21,2,Deportes,328.02,656.04
31403780,47852084,2019-05-21,2,Belleza,42.08,84.16
10586156,41676102,2019-05-21,2,Electronica,159.82,319.64
16779137,32386793,2019-05-21,2,Hogar,260.32,520.64
28761152,31843261,2019-05-21,2,Electronica,1488.58,2977.16
1373481,46293939,2019-05-21,3,Belleza,91.31,273.93
24772035,36825006,2019-05-21,2,Deportes,93.42,186.84
1373481,48521656,2019-05-21,2,Electronica,95.82,191.64
2991633,35770863,2019-05-21,2,Electronica,1285.84,2571.68
24999636,34985896,2019-05-21,2,Ropa,36.13,72.26
4046858,6741163,2019-05-21,2,Libros,53.92,107.84
14974219,31623171,2019-05-21,2,Ropa,183.59,367.18
24279022,46908638,2019-05-21,2,Electronica,718.02,1436.04
12534063,35631738,2019-05-21,2,Deportes,326.58,653.16
6744962,40289363,2019-05-21,4,Ropa,79.01,316.04
3116564,39800002,2019-05-21,2,Belleza,103.7,207.4
4222607,38005968,2019-05-21,2,Libros,50.36,100.72
26873653,6710066,2019-05-21,2,Belleza,14.03,28.06
27681096,42000110,2019-05-21,2,Libros,37.04,74.08
25673956,39833031,2019-05-21,2,Belleza,110.33,220.66
27098757,43524799,2019-05-21,2,Belleza,46.04,92.08
1693837,6707897,2019-05-21,2,Deportes,263.2,526.4
3729665,36875704,2019-05-21,2,Ropa,10.16,20.32
22034134,2604341,2019-05-21,2,Libros,58.9,117.8
41126041,40775891,2019-05-21,3,Belleza,51.76,155.28
4078576,40458315,2019-05-21,2,Ropa,108.3,216.6
22786249,34443740,2019-05-21,2,Ropa,47.01,94.02
7210671,35072078,2019-05-21,2,Belleza,75.26,150.52
12073194,7157959,2019-05-21,2,Hogar,46.43,92.86
13379990,42740363,2019-05-21,2,Electronica,1225.4,2450.8
13348368,32971682,2019-05-21,2,Libros,37.22,74.44
13514938,49087689,2019-05-21,2,Belleza,95.62,191.24
14373489,35033462,2019-05-20,2,Deportes,297.82,595.64
14040569,39833031,2019-05-21,2,Belleza,110.33,220.66
6640362,31998456,2019-05-20,2,Hogar,130.26,260.52
21901261,46030368,2019-05-20,3,Belleza,55.12,165.35999999999999
1552971,47597439,2019-05-20,2,Ropa,38.24,76.48
41642390,32575910,2019-05-20,3,Ropa,17.97,53.91
40472323,46828695,2019-05-21,2,Belleza,12.25,24.5
39095347,48597461,2019-05-20,2,Hogar,472.11,944.22
20312927,44307118,2019-05-21,2,Hogar,368.77,737.54
1050678,49574465,2019-05-20,2,Belleza,118.22,236.44
16328452,35420611,2019-05-20,2,Hogar,61.06,122.12
6077057,32998497,2019-05-21,2,Hogar,177.57,355.14
15109620,927404,2019-05-21,2,Deportes,63.48,126.96
26167866,42744360,2019-05-20,2,Libros,50.88,101.76
4541203,39875599,2019-05-21,2,Ropa,104.3,208.6
1047370,38029584,2019-05-20,2,Ropa,128.04,256.08
23003804,32142015,2019-05-20,2,Hogar,276.86,553.72
21116160,45601348,2019-05-20,2,Ropa,144.95,289.9
20343377,37635781,2019-05-20,2,Electronica,512.74,1025.48
1619858,32401023,2019-05-20,2,Hogar,81.68,163.36
13323931,47353982,2019-05-20,2,Ropa,13.35,26.7
15388687,46608629,2019-05-20,2,Electronica,696.25,1392.5
40916229,31892975,2019-05-20,2,Deportes,364.98,729.96
6043352,33466366,2019-05-20,2,Ropa,68.0,136.0
18171334,32274992,2019-05-20,2,Electronica,334.14,668.28
5511782,47463138,2019-05-20,2,Electronica,777.69,1555.38
30828760,38473205,2019-05-20,3,Belleza,111.49,334.46999999999997
3999549,43135323,2019-05-20,2,Libros,10.8,21.6
40970980,43275716,2019-05-20,2,Belleza,10.96,21.92
38368505,43307485,2019-05-20,2,Electronica,1325.15,2650.3
3904546,4720920,2019-05-20,2,Hogar,354.94,709.88
32886251,31508756,2019-05-20,2,Ropa,163.15,326.3
18897502,46727503,2019-05-20,2,Hogar,219.7,439.4
11136777,33285643,2019-05-20,2,Ropa,152.95,305.9
12130738,47413047,2019-05-20,2,Belleza,90.27,180.54
10911883,180585,2019-05-20,2,Hogar,34.43,68.86
8373631,44148310,2019-05-20,2,Hogar,342.98,685.96
9099368,38329662,2019-05-20,2,Belleza,78.7,157.4
14424303,36482413,2019-05-20,2,Deportes,386.24,772.48
2417634,39782822,2019-05-20,2,Hogar,483.81,967.62
9181426,41150762,2019-05-20,2,Libros,25.78,51.56
28745022,34435434,2019-05-20,2,Electronica,905.27,1810.54
1163427,35493548,2019-05-20,2,Ropa,36.86,73.72
21159449,34918161,2019-05-20,2,Hogar,47.23,94.46
41529037,37619328,2019-05-20,2,Electronica,1140.92,2281.84
41156153,36788946,2019-05-20,2,Hogar,203.79,407.58
24704851,38977715,2019-05-20,2,Libros,28.8,57.6
16607123,44068812,2019-05-20,3,Libros,42.94,128.82
1690357,3760657,2019-05-20,2,Hogar,290.36,580.72
10590039,47774099,2019-05-20,2,Deportes,183.27,366.54
2209199,35496079,2019-05-20,2,Electronica,1236.26,2472.52
8930407,47114643,2019-05-20,2,Ropa,160.94,321.88
25150941,39034183,2019-05-20,2,Hogar,369.99,739.98
22282234,38922512,2019-05-20,2,Ropa,24.64,49.28
20965285,35104525,2019-05-20,2,Deportes,247.21,494.42
21817275,46427893,2019-05-20,2,Belleza,96.59,193.18
16682715,36362166,2019-05-20,2,Libros,55.57,111.14
13039344,46289439,2019-05-20,2,Libros,8.27,16.54
1063244,43524799,2019-05-20,2,Belleza,46.04,92.08
2203043,15037759,2019-05-20,2,Hogar,209.81,419.62
19775008,37325637,2019-05-20,2,Hogar,494.35,988.7
21975488,6773149,2019-05-20,2,Hogar,65.44,130.88
17007255,40316430,2019-05-20,2,Electronica,495.78,991.56
4912369,33923115,2019-05-20,2,Belleza,73.91,147.82
894583,36689380,2019-05-20,2,Deportes,215.16,430.32
4195223,2495596,2019-05-20,3,Hogar,101.06,303.18
14544227,37534174,2019-05-20,2,Deportes,313.72,627.44
14040776,31639050,2019-05-20,2,Libros,36.1,72.2
303250,5960628,2019-05-20,2,Ropa,109.88,219.76
11730063,34038133,2019-05-20,2,Ropa,93.42,186.84
3830631,3618483,2019-05-20,2,Electronica,234.79,469.58
18617678,50025776,2019-05-20,2,Ropa,98.22,196.44
7383993,40930576,2019-05-20,2,Deportes,82.47,164.94
14846254,1008631,2019-05-20,2,Electronica,1109.46,2218.92
11015071,44701937,2019-05-21,2,Ropa,194.99,389.98
197431,35221320,2019-05-21,2,Ropa,99.22,198.44
10555893,4565952,2019-05-20,3,Belleza,77.72,233.16
23808286,31511824,2019-06-14,2,Belleza,72.23,144.46
20343034,34544692,2019-06-14,2,Deportes,183.77,367.54
18506224,44388165,2019-06-14,2,Hogar,194.42,388.84
21476833,51938577,2019-06-14,2,Libros,12.61,25.22
38143721,35073362,2019-06-14,2,Belleza,116.61,233.22
42418971,32229572,2019-06-14,2,Libros,11.96,23.92
9933636,6555109,2019-06-14,2,Electronica,237.89,475.78
13550604,53812050,2019-06-14,3,Libros,11.14,33.42
3886885,31299745,2019-06-14,2,Belleza,57.8,115.6
32379330,32086322,2019-06-14,2,Deportes,270.38,540.76
41942010,44438195,2019-06-14,2,Hogar,187.14,374.28
14878847,51117988,2019-06-14,2,Hogar,108.37,216.74
41876009,38502424,2019-06-14,2,Electronica,1237.5,2475.0
34117298,50642239,2019-06-14,2,Hogar,191.11,382.22
10829822,43524799,2019-06-14,2,Belleza,46.04,92.08
31194945,35052493,2019-06-14,2,Belleza,27.35,54.7
10991939,40639049,2019-06-14,2,Electronica,579.37,1158.74
28816796,37976052,2019-06-14,2,Libros,16.8,33.6
44119771,45607955,2019-06-14,2,Deportes,217.39,434.78
6784124,47149514,2019-06-14,4,Electronica,1019.02,4076.08
9388532,32792157,2019-06-14,3,Libros,48.98,146.94
932244,2079963,2019-06-14,3,Electronica,379.96,1139.8799999999999
5327679,2034698,2019-06-14,2,Ropa,41.72,83.44
12043748,47122526,2019-06-14,2,Ropa,171.55,343.1
8295229,44479219,2019-06-14,2,Ropa,13.72,27.44
36407864,3970092,2019-06-14,2,Electronica,380.73,761.46
13509454,32332626,2019-06-14,2,Hogar,26.59,53.18
1338968,40193640,2019-06-14,3,Ropa,75.64,226.92000000000002
1780911,3377071,2019-06-14,2,Deportes,75.36,150.72
25689839,51573639,2019-06-14,2,Libros,36.89,73.78
40945140,6455989,2019-06-14,2,Belleza,49.13,98.26
37467611,41045160,2019-06-14,2,Ropa,27.78,55.56
4281077,31884149,2019-06-14,2,Electronica,629.81,1259.62
15906542,6660290,2019-06-14,2,Hogar,116.53,233.06
11772310,6757632,2019-06-14,2,Belleza,83.22,166.44
15876172,50824767,2019-06-14,3,Libros,25.04,75.12
4572141,51183591,2019-06-14,2,Libros,13.09,26.18
15993554,31131242,2019-06-14,2,Libros,23.89,47.78
16011981,31814585,2019-06-14,2,Ropa,76.42,152.84
4894371,46783514,2019-06-14,2,Libros,17.34,34.68
844869,50156962,2019-06-14,2,Libros,48.77,97.54
1238823,41296167,2019-06-14,2,Hogar,491.93,983.86
3346130,48779428,2019-06-14,2,Hogar,27.36,54.72
29996693,33605883,2019-06-14,2,Hogar,349.66,699.32
18142562,37954998,2019-06-14,2,Electronica,432.74,865.48
10039533,50439311,2019-06-14,2,Libros,8.65,17.3
2127067,39594891,2019-06-14,2,Libros,22.86,45.72
38559295,76083,2019-06-14,2,Libros,5.79,11.58
3933201,38279324,2019-06-14,2,Libros,53.46,106.92
43566974,51595664,2019-06-14,2,Deportes,154.37,308.74
25740618,31977537,2019-06-14,2,Hogar,497.35,994.7
4136478,3872791,2019-06-14,2,Ropa,66.83,133.66
15423393,42033033,2019-06-14,2,Hogar,31.4,62.8
26956161,36534402,2019-06-13,2,Belleza,55.87,111.74
6596623,48124322,2019-06-13,2,Ropa,45.64,91.28
25932153,2582204,2019-06-13,2,Belleza,94.37,188.74
34859103,49554032,2019-06-13,2,Electronica,1393.41,2786.82
10818211,47157312,2019-06-13,2,Electronica,1232.65,2465.3
17638919,2885676,2019-06-13,3,Libros,45.99,137.97
2816165,42381287,2019-06-13,2,Belleza,43.49,86.98
11880767,35104525,2019-06-13,2,Deportes,247.21,494.42
28037137,6580046,2019-06-13,2,Libros,8.55,17.1
18174618,44803751,2019-06-13,2,Deportes,96.49,192.98
1762831,33739281,2019-06-15,2,Electronica,697.87,1395.74
31096293,31280594,2019-06-13,2,Electronica,1436.49,2872.98
23533657,31714737,2019-06-14,2,Belleza,88.13,176.26
25547055,6041995,2019-06-13,2,Electronica,1251.01,2502.02
3162965,53517995,2019-06-13,2,Deportes,125.37,250.74
23309309,47296034,2019-06-13,2,Belleza,94.97,189.94
20775645,49709675,2019-06-13,2,Deportes,279.85,559.7
38628941,42536988,2019-06-13,2,Deportes,347.73,695.46
17486924,50093027,2019-06-13,2,Ropa,101.09,202.18
3632395,33243950,2019-06-13,2,Deportes,183.36,366.72
20761596,36975654,2019-06-13,2,Deportes,293.37,586.74
19005199,6427926,2019-06-13,2,Ropa,15.2,30.4
14382275,37111723,2019-06-13,3,Ropa,116.38,349.14
44096480,47152795,2019-06-13,2,Libros,59.62,119.24
16440109,31516269,2019-06-13,2,Deportes,127.66,255.32
21253100,7721660,2019-06-13,2,Ropa,44.73,89.46
10613318,3063818,2019-06-13,2,Hogar,221.17,442.34
15300551,3565046,2019-06-13,2,Electronica,305.12,610.24
1674599,44598052,2019-06-13,2,Deportes,199.34,398.68
12301170,42350196,2019-06-13,2,Electronica,391.05,782.1
37117906,50932237,2019-06-13,3,Belleza,69.54,208.62
1029525,6896406,2019-06-13,2,Electronica,232.41,464.82
14180262,47316147,2019-06-12,2,Libros,57.25,114.5
33001287,54541787,2019-06-12,2,Ropa,173.37,346.74
34370378,2819467,2019-06-12,2,Electronica,275.57,551.14
24003289,6580047,2019-06-12,2,Electronica,299.97,599.94
24751546,32056116,2019-06-12,3,Electronica,793.04,2379.12
34654144,31652319,2019-06-12,2,Hogar,389.85,779.7
37501549,3049278,2019-06-12,2,Libros,27.2,54.4
13998179,33889257,2019-06-12,2,Hogar,121.25,242.5
17778484,50402087,2019-06-12,2,Belleza,12.01,24.02
43688311,6420682,2019-06-12,3,Ropa,113.65,340.95000000000005
12391091,51612159,2019-06-12,2,Electronica,1052.82,2105.64
44053651,43524799,2019-06-12,2,Belleza,46.04,92.08
14834867,48228969,2019-06-12,5,Electronica,404.33,2021.6499999999999
8963327,42585510,2019-06-12,2,Electronica,692.61,1385.22
43081392,36488564,2019-06-12,4,Electronica,1122.66,4490.64
27203582,38304002,2019-06-12,2,Electronica,1428.43,2856.86
6443095,7045515,2019-06-12,2,Hogar,81.48,162.96
11363982,33028936,2019-06-12,2,Hogar,206.81,413.62
2233048,33654201,2019-06-12,2,Libros,33.11,66.22
26974325,38526151,2019-06-12,2,Libros,8.13,16.26
8293531,47099282,2019-06-12,2,Libros,43.79,87.58
14929441,48230741,2019-06-12,2,Belleza,28.77,57.54
12291237,46169039,2019-06-13,2,Deportes,54.13,108.26
1209420,6636801,2019-06-12,2,Ropa,86.76,173.52
14773924,36829133,2019-06-12,2,Libros,50.15,100.3
25479094,52515274,2019-06-12,2,Electronica,886.84,1773.68
43929092,1069457,2019-06-12,2,Libros,17.24,34.48
4716450,40527459,2019-06-12,2,Belleza,9.61,19.22
32340937,46858790,2019-06-12,2,Deportes,255.28,510.56
29590510,7131978,2019-06-12,3,Deportes,230.29,690.87
29869248,53648900,2019-06-12,2,Libros,12.3,24.6
39627532,48730760,2019-06-12,2,Belleza,44.41,88.82
13003083,49388757,2019-06-12,2,Hogar,262.44,524.88
43274706,2092292,2019-06-12,2,Deportes,363.42,726.84
3614789,33113186,2019-06-12,2,Belleza,14.41,28.82
41144624,48177436,2019-06-11,2,Libros,41.77,83.54
3015812,43532175,2019-06-11,2,Hogar,21.83,43.66
30366086,39756324,2019-06-12,2,Belleza,77.44,154.88
29525964,39297560,2019-06-11,2,Belleza,68.43,136.86
14585273,34925997,2019-06-11,2,Libros,49.65,99.3
43918563,53034605,2019-06-11,2,Deportes,222.03,444.06
41025647,35488992,2019-06-11,2,Hogar,186.02,372.04
33309980,45733829,2019-06-11,2,Belleza,45.25,90.5
6574624,417935,2019-06-11,3,Electronica,401.99,1205.97
43284773,6044350,2019-06-12,6,Ropa,30.01,180.06
35097013,35010377,2019-06-11,2,Ropa,26.2,52.4
8384958,3503103,2019-06-11,2,Deportes,223.15,446.3
43106936,4267393,2019-06-11,2,Hogar,445.84,891.68
31770936,33099458,2019-06-11,2,Belleza,64.2,128.4
12309201,32092722,2019-06-11,2,Hogar,373.46,746.92
22616229,46871383,2019-06-11,2,Ropa,66.7,133.4
32133740,31499215,2019-06-11,3,Belleza,58.3,174.89999999999998
14156152,33826440,2019-06-11,2,Libros,29.65,59.3
42323943,3765935,2019-06-11,2,Ropa,71.67,143.34
31354521,46303249,2019-06-11,2,Deportes,365.69,731.38
13978938,47425079,2019-06-11,2,Electronica,208.44,416.88
13952748,7587271,2019-06-11,2,Hogar,442.85,885.7
4308250,46029442,2019-06-11,2,Electronica,1150.02,2300.04
17723736,4409949,2019-06-11,2,Electronica,654.63,1309.26
25165298,51013128,2019-06-11,2,Electronica,131.59,263.18
10257164,2819822,2019-06-11,2,Ropa,155.21,310.42
11591210,35382923,2019-06-11,2,Deportes,170.09,340.18
43203870,31081439,2019-06-11,2,Libros,49.46,98.92
10886180,36703536,2019-06-11,2,Deportes,327.68,655.36
12372850,35523352,2019-06-11,2,Deportes,267.07,534.14
28004680,51818734,2019-06-11,2,Belleza,92.24,184.48
1281347,47879811,2019-06-11,2,Electronica,517.97,1035.94
13368317,32884569,2019-06-12,2,Ropa,37.89,75.78
896321,2836436,2019-06-11,2,Belleza,96.71,193.42
16834458,52704873,2019-06-11,2,Electronica,541.44,1082.88
1287179,40153766,2019-06-11,2,Ropa,58.66,117.32
28733834,47103114,2019-06-11,2,Deportes,104.53,209.06
16846885,31373677,2019-06-11,2,Deportes,95.96,191.92
5290507,44607215,2019-06-11,2,Ropa,150.05,300.1
4990778,7080416,2019-06-11,2,Belleza,107.06,214.12
11960802,3427344,2019-06-11,2,Belleza,31.52,63.04
7082304,3977758,2019-06-11,2,Hogar,56.34,112.68
13814739,4780288,2019-06-11,2,Electronica,504.96,1009.92
32233892,41517052,2019-06-11,3,Belleza,80.65,241.95000000000002
31695702,34481356,2019-06-11,2,Ropa,80.02,160.04
4146340,27717859,2019-06-11,3,Belleza,68.16,204.48
33633360,52314378,2019-06-11,2,Deportes,302.84,605.68
3180881,50024921,2019-06-11,2,Electronica,642.29,1284.58
12580092,35299139,2019-06-11,2,Libros,59.98,119.96
9559560,32025452,2019-06-11,2,Hogar,159.51,319.02
35673950,3450018,2019-06-11,2,Electronica,1468.46,2936.92
40096604,4460243,2019-06-11,2,Deportes,97.15,194.3
26455075,51821644,2019-06-11,2,Deportes,62.15,124.3
3721357,5937965,2019-06-11,2,Deportes,305.32,610.64
16221796,37622223,2019-06-11,2,Deportes,286.88,573.76
13370145,31693106,2019-06-11,2,Ropa,164.12,328.24
10592511,36322529,2019-06-11,2,Hogar,181.64,363.28
18857861,39415337,2019-06-11,2,Libros,56.19,112.38
7558906,42630750,2019-06-11,2,Deportes,65.4,130.8
3616578,31308600,2019-06-11,2,Deportes,31.51,63.02
2159647,36321739,2019-06-11,2,Belleza,39.56,79.12
18074147,35178177,2019-06-12,2,Hogar,401.7,803.4
469485,50812578,2019-06-11,2,Electronica,1025.82,2051.64
4267574,6320496,2019-06-11,2,Hogar,307.31,614.62
20403523,36701881,2019-06-10,2,Hogar,226.56,453.12
39394487,49631876,2019-06-10,2,Hogar,139.28,278.56
12204561,32056128,2019-06-10,2,Ropa,85.1,170.2
10570236,38341309,2019-06-10,2,Libros,8.26,16.52
35180826,40276011,2019-06-10,3,Belleza,74.61,223.82999999999998
13285298,45192846,2019-06-10,2,Hogar,178.69,357.38
21425501,50793478,2019-06-10,2,Libros,30.3,60.6
10829781,52660255,2019-06-10,2,Deportes,281.07,562.14
33278274,33682159,2019-06-10,2,Deportes,265.47,530.94
18617678,36908019,2019-06-10,2,Ropa,190.0,380.0
10410828,48227217,2019-06-10,2,Libros,10.52,21.04
41173017,37119347,2019-06-10,2,Libros,23.5,47.0
5010286,6657842,2019-06-10,2,Electronica,748.29,1496.58
30524132,42466586,2019-06-10,2,Deportes,230.85,461.7
33153516,50607219,2019-06-10,2,Belleza,82.13,164.26
247747,11640409,2019-06-10,2,Hogar,255.29,510.58
41903900,47855971,2019-06-10,2,Electronica,1373.5,2747.0
39993100,32107600,2019-06-10,2,Libros,38.48,76.96
27067497,43530261,2019-06-10,2,Electronica,107.51,215.02
5795103,40803067,2019-06-10,2,Ropa,31.59,63.18
43830099,51495572,2019-06-10,3,Belleza,91.65,274.95000000000005
13840545,47314743,2019-06-10,2,Electronica,818.98,1637.96
21362113,7053431,2019-06-10,2,Libros,44.37,88.74
14821193,31625062,2019-06-10,2,Libros,13.44,26.88
4297849,33707147,2019-06-10,2,Hogar,43.57,87.14
21134222,42336441,2019-06-10,2,Deportes,384.71,769.42
5159454,46283622,2019-06-10,3,Belleza,71.55,214.64999999999998
14465121,48016477,2019-06-10,2,Ropa,130.79,261.58
15029044,46299855,2019-06-10,2,Deportes,71.41,142.82
20760480,47601129,2019-06-10,2,Electronica,736.75,1473.5
16124531,31560353,2019-06-10,2,Hogar,163.33,326.66
1229428,53620891,2019-06-10,2,Libros,56.22,112.44
10808925,43506259,2019-06-10,2,Deportes,103.3,206.6
1614019,146479,2019-06-10,2,Ropa,149.32,298.64
22990238,37936907,2019-06-10,2,Belleza,64.59,129.18
41713653,42545578,2019-06-10,2,Electronica,66.71,133.42
11383051,46309753,2019-06-10,2,Hogar,265.74,531.48
2029771,42721710,2019-06-10,2,Libros,10.47,20.94
43334830,42572212,2019-06-10,3,Electronica,1485.47,4456.41
5177144,3906298,2019-06-10,2,Libros,41.25,82.5
2591553,47314725,2019-06-10,3,Deportes,234.9,704.7
12466578,38022887,2019-06-10,2,Deportes,23.96,47.92
18573134,4214204,2019-06-10,2,Electronica,346.8,693.6
24505061,6699501,2019-06-10,3,Belleza,94.27,282.81
9287073,33855767,2019-06-10,2,Libros,17.23,34.46
13607354,33906448,2019-06-10,2,Libros,48.54,97.08
40852214,37038335,2019-06-10,2,Ropa,62.4,124.8
11336914,7080117,2019-06-10,2,Belleza,62.42,124.84
43280797,35722328,2019-06-10,3,Ropa,163.13,489.39
13668017,2483213,2019-06-10,2,Belleza,40.88,81.76
10663599,46313380,2019-06-10,2,Belleza,110.98,221.96
10863584,39292888,2019-06-10,2,Electronica,828.04,1656.08
6977692,50921068,2019-06-10,2,Electronica,1059.45,2118.9
725964,49636394,2019-06-11,2,Ropa,25.86,51.72
38549593,7010018,2019-06-11,2,Belleza,9.64,19.28
36955109,4561354,2019-06-10,2,Electronica,425.88,851.76
3948374,34593885,2019-06-10,5,Ropa,68.74,343.7
15362248,41842416,2019-06-10,2,Libros,42.82,85.64
6795295,48207759,2019-06-10,2,Ropa,118.13,236.26
7710743,49572191,2019-06-10,2,Belleza,48.08,96.16
1634132,48874245,2019-06-10,2,Hogar,332.25,664.5
9032293,36295697,2019-06-10,2,Belleza,23.81,47.62
1098436,35702970,2019-06-09,2,Hogar,45.79,91.58
24718881,52444054,2019-06-09,2,Ropa,172.36,344.72
14016898,51446583,2019-06-09,2,Libros,36.02,72.04
12084607,31375875,2019-06-10,2,Libros,40.7,81.4
765448,2879859,2019-06-09,2,Electronica,495.5,991.0
18432267,31570695,2019-06-09,2,Ropa,106.59,213.18
40009974,42204769,2019-06-10,2,Libros,25.46,50.92
43008669,86137,2019-06-10,2,Deportes,51.3,102.6
20642454,36703536,2019-06-10,2,Deportes,327.68,655.36
10684104,50066635,2019-06-09,2,Ropa,172.83,345.66
15333523,40944210,2019-06-14,2,Electronica,909.04,1818.08
12431721,47958105,2019-06-14,2,Libros,9.6,19.2
43802053,7105636,2019-06-14,2,Ropa,162.86,325.72
5965356,50787778,2019-06-14,3,Belleza,56.07,168.21
35733030,42421202,2019-06-13,2,Libros,47.08,94.16
33581268,2240454,2019-06-13,2,Deportes,123.96,247.92
3822712,2656008,2019-06-13,2,Hogar,21.12,42.24
14003493,35156192,2019-06-13,2,Ropa,15.46,30.92
23237427,47636385,2019-06-13,2,Electronica,297.64,595.28
3694316,48461579,2019-06-13,2,Belleza,29.26,58.52
21503042,48971373,2019-06-13,4,Deportes,310.3,1241.2
44133761,36360704,2019-06-13,2,Belleza,86.27,172.54
12439421,49884519,2019-06-13,2,Libros,38.88,77.76
128887,46401682,2019-06-13,2,Hogar,444.16,888.32
964594,50831637,2019-06-13,2,Belleza,33.42,66.84
1018400,87053,2019-06-13,2,Deportes,363.67,727.34
1036934,4449405,2019-06-13,2,Electronica,1368.73,2737.46
16395039,33269354,2019-06-13,2,Ropa,92.51,185.02
11835415,4739415,2019-06-13,2,Hogar,60.78,121.56
35769672,42572213,2019-06-13,2,Deportes,230.39,460.78
8846080,32194833,2019-06-13,2,Electronica,295.44,590.88
8886084,46207224,2019-06-13,2,Belleza,49.56,99.12
39780108,44343992,2019-06-13,2,Deportes,70.54,141.08
16799569,39946526,2019-06-13,2,Deportes,296.09,592.18
10572483,48477708,2019-06-13,3,Libros,23.53,70.59
10295847,4972735,2019-06-13,2,Belleza,43.25,86.5
3552373,35137189,2019-06-13,2,Libros,48.72,97.44
12620619,43328090,2019-06-12,2,Libros,14.0,28.0
23871366,34053881,2019-06-12,4,Hogar,276.66,1106.64
24621202,6366266,2019-06-12,2,Belleza,63.43,126.86
30578720,37116011,2019-06-12,2,Hogar,63.65,127.3
33024380,5218011,2019-06-12,2,Libros,24.98,49.96
40234331,51595402,2019-06-12,2,Deportes,52.21,104.42
28806840,53557289,2019-06-13,2,Ropa,98.3,196.6
15386017,50798310,2019-06-12,2,Ropa,170.15,340.3
16728416,32244275,2019-06-12,2,Hogar,146.05,292.1
8648968,34435471,2019-06-12,2,Libros,47.07,94.14
42104223,3312045,2019-06-12,2,Electronica,315.97,631.94
25444110,39687667,2019-06-12,3,Hogar,341.76,1025.28
22779367,158391,2019-06-12,2,Libros,55.35,110.7
110497,31991199,2019-06-12,2,Libros,16.62,33.24
11847302,36296332,2019-06-12,4,Deportes,34.13,136.52
44036129,44295177,2019-06-12,2,Belleza,42.25,84.5
42181129,6754102,2019-06-12,2,Ropa,181.08,362.16
23043803,35737545,2019-06-12,2,Belleza,8.78,17.56
18356534,726194,2019-06-12,2,Ropa,21.12,42.24
42164556,32122021,2019-06-12,2,Libros,39.6,79.2
42190656,1105388,2019-06-12,2,Ropa,106.03,212.06
2095137,41671673,2019-06-12,2,Ropa,70.19,140.38
2095137,4358780,2019-06-12,2,Electronica,1349.94,2699.88
10622851,5895830,2019-06-12,2,Libros,6.76,13.52
23359474,6351209,2019-06-12,2,Libros,6.54,13.08
12745761,7014763,2019-06-12,2,Libros,37.99,75.98
8696369,5897870,2019-06-12,2,Libros,48.82,97.64
27308582,31543933,2019-06-12,2,Electronica,1139.74,2279.48
1735279,3939603,2019-06-12,3,Ropa,127.41,382.23
23472312,7587271,2019-06-12,2,Hogar,442.85,885.7
9929334,31256674,2019-06-12,2,Deportes,50.2,100.4
17896630,47242403,2019-06-12,2,Hogar,475.87,951.74
27365685,34200673,2019-06-12,2,Hogar,355.99,711.98
5941857,33210433,2019-06-12,2,Libros,57.2,114.4
22711050,42163071,2019-06-12,2,Belleza,42.85,85.7
15254106,46234841,2019-06-12,2,Hogar,492.55,985.1
13404848,44616459,2019-06-12,2,Ropa,141.85,283.7
5534147,47898435,2019-06-12,2,Libros,48.01,96.02
22537988,32887975,2019-06-12,2,Electronica,1296.91,2593.82
17762161,6369259,2019-06-12,2,Belleza,48.75,97.5
11337720,35574436,2019-06-12,2,Belleza,115.96,231.92
1883287,34078786,2019-06-11,3,Libros,19.57,58.71
42891536,46285039,2019-06-12,2,Electronica,507.64,1015.28
11805220,52931732,2019-06-12,2,Hogar,461.36,922.72
4317024,2495691,2019-06-12,2,Ropa,194.24,388.48
14536264,42717477,2019-06-11,2,Ropa,92.26,184.52
30317695,6109054,2019-06-11,2,Hogar,153.32,306.64
21042857,25134259,2019-06-11,2,Libros,53.34,106.68
5750273,2843585,2019-06-12,2,Belleza,20.68,41.36
43945096,40276023,2019-06-11,4,Libros,53.02,212.08
13923710,35033593,2019-06-11,2,Ropa,154.22,308.44
12642525,37426676,2019-06-12,2,Deportes,373.27,746.54
43106936,32401072,2019-06-11,2,Belleza,74.08,148.16
10256788,41499637,2019-06-11,3,Hogar,322.74,968.22
33948628,42548342,2019-06-12,2,Hogar,385.03,770.06
3959936,7055222,2019-06-12,2,Libros,13.42,26.84
43870839,50541975,2019-06-11,2,Hogar,487.13,974.26
25404554,4263230,2019-06-11,2,Electronica,578.28,1156.56
15885055,2277172,2019-06-11,2,Belleza,77.25,154.5
13760507,36322504,2019-06-11,2,Belleza,72.9,145.8
26749956,2141492,2019-06-11,2,Ropa,99.04,198.08
16600977,37493475,2019-06-11,2,Hogar,242.07,484.14
11407787,47764274,2019-06-11,3,Libros,43.65,130.95
23891664,31560347,2019-06-11,2,Belleza,95.94,191.88
18652425,40276017,2019-06-11,2,Deportes,101.43,202.86
30023107,32590646,2019-06-11,2,Libros,59.71,119.42
1648464,51468521,2019-06-11,3,Hogar,334.64,1003.92
17050261,32194819,2019-06-11,2,Electronica,1201.39,2402.78
8993622,34467157,2019-06-12,2,Libros,6.52,13.04
11116425,49759411,2019-06-12,2,Ropa,163.98,327.96
3779367,42724307,2019-06-12,2,Hogar,125.34,250.68
19949307,1069437,2019-06-11,2,Belleza,39.5,79.0
94733,48707652,2019-06-11,2,Deportes,68.15,136.3
10630917,47899538,2019-06-11,2,Electronica,214.33,428.66
23718855,44183969,2019-06-11,2,Libros,42.39,84.78
7642340,49080817,2019-06-11,2,Belleza,119.73,239.46
16569855,47899534,2019-06-11,2,Deportes,273.15,546.3
12140694,36524490,2019-06-11,2,Belleza,30.45,60.9
12131190,38031626,2019-06-11,2,Hogar,142.24,284.48
14818869,52418398,2019-06-11,2,Hogar,113.6,227.2
28213465,39698167,2019-06-11,2,Ropa,109.93,219.86
27545162,6931112,2019-06-11,2,Deportes,44.71,89.42
5110773,49004237,2019-06-11,2,Hogar,208.68,417.36
5193093,49627767,2019-06-11,2,Hogar,338.12,676.24
41885862,5974602,2019-06-11,2,Libros,58.22,116.44
11773328,3063742,2019-06-11,2,Ropa,90.87,181.74
34915158,37162511,2019-06-11,2,Belleza,28.03,56.06
27274863,50596098,2019-06-12,2,Hogar,411.42,822.84
14351914,2495542,2019-06-11,2,Hogar,387.08,774.16
12157599,47157066,2019-06-11,2,Electronica,1129.09,2258.18
12043748,31517836,2019-06-11,2,Electronica,1296.57,2593.14
4134392,4771100,2019-06-11,2,Belleza,29.69,59.38
25386160,42628750,2019-06-11,2,Deportes,173.84,347.68
4409139,52307817,2019-06-11,2,Ropa,196.5,393.0
30652541,37867401,2019-06-11,2,Libros,13.69,27.38
17023554,3675135,2019-06-11,2,Electronica,1023.6,2047.2
41753952,47213793,2019-06-11,3,Electronica,393.92,1181.76
2769254,43914077,2019-06-11,2,Belleza,62.52,125.04
23426524,51391951,2019-06-11,2,Deportes,324.19,648.38
13212485,35248249,2019-06-11,2,Deportes,209.11,418.22
4751793,48259749,2019-06-11,2,Deportes,205.66,411.32
25737534,46798946,2019-06-11,2,Ropa,188.24,376.48
23023686,46982142,2019-06-11,2,Belleza,97.63,195.26
17132431,38221381,2019-06-11,2,Libros,11.44,22.88
839665,38278508,2019-06-11,2,Electronica,668.19,1336.38
10975920,47122569,2019-06-11,2,Ropa,199.88,399.76
38708139,31576345,2019-06-11,2,Electronica,681.95,1363.9
26211344,3599388,2019-06-11,2,Deportes,76.76,153.52
22599195,42717271,2019-06-11,2,Belleza,83.94,167.88
5473345,41808011,2019-06-11,2,Libros,27.1,54.2
1029333,52314567,2019-06-11,2,Electronica,1126.76,2253.52
31606683,46485561,2019-06-12,2,Ropa,171.11,342.22
3654927,33858122,2019-06-11,2,Hogar,238.15,476.3
4462703,40192368,2019-06-11,2,Ropa,122.79,245.58
10995295,48289205,2019-06-11,2,Electronica,911.99,1823.98
3820413,34886526,2019-06-11,2,Belleza,102.16,204.32
14398982,43247178,2019-06-10,3,Hogar,409.57,1228.71
22902740,6196167,2019-06-10,2,Belleza,80.64,161.28
30038319,8614317,2019-06-10,2,Belleza,98.73,197.46
11917105,48501838,2019-06-10,2,Belleza,71.23,142.46
9500953,3446783,2019-06-10,3,Electronica,56.74,170.22
3020504,34609202,2019-06-11,2,Deportes,35.68,71.36
10501415,46267207,2019-06-10,2,Hogar,490.21,980.42
12585276,50853291,2019-06-10,2,Ropa,37.55,75.1
25657700,49604200,2019-06-10,2,Deportes,173.72,347.44
1644418,45526730,2019-06-10,2,Electronica,1404.03,2808.06
19505898,48790897,2019-06-11,2,Belleza,27.43,54.86
12370956,48169691,2019-06-10,2,Ropa,170.32,340.64
40481348,35137598,2019-06-10,2,Hogar,411.86,823.72
41391527,36884771,2019-06-10,2,Deportes,394.81,789.62
18026530,41870303,2019-06-10,3,Libros,20.49,61.47
22764795,52259424,2019-06-10,2,Deportes,139.82,279.64
30685511,3376262,2019-06-10,2,Ropa,181.55,363.1
17102297,50433998,2019-06-10,2,Electronica,389.41,778.82
1254942,47050752,2019-06-10,2,Hogar,280.73,561.46
16474902,1263243,2019-06-10,2,Ropa,144.4,288.8
27085962,37119749,2019-06-10,2,Belleza,36.27,72.54
2370266,32053791,2019-06-10,2,Hogar,470.13,940.26
10971462,3549751,2019-06-10,2,Deportes,272.97,545.94
35159924,46038207,2019-06-10,2,Deportes,255.87,511.74
15060749,42360560,2019-06-10,2,Belleza,100.67,201.34
30598600,37976214,2019-06-10,2,Ropa,18.96,37.92
3501723,34373385,2019-06-10,2,Deportes,71.58,143.16
29596373,4451160,2019-06-10,2,Hogar,286.7,573.4
5455827,44708169,2019-06-10,2,Deportes,92.5,185.0
33976324,31729361,2019-06-10,2,Deportes,113.08,226.16
879564,33363041,2019-06-10,2,Electronica,1109.48,2218.96
11383051,50791213,2019-06-10,2,Deportes,53.8,107.6
4168300,38030976,2019-06-10,2,Belleza,45.32,90.64
3759702,38053557,2019-06-10,2,Belleza,109.81,219.62
17436586,32309585,2019-06-10,2,Electronica,1118.81,2237.62
25831059,43934389,2019-06-10,2,Hogar,284.98,569.96
31187768,37428533,2019-06-10,2,Libros,19.6,39.2
20266760,2158947,2019-06-10,2,Deportes,383.68,767.36
9172393,47026088,2019-06-10,2,Deportes,112.84,225.68
19162339,9037533,2019-06-10,2,Ropa,181.97,363.94
13245048,3136284,2019-06-10,2,Electronica,1102.37,2204.74
36225168,50075386,2019-06-10,2,Libros,45.73,91.46
10929242,32434617,2019-06-10,2,Hogar,386.0,772.0
13986971,31100042,2019-06-10,2,Libros,32.86,65.72
9244559,50028715,2019-06-10,2,Deportes,329.54,659.08
9524925,5471754,2019-06-10,2,Ropa,168.88,337.76
2763770,6109062,2019-06-10,2,Electronica,572.71,1145.42
18910817,31717415,2019-06-10,2,Hogar,209.17,418.34
17791502,33056893,2019-06-10,2,Deportes,370.62,741.24
12485146,43460675,2019-06-10,2,Libros,53.88,107.76
16645929,51741702,2019-06-10,2,Hogar,269.49,538.98
3138800,35168512,2019-06-10,2,Deportes,349.44,698.88
6824889,48245682,2019-06-10,2,Hogar,318.98,637.96
10263661,654736,2019-06-10,2,Ropa,122.78,245.56
19174393,48488345,2019-06-10,2,Hogar,30.03,60.06
43730301,44926563,2019-06-10,2,Belleza,36.96,73.92
24718881,47467839,2019-06-09,3,Ropa,105.39,316.17
40433759,32163355,2019-06-09,4,Libros,37.3,149.2
43813727,32056127,2019-06-10,2,Hogar,427.79,855.58
32033557,52331808,2019-06-09,2,Electronica,964.13,1928.26
14969601,3680985,2019-06-09,2,Electronica,1088.52,2177.04
29711009,35412500,2019-06-09,2,Deportes,269.37,538.74
16866822,32397455,2019-06-10,2,Deportes,342.46,684.92
15357077,46208107,2019-06-09,2,Belleza,38.98,77.96
9692550,3154258,2019-06-09,2,Libros,40.29,80.58
43732706,51897685,2019-06-09,2,Electronica,124.18,248.36
33385644,46878368,2019-06-09,2,Electronica,746.28,1492.56
17374772,31771087,2019-06-09,2,Electronica,438.65,877.3
36768294,39003338,2019-06-09,2,Electronica,602.29,1204.58
29640223,51262067,2019-06-09,2,Hogar,187.01,374.02
14453433,3990557,2019-06-09,2,Libros,8.32,16.64
13817971,533161,2019-06-10,2,Ropa,98.66,197.32
11002154,34278153,2019-06-10,2,Ropa,198.98,397.96
35464108,49931554,2019-06-10,2,Belleza,39.38,78.76
29102036,47834798,2019-06-10,2,Hogar,372.03,744.06
37552161,31073619,2019-06-10,2,Electronica,844.29,1688.58
18335150,47643892,2019-06-09,2,Electronica,521.58,1043.16
5763046,45740292,2019-06-10,2,Deportes,54.05,108.1
2847727,46118825,2019-06-09,2,Deportes,102.03,204.06
33073444,33653768,2019-06-09,2,Belleza,94.91,189.82
4839796,7114466,2019-06-09,2,Electronica,454.58,909.16
16656378,53582375,2019-06-09,2,Belleza,30.22,60.44
33337161,4643445,2019-06-09,2,Belleza,21.59,43.18
11640035,34054789,2019-06-09,3,Hogar,175.68,527.04
5797857,35865180,2019-06-09,2,Libros,45.63,91.26
22320798,41957728,2019-06-09,2,Ropa,120.97,241.94
12582398,36963386,2019-06-09,2,Electronica,1070.02,2140.04
21084485,46438106,2019-06-09,2,Libros,26.31,52.62
3193882,4973511,2019-06-09,2,Hogar,256.6,513.2
32977727,35103892,2019-06-09,2,Electronica,709.63,1419.26
3064657,46122013,2019-06-09,2,Libros,5.5,11.0
18753781,42795418,2019-06-09,2,Deportes,170.33,340.66
23847728,4901913,2019-06-09,2,Belleza,72.54,145.08
29995287,52370448,2019-06-09,2,Deportes,236.58,473.16
42981389,39316494,2019-06-09,2,Ropa,152.46,304.92
9660199,42211915,2019-06-09,2,Hogar,136.0,272.0
38044260,31675493,2019-06-09,2,Deportes,274.74,549.48
23529403,4228437,2019-06-09,2,Electronica,451.37,902.74
18570293,40253017,2019-06-09,2,Libros,19.06,38.12
13460605,34890773,2019-06-09,2,Deportes,196.37,392.74
35213852,38073291,2019-06-09,2,Belleza,31.0,62.0
43684708,34703515,2019-06-09,2,Electronica,1112.81,2225.62
11775763,6915236,2019-06-09,2,Ropa,27.83,55.66
942686,31325767,2019-06-09,2,Libros,57.16,114.32
16759228,4236863,2019-06-09,2,Deportes,226.4,452.8
5019709,36545669,2019-06-09,2,Belleza,40.24,80.48
23664247,42672255,2019-06-09,2,Belleza,84.74,169.48
1139722,32594089,2019-06-09,3,Libros,7.46,22.38
14688888,2979234,2019-06-09,2,Belleza,60.71,121.42
19941675,6129296,2019-06-09,2,Hogar,266.49,532.98
40331999,32089498,2019-06-09,2,Deportes,204.67,409.34
25646127,50261542,2019-06-09,2,Deportes,81.55,163.1
6112881,38509598,2019-06-09,2,Libros,11.47,22.94
28030931,34764196,2019-06-09,2,Ropa,185.26,370.52
1230195,49966670,2019-06-09,2,Libros,51.06,102.12
26732899,48827355,2019-06-09,2,Deportes,322.79,645.58
33196580,42744384,2019-06-09,2,Electronica,271.46,542.92
42902201,31791680,2019-06-09,3,Ropa,79.13,237.39
3806000,48397933,2019-06-11,2,Belleza,16.55,33.1
15176986,39251111,2019-06-10,2,Electronica,1280.48,2560.96
43310788,46223058,2019-06-10,2,Libros,27.12,54.24
1445635,33395647,2019-06-10,2,Libros,22.78,45.56
40795274,46191722,2019-06-10,2,Belleza,55.52,111.04
20905400,36523685,2019-06-10,2,Electronica,519.61,1039.22
36397486,46082400,2019-06-09,2,Deportes,137.81,275.62
30615,43536251,2019-06-10,2,Libros,46.1,92.2
10823943,33870508,2019-06-10,2,Libros,46.12,92.24
10484836,32206823,2019-06-10,2,Ropa,60.07,120.14
9205634,48506933,2019-06-10,2,Belleza,64.55,129.1
1144010,6983326,2019-06-10,2,Deportes,269.89,539.78
43694152,43619793,2019-06-09,2,Belleza,63.84,127.68
20393302,34558049,2019-06-09,2,Hogar,28.87,57.74
1615486,45531086,2019-06-09,2,Electronica,145.71,291.42
5966900,42555131,2019-06-09,2,Hogar,201.11,402.22
3779552,32386690,2019-06-09,2,Electronica,1137.13,2274.26
16170488,4449106,2019-06-09,2,Ropa,183.51,367.02
1104423,46208844,2019-06-09,2,Libros,6.63,13.26
851082,32687261,2019-06-09,3,Belleza,47.32,141.96
14381871,46223844,2019-06-09,2,Ropa,52.52,105.04
16094724,52315877,2019-06-09,2,Ropa,164.89,329.78
15498437,34334178,2019-06-09,3,Libros,51.53,154.59
38549593,6620688,2019-06-09,2,Libros,16.35,32.7
1961844,27786059,2019-06-09,2,Deportes,183.69,367.38
10009775,42806623,2019-06-09,4,Electronica,1080.7,4322.8
43378471,39952006,2019-06-09,2,Hogar,369.9,739.8
35199280,34051120,2019-06-09,2,Deportes,87.28,174.56
27621152,32193834,2019-06-09,2,Electronica,678.86,1357.72
14819495,35470357,2019-06-09,2,Belleza,97.28,194.56
11233339,42420187,2019-06-09,2,Deportes,255.73,511.46
3324257,1068104,2019-06-09,2,Ropa,14.95,29.9
9418479,47868381,2019-06-09,2,Deportes,173.74,347.48
1918830,50034751,2019-06-09,2,Hogar,90.15,180.3
41767691,36486319,2019-06-09,2,Electronica,835.75,1671.5
4167975,31504655,2019-06-09,2,Deportes,128.15,256.3
32009170,32240120,2019-06-09,2,Libros,51.36,102.72
8175081,48343621,2019-06-09,2,Hogar,269.51,539.02
6059704,40525653,2019-06-09,3,Hogar,32.45,97.35000000000001
21941151,33968774,2019-06-09,2,Electronica,93.0,186.0
24954835,31320911,2019-06-09,2,Libros,38.3,76.6
6985014,49226710,2019-06-09,2,Hogar,174.07,348.14
13026303,33906453,2019-06-09,2,Ropa,178.1,356.2
9521507,37190678,2019-06-09,2,Libros,36.5,73.0
6535026,52777872,2019-06-09,3,Belleza,23.82,71.46000000000001
10836250,36320828,2019-06-09,2,Belleza,94.34,188.68
602658,2583207,2019-06-09,2,Libros,32.32,64.64
18053854,50416551,2019-06-09,2,Belleza,103.98,207.96
25471946,2116275,2019-06-09,2,Deportes,357.91,715.82
17418412,31109901,2019-06-09,2,Hogar,162.48,324.96
2084980,34096268,2019-06-09,2,Electronica,1008.07,2016.14
3512807,46760537,2019-06-09,3,Electronica,454.61,1363.83
16839189,32089168,2019-06-09,2,Deportes,309.85,619.7
5401806,43566207,2019-06-09,2,Libros,8.29,16.58
40548414,49958929,2019-06-09,2,Electronica,224.76,449.52
4766073,35016286,2019-06-09,2,Belleza,92.72,185.44
7028048,50838999,2019-06-09,2,Hogar,228.27,456.54
4799919,42337509,2019-06-09,2,Electronica,1290.55,2581.1
26698997,38304812,2019-06-09,2,Ropa,90.95,181.9
21474089,41882185,2019-06-09,2,Electronica,1121.45,2242.9
24863768,38860047,2019-06-09,2,Ropa,81.54,163.08
9351890,6406598,2019-06-09,2,Ropa,181.67,363.34
1933106,46223058,2019-06-09,2,Libros,27.12,54.24
11773345,49227798,2019-06-09,2,Ropa,63.83,127.66
18592210,1294495,2019-06-09,2,Hogar,483.99,967.98
34321040,39445904,2019-06-09,2,Belleza,93.23,186.46
6615121,34155033,2019-06-09,2,Libros,59.49,118.98
18906339,32881865,2019-06-09,2,Belleza,11.2,22.4
41241465,34906019,2019-06-08,2,Belleza,36.51,73.02
23726744,41991398,2019-06-08,2,Hogar,374.51,749.02
17136552,34728605,2019-06-08,2,Hogar,462.29,924.58
22988999,158393,2019-06-08,4,Ropa,15.47,61.88
43285297,33275065,2019-06-08,2,Electronica,50.01,100.02
21474089,41882192,2019-06-08,2,Deportes,117.37,234.74
2125675,25458659,2019-06-08,5,Electronica,1006.2,5031.0
12021410,51137894,2019-06-09,2,Deportes,344.06,688.12
3690042,6057191,2019-06-09,2,Libros,47.19,94.38
43553473,5300738,2019-06-09,2,Electronica,543.4,1086.8
20713767,41277617,2019-06-08,2,Libros,5.11,10.22
24414187,34764204,2019-06-08,3,Ropa,115.39,346.17
16047488,42651272,2019-06-08,3,Libros,18.09,54.269999999999996
42999729,31474149,2019-06-08,2,Libros,36.98,73.96
23332082,44826457,2019-06-08,2,Electronica,1131.13,2262.26
14927874,31560347,2019-06-08,3,Belleza,95.94,287.82
31852513,47766648,2019-06-08,2,Electronica,697.21,1394.42
537173,49217445,2019-06-09,2,Deportes,277.87,555.74
12239287,3566081,2019-06-09,2,Ropa,171.94,343.88
1475256,34056043,2019-06-08,2,Hogar,274.84,549.68
13976394,35484289,2019-06-08,2,Libros,23.48,46.96
41579726,44437071,2019-06-08,2,Deportes,312.43,624.86
15001478,46385430,2019-06-08,2,Libros,19.59,39.18
5512168,45300114,2019-06-08,2,Libros,54.03,108.06
35080253,2496337,2019-06-08,2,Hogar,49.64,99.28
2049977,36964658,2019-06-08,5,Ropa,168.74,843.7
12313171,50189901,2019-06-08,2,Electronica,182.76,365.52
24199628,50308166,2019-06-08,2,Belleza,11.46,22.92
10130121,32547184,2019-06-08,2,Libros,24.98,49.96
16169437,40550022,2019-06-08,2,Belleza,115.0,230.0
14328312,31832323,2019-06-08,2,Ropa,196.86,393.72
7352542,39999987,2019-06-08,2,Belleza,28.24,56.48
1383825,50376699,2019-06-08,3,Belleza,99.12,297.36
34979291,31813316,2019-06-08,2,Libros,13.18,26.36
38590971,1387689,2019-06-08,2,Hogar,186.18,372.36
4294694,34002137,2019-06-08,2,Belleza,43.76,87.52
12923418,49776303,2019-06-08,2,Ropa,154.32,308.64
43609199,32884569,2019-06-08,2,Ropa,37.89,75.78
14553296,31723154,2019-06-08,2,Ropa,94.36,188.72
4316883,36904052,2019-06-08,2,Hogar,393.24,786.48
27861872,33644228,2019-06-08,2,Belleza,91.1,182.2
9624676,4409947,2019-06-08,2,Hogar,207.29,414.58
15913776,48021374,2019-06-08,2,Belleza,71.51,143.02
23201330,7070734,2019-06-08,2,Electronica,1258.59,2517.18
42164556,51716954,2019-06-08,2,Deportes,94.35,188.7
5633622,52115165,2019-06-08,2,Ropa,40.74,81.48
12574113,2763844,2019-06-08,2,Electronica,1138.44,2276.88
3228551,31715024,2019-06-08,2,Ropa,56.51,113.02
15455778,42690298,2019-06-08,2,Belleza,10.14,20.28
34890024,51461852,2019-06-08,2,Electronica,54.05,108.1
29053222,14261309,2019-06-08,2,Deportes,230.14,460.28
25637010,47049047,2019-06-08,2,Deportes,366.54,733.08
18134102,52204733,2019-06-08,2,Electronica,953.26,1906.52
13003272,42450955,2019-06-08,2,Ropa,94.54,189.08
43340750,51442955,2019-06-08,4,Belleza,88.46,353.84
8322712,31367909,2019-06-08,2,Ropa,73.33,146.66
14372518,44046478,2019-06-08,2,Libros,57.45,114.9
11016015,31724835,2019-06-08,2,Hogar,165.01,330.02
3808001,42332762,2019-06-08,2,Hogar,48.28,96.56
173225,40946466,2019-06-08,4,Ropa,175.79,703.16
43619914,52114830,2019-06-08,2,Hogar,325.86,651.72
7508036,6632852,2019-06-08,2,Libros,47.75,95.5
43090871,5941023,2019-06-08,2,Hogar,242.53,485.06
24863768,4490787,2019-06-08,2,Hogar,381.16,762.32
19035009,33491486,2019-06-08,2,Deportes,372.23,744.46
15794427,46848756,2019-06-08,2,Belleza,90.56,181.12
3611595,3466375,2019-06-08,2,Belleza,40.58,81.16
26215001,50345364,2019-06-08,2,Libros,11.63,23.26
872684,44707539,2019-06-08,2,Ropa,116.75,233.5
26376792,33113778,2019-06-08,2,Libros,55.14,110.28
20298013,35063692,2019-06-08,2,Electronica,701.19,1402.38
11663715,2580202,2019-06-08,3,Belleza,83.48,250.44
43522709,46131008,2019-06-08,2,Ropa,139.52,279.04
10259590,6883203,2019-06-08,2,Ropa,98.45,196.9
26379942,41058604,2019-06-08,2,Ropa,33.06,66.12
12890841,31620116,2019-06-08,2,Ropa,21.13,42.26
29759788,38824746,2019-06-08,2,Belleza,114.51,229.02
9193677,46908620,2019-06-08,2,Electronica,938.19,1876.38
7247312,34418257,2019-06-07,2,Ropa,29.72,59.44
38858625,47859409,2019-06-07,2,Belleza,103.61,207.22
11418500,48735916,2019-06-07,2,Ropa,109.31,218.62
1003737,1051629,2019-06-08,2,Hogar,389.39,778.78
17584307,3728190,2019-06-07,2,Deportes,23.75,47.5
17662567,46289104,2019-06-07,2,Ropa,34.08,68.16
6676525,43453011,2019-06-07,2,Libros,35.07,70.14
10575141,33455748,2019-06-07,2,Libros,44.24,88.48
17050261,49516142,2019-06-07,2,Deportes,374.92,749.84
8942043,6756597,2019-06-07,2,Libros,54.88,109.76
25625768,46456155,2019-06-07,2,Libros,37.48,74.96
12667796,36788636,2019-06-07,2,Ropa,150.27,300.54
15264934,40477562,2019-06-07,2,Deportes,31.92,63.84
18268828,36455703,2019-06-07,2,Hogar,167.92,335.84
12350300,51163504,2019-06-07,2,Electronica,437.8,875.6
14023859,47898436,2019-06-07,2,Ropa,190.42,380.84
18401072,44585993,2019-06-07,2,Electronica,318.74,637.48
43270522,31516269,2019-06-07,2,Deportes,127.66,255.32
14456660,39414770,2019-06-07,2,Hogar,357.92,715.84
910497,36707789,2019-06-07,7,Ropa,18.12,126.84
39617853,36947592,2019-06-07,2,Electronica,172.22,344.44
8429675,31308598,2019-06-07,2,Ropa,94.31,188.62
15951671,32713116,2019-06-07,2,Deportes,95.12,190.24
43432640,31264988,2019-06-07,4,Ropa,81.99,327.96
21015976,46658670,2019-06-07,2,Belleza,54.91,109.82
9144782,48666729,2019-06-07,2,Belleza,43.94,87.88
127059,49239327,2019-06-07,2,Deportes,321.91,643.82
12938904,40561392,2019-06-07,2,Deportes,320.19,640.38
12374774,37504910,2019-06-07,2,Belleza,114.55,229.1
24771364,36402369,2019-06-07,2,Belleza,110.43,220.86
32280211,4399949,2019-06-07,2,Libros,9.48,18.96
10908917,131636,2019-06-07,2,Belleza,100.43,200.86
12660143,47646923,2019-06-07,2,Ropa,95.72,191.44
6078348,35740236,2019-06-07,2,Electronica,1305.53,2611.06
14748663,6630802,2019-06-07,4,Libros,9.91,39.64
1196213,42510680,2019-06-07,2,Libros,50.25,100.5
8463259,42092592,2019-06-07,2,Electronica,281.48,562.96
2027420,35636152,2019-06-07,2,Libros,23.36,46.72
4081724,40583939,2019-06-07,2,Belleza,8.32,16.64
18019422,39818663,2019-06-07,2,Deportes,67.02,134.04
21509421,41188619,2019-06-07,2,Hogar,446.11,892.22
7625477,44041436,2019-06-07,2,Hogar,231.18,462.36
5622708,1265717,2019-06-07,2,Belleza,99.11,198.22
16876096,43524799,2019-06-07,2,Belleza,46.04,92.08
6336377,33340524,2019-06-07,2,Deportes,313.99,627.98
5284709,32062121,2019-06-07,3,Deportes,109.41,328.23
5690976,47455397,2019-06-07,2,Libros,13.34,26.68
22510170,2486075,2019-06-07,2,Ropa,83.96,167.92
30036074,41056346,2019-06-07,2,Ropa,177.82,355.64
25693443,32194722,2019-06-08,2,Libros,10.03,20.06
29229918,50993572,2019-06-08,2,Libros,34.86,69.72
22589376,2876934,2019-06-06,2,Ropa,67.24,134.48
17107137,38966186,2019-06-07,2,Electronica,178.77,357.54
1027174,43417408,2019-06-07,2,Electronica,731.81,1463.62
20875351,45825192,2019-06-07,2,Hogar,76.49,152.98
8448912,48944231,2019-06-07,2,Hogar,53.96,107.92
22530163,6655351,2019-06-07,2,Hogar,107.56,215.12
3843067,35537817,2019-06-06,2,Hogar,138.8,277.6
3859396,39391765,2019-06-07,2,Deportes,124.98,249.96
10659838,48018933,2019-06-07,2,Deportes,265.2,530.4
22754642,36255560,2019-06-06,2,Electronica,129.72,259.44
13405849,46833782,2019-06-07,2,Ropa,25.35,50.7
7493649,41817172,2019-06-06,2,Libros,15.38,30.76
42801054,33657316,2019-06-06,2,Ropa,175.69,351.38
25372690,36486770,2019-06-06,2,Belleza,77.29,154.58
12039696,40995409,2019-06-06,2,Deportes,297.54,595.08
19093994,41882886,2019-06-06,2,Deportes,326.28,652.56
14304196,35805173,2019-06-06,2,Hogar,194.63,389.26
34546168,3405813,2019-06-06,2,Hogar,118.41,236.82
25174144,33614946,2019-06-06,2,Belleza,9.37,18.74
2678339,42355093,2019-06-07,2,Ropa,102.82,205.64
6707544,47875117,2019-06-07,2,Hogar,293.53,587.06
27079127,32496194,2019-06-06,2,Ropa,180.43,360.86
4867465,31116943,2019-06-06,2,Libros,53.52,107.04
31354670,6637258,2019-06-06,2,Belleza,53.84,107.68
5369697,39916678,2019-06-06,2,Ropa,90.48,180.96
34739685,4406177,2019-06-06,2,Libros,13.86,27.72
23304309,834141,2019-06-06,2,Ropa,58.92,117.84
34069104,46937516,2019-06-06,2,Ropa,185.88,371.76
23023379,47459939,2019-06-06,2,Hogar,83.4,166.8
2933771,46770249,2019-06-07,2,Electronica,1454.61,2909.22
18235865,40066400,2019-06-06,2,Deportes,211.8,423.6
22384802,2871413,2019-06-06,2,Electronica,471.19,942.38
21036740,40074873,2019-06-06,2,Ropa,96.76,193.52
12410433,34035181,2019-06-06,2,Ropa,43.18,86.36
10985300,42631034,2019-06-06,2,Ropa,135.69,271.38
3382969,35107227,2019-06-06,2,Electronica,716.78,1433.56
22452493,36524490,2019-06-06,2,Belleza,30.45,60.9
17682914,39102491,2019-06-06,2,Belleza,41.58,83.16
33831596,50600427,2019-06-06,2,Libros,25.39,50.78
30795014,31081505,2019-06-06,2,Deportes,342.05,684.1
11815782,1126112,2019-06-06,2,Belleza,35.42,70.84
30788861,34792797,2019-06-06,2,Hogar,47.25,94.5
42208493,46740296,2019-06-06,3,Electronica,803.03,2409.09
42401169,39781316,2019-06-06,2,Libros,22.21,44.42
20908608,49280434,2019-06-06,4,Ropa,144.49,577.96
42425078,3177233,2019-06-06,3,Libros,44.79,134.37
26185717,192636,2019-06-06,3,Electronica,531.56,1594.6799999999998
17688198,3712942,2019-06-06,2,Electronica,1020.22,2040.44
13011447,35725373,2019-06-06,2,Electronica,425.08,850.16
38322444,34936362,2019-06-06,2,Belleza,88.62,177.24
23584679,46028506,2019-06-06,2,Deportes,26.11,52.22
15042927,48985233,2019-06-06,2,Hogar,88.53,177.06
9875271,31586037,2019-06-06,2,Belleza,33.18,66.36
12152565,48997873,2019-06-06,2,Belleza,93.89,187.78
16162006,45733829,2019-06-05,2,Belleza,45.25,90.5
10745535,4720913,2019-06-05,3,Deportes,45.22,135.66
13351569,38194431,2019-06-05,2,Belleza,26.63,53.26
113598,42521398,2019-06-05,2,Electronica,570.0,1140.0
4603237,39833031,2019-06-05,2,Belleza,110.33,220.66
9695376,38901165,2019-06-05,3,Electronica,63.3,189.89999999999998
30221569,39055460,2019-06-05,2,Libros,46.92,93.84
4074504,3904800,2019-06-05,2,Ropa,116.42,232.84
300934,44743938,2019-06-05,2,Belleza,108.58,217.16
29820690,39050110,2019-06-05,2,Ropa,199.33,398.66
41391622,6042721,2019-06-05,2,Ropa,15.9,31.8
35974370,6035715,2019-06-05,2,Hogar,146.62,293.24
8529822,33455818,2019-06-05,2,Electronica,1110.31,2220.62
37411320,27146209,2019-06-05,2,Libros,42.13,84.26
824403,44169536,2019-06-05,2,Hogar,132.88,265.76
9827678,41296885,2019-06-05,2,Libros,37.76,75.52
22222235,3400481,2019-06-06,2,Deportes,321.63,643.26
6709030,38338455,2019-06-05,2,Electronica,98.4,196.8
14489160,39291111,2019-06-05,2,Hogar,363.05,726.1
14414276,4362328,2019-06-05,2,Deportes,115.8,231.6
22006024,37613418,2019-06-05,2,Hogar,474.71,949.42
14406271,36815470,2019-06-05,2,Libros,34.6,69.2
41881399,34180903,2019-06-05,2,Deportes,32.69,65.38
31646784,44892821,2019-06-05,2,Belleza,52.83,105.66
43263998,104256,2019-06-05,2,Deportes,173.3,346.6
5698933,33955936,2019-06-05,2,Electronica,1451.15,2902.3
17888455,32618007,2019-06-05,3,Ropa,148.77,446.31000000000006
33998365,52312242,2019-06-05,2,Libros,21.53,43.06
3568994,31280341,2019-06-05,2,Libros,36.64,73.28
18733920,43393190,2019-06-05,2,Deportes,247.66,495.32
21641559,6951603,2019-06-05,2,Deportes,28.87,57.74
29507155,50755172,2019-06-05,2,Electronica,309.31,618.62
42541854,46159087,2019-06-05,2,Ropa,114.84,229.68
1397269,42752521,2019-06-04,3,Libros,27.15,81.44999999999999
12152565,978330,2019-06-05,2,Belleza,26.85,53.7
1665686,46267773,2019-06-05,2,Belleza,93.86,187.72
1529586,5795662,2019-06-05,3,Ropa,102.91,308.73
41460419,2662363,2019-06-05,2,Hogar,165.34,330.68
20294893,48228949,2019-06-04,2,Electronica,284.43,568.86
41538980,48250054,2019-06-04,2,Ropa,126.12,252.24
9561565,48037339,2019-06-05,2,Belleza,81.62,163.24
29157115,48524252,2019-06-05,2,Deportes,274.45,548.9
23304467,36545164,2019-06-05,2,Libros,55.63,111.26
5948899,49792119,2019-06-04,2,Belleza,30.33,60.66
2766881,38815007,2019-06-04,2,Deportes,246.23,492.46
859206,49090556,2019-06-04,2,Electronica,1362.84,2725.68
1310351,34278148,2019-06-04,2,Deportes,154.21,308.42
42212345,39320855,2019-06-04,3,Ropa,50.05,150.14999999999998
25704389,44707540,2019-06-04,2,Deportes,313.42,626.84
1776026,44767161,2019-06-05,2,Deportes,372.1,744.2
12713284,42767399,2019-06-05,2,Hogar,100.79,201.58
4438977,2898991,2019-06-05,2,Ropa,58.21,116.42
2857571,36754500,2019-06-05,2,Electronica,195.93,391.86
8237511,6496778,2019-06-04,2,Ropa,60.9,121.8
16132892,37863774,2019-06-05,2,Hogar,214.01,428.02
20622189,4065118,2019-06-04,2,Electronica,143.03,286.06
13178401,42555391,2019-06-04,3,Libros,14.02,42.06
10052039,34321843,2019-06-04,2,Belleza,105.25,210.5
17433400,31297427,2019-06-04,2,Ropa,66.38,132.76
13200389,52340572,2019-06-15,2,Hogar,264.13,528.26
17815803,48800184,2019-06-15,2,Electronica,902.75,1805.5
12686440,48318332,2019-06-15,4,Deportes,161.09,644.36
15300275,2086912,2019-06-15,2,Ropa,137.27,274.54
5490617,50541457,2019-06-15,2,Electronica,676.08,1352.16
2978851,40447545,2019-06-15,2,Ropa,154.65,309.3
12424542,2300264,2019-06-15,4,Deportes,332.13,1328.52
15966022,51246635,2019-06-15,2,Electronica,1024.18,2048.36
16070456,33966272,2019-06-15,2,Belleza,61.5,123.0
23055591,4070570,2019-06-15,2,Hogar,394.4,788.8
11598489,34722234,2019-06-15,2,Electronica,766.71,1533.42
25770207,35314703,2019-06-15,2,Deportes,62.37,124.74
41806149,31994098,2019-06-15,2,Electronica,218.69,437.38
25556268,39612024,2019-06-15,2,Ropa,190.23,380.46
4531838,31814585,2019-06-15,3,Ropa,76.42,229.26
6366685,41173393,2019-06-14,2,Libros,16.75,33.5
33750322,34463059,2019-06-14,2,Electronica,1233.09,2466.18
9373982,47374070,2019-06-14,2,Belleza,33.37,66.74
14787997,2058903,2019-06-14,3,Electronica,674.63,2023.8899999999999
26736739,45354308,2019-06-14,2,Hogar,332.65,665.3
1080567,46150500,2019-06-15,2,Electronica,280.36,560.72
7706788,42585657,2019-06-14,2,Libros,45.55,91.1
14808378,7122504,2019-06-14,3,Ropa,141.08,423.24
8457318,43859741,2019-06-14,2,Electronica,837.47,1674.94
11732494,1234234,2019-06-14,2,Belleza,70.08,140.16
12138125,523395,2019-06-14,2,Deportes,60.19,120.38
28334573,6267833,2019-06-14,2,Electronica,682.13,1364.26
15050104,51396663,2019-06-14,2,Electronica,175.53,351.06
9794140,35107682,2019-06-14,2,Hogar,164.31,328.62
25966733,44482614,2019-06-14,2,Belleza,108.54,217.08
5896682,3872650,2019-06-14,2,Libros,36.6,73.2
35092806,44058970,2019-06-14,2,Deportes,302.23,604.46
29036299,3968249,2019-06-14,2,Ropa,119.04,238.08
26140045,3595655,2019-06-14,2,Electronica,331.64,663.28
3532252,5049537,2019-06-14,2,Libros,37.71,75.42
19323174,48688992,2019-06-14,2,Deportes,307.05,614.1
25165160,42449410,2019-06-14,2,Ropa,36.3,72.6
8033941,5925968,2019-06-14,2,Libros,49.93,99.86
20151594,44154303,2019-06-14,2,Belleza,68.87,137.74
3071252,50416762,2019-06-14,2,Belleza,5.49,10.98
41289043,32082782,2019-06-14,2,Deportes,217.52,435.04
24549518,53580299,2019-06-14,2,Ropa,85.18,170.36
1652502,41942004,2019-06-14,2,Belleza,39.09,78.18
16995888,43814985,2019-06-14,2,Deportes,313.08,626.16
23104752,44154300,2019-06-14,2,Deportes,116.12,232.24
13518490,44055108,2019-06-14,2,Belleza,108.44,216.88
39758320,31298749,2019-06-14,2,Belleza,92.71,185.42
2191874,25593309,2019-06-14,2,Ropa,138.36,276.72
31656457,46773803,2019-06-14,2,Belleza,7.82,15.64
16624613,8370627,2019-06-14,2,Ropa,105.68,211.36
975670,34435471,2019-06-14,2,Libros,47.07,94.14
12343877,48229466,2019-06-14,2,Libros,51.57,103.14
44211934,40782432,2019-06-14,2,Libros,54.98,109.96
22746028,42133600,2019-06-15,2,Belleza,109.95,219.9
5482065,7158790,2019-06-14,2,Ropa,117.89,235.78
2033806,32446284,2019-06-14,2,Hogar,70.6,141.2
5861183,2034698,2019-06-14,2,Ropa,41.72,83.44
27265596,47324643,2019-06-14,2,Libros,30.1,60.2
11858271,37284189,2019-06-14,2,Ropa,10.05,20.1
17434639,28173059,2019-06-19,3,Deportes,212.46,637.38
44224874,51855576,2019-06-19,2,Deportes,371.21,742.42
1474938,45335921,2019-06-19,2,Ropa,47.83,95.66
2161372,50089744,2019-06-19,2,Ropa,131.56,263.12
17646760,43864855,2019-06-19,2,Ropa,132.43,264.86
28822121,46104469,2019-06-19,2,Ropa,40.47,80.94
8163513,34570250,2019-06-19,2,Electronica,395.86,791.72
9083634,32634806,2019-06-19,2,Deportes,195.57,391.14
40119948,33879660,2019-06-19,2,Electronica,322.9,645.8
15223983,4454363,2019-06-19,2,Belleza,72.27,144.54
9543873,42507875,2019-06-19,2,Belleza,60.72,121.44
13743431,1216497,2019-06-19,2,Deportes,217.3,434.6
16225768,50079897,2019-06-19,2,Belleza,20.46,40.92
851739,32920704,2019-06-19,2,Ropa,108.28,216.56
21460251,32386939,2019-06-19,3,Electronica,121.74,365.21999999999997
17008807,31678771,2019-06-19,2,Ropa,177.49,354.98
4480363,41211413,2019-06-19,3,Belleza,44.47,133.41
21216220,37505058,2019-06-19,2,Libros,52.1,104.2
36966189,34447590,2019-06-19,2,Electronica,1067.4,2134.8
14789872,36370957,2019-06-19,2,Ropa,155.57,311.14
37990555,41061517,2019-06-19,2,Deportes,139.53,279.06
29142937,32872142,2019-06-19,8,Electronica,1089.12,8712.96
4419200,3087272,2019-06-19,2,Ropa,53.27,106.54
4807456,37674230,2019-06-19,3,Libros,27.37,82.11
25461089,51105728,2019-06-19,2,Belleza,7.79,15.58
22423590,31701414,2019-06-18,2,Electronica,1382.2,2764.4
16421992,3675602,2019-06-18,2,Deportes,167.07,334.14
39620554,46081994,2019-06-18,2,Electronica,1483.41,2966.82
25865659,44604482,2019-06-19,2,Deportes,309.35,618.7
23348835,47210826,2019-06-19,2,Electronica,166.75,333.5
39022166,32226331,2019-06-19,2,Belleza,80.92,161.84
43032776,45284796,2019-06-19,2,Deportes,122.92,245.84
1712888,2053689,2019-06-19,2,Hogar,133.2,266.4
17160748,40376736,2019-06-19,2,Electronica,422.02,844.04
23482426,49381697,2019-06-19,2,Electronica,1378.31,2756.62
14723943,39049423,2019-06-19,2,Ropa,105.0,210.0
12074353,43547735,2019-06-18,2,Deportes,274.4,548.8
23917629,36300415,2019-06-19,2,Libros,20.45,40.9
4228516,51432304,2019-06-19,2,Hogar,268.63,537.26
23306937,30561109,2019-06-18,2,Deportes,294.83,589.66
38628941,35551026,2019-06-19,2,Belleza,45.26,90.52
5600509,37504863,2019-06-18,2,Ropa,71.02,142.04
10971360,47120951,2019-06-18,2,Hogar,134.78,269.56
15882061,33106506,2019-06-18,2,Deportes,175.42,350.84
5460068,5476977,2019-06-18,2,Hogar,335.11,670.22
5977357,55100016,2019-06-18,2,Electronica,371.96,743.92
9838072,4028994,2019-06-18,2,Electronica,1449.89,2899.78
32435660,34202866,2019-06-18,2,Ropa,33.68,67.36
18186147,50772232,2019-06-18,3,Deportes,202.48,607.4399999999999
16322581,32088983,2019-06-18,2,Deportes,52.31,104.62
24361004,47006197,2019-06-18,2,Hogar,25.99,51.98
43567092,46814843,2019-06-18,4,Ropa,185.31,741.24
8952579,29062659,2019-06-18,2,Deportes,327.95,655.9
2270492,34535482,2019-06-18,2,Libros,43.18,86.36
15224916,52864116,2019-06-18,2,Libros,52.59,105.18
38168324,37166735,2019-06-18,2,Electronica,1214.13,2428.26
6889657,2585244,2019-06-18,4,Hogar,328.91,1315.64
17946324,49916256,2019-06-18,2,Belleza,102.44,204.88
3939267,50028989,2019-06-18,2,Electronica,616.66,1233.32
25392329,48303260,2019-06-18,2,Ropa,115.02,230.04
21972831,6311254,2019-06-18,2,Deportes,315.0,630.0
25734815,32090474,2019-06-18,2,Electronica,172.96,345.92
38853982,31451464,2019-06-18,2,Belleza,60.86,121.72
2135603,4901775,2019-06-18,2,Belleza,103.74,207.48
15573369,43256462,2019-06-18,2,Belleza,23.04,46.08
16515148,34538086,2019-06-18,2,Libros,52.55,105.1
36380745,4133784,2019-06-18,6,Libros,52.58,315.48
4142562,33739394,2019-06-18,2,Ropa,150.53,301.06
25016249,47040758,2019-06-18,2,Ropa,69.15,138.3
24310387,37754439,2019-06-18,2,Electronica,1312.55,2625.1
29454806,6525694,2019-06-18,2,Electronica,523.84,1047.68
1625685,40767953,2019-06-18,2,Hogar,50.87,101.74
44461180,41750010,2019-06-18,2,Electronica,1334.55,2669.1
27735759,35609025,2019-06-18,2,Libros,14.6,29.2
43170692,37700017,2019-06-18,3,Belleza,77.46,232.38
10439331,33369789,2019-06-18,2,Ropa,132.35,264.7
33094747,33036568,2019-06-18,4,Ropa,63.42,253.68
44456052,32194487,2019-06-18,2,Hogar,493.05,986.1
16813209,43524799,2019-06-18,2,Belleza,46.04,92.08
16636470,39066975,2019-06-18,2,Ropa,22.19,44.38
11627458,48595705,2019-06-18,2,Libros,38.43,76.86
31875167,54847946,2019-06-18,2,Libros,31.37,62.74
11369282,44186498,2019-06-18,2,Libros,18.5,37.0
7973995,34027231,2019-06-18,2,Ropa,41.07,82.14
41666229,32419778,2019-06-18,2,Ropa,150.05,300.1
17172389,42228348,2019-06-18,2,Libros,55.4,110.8
2906598,47749651,2019-06-18,4,Ropa,30.43,121.72
50410,49215530,2019-06-18,2,Ropa,46.86,93.72
17472453,34186063,2019-06-18,2,Belleza,118.42,236.84
288736,46068860,2019-06-18,2,Electronica,71.78,143.56
1933106,34374504,2019-06-18,2,Deportes,213.14,426.28
13926903,46278180,2019-06-17,2,Ropa,108.06,216.12
1686915,46680854,2019-06-17,2,Deportes,120.0,240.0
12553056,37302125,2019-06-17,2,Deportes,271.95,543.9
31116770,51778083,2019-06-17,2,Belleza,113.67,227.34
44425629,35234760,2019-06-17,2,Deportes,20.41,40.82
2489485,36432983,2019-06-17,2,Ropa,95.54,191.08
12023001,51366823,2019-06-17,4,Libros,46.22,184.88
14257282,41802443,2019-06-17,2,Deportes,265.51,531.02
10540281,3300100,2019-06-17,2,Ropa,99.86,199.72
13477530,40294759,2019-06-17,3,Hogar,39.16,117.47999999999999
8562683,53678480,2019-06-17,2,Libros,45.8,91.6
14126653,7474861,2019-06-17,3,Hogar,191.18,573.54
27682078,49012130,2019-06-17,3,Hogar,123.88,371.64
41748745,3049311,2019-06-17,2,Deportes,380.34,760.68
44421889,40276011,2019-06-17,3,Belleza,74.61,223.82999999999998
14260416,32242550,2019-06-17,2,Ropa,83.98,167.96
19895071,44457947,2019-06-17,2,Hogar,390.15,780.3
15740766,55093537,2019-06-17,6,Belleza,115.66,693.96
41048618,54631359,2019-06-17,2,Belleza,34.46,68.92
15279413,36319219,2019-06-17,2,Deportes,337.6,675.2
15190814,39501203,2019-06-17,2,Ropa,125.47,250.94
40906593,32217805,2019-06-17,2,Electronica,1473.18,2946.36
6514476,49797934,2019-06-17,2,Ropa,189.8,379.6
27719698,3542044,2019-06-18,2,Ropa,194.86,389.72
17888201,31265015,2019-06-17,2,Ropa,190.84,381.68
26058161,50512246,2019-06-17,2,Ropa,11.46,22.92
7261600,51076630,2019-06-17,2,Libros,45.76,91.52
4128143,40800017,2019-06-17,2,Electronica,444.31,888.62
5796879,46676576,2019-06-17,2,Electronica,1002.74,2005.48
20510425,3131675,2019-06-17,2,Libros,43.78,87.56
22548282,44050941,2019-06-17,3,Hogar,490.6,1471.8000000000002
26740458,6904337,2019-06-17,2,Deportes,388.62,777.24
10163722,42744915,2019-06-17,2,Ropa,17.48,34.96
17201902,35848459,2019-06-17,2,Belleza,70.2,140.4
17896229,42351128,2019-06-17,2,Deportes,299.28,598.56
13818544,3977008,2019-06-17,2,Deportes,116.28,232.56
22040530,38425742,2019-06-17,2,Libros,21.47,42.94
3327076,46234841,2019-06-16,2,Hogar,492.55,985.1
6524135,35161657,2019-06-17,2,Libros,17.38,34.76
24908175,41090289,2019-06-17,2,Ropa,143.81,287.62
43653339,40276014,2019-06-17,2,Libros,8.32,16.64
19991035,3329464,2019-06-17,2,Belleza,15.8,31.6
12866407,40502535,2019-06-17,2,Ropa,134.78,269.56
25374458,31140186,2019-06-16,2,Libros,53.85,107.7
6275243,43877726,2019-06-16,2,Electronica,782.56,1565.12
1891348,51002416,2019-06-16,2,Hogar,29.59,59.18
3707267,31103327,2019-06-16,2,Deportes,388.47,776.94
44389805,42116372,2019-06-16,2,Hogar,333.18,666.36
29561480,51759183,2019-06-16,2,Electronica,797.43,1594.86
12733745,52324635,2019-06-16,2,Libros,20.0,40.0
19985935,47796021,2019-06-16,2,Deportes,270.08,540.16
11135908,34861148,2019-06-16,2,Hogar,191.62,383.24
34619376,48553007,2019-06-16,2,Libros,43.64,87.28
33516702,6055253,2019-06-16,2,Electronica,1039.73,2079.46
10399629,29069309,2019-06-16,2,Hogar,59.98,119.96
6755161,39147627,2019-06-17,2,Ropa,182.76,365.52
44177744,37939836,2019-06-16,2,Libros,31.78,63.56
11685855,54699679,2019-06-16,2,Electronica,619.77,1239.54
41173017,34441000,2019-06-16,2,Hogar,478.4,956.8
35275746,48072296,2019-06-16,3,Belleza,54.89,164.67000000000002
25567908,31637207,2019-06-16,2,Ropa,93.26,186.52
13296977,6393272,2019-06-16,2,Ropa,147.03,294.06
20255995,2820080,2019-06-16,2,Electronica,999.95,1999.9
22584346,3220723,2019-06-16,2,Belleza,23.99,47.98
9759091,42704591,2019-06-16,2,Libros,42.04,84.08
26314143,46634224,2019-06-16,2,Deportes,396.63,793.26
7851168,3675590,2019-06-16,8,Deportes,385.93,3087.44
18204892,33991739,2019-06-16,2,Electronica,722.23,1444.46
21758633,43232061,2019-06-16,2,Ropa,85.01,170.02
1207413,35837475,2019-06-16,2,Ropa,184.73,369.46
18572593,39272555,2019-06-16,3,Deportes,140.82,422.46
25397904,47007181,2019-06-16,2,Electronica,817.4,1634.8
21378366,33653506,2019-06-16,2,Belleza,86.08,172.16
24169804,40276023,2019-06-16,2,Libros,53.02,106.04
20804975,3118111,2019-06-16,2,Deportes,341.57,683.14
21954794,43839264,2019-06-16,2,Hogar,129.21,258.42
11332929,51163007,2019-06-16,2,Electronica,295.73,591.46
21710992,35033946,2019-06-16,2,Deportes,46.03,92.06
21660595,47752314,2019-06-16,2,Deportes,360.91,721.82
6668020,4276554,2019-06-16,2,Libros,16.02,32.04
30888845,50752678,2019-06-16,2,Ropa,68.47,136.94
10855008,35565823,2019-06-16,2,Hogar,153.62,307.24
12269091,25593409,2019-06-16,2,Belleza,27.21,54.42
13836163,48225652,2019-06-16,2,Electronica,491.65,983.3
41080508,31989393,2019-06-16,2,Libros,56.0,112.0
8475003,5900331,2019-06-16,2,Ropa,67.49,134.98
1719590,47312975,2019-06-16,3,Ropa,136.93,410.79
16180466,49541187,2019-06-16,2,Libros,57.48,114.96
3194278,35236632,2019-06-16,2,Libros,23.12,46.24
33704963,42768500,2019-06-16,2,Ropa,87.45,174.9
15196705,47411736,2019-06-15,3,Belleza,93.68,281.04
6092282,32781259,2019-06-16,2,Deportes,184.29,368.58
15740554,43327149,2019-06-16,2,Electronica,1392.76,2785.52
3520229,32348787,2019-06-16,2,Electronica,779.67,1559.34
11503319,49005574,2019-06-16,2,Electronica,554.22,1108.44
10113586,50069257,2019-06-16,2,Ropa,194.6,389.2
14273886,3595647,2019-06-15,2,Belleza,53.96,107.92
10947066,50853336,2019-06-15,2,Hogar,127.12,254.24
7917467,42711139,2019-06-15,3,Libros,14.77,44.31
29993217,35468301,2019-06-15,3,Ropa,199.08,597.24
36845026,42695504,2019-06-15,2,Libros,52.47,104.94
39636304,44601817,2019-06-15,2,Hogar,380.2,760.4
44178301,35663576,2019-06-15,2,Libros,27.48,54.96
6055639,34193353,2019-06-15,2,Libros,50.45,100.9
22618754,31871104,2019-06-15,3,Belleza,67.88,203.64
27084132,31845769,2019-06-15,2,Deportes,140.61,281.22
18291174,32188681,2019-06-15,2,Electronica,1127.91,2255.82
10607902,31097121,2019-06-15,2,Hogar,376.76,753.52
13776147,35743885,2019-06-15,2,Ropa,105.03,210.06
18747259,42071265,2019-06-15,2,Hogar,36.9,73.8
13251941,6580046,2019-06-15,2,Libros,8.55,17.1
13003322,41876184,2019-06-15,2,Deportes,49.27,98.54
6513371,48598431,2019-06-15,2,Libros,53.57,107.14
32904777,44154300,2019-06-15,2,Deportes,116.12,232.24
3104669,38956298,2019-06-15,2,Electronica,1193.69,2387.38
21542136,50889544,2019-06-15,2,Hogar,414.39,828.78
15213376,35919254,2019-06-15,2,Deportes,277.75,555.5
16107948,46062987,2019-06-15,2,Ropa,169.42,338.84
3523967,35052140,2019-06-15,3,Deportes,354.61,1063.83
12388446,32244806,2019-06-15,3,Belleza,87.74,263.21999999999997
14081587,52770048,2019-06-15,2,Libros,54.33,108.66
31565506,4228110,2019-06-15,2,Ropa,38.58,77.16
1306927,47088658,2019-06-15,4,Electronica,612.23,2448.92
4147503,33325533,2019-06-15,2,Libros,30.53,61.06
15237969,42517752,2019-06-15,2,Ropa,66.56,133.12
11245334,42755635,2019-06-15,2,Ropa,147.82,295.64
6768434,368559,2019-06-15,2,Ropa,183.36,366.72
2079495,4406226,2019-06-15,3,Ropa,88.37,265.11
1769874,4131546,2019-06-15,2,Libros,56.78,113.56
10568670,31245523,2019-06-15,2,Electronica,799.31,1598.62
17218390,46290474,2019-06-15,4,Deportes,218.56,874.24
22089315,49012549,2019-06-16,2,Hogar,306.11,612.22
15798100,3398038,2019-06-16,2,Belleza,35.86,71.72
43676241,33113587,2019-06-15,2,Hogar,200.93,401.86
20755608,3813817,2019-06-15,2,Hogar,283.32,566.64
12702294,31374335,2019-06-15,2,Belleza,113.33,226.66
42396262,7587271,2019-06-15,2,Hogar,442.85,885.7
13200389,43120616,2019-06-14,2,Libros,40.35,80.7
10200781,52464338,2019-06-14,2,Electronica,533.02,1066.04
19214699,2212221,2019-06-14,2,Belleza,6.2,12.4
11350281,7005895,2019-06-14,2,Electronica,1473.42,2946.84
43779201,3169747,2019-06-14,2,Libros,32.11,64.22
12487133,48475307,2019-06-14,2,Hogar,470.17,940.34
12794456,50812019,2019-06-15,2,Electronica,846.55,1693.1
10728155,46554911,2019-06-15,2,Libros,38.3,76.6
25374458,35404898,2019-06-14,2,Hogar,311.84,623.68
13423630,43786395,2019-06-14,2,Hogar,182.02,364.04
29823450,31938424,2019-06-14,2,Libros,44.16,88.32
30563523,53034605,2019-06-14,2,Deportes,222.03,444.06
29160504,34277785,2019-06-14,2,Deportes,156.48,312.96
22502926,40230464,2019-06-14,2,Deportes,141.97,283.94
22502926,36414133,2019-06-14,2,Belleza,85.38,170.76
18617678,47333821,2019-06-14,3,Deportes,220.18,660.54
1112862,3302281,2019-06-14,2,Hogar,341.15,682.3
30485272,54588408,2019-06-14,2,Belleza,101.12,202.24
5385382,2898916,2019-06-14,3,Hogar,104.35,313.04999999999995
18108299,32856204,2019-06-14,2,Deportes,253.15,506.3
24244415,44203086,2019-06-14,2,Libros,7.87,15.74
38091892,33643865,2019-06-14,2,Hogar,64.53,129.06
10610300,31560308,2019-06-14,2,Belleza,82.58,165.16
981371,34918894,2019-06-14,2,Belleza,13.16,26.32
8489297,46267332,2019-06-14,3,Hogar,303.75,911.25
15380973,29812809,2019-06-14,2,Belleza,30.3,60.6
41352161,31576345,2019-06-14,2,Electronica,681.95,1363.9
36025877,31541325,2019-05-30,2,Libros,21.72,43.44
39671491,38909187,2019-05-30,2,Libros,12.13,24.26
41712676,34570812,2019-05-30,2,Belleza,33.6,67.2
14371633,300638,2019-05-30,2,Hogar,413.33,826.66
25265598,50424695,2019-05-31,2,Deportes,262.77,525.54
14839603,34972083,2019-05-31,2,Belleza,114.22,228.44
10855761,35606222,2019-05-31,2,Belleza,45.36,90.72
11735888,2146420,2019-05-31,2,Belleza,10.61,21.22
2001270,51384139,2019-05-31,2,Belleza,96.13,192.26
20658607,6626405,2019-05-29,4,Belleza,85.39,341.56
5325759,1207275,2019-05-30,3,Hogar,141.53,424.59000000000003
10543509,37116257,2019-05-29,2,Deportes,297.08,594.16
42862347,32198300,2019-05-29,2,Deportes,292.29,584.58
29996693,39153990,2019-05-29,2,Electronica,716.05,1432.1
29916826,32288524,2019-05-29,2,Belleza,84.19,168.38
6652706,38268876,2019-05-30,2,Belleza,56.13,112.26
41634969,49080437,2019-05-30,2,Electronica,536.54,1073.08
10194406,2899710,2019-05-30,2,Deportes,197.27,394.54
35460824,47014339,2019-05-29,2,Ropa,180.07,360.14
15730258,2880179,2019-05-29,2,Libros,26.15,52.3
41485263,43524799,2019-05-29,3,Belleza,46.04,138.12
8448887,33921034,2019-05-29,2,Ropa,86.7,173.4
13622603,38663589,2019-05-29,3,Deportes,251.19,753.5699999999999
26655183,34039189,2019-05-29,2,Belleza,91.59,183.18
27352923,1257977,2019-05-29,2,Ropa,149.58,299.16
41156153,44835960,2019-05-29,2,Hogar,24.6,49.2
11268281,4890749,2019-05-29,2,Hogar,348.4,696.8
24187307,39833031,2019-05-29,2,Belleza,110.33,220.66
35161931,31508746,2019-05-29,3,Electronica,703.3,2109.8999999999996
3064945,46696013,2019-05-29,2,Deportes,219.15,438.3
42468184,37635850,2019-05-29,2,Deportes,233.43,466.86
42042379,6020893,2019-05-30,2,Ropa,149.03,298.06
16329700,5057613,2019-05-29,2,Deportes,172.28,344.56
4418947,3978054,2019-05-29,2,Belleza,100.6,201.2
17023357,6922927,2019-05-29,2,Deportes,265.58,531.16
41767206,37265430,2019-05-29,2,Ropa,117.14,234.28
34680648,43147397,2019-05-29,2,Ropa,81.02,162.04
28575685,41236011,2019-05-29,2,Libros,12.58,25.16
12386486,44747497,2019-05-29,2,Libros,57.72,115.44
12994441,41188619,2019-05-29,2,Hogar,446.11,892.22
23808530,44131009,2019-05-29,2,Deportes,195.5,391.0
12977006,558339,2019-05-29,2,Ropa,117.58,235.16
9280695,32965538,2019-05-29,3,Electronica,1139.06,3417.18
42831958,36475227,2019-05-29,2,Electronica,149.2,298.4
7051054,32939729,2019-05-29,2,Libros,52.03,104.06
36557175,3087267,2019-05-29,2,Deportes,322.87,645.74
17189829,36884276,2019-05-29,2,Belleza,94.06,188.12
7155204,42549234,2019-05-29,2,Electronica,81.87,163.74
37551818,49873200,2019-05-29,2,Electronica,813.45,1626.9
16986999,40800386,2019-05-29,2,Libros,7.98,15.96
11970685,41997485,2019-05-29,2,Libros,35.3,70.6
5215019,31900660,2019-05-29,2,Deportes,293.01,586.02
29550423,2197529,2019-05-29,2,Libros,11.7,23.4
25112548,43713812,2019-05-29,2,Hogar,352.02,704.04
40502615,42575449,2019-05-28,2,Ropa,95.41,190.82
15387635,42360324,2019-05-28,2,Electronica,1226.75,2453.5
22952344,31516269,2019-05-28,3,Deportes,127.66,382.98
35635859,1069992,2019-05-28,2,Electronica,1083.52,2167.04
20998007,35896096,2019-05-28,2,Hogar,273.79,547.58
40807556,31931376,2019-05-28,2,Belleza,43.65,87.3
18777098,46055927,2019-05-28,2,Hogar,176.02,352.04
8598794,44797883,2019-05-28,2,Deportes,361.04,722.08
11012606,35628129,2019-05-28,2,Belleza,57.08,114.16
19035700,2584605,2019-05-28,2,Belleza,51.66,103.32
10729198,49576953,2019-05-28,3,Belleza,109.43,328.29
35558608,42712650,2019-05-28,2,Libros,7.19,14.38
25892376,43211451,2019-05-28,2,Hogar,191.7,383.4
4155405,48525242,2019-05-28,4,Deportes,342.86,1371.44
23590812,35424194,2019-05-28,3,Hogar,462.94,1388.82
23390601,37745456,2019-05-28,2,Electronica,1153.43,2306.86
21519752,44384875,2019-05-28,2,Libros,17.15,34.3
23348685,33641454,2019-05-28,3,Hogar,215.33,645.99
21764029,47122581,2019-05-28,2,Electronica,335.04,670.08
21193204,42009123,2019-05-28,2,Hogar,477.8,955.6
22286274,4801718,2019-05-28,3,Libros,37.9,113.69999999999999
9757421,37208213,2019-05-28,2,Electronica,1143.81,2287.62
42063857,6631401,2019-05-28,2,Deportes,65.75,131.5
11144730,45604571,2019-05-28,3,Libros,44.26,132.78
12559183,3262456,2019-05-28,2,Hogar,438.74,877.48
13932645,2522876,2019-05-28,2,Belleza,114.17,228.34
11381758,2766733,2019-05-28,6,Ropa,16.16,96.96000000000001
37046520,33482494,2019-05-28,2,Belleza,117.16,234.32
21493191,34967031,2019-05-28,2,Libros,52.88,105.76
36429854,40441267,2019-05-28,2,Libros,26.06,52.12
42211795,31292700,2019-05-28,4,Libros,51.04,204.16
24276342,2233405,2019-05-28,2,Electronica,1118.01,2236.02
42313915,50139102,2019-05-28,2,Deportes,321.38,642.76
17160961,49472378,2019-05-28,2,Libros,17.14,34.28
26209498,31081439,2019-05-29,2,Libros,49.46,98.92
16317718,6590770,2019-05-28,2,Deportes,146.27,292.54
2589594,47368938,2019-05-28,2,Belleza,79.58,159.16
12693053,32194013,2019-05-28,2,Ropa,14.93,29.86
8068742,45317782,2019-05-28,2,Libros,51.65,103.3
425430,36526017,2019-05-28,2,Libros,57.31,114.62
40213370,47295470,2019-05-28,2,Libros,41.42,82.84
35697485,40276058,2019-05-28,3,Electronica,904.24,2712.7200000000003
23915973,37595500,2019-05-28,5,Electronica,793.37,3966.85
26020501,49538717,2019-05-28,2,Libros,44.92,89.84
10895464,42555288,2019-05-28,2,Belleza,42.53,85.06
36698884,37531662,2019-05-28,4,Hogar,318.8,1275.2
3842029,32984821,2019-05-28,3,Deportes,293.21,879.6299999999999
22468228,3675590,2019-05-28,2,Deportes,385.93,771.86
5522175,2683258,2019-05-28,2,Libros,12.85,25.7
5455296,43524799,2019-05-28,2,Belleza,46.04,92.08
21021492,34759875,2019-05-28,2,Electronica,253.1,506.2
9559298,3892233,2019-05-28,2,Belleza,87.36,174.72
38299303,36517561,2019-05-28,2,Libros,28.75,57.5
14914693,33111125,2019-05-28,2,Electronica,1339.34,2678.68
3487196,46438233,2019-05-28,2,Libros,20.36,40.72
24807335,31380673,2019-05-28,3,Hogar,166.29,498.87
25068898,42712499,2019-05-28,7,Deportes,54.71,382.97
9262650,5619456,2019-05-28,2,Ropa,18.06,36.12
26965197,5478118,2019-05-28,2,Libros,40.74,81.48
28499736,3929808,2019-05-28,2,Belleza,83.69,167.38
22836589,42744426,2019-05-28,2,Electronica,852.71,1705.42
25043110,48017506,2019-05-28,2,Electronica,1040.83,2081.66
42429408,50602114,2019-05-28,2,Belleza,91.05,182.1
35665873,35298447,2019-05-28,2,Libros,33.81,67.62
20597972,2631555,2019-05-28,2,Electronica,1054.32,2108.64
41637038,41495831,2019-05-28,2,Belleza,90.42,180.84
325896,32181461,2019-05-28,2,Ropa,18.35,36.7
36344015,51006515,2019-05-28,2,Electronica,584.18,1168.36
14258068,46399710,2019-05-28,2,Deportes,100.11,200.22
5877839,48529652,2019-05-28,2,Hogar,44.37,88.74
34681524,34707274,2019-05-28,3,Libros,59.48,178.44
34315490,41663501,2019-05-28,2,Deportes,57.74,115.48
30273175,36899388,2019-05-28,2,Electronica,389.43,778.86
32620354,4741637,2019-05-28,2,Libros,15.52,31.04
2705369,39128176,2019-05-28,2,Deportes,389.79,779.58
22961781,32397612,2019-05-28,2,Belleza,37.95,75.9
7247312,3255676,2019-05-28,2,Deportes,107.76,215.52
15684817,45994109,2019-05-28,2,Electronica,1260.57,2521.14
40372251,43727900,2019-05-28,2,Ropa,168.65,337.3
41378764,4276672,2019-05-28,2,Electronica,1475.47,2950.94
39316786,50097616,2019-05-28,4,Libros,28.05,112.2
30731025,35508735,2019-05-28,2,Hogar,219.41,438.82
6269351,3980276,2019-05-28,2,Libros,29.4,58.8
8692458,48308455,2019-05-28,2,Libros,27.91,55.82
35677973,43467451,2019-05-28,2,Libros,22.96,45.92
27220032,76309,2019-05-28,2,Belleza,37.93,75.86
27220032,3227529,2019-05-28,2,Libros,24.4,48.8
13048259,46299614,2019-05-28,2,Ropa,177.57,355.14
3462095,31831349,2019-05-28,2,Electronica,284.48,568.96
31386801,50439038,2019-05-28,3,Ropa,44.4,133.2
14553398,41894722,2019-05-28,2,Hogar,292.28,584.56
16450598,34589218,2019-05-28,2,Ropa,75.3,150.6
41977309,37758603,2019-05-28,2,Belleza,65.63,131.26
18491342,45330870,2019-05-28,2,Electronica,661.22,1322.44
15497222,47028757,2019-05-28,2,Electronica,1219.49,2438.98
10496024,49809194,2019-05-28,2,Hogar,453.26,906.52
2543954,46875991,2019-05-28,2,Electronica,1196.3,2392.6
41815245,46130148,2019-05-28,2,Deportes,74.78,149.56
12230878,42388301,2019-05-28,2,Hogar,128.94,257.88
42139753,40276034,2019-05-28,2,Belleza,90.45,180.9
13447190,5217496,2019-05-28,2,Hogar,490.29,980.58
38484442,1791346,2019-05-28,2,Electronica,576.61,1153.22
32315230,47094884,2019-05-28,2,Hogar,304.37,608.74
32499044,31168290,2019-05-28,2,Deportes,344.71,689.42
10065751,35895352,2019-05-28,2,Deportes,84.25,168.5
25205025,51096728,2019-05-28,2,Hogar,257.26,514.52
20409420,47082192,2019-05-28,2,Electronica,1101.66,2203.32
2154075,48087512,2019-05-28,2,Deportes,51.64,103.28
13311808,35470256,2019-05-28,2,Hogar,426.58,853.16
11208358,1263245,2019-05-28,2,Hogar,322.63,645.26
34860756,42648243,2019-05-28,2,Libros,7.34,14.68
14284138,6317062,2019-05-28,2,Deportes,346.07,692.14
37120478,3252901,2019-05-28,2,Belleza,35.1,70.2
18047060,50063935,2019-05-28,3,Libros,43.12,129.35999999999999
13900919,50079978,2019-05-28,2,Belleza,50.99,101.98
1909823,39481244,2019-05-28,2,Deportes,177.37,354.74
42123432,1263681,2019-05-28,2,Libros,30.4,60.8
23124181,47384871,2019-05-28,2,Hogar,151.19,302.38
1901948,37074706,2019-05-28,2,Electronica,955.37,1910.74
35825813,34536018,2019-05-28,2,Ropa,78.59,157.18
13875874,31433986,2019-05-28,2,Electronica,1254.81,2509.62
38845300,40276058,2019-05-28,2,Electronica,904.24,1808.48
31064112,34848247,2019-05-28,2,Ropa,192.95,385.9
18177089,46381388,2019-05-28,2,Ropa,187.67,375.34
15326760,287900,2019-05-28,2,Hogar,94.12,188.24
19199963,512888,2019-05-28,2,Deportes,25.39,50.78
9272386,40153668,2019-05-28,2,Ropa,62.73,125.46
17191992,43128842,2019-05-28,2,Electronica,685.78,1371.56
15525719,40304825,2019-05-28,2,Deportes,296.98,593.96
35573115,46895086,2019-05-28,2,Belleza,117.41,234.82
15312401,32400784,2019-05-28,2,Hogar,394.96,789.92
12811308,898443,2019-05-28,2,Hogar,296.57,593.14
28753822,31631877,2019-05-27,4,Deportes,55.56,222.24
5134822,35470037,2019-05-27,2,Belleza,8.03,16.06
2110950,40372757,2019-05-27,2,Electronica,1247.03,2494.06
36907643,32569267,2019-05-27,4,Libros,14.74,58.96
19954070,112095,2019-05-27,2,Belleza,11.39,22.78
6132172,4596949,2019-05-28,2,Electronica,1283.02,2566.04
29230276,39112957,2019-05-28,2,Ropa,117.59,235.18
39380323,2905446,2019-05-27,2,Ropa,134.48,268.96
11065006,4903574,2019-05-27,2,Hogar,77.35,154.7
41788823,40782418,2019-05-27,2,Electronica,610.49,1220.98
6159340,44336752,2019-05-27,2,Hogar,197.55,395.1
3186513,46290091,2019-05-27,2,Deportes,52.51,105.02
42614904,2461040,2019-05-27,2,Deportes,262.44,524.88
8348637,47765390,2019-05-27,2,Hogar,151.98,303.96
32076350,36862942,2019-05-27,2,Belleza,104.6,209.2
35348692,49759533,2019-05-27,2,Libros,24.68,49.36
68898,13899159,2019-05-27,2,Belleza,61.88,123.76
21597009,50381982,2019-05-27,2,Electronica,142.11,284.22
15142895,31576215,2019-05-27,2,Belleza,36.69,73.38
38871336,46044378,2019-05-27,2,Hogar,343.23,686.46
41825960,5934899,2019-05-27,2,Electronica,1117.58,2235.16
9408235,33269884,2019-05-27,2,Deportes,37.87,75.74
3312690,35835418,2019-05-27,2,Ropa,56.14,112.28
6722608,34412816,2019-05-27,2,Belleza,62.94,125.88
41622420,32320743,2019-05-27,2,Belleza,99.02,198.04
3258810,51534807,2019-05-27,2,Libros,25.9,51.8
13724402,75983,2019-05-27,2,Electronica,243.97,487.94
1934373,49966670,2019-05-27,2,Libros,51.06,102.12
17152640,47498750,2019-05-27,2,Hogar,35.07,70.14
40807131,31994098,2019-05-27,2,Electronica,218.69,437.38
12000525,47752067,2019-05-27,2,Deportes,184.11,368.22
27363802,32072813,2019-05-27,2,Belleza,74.07,148.14
22637982,5057613,2019-05-27,2,Deportes,172.28,344.56
42647628,32338187,2019-05-27,3,Hogar,18.59,55.769999999999996
5741515,50071915,2019-05-27,2,Belleza,45.09,90.18
13385475,43470807,2019-05-27,2,Libros,38.41,76.82
16639768,31648895,2019-05-27,3,Ropa,190.86,572.58
4350236,31771374,2019-05-27,2,Libros,27.47,54.94
2810567,32013103,2019-05-27,2,Belleza,23.74,47.48
5907988,47106598,2019-05-27,2,Deportes,223.0,446.0
41472621,47083071,2019-05-27,2,Belleza,37.86,75.72
2498322,2984219,2019-05-27,2,Electronica,361.43,722.86
16788239,44741912,2019-05-27,3,Belleza,72.9,218.70000000000002
10267929,4702210,2019-05-27,2,Deportes,368.04,736.08
19799113,6535874,2019-05-27,2,Electronica,1261.08,2522.16
7002243,42094163,2019-05-27,2,Hogar,103.41,206.82
7028977,47595586,2019-05-27,2,Electronica,1160.53,2321.06
7028977,46087797,2019-05-27,2,Libros,17.64,35.28
27899849,85704,2019-05-27,3,Ropa,65.23,195.69
6914655,31373932,2019-05-27,2,Libros,55.6,111.2
9031439,4720920,2019-05-27,2,Hogar,354.94,709.88
1250461,6767288,2019-05-27,2,Electronica,1371.02,2742.04
975211,31788819,2019-05-27,2,Hogar,96.79,193.58
1905142,2798304,2019-05-27,2,Belleza,12.38,24.76
7778697,7063675,2019-05-27,2,Electronica,475.02,950.04
20217262,42717478,2019-05-27,2,Libros,37.0,74.0
24122256,44430700,2019-05-27,2,Electronica,1321.49,2642.98
29390830,5476665,2019-05-27,3,Electronica,222.31,666.9300000000001
17946575,44130998,2019-05-27,2,Belleza,101.4,202.8
932262,36297434,2019-05-27,2,Electronica,651.69,1303.38
8278372,38413252,2019-05-27,2,Hogar,146.8,293.6
8453553,47639884,2019-05-27,2,Deportes,25.67,51.34
10578286,36875878,2019-05-27,2,Deportes,319.61,639.22
18723409,2394396,2019-05-27,2,Electronica,1229.26,2458.52
28556888,48338922,2019-05-27,2,Hogar,122.3,244.6
25895502,4435441,2019-05-27,2,Deportes,292.27,584.54
18769267,31507935,2019-05-27,2,Hogar,88.35,176.7
41851053,31363301,2019-05-27,2,Electronica,259.61,519.22
1950916,40377696,2019-05-27,2,Libros,30.52,61.04
16282789,41950742,2019-05-27,2,Libros,18.56,37.12
13897365,38132943,2019-05-27,2,Ropa,107.16,214.32
30238986,37145730,2019-05-27,2,Electronica,608.04,1216.08
41705624,40434366,2019-05-27,2,Ropa,50.07,100.14
10351681,47377885,2019-05-27,2,Deportes,185.77,371.54
15735935,3777199,2019-05-27,4,Libros,46.32,185.28
15942849,7063166,2019-05-27,2,Libros,13.27,26.54
1025622,46626448,2019-05-27,2,Electronica,1208.41,2416.82
5992997,39283134,2019-05-27,2,Ropa,116.67,233.34
1662190,35140235,2019-05-27,2,Ropa,168.09,336.18
15942849,8720028,2019-05-27,2,Electronica,56.9,113.8
21110405,39114501,2019-05-27,2,Ropa,152.35,304.7
3110016,1008436,2019-05-27,3,Electronica,1072.77,3218.31
11342929,50096113,2019-05-27,2,Belleza,10.92,21.84
25948143,49311339,2019-05-27,2,Libros,57.26,114.52
35401247,31278965,2019-05-27,3,Deportes,287.04,861.1200000000001
41075710,33001520,2019-05-27,2,Hogar,170.28,340.56
12389631,4134803,2019-05-27,2,Ropa,70.77,141.54
2019597,36870843,2019-05-27,2,Ropa,173.68,347.36
3805252,47343058,2019-05-27,3,Hogar,452.88,1358.6399999999999
8885750,42110580,2019-05-27,2,Ropa,179.4,358.8
12337851,47880336,2019-05-27,2,Hogar,407.24,814.48
11122860,39216101,2019-05-27,2,Electronica,852.12,1704.24
26091310,38589152,2019-05-27,2,Electronica,1237.6,2475.2
2698389,34586753,2019-05-27,2,Ropa,79.95,159.9
8845324,2898991,2019-05-27,2,Ropa,58.21,116.42
9446779,2460549,2019-05-27,2,Belleza,70.87,141.74
3881698,36394136,2019-05-27,8,Belleza,8.25,66.0
1653815,49628739,2019-05-27,2,Libros,9.77,19.54
27527044,35217531,2019-05-27,2,Belleza,118.33,236.66
3107805,3539149,2019-05-27,2,Deportes,266.83,533.66
19972762,923105,2019-05-27,2,Ropa,86.22,172.44
26793050,1869259,2019-05-27,2,Belleza,39.59,79.18
12322456,39050105,2019-05-27,2,Ropa,186.09,372.18
22786525,3313899,2019-05-27,2,Deportes,235.58,471.16
30363067,47610935,2019-05-27,2,Electronica,385.06,770.12
23160589,36386621,2019-05-27,2,Belleza,79.68,159.36
24197832,45544221,2019-05-27,2,Electronica,402.1,804.2
21701039,40276010,2019-05-27,5,Electronica,718.18,3590.8999999999996
12416371,641032,2019-05-27,2,Ropa,100.96,201.92
10722521,43806905,2019-05-27,2,Electronica,307.62,615.24
15695122,32238532,2019-05-27,2,Belleza,105.76,211.52
9189226,956418,2019-05-27,2,Deportes,219.81,439.62
12892586,47168864,2019-05-27,2,Belleza,104.68,209.36
1025442,47181451,2019-05-27,2,Ropa,59.88,119.76
9231946,50518167,2019-05-27,2,Belleza,24.82,49.64
41422905,35564684,2019-05-27,2,Libros,15.53,31.06
1020933,43468649,2019-05-27,2,Hogar,23.74,47.48
10803991,46130148,2019-05-27,2,Deportes,74.78,149.56
5021425,33631497,2019-05-27,2,Deportes,55.67,111.34
16543212,44874605,2019-05-27,2,Hogar,86.52,173.04
13265395,43842685,2019-05-27,2,Hogar,53.24,106.48
27602877,31437828,2019-05-27,3,Libros,54.33,162.99
20512454,37894062,2019-05-27,2,Ropa,183.17,366.34
8332543,6847564,2019-05-27,2,Electronica,1409.18,2818.36
18912602,47580708,2019-05-27,2,Hogar,480.53,961.06
38709413,43868573,2019-05-27,2,Belleza,61.56,123.12
24754187,32227311,2019-05-27,2,Electronica,818.54,1637.08
23843055,49305934,2019-05-27,2,Belleza,20.05,40.1
27800658,521876,2019-05-27,2,Belleza,20.76,41.52
34244664,39329222,2019-05-27,3,Deportes,348.51,1045.53
16511857,41819307,2019-05-27,2,Electronica,1170.5,2341.0
11016229,32193727,2019-05-27,3,Electronica,1290.81,3872.43
42174133,47139588,2019-05-27,2,Belleza,95.24,190.48
13363635,32431186,2019-05-27,2,Ropa,168.57,337.14
16777849,46692410,2019-05-27,2,Deportes,125.1,250.2
38167082,3634439,2019-05-27,2,Libros,30.63,61.26
4762730,2813914,2019-05-27,2,Deportes,194.5,389.0
42378377,37781149,2019-05-27,2,Ropa,199.1,398.2
30637283,42118596,2019-05-27,2,Libros,57.2,114.4
5827769,49891804,2019-05-27,2,Electronica,917.8,1835.6
10370271,37137443,2019-05-27,2,Libros,12.59,25.18
10312426,33637675,2019-05-26,2,Belleza,34.74,69.48
35882653,41819291,2019-05-26,2,Deportes,158.23,316.46
1352933,13940209,2019-05-27,2,Libros,53.03,106.06
31620876,33906453,2019-05-27,2,Ropa,178.1,356.2
3316918,47173564,2019-05-27,3,Belleza,24.62,73.86
2476242,36527229,2019-05-27,2,Ropa,51.75,103.5
3471478,3339089,2019-05-27,2,Libros,24.22,48.44
2020168,35821305,2019-05-27,2,Belleza,111.59,223.18
1936064,2079962,2019-05-27,2,Ropa,98.5,197.0
38936413,32445063,2019-05-27,2,Ropa,105.72,211.44
15000947,48549178,2019-05-27,2,Electronica,987.91,1975.82
1699720,51262794,2019-05-27,2,Ropa,83.57,167.14
12670911,1797733,2019-05-27,2,Ropa,45.82,91.64
23096725,32271341,2019-05-26,2,Deportes,104.66,209.32
11454817,5808220,2019-05-27,2,Belleza,97.31,194.62
30173432,3011981,2019-05-27,2,Libros,54.14,108.28
17710749,42810398,2019-05-27,3,Deportes,207.37,622.11
13815454,42733331,2019-05-26,2,Hogar,188.14,376.28
4463701,31835250,2019-05-26,2,Libros,42.47,84.94
27458102,47167999,2019-05-27,2,Ropa,163.49,326.98
3611938,33687656,2019-05-27,2,Hogar,341.45,682.9
22501905,40629197,2019-05-27,2,Deportes,35.53,71.06
42586562,43407790,2019-05-27,2,Belleza,45.34,90.68
32948069,33760964,2019-05-26,4,Deportes,279.23,1116.92
1127868,32591614,2019-05-26,2,Belleza,70.97,141.94
38813637,6108445,2019-05-26,2,Belleza,117.48,234.96
12145066,48576308,2019-05-26,3,Electronica,1305.87,3917.6099999999997
4030464,6411072,2019-05-26,3,Electronica,581.18,1743.54
7745503,774800,2019-05-26,2,Ropa,21.35,42.7
37441372,34119097,2019-05-26,2,Deportes,295.79,591.58
25800781,39345712,2019-05-26,2,Belleza,43.68,87.36
27362382,36530153,2019-05-26,2,Deportes,279.19,558.38
24561365,41520088,2019-05-26,2,Belleza,116.47,232.94
3083180,6429127,2019-05-26,2,Deportes,254.55,509.1
40623754,32242116,2019-05-26,2,Belleza,62.85,125.7
20993758,47952345,2019-05-26,2,Libros,51.91,103.82
42514936,47103092,2019-05-26,2,Electronica,865.64,1731.28
41360418,3735939,2019-05-26,2,Hogar,358.71,717.42
40788622,47167999,2019-05-26,2,Ropa,163.49,326.98
7436718,33906448,2019-05-26,2,Libros,48.54,97.08
3354977,6411072,2019-05-26,2,Electronica,581.18,1162.36
2596346,6195154,2019-05-26,2,Ropa,179.02,358.04
8893517,6123941,2019-05-26,2,Ropa,63.5,127.0
2971336,4492370,2019-05-26,2,Libros,24.15,48.3
11343222,46790252,2019-05-26,2,Electronica,951.83,1903.66
30955654,46989872,2019-05-26,2,Libros,58.16,116.32
10407940,29812809,2019-05-26,2,Belleza,30.3,60.6
10712879,42695504,2019-05-26,2,Libros,52.47,104.94
7044260,48894358,2019-05-26,2,Electronica,588.79,1177.58
3558340,31131242,2019-05-27,2,Libros,23.89,47.78
9019646,305803,2019-05-27,2,Electronica,96.83,193.66
901800,31140398,2019-05-27,2,Libros,29.52,59.04
5280808,6640664,2019-05-27,3,Ropa,113.35,340.04999999999995
11912036,3430863,2019-05-27,2,Hogar,403.48,806.96
6528965,3900664,2019-05-27,2,Ropa,148.43,296.86
14979066,4097020,2019-05-27,2,Ropa,193.29,386.58
7809863,47639549,2019-05-27,2,Ropa,158.71,317.42
14300275,6243148,2019-05-26,2,Libros,21.42,42.84
42466839,34445100,2019-05-26,3,Libros,40.28,120.84
42226915,43567449,2019-05-26,2,Libros,41.97,83.94
20019509,2099968,2019-05-26,2,Ropa,199.62,399.24
18428224,41914977,2019-05-26,3,Hogar,82.29,246.87
12167252,44119396,2019-05-26,2,Electronica,327.42,654.84
17680225,47025126,2019-05-26,2,Deportes,79.1,158.2
5715175,42622798,2019-05-26,2,Electronica,904.14,1808.28
16826449,3928009,2019-05-26,2,Electronica,246.19,492.38
6692792,44824571,2019-05-26,2,Deportes,269.28,538.56
16823449,32398487,2019-05-26,2,Ropa,162.72,325.44
10326611,46677814,2019-05-26,2,Hogar,224.9,449.8
9084471,39764134,2019-05-26,2,Deportes,236.77,473.54
34546456,43524799,2019-05-26,2,Belleza,46.04,92.08
6042806,43216810,2019-05-26,2,Hogar,286.93,573.86
17301112,41929249,2019-05-26,2,Electronica,1373.45,2746.9
22134581,28576759,2019-05-26,2,Deportes,236.44,472.88
36498375,35168766,2019-05-26,2,Ropa,52.63,105.26
39903751,39607139,2019-05-26,2,Belleza,28.99,57.98
3482291,51274793,2019-05-26,2,Ropa,75.21,150.42
33856784,46509797,2019-05-26,2,Electronica,818.28,1636.56
16001792,32972018,2019-05-26,2,Hogar,90.13,180.26
22883964,46130148,2019-05-26,2,Deportes,74.78,149.56
42506263,31529980,2019-05-26,2,Libros,38.69,77.38
16034566,34822577,2019-05-26,2,Libros,59.96,119.92
28427565,47293891,2019-05-26,2,Deportes,267.96,535.92
22252802,33142387,2019-05-26,2,Deportes,161.52,323.04
11634334,32687057,2019-05-26,2,Electronica,531.03,1062.06
13381507,658915,2019-05-26,2,Electronica,1220.42,2440.84
22452574,50030604,2019-05-27,2,Belleza,112.13,224.26
13397948,43446020,2019-05-27,3,Hogar,437.68,1313.04
971566,37428192,2019-05-27,2,Electronica,734.92,1469.84
1690796,42695391,2019-05-27,2,Hogar,46.0,92.0
15105861,34471162,2019-05-27,2,Belleza,45.64,91.28
18131652,40275998,2019-05-26,3,Hogar,486.66,1459.98
42167745,31509127,2019-05-26,8,Deportes,289.98,2319.84
9598354,43215606,2019-05-26,2,Electronica,1187.7,2375.4
12956577,46930293,2019-05-26,2,Libros,27.2,54.4
14472867,33739394,2019-05-26,2,Ropa,150.53,301.06
18559663,34532472,2019-05-26,3,Belleza,14.51,43.53
35564383,6537369,2019-05-26,3,Libros,22.3,66.9
28089400,36531989,2019-05-26,2,Belleza,63.28,126.56
27117185,4228049,2019-05-26,2,Ropa,32.69,65.38
10478130,22731359,2019-05-26,2,Libros,22.06,44.12
18310543,35234760,2019-05-26,2,Deportes,20.41,40.82
6977469,25880309,2019-05-26,2,Hogar,225.63,451.26
16948613,34158499,2019-05-26,2,Hogar,138.87,277.74
20385109,37591053,2019-05-26,2,Libros,16.92,33.84
27964608,3036180,2019-05-26,3,Libros,5.34,16.02
6967122,36803912,2019-05-26,2,Belleza,77.55,155.1
5567649,33749691,2019-05-26,2,Electronica,940.95,1881.9
5906254,6673448,2019-05-26,2,Deportes,91.45,182.9
21761643,42728904,2019-05-26,2,Belleza,113.52,227.04
36820044,42715216,2019-05-26,2,Ropa,87.82,175.64
11629231,36515495,2019-05-26,2,Libros,6.4,12.8
40837267,48714536,2019-05-26,2,Ropa,51.76,103.52
25758549,6694538,2019-05-26,2,Ropa,141.49,282.98
10890708,31516269,2019-05-26,2,Deportes,127.66,255.32
6468156,1008805,2019-05-26,2,Belleza,28.19,56.38
11057641,43330232,2019-05-26,2,Deportes,40.49,80.98
35639112,112352,2019-05-26,2,Belleza,39.53,79.06
27287794,46130148,2019-05-26,2,Deportes,74.78,149.56
34147147,4577358,2019-05-26,2,Hogar,314.59,629.18
22387026,32445945,2019-05-26,3,Electronica,801.61,2404.83
16962437,2946940,2019-05-26,2,Hogar,384.21,768.42
36027741,39778708,2019-05-26,2,Deportes,313.6,627.2
7138226,46402240,2019-05-26,3,Hogar,480.57,1441.71
20780183,3724913,2019-05-26,2,Libros,8.14,16.28
40447755,33077489,2019-05-26,2,Libros,7.14,14.28
10186108,46130148,2019-05-26,3,Deportes,74.78,224.34
12396519,31075800,2019-05-26,2,Ropa,103.21,206.42
15516375,3937199,2019-05-26,3,Electronica,141.19,423.57
9342951,32922235,2019-05-26,2,Belleza,118.53,237.06
14744517,37536082,2019-05-26,2,Ropa,132.52,265.04
23247748,6846914,2019-05-26,2,Deportes,291.84,583.68
9078396,4524800,2019-05-26,2,Deportes,225.04,450.08
41838288,46285228,2019-05-26,2,Deportes,56.66,113.32
1154714,46194700,2019-05-26,2,Hogar,48.86,97.72
5257643,48176314,2019-05-26,3,Libros,11.6,34.8
34648695,37256325,2019-05-26,3,Belleza,23.43,70.28999999999999
21276382,36545263,2019-05-26,2,Hogar,222.19,444.38
4084146,36551039,2019-05-26,2,Hogar,68.44,136.88
28601837,47082692,2019-05-26,2,Deportes,189.61,379.22
26061022,43370799,2019-05-26,2,Hogar,287.34,574.68
41327207,42745558,2019-05-26,2,Ropa,10.06,20.12
3338342,6349963,2019-05-26,2,Deportes,347.27,694.54
1840123,48975265,2019-05-26,2,Hogar,70.41,140.82
3453314,35458604,2019-05-26,2,Ropa,81.29,162.58
1696613,41472814,2019-05-26,2,Deportes,40.27,80.54
4110334,32239815,2019-05-26,2,Belleza,20.36,40.72
8093645,39050110,2019-05-26,2,Ropa,199.33,398.66
25421985,46716068,2019-05-26,2,Libros,17.75,35.5
4424203,43459933,2019-05-26,2,Ropa,91.62,183.24
36132534,37972566,2019-05-26,3,Belleza,87.21,261.63
2779519,42223204,2019-05-26,2,Belleza,20.26,40.52
14070716,38893297,2019-05-26,2,Ropa,150.21,300.42
6766041,47894184,2019-05-26,2,Deportes,344.92,689.84
18746606,41149315,2019-05-26,2,Electronica,994.64,1989.28
3795701,42592272,2019-05-26,2,Belleza,10.03,20.06
12375575,39276771,2019-05-26,2,Belleza,55.68,111.36
9721864,40767626,2019-05-26,2,Deportes,270.83,541.66
12654582,43690011,2019-05-26,2,Deportes,391.83,783.66
39458128,6267828,2019-05-26,2,Ropa,169.35,338.7
2645420,41718736,2019-05-26,2,Hogar,476.63,953.26
10518182,33730737,2019-05-26,2,Deportes,170.37,340.74
1650048,44785195,2019-05-26,2,Belleza,75.83,151.66
22471018,41199390,2019-05-26,2,Ropa,179.25,358.5
32867679,3260655,2019-05-26,2,Electronica,1255.02,2510.04
4797148,48240662,2019-05-26,2,Hogar,247.52,495.04
13656176,48382899,2019-05-26,2,Ropa,59.64,119.28
9241519,3735259,2019-05-26,2,Ropa,40.78,81.56
12667011,1762367,2019-05-26,2,Belleza,59.03,118.06
5301786,35620927,2019-05-26,2,Electronica,248.79,497.58
13280762,2531835,2019-05-26,2,Electronica,757.57,1515.14
37440192,32238589,2019-05-26,2,Belleza,83.34,166.68
10041655,46918099,2019-05-26,2,Electronica,1098.13,2196.26
16919797,47952312,2019-05-26,2,Belleza,33.14,66.28
24393767,2316295,2019-05-26,2,Libros,58.34,116.68
42426454,5048392,2019-05-26,2,Ropa,173.74,347.48
22277393,46186069,2019-05-26,2,Hogar,114.06,228.12
12202485,35420611,2019-05-26,2,Hogar,61.06,122.12
15157363,34913531,2019-05-26,2,Libros,57.57,115.14
10862459,44601262,2019-05-26,6,Hogar,364.09,2184.54
28062278,6122348,2019-05-26,2,Electronica,469.2,938.4
11159834,46438087,2019-05-26,2,Ropa,139.86,279.72
36632179,48565664,2019-05-26,2,Libros,41.62,83.24
6008959,34295723,2019-05-26,2,Electronica,445.02,890.04
42362396,42512860,2019-05-26,2,Deportes,194.29,388.58
21942625,49711511,2019-05-26,4,Deportes,109.07,436.28
19193080,42739787,2019-05-26,2,Electronica,691.64,1383.28
36757834,49270390,2019-05-26,2,Hogar,65.41,130.82
1075156,44749309,2019-05-26,2,Belleza,10.81,21.62
15062884,35833446,2019-05-25,2,Electronica,1294.75,2589.5
33743916,6057282,2019-05-26,2,Ropa,125.69,251.38
882454,42185743,2019-05-26,2,Deportes,38.94,77.88
10176737,7132592,2019-05-26,2,Hogar,58.04,116.08
4619167,32281798,2019-05-26,2,Libros,18.14,36.28
27108312,31905665,2019-05-26,2,Ropa,178.66,357.32
26496169,53238,2019-05-26,2,Electronica,1409.74,2819.48
12093341,35420610,2019-05-26,2,Belleza,93.73,187.46
32695181,4033618,2019-05-25,2,Belleza,31.16,62.32
12181491,1069959,2019-05-25,2,Hogar,176.48,352.96
23320341,31325247,2019-05-25,2,Ropa,46.44,92.88
20968393,2262932,2019-05-25,2,Ropa,145.96,291.92
38487177,31279336,2019-05-25,2,Libros,22.55,45.1
5781366,48944598,2019-05-25,3,Libros,23.34,70.02
36543527,405097,2019-05-25,2,Electronica,1121.52,2243.04
20025599,39383669,2019-05-26,2,Electronica,414.9,829.8
4344270,2170734,2019-05-26,2,Hogar,449.93,899.86
2621723,34397060,2019-05-26,2,Libros,35.88,71.76
18004553,6507706,2019-05-26,2,Deportes,224.38,448.76
893815,46254661,2019-05-26,2,Hogar,143.4,286.8
40558721,34371239,2019-05-26,2,Belleza,101.04,202.08
20472376,31298101,2019-05-26,2,Ropa,118.82,237.64
28810678,47048997,2019-05-26,2,Ropa,39.55,79.1
31973762,33077489,2019-05-26,2,Libros,7.14,14.28
11875250,36308238,2019-05-26,2,Electronica,349.13,698.26
7723972,4408494,2019-05-26,2,Deportes,197.94,395.88
2159113,46929393,2019-05-26,2,Libros,47.88,95.76
32999427,42889258,2019-05-25,2,Libros,56.66,113.32
9389409,2151884,2019-05-26,2,Electronica,1012.07,2024.14
1812908,32271371,2019-05-26,2,Belleza,63.21,126.42
6099280,39797925,2019-05-26,2,Hogar,136.61,273.22
11926455,31775225,2019-05-26,2,Electronica,99.36,198.72
41844441,36947592,2019-05-26,2,Electronica,172.22,344.44
11805950,282650,2019-05-26,2,Hogar,341.34,682.68
4194306,31702228,2019-05-26,2,Libros,18.03,36.06
4406793,42573058,2019-05-26,2,Deportes,393.25,786.5
9586834,6067034,2019-05-26,2,Electronica,740.52,1481.04
2030841,48236346,2019-05-25,2,Electronica,285.11,570.22
2923574,31649705,2019-05-25,2,Belleza,16.88,33.76
9835890,36876676,2019-05-25,2,Hogar,145.59,291.18
26130684,41884885,2019-05-26,2,Deportes,323.06,646.12
1127211,36503095,2019-05-25,2,Electronica,875.69,1751.38
33124662,41632914,2019-05-25,3,Ropa,114.81,344.43
40664085,35564684,2019-05-26,2,Libros,15.53,31.06
10766124,44055065,2019-05-26,2,Libros,57.07,114.14
68944,44161955,2019-05-26,2,Hogar,149.34,298.68
16304550,6531226,2019-05-26,2,Deportes,133.68,267.36
28226361,47111358,2019-05-26,2,Hogar,163.11,326.22
22745541,3441123,2019-05-26,2,Belleza,60.34,120.68
17595536,42674875,2019-05-25,2,Deportes,369.05,738.1
42278981,47431688,2019-05-25,2,Ropa,89.62,179.24
1595586,33001995,2019-05-25,2,Libros,17.28,34.56
42277452,37287482,2019-05-25,2,Belleza,23.76,47.52
20098151,50267015,2019-05-25,2,Deportes,193.67,387.34
20098151,759693,2019-05-25,2,Electronica,1210.98,2421.96
9296148,34145308,2019-05-25,2,Belleza,118.1,236.2
42264131,5217990,2019-05-25,2,Deportes,161.71,323.42
12713638,47953203,2019-05-25,2,Ropa,65.36,130.72
15569929,51091064,2019-05-25,2,Belleza,63.94,127.88
18147150,3708066,2019-05-25,2,Electronica,924.36,1848.72
18534853,40276011,2019-05-25,2,Belleza,74.61,149.22
17177355,34380251,2019-05-25,2,Libros,29.78,59.56
26209372,39066387,2019-05-27,2,Ropa,46.42,92.84
4408482,4158303,2019-05-25,2,Hogar,462.05,924.1
42060119,9057252,2019-05-25,4,Electronica,869.9,3479.6
18009792,46165070,2019-05-25,2,Deportes,342.46,684.92
24772035,3256081,2019-05-25,2,Deportes,297.07,594.14
15709171,46958956,2019-05-25,2,Belleza,78.14,156.28
8318842,35887018,2019-05-25,2,Ropa,199.63,399.26
10927202,48965385,2019-05-25,2,Electronica,711.65,1423.3
23441729,42888986,2019-05-25,2,Hogar,221.11,442.22
23701761,34475836,2019-05-25,2,Belleza,46.42,92.84
7387435,49762912,2019-05-25,2,Belleza,46.59,93.18
39774234,40193641,2019-05-25,2,Electronica,449.87,899.74
14156235,38632055,2019-05-25,3,Hogar,490.61,1471.83
28605324,3892937,2019-05-25,3,Ropa,188.45,565.3499999999999
1826879,3170989,2019-05-25,2,Belleza,59.3,118.6
4886095,48734917,2019-05-25,2,Libros,52.89,105.78
30156081,47763892,2019-05-25,2,Libros,22.42,44.84
3734477,35538417,2019-05-25,2,Ropa,67.99,135.98
18840355,41264439,2019-05-25,2,Electronica,200.12,400.24
42153008,40768722,2019-05-25,2,Ropa,176.64,353.28
13039737,4667259,2019-05-25,2,Libros,25.45,50.9
37260026,43155024,2019-05-25,2,Belleza,70.85,141.7
5148593,42695416,2019-05-25,2,Ropa,181.07,362.14
9805453,32580191,2019-05-25,2,Hogar,212.93,425.86
17941789,4780952,2019-05-25,3,Deportes,326.61,979.83
5819490,46098321,2019-05-25,2,Libros,28.67,57.34
1990716,43300852,2019-05-25,2,Libros,43.55,87.1
5391974,36502996,2019-05-25,2,Hogar,224.12,448.24
8729982,49721143,2019-05-25,2,Ropa,84.62,169.24
12957990,33483873,2019-05-25,2,Electronica,1486.53,2973.06
9082348,41314690,2019-05-25,2,Belleza,75.42,150.84
3775327,4408171,2019-05-25,2,Deportes,159.61,319.22
4947972,43861250,2019-05-25,2,Deportes,304.77,609.54
35767868,6119814,2019-05-25,2,Electronica,423.84,847.68
7763203,1763572,2019-05-25,2,Electronica,107.66,215.32
13324768,7066081,2019-05-25,2,Hogar,357.68,715.36
2207582,46709750,2019-05-25,2,Ropa,80.71,161.42
4723887,32740812,2019-05-25,3,Libros,50.17,150.51
13391947,43532104,2019-05-25,2,Libros,25.01,50.02
26247740,40276014,2019-05-25,3,Libros,8.32,24.96
12215462,512628,2019-05-25,3,Hogar,196.06,588.1800000000001
1523749,6952343,2019-05-25,2,Ropa,158.04,316.08
9627098,48119274,2019-05-25,2,Hogar,252.39,504.78
18666788,46144228,2019-05-25,2,Libros,14.8,29.6
14117265,31963436,2019-05-25,2,Libros,53.67,107.34
41601477,6387525,2019-05-25,3,Electronica,905.7,2717.1000000000004
6508554,35323162,2019-05-25,2,Belleza,32.67,65.34
3035829,46640948,2019-05-25,3,Ropa,117.97,353.90999999999997
5146177,44746452,2019-05-26,2,Deportes,21.52,43.04
11072047,6059073,2019-05-25,3,Deportes,138.71,416.13
11339384,6190983,2019-05-25,2,Electronica,1208.5,2417.0
10166806,50642445,2019-05-25,2,Electronica,351.53,703.06
4275136,43504003,2019-05-25,2,Libros,6.43,12.86
3324016,39733090,2019-05-25,2,Hogar,332.28,664.56
1932607,38563962,2019-05-25,2,Hogar,80.98,161.96
8910251,42423220,2019-05-25,2,Deportes,138.18,276.36
1705523,40560183,2019-05-25,2,Libros,20.96,41.92
5990130,6025665,2019-05-25,2,Electronica,530.4,1060.8
21617059,43470844,2019-05-25,2,Libros,5.18,10.36
41335109,4124625,2019-05-25,2,Libros,7.57,15.14
30448226,36514103,2019-05-25,3,Hogar,102.11,306.33
8840284,48676051,2019-05-25,2,Deportes,138.23,276.46
16639431,48016114,2019-05-25,2,Libros,17.23,34.46
22277393,34319792,2019-05-25,2,Libros,36.23,72.46
8857,2268129,2019-05-25,2,Libros,11.43,22.86
15148259,46290417,2019-05-25,2,Deportes,78.58,157.16
22275763,42717473,2019-05-25,3,Hogar,241.67,725.01
11780945,32206823,2019-05-25,2,Ropa,60.07,120.14
27427571,34689244,2019-05-25,2,Hogar,420.24,840.48
1669248,1281248,2019-05-25,2,Ropa,139.83,279.66
26541148,37488827,2019-05-25,2,Belleza,60.67,121.34
8457318,42373985,2019-05-25,2,Libros,54.99,109.98
11614084,25878209,2019-05-25,3,Ropa,15.62,46.86
10219296,39738284,2019-05-25,2,Deportes,151.08,302.16
29133047,31574005,2019-05-25,2,Ropa,166.44,332.88
7647985,35253549,2019-05-25,2,Belleza,77.25,154.5
6703137,36540627,2019-05-25,2,Ropa,196.52,393.04
25562703,46559860,2019-05-25,2,Ropa,189.46,378.92
40796272,6899358,2019-05-25,2,Ropa,42.29,84.58
37495295,38780299,2019-05-25,2,Belleza,7.24,14.48
8669388,40336937,2019-05-25,2,Ropa,194.68,389.36
10289026,34343012,2019-05-25,2,Electronica,95.09,190.18
22374464,47883098,2019-05-25,2,Electronica,1421.03,2842.06
1022247,31555774,2019-05-25,2,Libros,25.55,51.1
2166838,34877695,2019-05-25,2,Deportes,393.49,786.98
3062668,2916892,2019-05-25,2,Belleza,9.12,18.24
2855533,2427015,2019-05-25,2,Hogar,291.63,583.26
7267600,34409153,2019-05-25,2,Deportes,271.09,542.18
13628198,49412822,2019-05-25,2,Electronica,435.91,871.82
14441793,47561118,2019-05-25,2,Electronica,237.72,475.44
42135038,6585883,2019-05-25,2,Electronica,887.43,1774.86
27827997,2023848,2019-05-24,3,Libros,21.85,65.55000000000001
26929011,32678898,2019-05-24,2,Belleza,94.79,189.58
6196415,104231,2019-05-25,2,Electronica,1016.9,2033.8
11432090,45350717,2019-05-24,3,Libros,20.81,62.42999999999999
12701734,33748802,2019-05-24,2,Ropa,112.6,225.2
15133106,7065663,2019-05-25,2,Deportes,169.18,338.36
4280226,42405297,2019-05-25,2,Belleza,5.39,10.78
22369330,33623645,2019-05-25,2,Libros,27.52,55.04
27824129,35752682,2019-05-25,2,Hogar,103.18,206.36
11634928,25123359,2019-05-25,2,Electronica,689.02,1378.04
27074289,47578436,2019-05-25,2,Belleza,74.14,148.28
13649413,42739786,2019-05-25,3,Electronica,1252.38,3757.1400000000003
8058952,44763006,2019-05-25,2,Deportes,248.0,496.0
14771289,720783,2019-05-24,2,Electronica,935.26,1870.52
7009603,47974387,2019-05-25,2,Libros,33.15,66.3
20509609,34426437,2019-05-25,2,Deportes,371.37,742.74
11955630,4818733,2019-05-25,2,Electronica,612.95,1225.9
4654949,39909092,2019-05-25,2,Electronica,713.31,1426.62
22636430,4603620,2019-05-25,2,Electronica,1484.84,2969.68
15091806,49427027,2019-05-25,2,Electronica,1137.02,2274.04
15004019,37758601,2019-05-25,2,Libros,58.53,117.06
15080815,31325543,2019-05-25,2,Belleza,54.51,109.02
10272344,50420040,2019-05-25,2,Deportes,193.77,387.54
40813322,34413659,2019-05-25,2,Libros,32.48,64.96
40846325,50602118,2019-05-25,2,Deportes,307.31,614.62
5302457,46438087,2019-05-25,2,Ropa,139.86,279.72
2661114,33050159,2019-05-24,2,Electronica,1006.01,2012.02
22153766,42768991,2019-05-25,2,Electronica,725.64,1451.28
6365793,37079567,2019-05-25,2,Electronica,1044.96,2089.92
4804178,34904972,2019-05-25,2,Electronica,527.32,1054.64
4033685,36395286,2019-05-25,2,Ropa,88.02,176.04
17829873,48966539,2019-05-24,2,Ropa,174.17,348.34
28387547,37111580,2019-05-24,2,Hogar,174.52,349.04
7275830,3136652,2019-05-24,2,Electronica,1448.43,2896.86
10485558,5912325,2019-05-24,2,Hogar,98.66,197.32
17853204,42803906,2019-05-24,4,Ropa,143.95,575.8
18127819,4405349,2019-05-24,2,Electronica,1108.37,2216.74
20421053,43868559,2019-05-24,2,Belleza,32.79,65.58
25576738,32002866,2019-05-24,2,Hogar,239.88,479.76
9751980,35113774,2019-05-25,2,Deportes,323.02,646.04
7393776,35907509,2019-05-25,2,Ropa,149.0,298.0
13488736,32040151,2019-05-20,3,Ropa,43.15,129.45
9355097,6019665,2019-05-20,2,Ropa,142.15,284.3
9211935,47221260,2019-05-20,2,Electronica,393.19,786.38
14300275,33701608,2019-05-20,2,Electronica,884.13,1768.26
40964375,32910027,2019-05-20,2,Belleza,38.94,77.88
27751733,6238215,2019-05-20,2,Libros,28.23,56.46
4516280,6896303,2019-05-20,2,Belleza,60.96,121.92
40204264,6128853,2019-05-20,2,Deportes,245.81,491.62
17190398,86036,2019-05-20,2,Electronica,414.02,828.04
41670694,41188619,2019-05-20,2,Hogar,446.11,892.22
34667012,6983354,2019-05-20,3,Electronica,286.55,859.6500000000001
32473394,44438989,2019-05-20,2,Belleza,50.83,101.66
5259564,44310990,2019-05-20,3,Belleza,14.43,43.29
20743777,41782024,2019-05-20,2,Belleza,65.58,131.16
18505252,43241570,2019-05-20,3,Ropa,169.52,508.56000000000006
17657032,41915168,2019-05-20,2,Hogar,72.7,145.4
41792384,42223892,2019-05-20,4,Hogar,69.67,278.68
17399967,33054537,2019-05-20,2,Electronica,166.32,332.64
1441435,3659296,2019-05-20,2,Ropa,171.09,342.18
17615857,6411072,2019-05-20,2,Electronica,581.18,1162.36
16955111,39480264,2019-05-20,2,Belleza,14.28,28.56
7143014,33158376,2019-05-20,2,Electronica,1476.02,2952.04
32383922,46121453,2019-05-20,2,Ropa,78.08,156.16
4529978,47470673,2019-05-20,2,Deportes,144.93,289.86
12896272,37758605,2019-05-20,2,Libros,10.04,20.08
4605414,39900031,2019-05-20,2,Ropa,121.27,242.54
4101503,45943376,2019-05-20,2,Electronica,899.53,1799.06
2649605,49537611,2019-05-20,2,Hogar,254.5,509.0
1794567,2852774,2019-05-20,2,Belleza,40.77,81.54
24145537,40276014,2019-05-20,2,Libros,8.32,16.64
22933970,5615775,2019-05-20,2,Libros,25.27,50.54
900503,48833358,2019-05-20,2,Deportes,141.79,283.58
16328452,48549237,2019-05-20,2,Libros,28.44,56.88
5498365,48365615,2019-05-20,2,Libros,23.8,47.6
35649367,36371341,2019-05-20,2,Hogar,178.98,357.96
30138225,364088,2019-05-20,2,Ropa,138.35,276.7
18152197,42460452,2019-05-20,3,Electronica,478.89,1436.67
40030464,42678288,2019-05-20,2,Electronica,558.72,1117.44
10360944,34727099,2019-05-20,2,Libros,28.95,57.9
8021251,3671339,2019-05-20,2,Ropa,163.16,326.32
8119155,4815003,2019-05-20,2,Belleza,5.46,10.92
16644292,3556889,2019-05-20,2,Electronica,763.52,1527.04
25369814,46302151,2019-05-20,3,Libros,19.07,57.21
1801163,44735053,2019-05-20,2,Electronica,131.42,262.84
40590155,4283872,2019-05-20,2,Belleza,109.77,219.54
16079467,45362670,2019-05-20,2,Libros,34.89,69.78
4449254,43508773,2019-05-20,2,Deportes,142.52,285.04
6586134,34362327,2019-05-20,2,Libros,28.43,56.86
5649761,35115252,2019-05-20,2,Hogar,416.26,832.52
1049172,42194625,2019-05-20,2,Hogar,95.89,191.78
11015071,705295,2019-05-21,2,Libros,51.77,103.54
4789730,46681356,2019-05-21,2,Ropa,55.91,111.82
20293421,3735903,2019-05-20,2,Hogar,318.1,636.2
10819999,39379226,2019-05-20,2,Deportes,243.83,487.66
6676525,35586399,2019-05-22,2,Ropa,140.28,280.56
42402261,3587610,2019-05-31,2,Hogar,453.93,907.86
13799308,40282312,2019-05-31,2,Belleza,74.88,149.76
2095400,3157457,2019-05-30,3,Libros,29.93,89.78999999999999
3119484,49751730,2019-05-30,2,Electronica,879.79,1759.58
32666996,1752669,2019-05-31,2,Hogar,113.01,226.02
17626017,39546018,2019-05-30,2,Deportes,281.85,563.7
14112231,41897852,2019-05-31,2,Hogar,66.36,132.72
23926289,44819219,2019-05-30,2,Hogar,105.64,211.28
22331225,36694274,2019-05-30,4,Deportes,231.75,927.0
16272415,35542855,2019-05-30,2,Deportes,266.09,532.18
40424017,48684056,2019-05-31,2,Libros,54.42,108.84
3237126,38048403,2019-05-30,2,Deportes,191.07,382.14
35601794,43505814,2019-05-30,3,Ropa,157.31,471.93
16156305,6384639,2019-05-30,2,Belleza,24.27,48.54
19856876,34535564,2019-05-30,2,Hogar,90.76,181.52
8076985,36524491,2019-05-30,2,Ropa,103.77,207.54
40853646,47854246,2019-05-30,2,Belleza,65.35,130.7
31379948,41651641,2019-05-30,2,Electronica,914.69,1829.38
40184788,39118761,2019-05-30,2,Ropa,23.19,46.38
7671791,45362719,2019-05-30,3,Hogar,321.69,965.0699999999999
14062608,43524799,2019-05-30,2,Belleza,46.04,92.08
27305366,32492380,2019-05-30,2,Belleza,90.75,181.5
1115142,33687656,2019-05-30,2,Hogar,341.45,682.9
9673243,38535156,2019-05-30,2,Belleza,38.92,77.84
32199201,33858679,2019-05-30,2,Belleza,95.99,191.98
42396262,3888068,2019-05-30,2,Deportes,208.47,416.94
41773954,31298878,2019-06-01,2,Libros,39.24,78.48
3497361,35772455,2019-05-30,2,Libros,15.35,30.7
16653866,39897525,2019-05-30,2,Electronica,367.55,735.1
15846663,7005764,2019-05-31,2,Deportes,45.58,91.16
9841786,46481480,2019-05-31,2,Hogar,377.3,754.6
15998773,7144807,2019-05-29,2,Libros,32.88,65.76
28461322,50500278,2019-05-29,3,Hogar,130.52,391.56000000000006
22847566,34586753,2019-05-29,3,Ropa,79.95,239.85000000000002
2971381,39482138,2019-05-29,2,Electronica,856.54,1713.08
28926291,39208097,2019-05-30,3,Libros,24.48,73.44
16440101,32113427,2019-05-29,2,Libros,51.05,102.1
5325759,2690797,2019-05-29,2,Deportes,220.7,441.4
24441836,37198348,2019-05-29,2,Hogar,29.46,58.92
29916826,46382271,2019-05-29,2,Hogar,492.77,985.54
25470100,203460,2019-05-30,2,Hogar,51.03,102.06
17296521,32116185,2019-05-29,2,Deportes,284.46,568.92
41079539,37619328,2019-05-29,2,Electronica,1140.92,2281.84
32308548,48727372,2019-05-29,2,Libros,29.05,58.1
14392550,49378026,2019-05-29,2,Belleza,63.22,126.44
41923690,44745887,2019-05-29,2,Electronica,411.51,823.02
7046473,34913531,2019-05-29,3,Libros,57.57,172.71
19141129,35627526,2019-05-29,2,Hogar,337.94,675.88
42123839,34820127,2019-05-29,2,Hogar,343.08,686.16
12374008,32575916,2019-05-29,2,Belleza,19.48,38.96
25725338,46741454,2019-05-29,2,Deportes,346.13,692.26
42058559,1263681,2019-05-29,2,Libros,30.4,60.8
20197362,50743616,2019-05-29,2,Ropa,57.62,115.24
42855056,32054955,2019-05-29,2,Electronica,574.11,1148.22
31289587,40978052,2019-05-29,2,Belleza,77.75,155.5
18072106,729537,2019-05-29,2,Hogar,15.5,31.0
33657147,32071803,2019-05-29,2,Ropa,99.82,199.64
3560302,34354361,2019-05-29,2,Electronica,1346.66,2693.32
30054716,36962620,2019-05-29,2,Electronica,1252.33,2504.66
16178046,46299523,2019-05-29,3,Deportes,278.56,835.6800000000001
16259680,51325962,2019-05-29,2,Hogar,389.49,778.98
22600624,49568858,2019-05-29,2,Ropa,83.7,167.4
19698075,49138571,2019-05-29,2,Libros,41.32,82.64
25397464,38213274,2019-05-29,2,Ropa,187.95,375.9
31829839,31694850,2019-05-29,4,Belleza,26.6,106.4
14597660,31578542,2019-05-29,2,Electronica,821.12,1642.24
40264044,48958960,2019-05-30,2,Belleza,31.99,63.98
13561808,48782233,2019-05-29,2,Belleza,103.24,206.48
13561808,43312859,2019-05-29,3,Hogar,364.71,1094.1299999999999
4136478,6685736,2019-05-29,2,Deportes,324.41,648.82
42135862,50957317,2019-05-29,3,Ropa,189.17,567.51
41368447,34267451,2019-05-29,2,Electronica,386.85,773.7
40680622,49802350,2019-05-29,2,Libros,7.68,15.36
20244270,39833031,2019-05-29,2,Belleza,110.33,220.66
40540686,51120516,2019-05-29,2,Ropa,82.46,164.92
42434487,34709110,2019-05-29,4,Electronica,439.5,1758.0
7736788,2583033,2019-05-29,2,Deportes,130.54,261.08
2967733,44863671,2019-05-29,2,Deportes,171.67,343.34
16204543,6079067,2019-05-29,2,Electronica,956.48,1912.96
22353427,33614897,2019-05-29,2,Deportes,323.13,646.26
1550657,49005956,2019-05-29,2,Hogar,184.65,369.3
38594013,7157733,2019-05-29,2,Deportes,199.93,399.86
42850525,35606228,2019-05-29,2,Hogar,70.85,141.7
35287342,82080,2019-05-29,2,Hogar,395.95,791.9
42157219,44751754,2019-05-29,2,Ropa,52.81,105.62
34123593,32717530,2019-05-29,2,Belleza,5.7,11.4
19780728,34586755,2019-05-29,2,Ropa,51.26,102.52
10505869,45348125,2019-05-29,2,Belleza,72.76,145.52
16166278,3123171,2019-05-28,2,Hogar,226.49,452.98
23106617,39604549,2019-05-28,2,Libros,57.19,114.38
20936125,47627603,2019-05-28,4,Ropa,77.84,311.36
14903153,34889317,2019-05-28,2,Deportes,308.63,617.26
5056998,1798155,2019-05-28,2,Electronica,895.48,1790.96
21992473,44305096,2019-05-28,2,Electronica,129.14,258.28
21087726,33314086,2019-05-28,3,Hogar,55.93,167.79
12687292,34890807,2019-05-28,4,Libros,16.17,64.68
6124503,2174859,2019-05-28,2,Belleza,21.46,42.92
18457714,41716945,2019-05-28,2,Deportes,145.16,290.32
22593914,33206518,2019-05-28,2,Hogar,295.81,591.62
42556595,41980964,2019-05-28,2,Electronica,923.43,1846.86
40361633,3173426,2019-05-28,3,Hogar,300.07,900.21
35794881,47839597,2019-05-28,2,Deportes,64.69,129.38
34655,5773708,2019-05-28,2,Libros,38.01,76.02
13875874,35607312,2019-05-28,4,Libros,27.54,110.16
10017706,7131978,2019-05-28,2,Deportes,230.29,460.58
10211304,35130381,2019-05-28,2,Ropa,181.58,363.16
6491396,917307,2019-05-28,2,Deportes,366.55,733.1
21594413,2733562,2019-05-28,2,Ropa,155.95,311.9
35664377,49871372,2019-05-28,3,Ropa,143.59,430.77
31591117,35298447,2019-05-28,3,Libros,33.81,101.43
23563008,6738208,2019-05-28,3,Ropa,166.54,499.62
17792403,202408,2019-05-28,3,Hogar,313.1,939.3000000000001
42204607,48727337,2019-05-28,2,Ropa,31.84,63.68
1821376,32759214,2019-05-28,2,Hogar,56.08,112.16
35637989,33623645,2019-05-28,3,Libros,27.52,82.56
42060447,1767683,2019-05-28,2,Electronica,1269.21,2538.42
23368358,6531576,2019-05-28,3,Libros,28.49,85.47
35135523,40828561,2019-05-28,2,Hogar,233.91,467.82
42102235,51793357,2019-05-28,2,Electronica,1279.3,2558.6
29931923,48131940,2019-05-28,2,Libros,39.18,78.36
18201043,51450848,2019-05-28,2,Deportes,88.17,176.34
26414470,38186070,2019-05-28,2,Libros,16.61,33.22
25922705,37715057,2019-05-29,3,Libros,5.35,16.049999999999997
8348151,48054909,2019-05-29,2,Libros,44.09,88.18
18391245,3675590,2019-05-28,2,Deportes,385.93,771.86
8002522,49486580,2019-05-28,2,Belleza,60.85,121.7
25371310,3671525,2019-05-28,2,Deportes,380.99,761.98
12329644,4780310,2019-05-28,2,Hogar,361.3,722.6
40797763,3667529,2019-05-28,2,Hogar,65.03,130.06
11391991,34434173,2019-05-28,2,Electronica,284.24,568.48
1877728,33827236,2019-05-28,2,Hogar,258.34,516.68
10602845,3134760,2019-05-28,2,Ropa,185.73,371.46
24669520,33005295,2019-05-28,2,Libros,18.6,37.2
4262181,43215622,2019-05-28,2,Hogar,415.41,830.82
31296826,48308095,2019-05-28,2,Electronica,502.8,1005.6
13444974,42463477,2019-05-28,2,Electronica,441.35,882.7
9205634,31178396,2019-05-28,2,Ropa,181.26,362.52
26030612,48248618,2019-05-28,2,Electronica,118.5,237.0
41690780,126167,2019-05-28,2,Belleza,80.99,161.98
18710442,31363970,2019-05-28,2,Libros,7.37,14.74
28621180,32151680,2019-05-28,3,Hogar,53.61,160.82999999999998
19071290,3033319,2019-05-28,2,Libros,49.04,98.08
18631833,31688679,2019-05-28,2,Libros,50.62,101.24
7110578,3447124,2019-05-28,2,Deportes,359.48,718.96
25200552,39639080,2019-05-28,2,Hogar,105.25,210.5
7146785,48244570,2019-05-28,2,Belleza,19.32,38.64
11294761,82515,2019-05-28,2,Hogar,259.21,518.42
14310591,31363986,2019-05-28,2,Belleza,36.24,72.48
19503301,1078951,2019-05-28,2,Ropa,25.41,50.82
4409651,34535914,2019-05-28,2,Hogar,309.05,618.1
25345358,2541731,2019-05-28,2,Ropa,107.61,215.22
4513561,42426051,2019-05-28,2,Libros,58.63,117.26
25543765,32449577,2019-05-28,2,Electronica,260.04,520.08
16651015,6063252,2019-05-28,2,Electronica,1121.94,2243.88
35568911,202408,2019-05-28,2,Hogar,313.1,626.2
4071789,31254636,2019-05-28,2,Ropa,162.72,325.44
11391991,43501373,2019-05-28,2,Belleza,115.75,231.5
8761667,31635976,2019-05-28,2,Deportes,170.3,340.6
9525014,26710709,2019-05-28,2,Belleza,43.84,87.68
6071459,36972800,2019-05-28,2,Electronica,328.78,657.56
20948986,40383000,2019-05-28,2,Deportes,88.73,177.46
15208544,4277664,2019-05-28,2,Hogar,170.71,341.42
890184,34525453,2019-05-28,2,Deportes,393.09,786.18
27572618,28311109,2019-05-28,2,Belleza,15.61,31.22
825879,47169838,2019-05-28,2,Ropa,59.28,118.56
14919086,40458843,2019-05-28,2,Hogar,56.7,113.4
7905255,31839724,2019-05-28,2,Belleza,36.47,72.94
17800363,44746870,2019-05-28,2,Hogar,59.81,119.62
27317315,45602115,2019-05-28,2,Deportes,213.16,426.32
6890644,32533227,2019-05-28,2,Libros,5.68,11.36
37936895,33130416,2019-05-28,3,Electronica,685.62,2056.86
30005310,3136672,2019-05-28,2,Belleza,25.02,50.04
20408589,51189832,2019-05-28,2,Ropa,43.21,86.42
20766120,44751055,2019-05-28,2,Deportes,257.92,515.84
40047858,34438834,2019-05-28,2,Belleza,8.33,16.66
20338788,40447367,2019-05-28,2,Belleza,49.52,99.04
946478,5217485,2019-05-28,2,Ropa,20.68,41.36
9419094,1008555,2019-05-28,2,Belleza,110.82,221.64
11882853,42585444,2019-05-28,2,Deportes,173.88,347.76
20253664,31264988,2019-05-28,2,Ropa,81.99,163.98
14907923,35081624,2019-05-28,2,Belleza,72.97,145.94
1898991,2215955,2019-05-28,2,Hogar,444.42,888.84
9213881,2698780,2019-05-28,2,Deportes,172.82,345.64
11134679,34770610,2019-05-28,2,Belleza,99.38,198.76
2042686,6026254,2019-05-28,2,Electronica,1376.39,2752.78
21683246,34708573,2019-05-28,3,Hogar,276.02,828.06
23108768,35283549,2019-05-28,2,Belleza,25.02,50.04
13029694,35701275,2019-05-28,2,Hogar,265.37,530.74
35530433,3405133,2019-05-28,2,Hogar,447.86,895.72
42692930,45405427,2019-05-28,2,Ropa,32.77,65.54
19143317,1767212,2019-05-28,3,Ropa,62.27,186.81
18989594,31516269,2019-05-28,2,Deportes,127.66,255.32
41607608,46223577,2019-05-28,2,Ropa,163.56,327.12
22736276,48424885,2019-05-28,2,Electronica,1355.99,2711.98
31433176,46184141,2019-05-28,2,Hogar,346.81,693.62
39607725,36856152,2019-05-28,2,Deportes,59.83,119.66
12792262,43920375,2019-05-28,2,Ropa,109.37,218.74
19172666,31978314,2019-05-28,2,Hogar,292.73,585.46
11689234,39192581,2019-05-28,2,Belleza,37.41,74.82
12796437,34732062,2019-05-28,2,Deportes,206.55,413.1
42488276,3289134,2019-05-28,3,Electronica,1487.38,4462.14
42122658,46370878,2019-05-28,2,Deportes,159.08,318.16
19915077,4025875,2019-05-28,2,Hogar,177.78,355.56
41726349,33482494,2019-05-28,2,Belleza,117.16,234.32
3775556,39284736,2019-05-28,2,Hogar,116.97,233.94
18575429,36393574,2019-05-28,2,Deportes,61.85,123.7
37868470,35133847,2019-05-28,2,Hogar,198.57,397.14
36114493,31534909,2019-05-28,2,Deportes,283.2,566.4
41626066,40413558,2019-05-28,2,Electronica,385.55,771.1
9917039,31639633,2019-05-28,2,Electronica,1165.84,2331.68
10667537,34315921,2019-05-28,2,Belleza,20.57,41.14
16125099,31338667,2019-05-28,2,Deportes,187.38,374.76
14086699,34856944,2019-05-28,2,Deportes,286.9,573.8
23852804,4666888,2019-05-28,3,Ropa,35.71,107.13
849388,48726921,2019-05-28,2,Ropa,123.59,247.18
32782176,36698436,2019-05-28,2,Belleza,96.88,193.76
41872904,31508773,2019-05-28,2,Electronica,913.55,1827.1
41630560,2537050,2019-05-28,2,Libros,33.13,66.26
40637554,6606696,2019-05-28,2,Ropa,169.28,338.56
31119683,46015113,2019-05-28,2,Belleza,101.34,202.68
29507520,2268499,2019-05-28,2,Hogar,492.93,985.86
40971182,49226430,2019-05-28,2,Electronica,312.9,625.8
15001172,6624405,2019-05-27,2,Ropa,16.56,33.12
32718193,42717271,2019-05-27,3,Belleza,83.94,251.82
19005040,3977743,2019-05-27,2,Libros,43.02,86.04
3177372,650960,2019-05-28,2,Hogar,54.12,108.24
10611261,42033035,2019-05-27,2,Libros,58.13,116.26
12569320,45552653,2019-05-28,2,Deportes,36.28,72.56
2304921,37815218,2019-05-27,2,Electronica,457.19,914.38
9294635,1265436,2019-05-27,2,Belleza,116.66,233.32
12018695,44156111,2019-05-27,2,Deportes,229.83,459.66
38871336,46438233,2019-05-27,2,Libros,20.36,40.72
14804808,50079721,2019-05-27,2,Deportes,121.94,243.88
42623759,33218001,2019-05-27,2,Ropa,15.0,30.0
9958585,49138844,2019-05-27,3,Hogar,79.3,237.89999999999998
15575961,47492575,2019-05-27,3,Deportes,369.67,1109.01
5907211,49759367,2019-05-27,2,Ropa,78.85,157.7
35086994,48409975,2019-05-27,2,Electronica,494.71,989.42
36571594,46027747,2019-05-27,2,Ropa,173.01,346.02
15774701,36402096,2019-05-27,2,Ropa,193.38,386.76
2936913,32194286,2019-05-27,2,Hogar,308.14,616.28
39959205,44056548,2019-05-27,2,Libros,14.27,28.54
8235102,31617317,2019-05-27,2,Hogar,219.43,438.86
12724531,43165488,2019-05-27,2,Electronica,1395.94,2791.88
27451582,44743929,2019-05-27,2,Deportes,362.46,724.92
13757875,41683678,2019-05-27,2,Belleza,13.06,26.12
39917958,50606100,2019-05-27,3,Hogar,145.28,435.84000000000003
35820439,32193727,2019-05-27,2,Electronica,1290.81,2581.62
5004395,47411711,2019-05-27,2,Electronica,274.08,548.16
6235233,662762,2019-05-27,2,Belleza,66.39,132.78
7879236,31737186,2019-05-27,2,Electronica,445.38,890.76
29996693,31684259,2019-05-27,2,Deportes,304.99,609.98
16540496,32554328,2019-05-27,4,Libros,21.25,85.0
11499730,45995863,2019-05-27,2,Ropa,116.54,233.08
15973636,41236013,2019-05-27,2,Hogar,382.63,765.26
29168148,39050110,2019-05-27,2,Ropa,199.33,398.66
24419979,31622442,2019-05-27,2,Libros,41.78,83.56
9334856,7081178,2019-05-27,2,Electronica,1105.92,2211.84
7245035,39192581,2019-05-27,2,Belleza,37.41,74.82
41095212,4470164,2019-05-27,2,Libros,57.15,114.3
5379376,35886160,2019-05-27,2,Libros,28.35,56.7
6311315,5775688,2019-05-27,2,Electronica,546.72,1093.44
27969243,48162054,2019-05-27,2,Electronica,1041.58,2083.16
33752126,33332746,2019-05-27,2,Belleza,104.82,209.64
22115752,2829825,2019-05-27,2,Hogar,406.67,813.34
42438920,50810977,2019-05-27,2,Libros,15.53,31.06
11154377,39778708,2019-05-27,2,Deportes,313.6,627.2
6110894,48024467,2019-05-27,2,Belleza,102.38,204.76
24757440,39699087,2019-05-27,2,Electronica,133.89,267.78
19031645,3329868,2019-05-27,2,Deportes,22.43,44.86
40900590,49010118,2019-05-27,5,Libros,13.71,68.55000000000001
1700669,32194904,2019-05-27,2,Electronica,1469.07,2938.14
7052105,33114181,2019-05-27,2,Belleza,65.21,130.42
1268283,32194329,2019-05-27,2,Hogar,37.59,75.18
1433344,1265594,2019-05-27,2,Libros,59.84,119.68
829511,34279788,2019-05-27,3,Electronica,1130.12,3390.3599999999997
24122256,46753891,2019-05-27,2,Electronica,1265.11,2530.22
41438012,4940403,2019-05-27,4,Deportes,100.92,403.68
26184595,48650457,2019-05-27,2,Deportes,60.07,120.14
2883328,37276188,2019-05-27,3,Libros,33.33,99.99
16597785,48749836,2019-05-27,2,Electronica,1169.65,2339.3
7730413,40508365,2019-05-27,2,Libros,40.08,80.16
25885647,35298448,2019-05-27,2,Electronica,965.04,1930.08
24255265,50477013,2019-05-27,2,Deportes,307.7,615.4
10393796,41669209,2019-05-27,2,Belleza,31.11,62.22
3711412,45862678,2019-05-27,2,Ropa,135.69,271.38
3682407,35469732,2019-05-27,2,Ropa,84.5,169.0
11735094,6710501,2019-05-27,2,Electronica,151.14,302.28
41605884,6652502,2019-05-27,2,Deportes,96.81,193.62
18787311,35802105,2019-05-27,2,Belleza,107.08,214.16
1566559,33906448,2019-05-27,4,Libros,48.54,194.16
12900294,33623147,2019-05-27,2,Hogar,400.09,800.18
13855498,46224140,2019-05-27,2,Hogar,449.53,899.06
22496505,44534864,2019-05-27,2,Ropa,63.74,127.48
14388005,31988679,2019-05-27,2,Belleza,26.89,53.78
23079643,7047323,2019-05-27,2,Hogar,494.18,988.36
8800094,6054998,2019-05-27,2,Ropa,15.08,30.16
9813881,43307800,2019-05-27,2,Electronica,1424.16,2848.32
2038016,36882870,2019-05-27,3,Belleza,83.64,250.92000000000002
22286164,3567418,2019-05-27,3,Hogar,479.16,1437.48
24916673,38126664,2019-05-27,2,Deportes,348.26,696.52
13309168,31811859,2019-05-27,2,Deportes,149.38,298.76
33393155,41482634,2019-05-27,2,Electronica,213.39,426.78
9501400,49414619,2019-05-27,2,Ropa,104.82,209.64
25475508,4025875,2019-05-27,2,Hogar,177.78,355.56
4650209,7126950,2019-05-27,2,Electronica,88.88,177.76
42540436,41807384,2019-05-27,2,Deportes,76.97,153.94
42378377,42703902,2019-05-27,3,Hogar,128.21,384.63
2870217,50224844,2019-05-27,2,Deportes,272.95,545.9
6452484,42120349,2019-05-27,2,Belleza,63.64,127.28
10880484,40216370,2019-05-27,2,Libros,21.63,43.26
15570891,50596122,2019-05-27,2,Deportes,234.61,469.22
2870217,42512072,2019-05-27,2,Deportes,118.65,237.3
12284964,45520392,2019-05-27,2,Deportes,67.58,135.16
3712689,43555922,2019-05-27,2,Libros,46.56,93.12
7602216,36755631,2019-05-27,2,Belleza,86.88,173.76
4207742,32547349,2019-05-27,2,Ropa,51.14,102.28
4996073,5777190,2019-05-27,2,Deportes,250.43,500.86
3604880,39621659,2019-05-27,2,Electronica,779.79,1559.58
32357096,36508962,2019-05-27,2,Deportes,43.11,86.22
12334403,42695407,2019-05-27,2,Electronica,453.32,906.64
16679058,6120408,2019-05-27,2,Belleza,119.94,239.88
16062797,46438087,2019-05-27,2,Ropa,139.86,279.72
35649680,34142207,2019-05-27,2,Deportes,57.82,115.64
1892472,4066845,2019-05-27,2,Belleza,63.24,126.48
4809552,37617942,2019-05-27,2,Belleza,102.67,205.34
25232068,1959488,2019-05-27,2,Ropa,67.12,134.24
17399516,43873689,2019-05-27,2,Ropa,143.28,286.56
10929748,37504935,2019-05-27,2,Deportes,172.7,345.4
34877364,2196378,2019-05-27,2,Libros,11.83,23.66
6865669,32092795,2019-05-27,3,Deportes,119.07,357.21
21454459,46931331,2019-05-27,2,Electronica,1341.65,2683.3
5221395,32131717,2019-05-27,2,Electronica,492.0,984.0
23377746,36510735,2019-05-27,2,Deportes,267.57,535.14
10743823,40245715,2019-05-27,2,Libros,45.72,91.44
5049296,40797221,2019-05-27,2,Ropa,159.84,319.68
10118866,32027916,2019-05-27,2,Ropa,199.0,398.0
3943722,50311742,2019-05-27,2,Ropa,162.61,325.22
3980456,38071205,2019-05-27,2,Electronica,1002.67,2005.34
3032414,46015548,2019-05-27,2,Belleza,107.98,215.96
2163173,40195660,2019-05-27,2,Libros,54.82,109.64
15029180,44744663,2019-05-27,2,Ropa,194.9,389.8
22001614,6931246,2019-05-27,2,Electronica,1175.87,2351.74
32762280,42650024,2019-05-27,2,Electronica,332.64,665.28
29056519,35606228,2019-05-27,2,Hogar,70.85,141.7
16405877,76604,2019-05-27,2,Libros,47.69,95.38
3062319,32563644,2019-05-27,2,Belleza,86.63,173.26
3338693,46086335,2019-05-27,2,Libros,13.54,27.08
41761542,31516269,2019-05-27,2,Deportes,127.66,255.32
1140365,37804660,2019-05-27,2,Deportes,48.55,97.1
15294302,48688721,2019-05-27,2,Deportes,140.83,281.66
41340532,39071969,2019-05-27,2,Ropa,32.0,64.0
4466574,31760184,2019-05-27,3,Ropa,190.49,571.47
41783227,40639327,2019-05-27,2,Libros,23.63,47.26
4882701,47038254,2019-05-27,2,Belleza,87.02,174.04
7073795,48549179,2019-05-27,2,Ropa,118.55,237.1
18638232,44142374,2019-05-27,2,Electronica,439.07,878.14
12879427,36824889,2019-05-27,2,Belleza,17.36,34.72
39020354,48031292,2019-05-27,2,Electronica,1217.39,2434.78
23757939,34202167,2019-05-27,2,Electronica,863.95,1727.9
16837353,41184741,2019-05-27,2,Ropa,135.59,271.18
12801903,3291520,2019-05-27,2,Hogar,199.47,398.94
9490540,47314723,2019-05-26,2,Electronica,1328.2,2656.4
12698831,35449668,2019-05-27,2,Hogar,48.99,97.98
27759754,2300293,2019-05-27,2,Belleza,39.0,78.0
2070039,42686914,2019-05-27,2,Hogar,350.79,701.58
7986873,1388417,2019-05-26,2,Ropa,16.52,33.04
4856704,36684101,2019-05-26,2,Electronica,345.15,690.3
27822377,35653054,2019-05-26,2,Ropa,51.55,103.1
23275755,4229005,2019-05-27,2,Hogar,339.62,679.24
14365114,36253688,2019-05-27,2,Libros,53.41,106.82
16243638,49366227,2019-05-27,2,Ropa,64.33,128.66
40883189,35041866,2019-05-27,2,Libros,37.98,75.96
30451845,32138630,2019-05-27,2,Deportes,386.83,773.66
42595877,4660609,2019-05-27,2,Hogar,399.72,799.44
10687311,47864493,2019-05-27,2,Ropa,155.41,310.82
27617272,39283106,2019-05-27,2,Deportes,369.32,738.64
1578960,2361109,2019-05-26,2,Ropa,73.25,146.5
17162250,42696082,2019-05-26,2,Electronica,734.98,1469.96
19969459,43524799,2019-05-26,2,Belleza,46.04,92.08
25452764,38661664,2019-05-26,2,Belleza,76.59,153.18
35397293,3891320,2019-05-26,2,Ropa,48.13,96.26
16007706,36254072,2019-05-26,2,Hogar,420.45,840.9
25293808,50381997,2019-05-26,2,Electronica,72.79,145.58
17581277,36484746,2019-05-26,2,Deportes,130.09,260.18
15526271,32712425,2019-05-26,2,Ropa,80.19,160.38
23662805,32897343,2019-05-26,2,Deportes,234.46,468.92
9425890,44747793,2019-05-26,2,Hogar,472.87,945.74
10622590,49572961,2019-05-26,2,Electronica,1424.39,2848.78
14774492,35776968,2019-05-26,2,Libros,8.86,17.72
16567290,35168764,2019-05-26,2,Libros,58.64,117.28
40230803,34753109,2019-05-26,2,Hogar,313.1,626.2
19892569,34040013,2019-05-26,2,Electronica,111.41,222.82
1241976,31625259,2019-05-26,2,Deportes,266.27,532.54
42600338,44130998,2019-05-27,2,Belleza,101.4,202.8
14347236,3405014,2019-05-27,2,Belleza,18.54,37.08
16415236,38824827,2019-05-27,2,Ropa,189.82,379.64
5069331,35558979,2019-05-26,2,Deportes,348.45,696.9
14000446,48763133,2019-05-26,3,Electronica,82.38,247.14
21362113,41740658,2019-05-26,2,Electronica,1184.09,2368.18
8984222,42355263,2019-05-26,2,Libros,14.93,29.86
9394121,32900005,2019-05-26,2,Electronica,972.05,1944.1
11561540,36374892,2019-05-26,2,Ropa,107.0,214.0
21550358,41764793,2019-05-26,2,Electronica,768.29,1536.58
3201817,50206674,2019-05-26,2,Ropa,124.5,249.0
26392186,37734626,2019-05-26,2,Hogar,343.95,687.9
12466235,44748251,2019-05-26,2,Libros,53.65,107.3
15032776,49742814,2019-05-26,2,Belleza,93.25,186.5
7943991,48715799,2019-05-26,2,Libros,47.88,95.76
42442643,4023192,2019-05-26,2,Ropa,119.32,238.64
36216464,40741976,2019-05-26,2,Electronica,1245.69,2491.38
11312070,34806596,2019-05-26,2,Ropa,197.52,395.04
1043801,43952233,2019-05-26,2,Deportes,134.07,268.14
1787740,48049269,2019-05-26,2,Libros,11.51,23.02
1311558,4534703,2019-05-26,2,Electronica,1110.6,2221.2
22487946,42191521,2019-05-26,2,Belleza,117.54,235.08
3515860,42653037,2019-05-26,2,Ropa,16.09,32.18
42469042,2138810,2019-05-26,2,Electronica,219.22,438.44
30203590,51077349,2019-05-26,4,Libros,28.74,114.96
13927500,38059518,2019-05-26,4,Belleza,12.16,48.64
5134996,43240487,2019-05-26,2,Libros,47.71,95.42
12224937,38108412,2019-05-26,2,Belleza,114.1,228.2
20384404,49533883,2019-05-26,2,Hogar,257.01,514.02
30216730,33687656,2019-05-26,4,Hogar,341.45,1365.8
21874749,44461704,2019-05-26,2,Hogar,213.62,427.24
9356492,46299932,2019-05-26,2,Ropa,182.47,364.94
7354199,32948234,2019-05-26,2,Hogar,261.07,522.14
25964564,6863592,2019-05-27,2,Ropa,35.34,70.68
16194220,31516269,2019-05-27,2,Deportes,127.66,255.32
17085630,3254224,2019-05-26,2,Belleza,107.53,215.06
17481873,47752815,2019-05-26,3,Electronica,618.58,1855.7400000000002
18906257,37322809,2019-05-26,2,Deportes,232.57,465.14
7839237,40954176,2019-05-26,2,Deportes,220.75,441.5
26378514,1207154,2019-05-26,2,Electronica,943.17,1886.34
36071783,31642432,2019-05-26,2,Electronica,1416.08,2832.16
12415600,46210760,2019-05-26,2,Hogar,476.3,952.6
11496581,44206248,2019-05-26,2,Deportes,335.84,671.68
5442899,34394355,2019-05-26,3,Belleza,27.03,81.09
3289551,458784,2019-05-26,2,Libros,23.34,46.68
36649196,50035817,2019-05-26,2,Ropa,102.69,205.38
18411704,32309585,2019-05-26,2,Electronica,1118.81,2237.62
3021350,2148885,2019-05-26,2,Libros,54.8,109.6
7217106,42655307,2019-05-26,2,Hogar,267.62,535.24
38370493,36837604,2019-05-26,2,Deportes,391.43,782.86
22983021,33028289,2019-05-26,2,Electronica,922.62,1845.24
1624700,43524799,2019-05-26,2,Belleza,46.04,92.08
42491255,36684101,2019-05-26,2,Electronica,345.15,690.3
11556932,39037377,2019-05-26,2,Electronica,1476.57,2953.14
2928647,46668712,2019-05-26,2,Electronica,125.27,250.54
23113408,31992031,2019-05-26,2,Deportes,247.46,494.92
34673363,7129427,2019-05-26,2,Hogar,427.84,855.68
13358885,46926640,2019-05-26,2,Belleza,105.91,211.82
30523434,618696,2019-05-26,3,Hogar,499.62,1498.8600000000001
14918831,4075546,2019-05-26,2,Deportes,272.25,544.5
1177929,37150002,2019-05-26,2,Electronica,1282.09,2564.18
6841356,33366533,2019-05-26,2,Libros,41.13,82.26
14967447,6456522,2019-05-26,2,Belleza,102.19,204.38
21723947,35179453,2019-05-26,2,Libros,9.55,19.1
3414017,7065940,2019-05-26,2,Ropa,130.62,261.24
9331482,6981758,2019-05-26,2,Hogar,120.01,240.02
11977174,47314703,2019-05-26,2,Belleza,18.35,36.7
17531667,36915060,2019-05-26,2,Belleza,107.68,215.36
9575031,38014755,2019-05-26,2,Libros,40.18,80.36
38982004,35625884,2019-05-26,3,Electronica,403.14,1209.42
32896704,44803765,2019-05-26,2,Ropa,83.49,166.98
38719685,35800379,2019-05-26,2,Libros,58.53,117.06
10408231,43825789,2019-05-26,2,Belleza,104.15,208.3
24410999,31256885,2019-05-26,2,Hogar,22.56,45.12
10181236,47587381,2019-05-26,3,Belleza,117.68,353.04
39626737,6259223,2019-05-26,2,Deportes,160.04,320.08
16826617,3297867,2019-05-26,2,Hogar,352.28,704.56
32732595,37967330,2019-05-26,2,Ropa,76.96,153.92
35702170,6642665,2019-05-26,2,Hogar,360.65,721.3
28355047,36326232,2019-05-26,2,Electronica,1053.51,2107.02
20345687,50032088,2019-05-26,2,Belleza,109.84,219.68
13447942,31336186,2019-05-26,2,Electronica,1333.34,2666.68
34720362,40153668,2019-05-26,2,Ropa,62.73,125.46
926835,48727297,2019-05-26,2,Hogar,254.58,509.16
41402198,3410165,2019-05-26,2,Hogar,151.64,303.28
5796838,32579137,2019-05-26,2,Deportes,264.54,529.08
11513979,2980508,2019-05-26,2,Libros,26.65,53.3
4624910,1263223,2019-05-26,2,Electronica,812.04,1624.08
4649622,41061030,2019-05-26,2,Electronica,854.28,1708.56
4920151,48761846,2019-05-26,2,Electronica,624.7,1249.4
22603309,33608495,2019-05-26,2,Hogar,239.99,479.98
36419750,2833010,2019-05-26,2,Electronica,352.1,704.2
4920151,49547689,2019-05-26,2,Belleza,74.88,149.76
15872188,31475899,2019-05-26,2,Electronica,1150.49,2300.98
3861637,4140739,2019-05-26,2,Deportes,183.3,366.6
1277195,145883,2019-05-26,2,Ropa,195.76,391.52
6512068,40386745,2019-05-26,2,Deportes,41.75,83.5
30166596,32819028,2019-05-26,2,Hogar,300.74,601.48
11511299,46951199,2019-05-26,3,Electronica,896.22,2688.66
13777132,40533889,2019-05-26,2,Electronica,102.63,205.26
5057551,40247579,2019-05-26,2,Belleza,30.83,61.66
15148443,2113670,2019-05-26,2,Libros,54.8,109.6
10905641,2871390,2019-05-26,2,Electronica,839.55,1679.1
5953524,3577245,2019-05-26,2,Deportes,185.83,371.66
33847117,6673073,2019-05-26,3,Hogar,216.52,649.5600000000001
25224605,3735899,2019-05-26,2,Ropa,178.75,357.5
14211340,3595665,2019-05-26,2,Electronica,582.2,1164.4
31530910,39050110,2019-05-26,2,Ropa,199.33,398.66
14974834,44138566,2019-05-26,2,Hogar,481.93,963.86
20964754,48526667,2019-05-26,2,Ropa,173.24,346.48
2509777,6533053,2019-05-26,2,Electronica,498.33,996.66
8846741,36313013,2019-05-26,2,Hogar,272.78,545.56
26435497,31225339,2019-05-26,2,Libros,12.91,25.82
5366342,6431018,2019-05-26,2,Deportes,333.51,667.02
9439391,1235895,2019-05-26,2,Hogar,371.95,743.9
27766356,2574468,2019-05-26,2,Ropa,110.72,221.44
13506120,34732121,2019-05-26,2,Electronica,87.56,175.12
25558177,34898779,2019-05-26,3,Ropa,101.44,304.32
5832791,3556341,2019-05-26,2,Electronica,739.02,1478.04
18206002,37317811,2019-05-26,2,Deportes,105.57,211.14
15124673,42932904,2019-05-26,2,Libros,30.7,61.4
14297494,47241606,2019-05-26,2,Ropa,29.09,58.18
11467901,39293172,2019-05-26,2,Hogar,215.49,430.98
28466939,2248873,2019-05-26,2,Ropa,172.72,345.44
3258712,44597762,2019-05-26,2,Ropa,156.22,312.44
14469980,42432324,2019-05-26,2,Libros,33.56,67.12
10347012,43168335,2019-05-26,2,Deportes,111.94,223.88
16735523,43795299,2019-05-26,2,Electronica,1478.18,2956.36
6559725,35810855,2019-05-26,3,Ropa,181.61,544.83
17062823,2819822,2019-05-25,3,Ropa,155.21,465.63
18042632,31578174,2019-05-26,2,Deportes,220.9,441.8
10504952,35570537,2019-05-26,2,Electronica,818.72,1637.44
13179498,39281120,2019-05-26,2,Libros,54.57,109.14
13727562,35299180,2019-05-26,2,Electronica,972.41,1944.82
17702832,45607503,2019-05-26,2,Libros,34.52,69.04
33087700,34350663,2019-05-26,2,Hogar,378.34,756.68
12322866,6808092,2019-05-26,2,Hogar,97.39,194.78
24413163,37615853,2019-05-26,2,Deportes,109.34,218.68
11809317,2486035,2019-05-25,2,Electronica,1323.65,2647.3
5079253,35626311,2019-05-25,2,Libros,34.23,68.46
42233150,46359955,2019-05-25,2,Libros,38.19,76.38
18140664,46365911,2019-05-25,2,Electronica,736.84,1473.68
32780795,6929031,2019-05-25,2,Hogar,58.62,117.24
10992792,31980330,2019-05-25,2,Belleza,40.59,81.18
30539965,36882136,2019-05-25,2,Deportes,182.16,364.32
22936318,41738929,2019-05-25,2,Belleza,52.6,105.2
14418825,49883057,2019-05-26,2,Electronica,1178.51,2357.02
40786532,46074910,2019-05-26,2,Deportes,127.28,254.56
41536480,40482937,2019-05-26,2,Hogar,103.32,206.64
5481225,48593309,2019-05-26,2,Electronica,894.8,1789.6
10861153,40116856,2019-05-26,2,Deportes,253.71,507.42
4998935,42733592,2019-05-26,2,Deportes,66.2,132.4
3473179,26704709,2019-05-26,2,Belleza,5.28,10.56
16013173,26708809,2019-05-26,2,Electronica,1380.59,2761.18
14086615,1176088,2019-05-26,2,Hogar,53.62,107.24
18183178,48726813,2019-05-26,2,Hogar,450.47,900.94
19201830,37504935,2019-05-26,2,Deportes,172.7,345.4
11019657,35606228,2019-05-26,2,Hogar,70.85,141.7
12055250,47833311,2019-05-26,2,Electronica,628.86,1257.72
8140514,47194102,2019-05-26,2,Electronica,996.93,1993.86
33327501,44307125,2019-05-26,2,Hogar,357.22,714.44
31608797,3441113,2019-05-25,2,Libros,15.21,30.42
34710176,40439223,2019-05-26,2,Belleza,114.78,229.56
32229278,7132298,2019-05-26,2,Ropa,166.54,333.08
7641227,852447,2019-05-26,2,Belleza,25.72,51.44
31600282,6504505,2019-05-26,2,Electronica,610.44,1220.88
41778851,50314220,2019-05-26,2,Electronica,395.14,790.28
36973002,32062119,2019-05-26,2,Ropa,169.13,338.26
29361617,47174147,2019-05-25,2,Ropa,173.08,346.16
7492596,4409952,2019-05-25,2,Ropa,105.64,211.28
33964816,34411161,2019-05-26,2,Deportes,161.37,322.74
11685931,31737175,2019-05-26,2,Hogar,164.08,328.16
2855318,35564684,2019-05-25,2,Libros,15.53,31.06
11462240,33781209,2019-05-25,2,Belleza,93.96,187.92
7949853,4422987,2019-05-26,2,Deportes,353.83,707.66
16585442,32249138,2019-05-26,2,Electronica,954.83,1909.66
26618627,3990649,2019-05-26,2,Ropa,186.21,372.42
28987639,34711294,2019-05-25,2,Libros,26.07,52.14
1574665,46163190,2019-05-26,2,Hogar,88.66,177.32
18574658,32320768,2019-05-26,2,Deportes,114.69,229.38
29606831,34003697,2019-05-26,2,Deportes,88.26,176.52
31429941,40262065,2019-05-26,2,Libros,41.84,83.68
18683628,5900501,2019-05-26,2,Hogar,212.65,425.3
10523816,33048440,2019-05-25,2,Hogar,361.35,722.7
10872372,44747259,2019-05-25,2,Libros,13.6,27.2
34017995,47065767,2019-05-25,2,Ropa,65.52,131.04
21424625,46439171,2019-05-25,5,Deportes,221.63,1108.15
12863379,3632762,2019-05-25,2,Deportes,46.64,93.28
42060119,33028823,2019-05-25,2,Deportes,66.15,132.3
26317052,37867230,2019-05-25,2,Deportes,179.55,359.1
13793040,1265577,2019-05-25,3,Hogar,16.67,50.010000000000005
1597323,2300814,2019-05-27,2,Libros,55.45,110.9
11343764,50791287,2019-05-27,2,Ropa,67.92,135.84
4705535,1069698,2019-05-27,2,Electronica,371.17,742.34
8346522,45516816,2019-05-27,2,Deportes,285.42,570.84
20582856,34932435,2019-05-27,2,Electronica,1287.43,2574.86
41038744,36290509,2019-05-25,2,Ropa,130.13,260.26
16965699,34277937,2019-05-25,2,Deportes,116.7,233.4
11654471,41475123,2019-05-25,3,Deportes,347.42,1042.26
14279155,32890335,2019-05-25,5,Libros,33.07,165.35
3696362,6517578,2019-05-25,3,Electronica,602.73,1808.19
10927202,38827604,2019-05-25,2,Libros,38.26,76.52
42223942,36807974,2019-05-25,2,Belleza,85.57,171.14
26571495,35350408,2019-05-25,3,Electronica,911.05,2733.1499999999996
36744663,3307931,2019-05-25,2,Electronica,1384.36,2768.72
10834730,6738092,2019-05-25,2,Belleza,77.22,154.44
11213690,50771273,2019-05-25,2,Ropa,176.93,353.86
123587,2746597,2019-05-25,2,Ropa,121.52,243.04
22709899,40569017,2019-05-25,3,Deportes,145.28,435.84000000000003
18235856,32661392,2019-05-25,2,Hogar,273.16,546.32
22566886,46731621,2019-05-25,2,Libros,9.75,19.5
4206339,6875439,2019-05-25,2,Hogar,126.63,253.26
41738821,48625163,2019-05-25,2,Deportes,311.17,622.34
5289273,44267385,2019-05-25,2,Hogar,335.82,671.64
12032315,37339003,2019-05-25,2,Electronica,291.45,582.9
7134655,44280130,2019-05-25,2,Electronica,685.12,1370.24
605234,42350184,2019-05-25,2,Belleza,21.33,42.66
25043488,47194204,2019-05-25,2,Belleza,103.42,206.84
14179807,35134963,2019-05-25,2,Hogar,491.07,982.14
29133047,44752381,2019-05-25,3,Deportes,61.48,184.44
14835307,32618179,2019-05-25,2,Deportes,268.61,537.22
40497703,44593454,2019-05-25,3,Deportes,250.66,751.98
9828764,34902769,2019-05-25,2,Libros,30.75,61.5
28936541,4213740,2019-05-25,2,Electronica,735.53,1471.06
5804738,4130297,2019-05-25,3,Hogar,149.94,449.82
11117128,133152,2019-05-25,2,Hogar,367.25,734.5
6555506,5905866,2019-05-25,2,Libros,27.22,54.44
5547270,41988542,2019-05-25,2,Deportes,326.43,652.86
42167216,2798714,2019-05-25,3,Deportes,309.39,928.17
33250169,31928924,2019-05-25,2,Electronica,1121.27,2242.54
10949347,203425,2019-05-25,2,Libros,46.24,92.48
11455412,34830604,2019-05-25,2,Electronica,258.64,517.28
3026541,31069285,2019-05-25,2,Libros,10.45,20.9
2404963,31676517,2019-05-25,3,Electronica,1299.17,3897.51
9841786,42607183,2019-05-25,2,Hogar,421.03,842.06
1787435,31264052,2019-05-25,2,Deportes,278.9,557.8
844944,34613689,2019-05-25,3,Ropa,125.12,375.36
12149856,50237066,2019-05-25,2,Ropa,79.71,159.42
10416862,4596800,2019-05-25,2,Deportes,370.62,741.24
26229629,39960318,2019-05-25,2,Deportes,105.15,210.3
13834490,33682073,2019-05-25,2,Deportes,273.71,547.42
36922432,44743958,2019-05-25,3,Deportes,366.95,1100.85
6484624,41766333,2019-05-25,2,Deportes,186.06,372.12
3013844,39102491,2019-05-25,2,Belleza,41.58,83.16
25427095,3324046,2019-05-25,2,Libros,21.68,43.36
1015519,51063486,2019-05-25,2,Hogar,146.31,292.62
966408,40386745,2019-05-25,2,Deportes,41.75,83.5
27510026,36389349,2019-05-25,2,Ropa,14.5,29.0
683663,34983348,2019-05-25,2,Belleza,64.84,129.68
26904129,43191280,2019-05-25,2,Ropa,197.76,395.52
12267160,6869758,2019-05-25,2,Ropa,164.9,329.8
13827633,32400069,2019-05-25,3,Electronica,1351.34,4054.0199999999995
3642712,34025291,2019-05-25,2,Deportes,256.04,512.08
9617168,42033035,2019-05-25,3,Libros,58.13,174.39000000000001
10503418,47055732,2019-05-25,2,Deportes,202.95,405.9
11414867,4268931,2019-05-25,2,Deportes,396.37,792.74
4561143,6243149,2019-05-25,2,Electronica,698.39,1396.78
18664571,2674663,2019-05-25,2,Hogar,459.66,919.32
5334313,49432309,2019-05-25,2,Hogar,384.49,768.98
22181039,31176648,2019-05-25,2,Belleza,43.06,86.12
10261173,48974607,2019-05-25,2,Hogar,258.99,517.98
14272215,6929580,2019-05-25,2,Hogar,201.4,402.8
12376534,6728937,2019-05-25,2,Belleza,21.71,43.42
24274034,33405769,2019-05-25,2,Deportes,71.76,143.52
16574170,33123223,2019-05-25,2,Libros,24.62,49.24
15555923,34454486,2019-05-25,2,Ropa,178.9,357.8
18041956,37758605,2019-05-25,2,Libros,10.04,20.08
36036936,45641351,2019-05-25,2,Hogar,380.03,760.06
33097944,907678,2019-05-25,2,Hogar,149.63,299.26
36017560,50907412,2019-05-25,2,Ropa,182.8,365.6
41314097,1836835,2019-05-25,2,Ropa,23.88,47.76
8936455,44245518,2019-05-25,2,Hogar,85.92,171.84
38542463,41491265,2019-05-25,2,Electronica,583.47,1166.94
11915957,35609212,2019-05-25,2,Belleza,75.89,151.78
26780932,3422160,2019-05-25,2,Libros,27.89,55.78
6676525,48807180,2019-05-25,2,Electronica,779.41,1558.82
6676525,46719117,2019-05-25,2,Deportes,285.3,570.6
5693195,750751,2019-05-25,2,Ropa,98.78,197.56
9904278,33924155,2019-05-25,2,Belleza,58.8,117.6
7936353,4801721,2019-05-25,2,Belleza,26.96,53.92
946446,3416524,2019-05-25,2,Electronica,804.83,1609.66
17873989,49002962,2019-05-24,2,Hogar,187.72,375.44
24456880,4664730,2019-05-24,4,Hogar,156.01,624.04
10870411,50602161,2019-05-25,2,Hogar,409.26,818.52
1945646,48382418,2019-05-25,2,Belleza,42.73,85.46
33284734,44130998,2019-05-25,2,Belleza,101.4,202.8
4034853,38074292,2019-05-24,2,Hogar,403.85,807.7
30656203,1766073,2019-05-24,2,Hogar,227.92,455.84
41889583,4079450,2019-05-25,2,Electronica,1335.59,2671.18
15124393,34327866,2019-05-25,2,Electronica,1114.38,2228.76
1474933,2035914,2019-05-25,2,Hogar,338.92,677.84
11349749,31109176,2019-05-25,2,Hogar,243.56,487.12
12148044,46332009,2019-05-25,2,Deportes,20.7,41.4
14191766,7001588,2019-05-25,2,Ropa,74.7,149.4
3063611,41707312,2019-05-25,3,Belleza,98.52,295.56
24966721,47498750,2019-05-25,2,Hogar,35.07,70.14
8214662,39050110,2019-05-25,2,Ropa,199.33,398.66
16372415,35052140,2019-05-25,2,Deportes,354.61,709.22
16160195,458139,2019-05-25,2,Electronica,612.85,1225.7
19196729,5218023,2019-05-25,2,Belleza,69.84,139.68
6503890,6091612,2019-05-25,2,Deportes,97.8,195.6
25106896,2874267,2019-05-24,2,Electronica,1377.99,2755.98
10414915,49390,2019-05-24,2,Deportes,370.8,741.6
16273806,3248542,2019-05-24,2,Deportes,75.51,151.02
35590666,40276058,2019-05-24,2,Electronica,904.24,1808.48
24592439,37815211,2019-05-24,2,Libros,44.83,89.66
14966315,49541237,2019-05-24,2,Ropa,193.72,387.44
4558119,46355979,2019-05-25,2,Hogar,51.49,102.98
33652324,34794454,2019-05-25,2,Libros,37.92,75.84
8679176,35265986,2019-05-25,2,Deportes,360.25,720.5
10870368,3621515,2019-05-25,2,Belleza,25.55,51.1
11903487,47552341,2019-05-24,2,Belleza,21.76,43.52
13905866,42127042,2019-05-24,2,Hogar,17.0,34.0
42083444,46677505,2019-05-24,2,Libros,56.75,113.5
11489662,32233303,2019-05-25,2,Belleza,100.36,200.72
34243431,32427984,2019-05-25,2,Libros,9.26,18.52
5238763,44609226,2019-05-25,2,Hogar,305.7,611.4
40836220,3556448,2019-05-25,2,Electronica,387.7,775.4
5965701,37882561,2019-05-25,2,Deportes,120.33,240.66
13782307,46743111,2019-05-24,3,Ropa,178.76,536.28
25403887,50362736,2019-05-24,2,Deportes,352.18,704.36
1352738,48268565,2019-05-25,2,Libros,11.29,22.58
6290140,1005708,2019-05-25,2,Belleza,74.17,148.34
18306542,4916074,2019-05-25,2,Ropa,125.67,251.34
9751980,1294667,2019-05-25,2,Ropa,70.82,141.64
13855243,35496096,2019-05-25,2,Libros,53.52,107.04
28083068,35136514,2019-05-24,3,Libros,27.07,81.21000000000001
23237073,3242034,2019-05-24,4,Libros,15.49,61.96
36860294,40276009,2019-05-24,2,Deportes,216.44,432.88
19118352,38268876,2019-05-24,2,Belleza,56.13,112.26
23247758,36778021,2019-05-24,2,Ropa,95.86,191.72
41881119,36504486,2019-05-24,2,Deportes,231.57,463.14
29996693,31302728,2019-05-24,3,Deportes,377.39,1132.17
16250463,31843261,2019-05-24,2,Electronica,1488.58,2977.16
15009924,39452368,2019-05-24,2,Hogar,394.08,788.16
20862325,6613955,2019-05-24,2,Libros,12.27,24.54
17693311,46559159,2019-05-24,2,Ropa,171.39,342.78
41713670,40102355,2019-05-24,2,Ropa,188.11,376.22
11829515,3233454,2019-05-24,2,Deportes,125.25,250.5
25948189,42025920,2019-05-24,2,Deportes,146.7,293.4
28220320,41059334,2019-05-24,2,Deportes,68.0,136.0
16208007,40212348,2019-05-24,2,Hogar,182.3,364.6
33322005,39476229,2019-05-24,3,Ropa,137.9,413.70000000000005
9155035,48670484,2019-05-24,2,Belleza,36.3,72.6
33312313,7064355,2019-05-24,2,Hogar,18.31,36.62
8060399,44428649,2019-05-24,2,Electronica,1118.52,2237.04
13456910,43340325,2019-05-24,2,Electronica,540.89,1081.78
2656159,36197193,2019-05-24,2,Libros,29.92,59.84
10918211,32770609,2019-05-24,2,Deportes,235.22,470.44
37682611,37375073,2019-05-24,2,Ropa,139.93,279.86
14568867,34721760,2019-05-24,2,Libros,8.4,16.8
17902453,35643602,2019-05-24,2,Hogar,242.83,485.66
42142635,33115143,2019-05-25,2,Electronica,436.23,872.46
13821839,2187270,2019-05-25,3,Hogar,474.77,1424.31
7811913,35040806,2019-05-25,2,Hogar,189.55,379.1
5909291,49410819,2019-05-25,2,Belleza,16.51,33.02
10727010,1263681,2019-05-25,3,Libros,30.4,91.19999999999999
16812225,43524799,2019-05-24,2,Belleza,46.04,92.08
6595683,40556702,2019-05-24,3,Deportes,224.14,672.42
28645389,4423720,2019-05-24,2,Libros,7.28,14.56
42088707,40930766,2019-05-24,2,Belleza,35.52,71.04
10111290,42401881,2019-05-24,2,Hogar,101.76,203.52
1458781,7085824,2019-05-24,2,Electronica,992.21,1984.42
23497076,45279800,2019-05-24,2,Ropa,170.92,341.84
24393767,48107450,2019-05-24,2,Ropa,69.39,138.78
3350439,34867018,2019-05-24,2,Libros,36.78,73.56
23125307,50602110,2019-05-24,2,Deportes,297.52,595.04
944035,47613230,2019-05-24,2,Deportes,171.43,342.86
8139673,6742946,2019-05-24,2,Ropa,22.6,45.2
167432,46929149,2019-05-24,2,Hogar,126.15,252.3
33868785,46517593,2019-05-24,2,Hogar,443.29,886.58
11610125,4641943,2019-05-24,2,Belleza,99.82,199.64
936462,7114883,2019-05-24,3,Libros,9.76,29.28
29556671,34390175,2019-05-24,2,Belleza,30.75,61.5
12068995,31646764,2019-05-24,2,Deportes,312.28,624.56
20795353,46296879,2019-05-24,2,Ropa,102.32,204.64
16431178,47985508,2019-05-24,2,Hogar,383.58,767.16
14380066,47841013,2019-05-24,2,Deportes,243.71,487.42
10657871,34225128,2019-05-24,2,Ropa,50.11,100.22
7146997,36404427,2019-05-24,2,Electronica,1431.41,2862.82
15387795,42739787,2019-05-24,2,Electronica,691.64,1383.28
19225808,48923367,2019-05-24,2,Ropa,158.89,317.78
5774027,31111291,2019-05-24,2,Electronica,336.31,672.62
1176217,46474530,2019-05-24,2,Belleza,69.22,138.44
35632627,48585555,2019-05-24,2,Belleza,18.01,36.02
2647115,6931011,2019-05-24,2,Deportes,157.35,314.7
20940404,36939295,2019-05-24,2,Ropa,135.33,270.66
2141285,4387506,2019-05-24,2,Ropa,72.72,145.44
2270180,47454087,2019-05-24,2,Electronica,1002.3,2004.6
2793297,47864493,2019-05-24,2,Ropa,155.41,310.82
3949159,48136295,2019-05-24,2,Belleza,33.15,66.3
10814041,32238575,2019-05-24,2,Electronica,1095.75,2191.5
10651280,7143357,2019-05-24,2,Belleza,46.35,92.7
25946319,39917131,2019-05-24,2,Electronica,1196.2,2392.4
28948946,4360318,2019-05-23,3,Belleza,20.72,62.16
42012446,50787927,2019-05-23,2,Hogar,54.94,109.88
7804274,46262271,2019-05-23,2,Electronica,574.87,1149.74
14093906,39759816,2019-05-23,2,Belleza,58.35,116.7
19897994,32770999,2019-05-23,2,Libros,28.31,56.62
33189827,2270203,2019-05-23,2,Electronica,677.99,1355.98
22523990,1791459,2019-05-23,2,Ropa,94.51,189.02
31527453,40214471,2019-05-23,2,Ropa,39.03,78.06
34677755,35058279,2019-05-23,3,Deportes,395.75,1187.25
20191476,47391434,2019-05-23,2,Libros,15.62,31.24
13015566,48727175,2019-05-23,2,Libros,47.28,94.56
34040550,43810820,2019-05-23,2,Electronica,850.09,1700.18
33962088,532337,2019-05-23,2,Deportes,177.18,354.36
12797235,34492135,2019-05-23,2,Ropa,130.37,260.74
30558984,33700324,2019-05-23,2,Electronica,380.04,760.08
36545949,43427642,2019-05-23,2,Libros,51.94,103.88
12845699,35049437,2019-05-23,2,Ropa,98.66,197.32
17766947,33672016,2019-05-23,2,Belleza,104.45,208.9
41978203,47135449,2019-05-23,2,Deportes,55.64,111.28
1519307,46313443,2019-05-23,2,Electronica,1103.51,2207.02
16716178,44073613,2019-05-23,3,Ropa,79.92,239.76
41160765,41655244,2019-05-23,4,Hogar,331.75,1327.0
8298728,41743155,2019-05-23,2,Belleza,80.61,161.22
33100150,38808950,2019-05-23,2,Belleza,43.32,86.64
20130172,41188619,2019-05-23,2,Hogar,446.11,892.22
2088220,46626234,2019-05-23,2,Deportes,166.95,333.9
27137232,31883860,2019-05-23,2,Electronica,877.98,1755.96
2490871,31846030,2019-05-23,2,Electronica,745.88,1491.76
28016903,40990175,2019-05-23,2,Ropa,82.54,165.08
4150962,50831415,2019-05-23,2,Libros,21.96,43.92
20888959,34151683,2019-05-23,2,Hogar,314.88,629.76
31346632,31336495,2019-05-23,2,Electronica,783.09,1566.18
6221364,31985267,2019-05-23,3,Deportes,142.86,428.58000000000004
42014345,33005739,2019-05-23,2,Libros,16.27,32.54
41941342,32921034,2019-05-23,2,Libros,47.6,95.2
34995710,33056893,2019-05-23,2,Deportes,370.62,741.24
20668736,45309581,2019-05-23,2,Deportes,323.89,647.78
37901358,46825476,2019-05-23,2,Libros,16.76,33.52
37395593,41476201,2019-05-23,2,Electronica,429.39,858.78
18899764,39861831,2019-05-23,2,Deportes,267.12,534.24
17559973,2499855,2019-05-23,2,Deportes,110.87,221.74
27730251,50127171,2019-05-23,2,Deportes,356.14,712.28
13467890,43785106,2019-05-23,2,Ropa,157.08,314.16
4327643,34935329,2019-05-23,2,Hogar,51.17,102.34
41521732,35634050,2019-05-23,3,Deportes,324.74,974.22
20163162,38076405,2019-05-22,2,Ropa,168.21,336.42
14094358,34920280,2019-05-22,2,Hogar,32.87,65.74
32425647,34340471,2019-05-23,2,Belleza,54.96,109.92
16775863,35025467,2019-05-22,2,Ropa,110.96,221.92
29810443,34722492,2019-05-22,2,Deportes,116.22,232.44
31996046,47429447,2019-05-22,2,Libros,55.54,111.08
27943726,33025526,2019-05-23,2,Hogar,434.2,868.4
19018436,31715968,2019-05-22,2,Deportes,316.95,633.9
14169380,46082400,2019-05-22,2,Deportes,137.81,275.62
41792431,42337134,2019-05-22,3,Deportes,193.87,581.61
26078290,2724423,2019-05-22,2,Libros,37.23,74.46
41702014,46733464,2019-05-22,2,Ropa,71.07,142.14
30418696,31364140,2019-05-22,2,Ropa,177.49,354.98
39657879,36455703,2019-05-22,3,Hogar,167.92,503.76
38793824,35025467,2019-05-22,2,Ropa,110.96,221.92
37551932,32431282,2019-05-22,2,Libros,41.14,82.28
10041814,50238906,2019-05-22,2,Belleza,38.98,77.96
1227547,3675590,2019-05-22,2,Deportes,385.93,771.86
20986128,46310187,2019-05-22,2,Electronica,721.63,1443.26
17212763,40276011,2019-05-22,2,Belleza,74.61,149.22
20663005,44470055,2019-05-22,2,Belleza,106.37,212.74
41901263,39283134,2019-05-22,2,Ropa,116.67,233.34
20663279,39923692,2019-05-22,2,Belleza,108.9,217.8
7277842,6306498,2019-05-22,2,Ropa,123.45,246.9
35954982,46390964,2019-05-22,2,Libros,41.26,82.52
28627210,38585572,2019-05-22,2,Hogar,370.29,740.58
3182812,37177100,2019-05-22,2,Libros,7.16,14.32
13899054,7055203,2019-05-22,2,Libros,38.25,76.5
1045362,43140680,2019-05-22,2,Deportes,281.82,563.64
3405903,49242458,2019-05-22,4,Deportes,27.74,110.96
25471414,35052140,2019-05-22,2,Deportes,354.61,709.22
13712659,2569881,2019-05-22,2,Deportes,340.67,681.34
24357782,46231998,2019-05-22,2,Hogar,376.15,752.3
16068363,40193603,2019-05-22,2,Electronica,1396.01,2792.02
1087998,33739394,2019-05-22,2,Ropa,150.53,301.06
1220506,44308496,2019-05-22,2,Hogar,130.4,260.8
18999831,42588308,2019-05-23,2,Hogar,425.21,850.42
27092884,48890182,2019-05-22,2,Libros,11.64,23.28
11755552,46422004,2019-05-21,2,Deportes,272.89,545.78
17167183,7026807,2019-05-21,2,Belleza,71.78,143.56
40024484,6253685,2019-05-22,2,Electronica,1272.53,2545.06
6894804,37227248,2019-05-21,2,Belleza,37.85,75.7
26247318,31509335,2019-05-22,2,Ropa,160.26,320.52
12451237,46974524,2019-05-21,2,Hogar,167.54,335.08
16881160,4420237,2019-05-21,2,Hogar,396.92,793.84
11857332,40737673,2019-05-21,2,Belleza,56.87,113.74
16956679,46358047,2019-05-21,2,Electronica,219.57,439.14
3380755,50048263,2019-05-21,2,Hogar,200.04,400.08
1065211,42622381,2019-05-21,2,Belleza,31.85,63.7
11887830,2486129,2019-05-21,2,Hogar,149.16,298.32
40512393,48236298,2019-05-21,2,Libros,10.53,21.06
11807112,47095967,2019-05-21,2,Libros,11.07,22.14
10976678,49723395,2019-05-21,2,Electronica,1181.1,2362.2
13417290,36530016,2019-05-21,2,Belleza,106.36,212.72
32387202,31110470,2019-05-21,2,Libros,55.99,111.98
14102700,47105263,2019-05-21,2,Electronica,1288.22,2576.44
1638833,376188,2019-05-21,2,Ropa,99.48,198.96
2962795,43886259,2019-05-21,2,Deportes,335.49,670.98
18524852,50602161,2019-05-21,2,Hogar,409.26,818.52
1579822,44601821,2019-05-21,2,Libros,22.27,44.54
12062224,36430678,2019-05-21,2,Electronica,149.81,299.62
16226841,38592971,2019-05-21,2,Ropa,160.12,320.24
15934947,50390398,2019-05-21,2,Deportes,317.65,635.3
4695088,42516004,2019-05-21,2,Belleza,20.1,40.2
9835392,33862280,2019-05-21,2,Deportes,271.56,543.12
12925788,46121305,2019-05-21,2,Deportes,191.95,383.9
3354244,6710389,2019-05-21,3,Belleza,108.5,325.5
1416072,38272116,2019-05-21,2,Belleza,84.97,169.94
3098009,3966224,2019-05-21,2,Libros,57.3,114.6
41774903,1008343,2019-05-21,2,Libros,26.83,53.66
39702940,48624638,2019-05-21,2,Ropa,29.94,59.88
41420344,49630862,2019-05-21,2,Belleza,67.28,134.56
4510044,36915109,2019-05-21,2,Belleza,9.67,19.34
12570782,42040674,2019-05-21,4,Hogar,487.19,1948.76
12057144,43504312,2019-05-21,2,Hogar,53.89,107.78
14967181,32781889,2019-05-21,2,Ropa,83.38,166.76
18605248,41949712,2019-05-21,2,Electronica,992.46,1984.92
14475843,40142853,2019-05-21,2,Electronica,1326.08,2652.16
16535972,34616689,2019-05-21,2,Hogar,138.47,276.94
23656566,33875955,2019-05-21,2,Belleza,8.34,16.68
5260382,35374645,2019-05-21,2,Ropa,109.04,218.08
20842216,35881998,2019-05-21,3,Electronica,733.11,2199.33
4424203,44141242,2019-05-21,3,Electronica,495.0,1485.0
11931953,39463058,2019-05-21,2,Deportes,352.08,704.16
12002104,36501702,2019-05-21,2,Hogar,378.42,756.84
8276934,6916354,2019-05-21,2,Belleza,103.68,207.36
1638833,40154255,2019-05-21,2,Ropa,40.74,81.48
5488841,6115327,2019-05-21,2,Electronica,1054.0,2108.0
1355952,45665815,2019-05-21,2,Deportes,390.54,781.08
15104059,41792068,2019-05-20,2,Hogar,311.78,623.56
14902491,587003,2019-05-20,2,Hogar,98.11,196.22
6724051,43330121,2019-05-21,2,Ropa,199.2,398.4
25166081,47952312,2019-05-20,2,Belleza,33.14,66.28
12612857,46480715,2019-05-20,3,Electronica,816.07,2448.21
12545957,38901297,2019-05-21,2,Ropa,169.61,339.22
15438710,6257395,2019-05-20,4,Ropa,38.38,153.52
39474127,5974680,2019-05-20,2,Libros,41.64,83.28
24081411,41719989,2019-05-20,2,Deportes,366.79,733.58
18845788,31743165,2019-05-20,2,Ropa,177.91,355.82
22035564,46243734,2019-05-20,2,Hogar,273.03,546.06
1331727,6026906,2019-05-20,3,Hogar,446.84,1340.52
852639,46682196,2019-05-20,2,Libros,20.88,41.76
6238540,5215212,2019-05-20,3,Belleza,19.65,58.949999999999996
5600193,46236076,2019-05-20,3,Hogar,158.53,475.59000000000003
17492983,46133650,2019-05-20,4,Hogar,187.12,748.48
14607446,49835133,2019-05-20,2,Deportes,289.78,579.56
14244825,43694476,2019-05-20,2,Belleza,25.54,51.08
26892242,36320290,2019-05-20,2,Electronica,203.85,407.7
22667778,34145308,2019-05-20,2,Belleza,118.1,236.2
5435540,41731834,2019-05-20,2,Belleza,49.5,99.0
9973821,38960824,2019-05-20,2,Electronica,715.05,1430.1
8984932,48094081,2019-05-20,3,Belleza,77.26,231.78000000000003
1252575,46774018,2019-05-20,2,Ropa,144.43,288.86
40950718,45998224,2019-05-20,2,Belleza,107.27,214.54
21338592,47880260,2019-05-20,2,Deportes,101.08,202.16
10357518,32427826,2019-05-20,2,Libros,20.89,41.78
5290786,44596750,2019-05-20,2,Libros,34.07,68.14
3184598,49522260,2019-05-20,2,Deportes,159.1,318.2
14600660,26436809,2019-05-20,2,Electronica,52.06,104.12
9982674,45195597,2019-05-20,4,Hogar,296.02,1184.08
17649744,40430638,2019-05-20,2,Deportes,330.0,660.0
8274047,46662566,2019-05-20,3,Libros,7.0,21.0
8914032,35637346,2019-05-20,2,Libros,5.19,10.38
40481233,34586755,2019-05-20,2,Ropa,51.26,102.52
1191603,34473673,2019-05-20,2,Electronica,1105.34,2210.68
5586690,3220658,2019-05-20,2,Libros,42.61,85.22
16761955,47048217,2019-05-20,2,Libros,27.32,54.64
2114877,35495989,2019-05-20,3,Electronica,1009.33,3027.9900000000002
12549225,37635505,2019-05-20,2,Hogar,122.2,244.4
39917958,41764618,2019-05-20,2,Libros,57.44,114.88
2673841,37357029,2019-05-20,2,Hogar,135.21,270.42
12118001,34893683,2019-05-20,2,Belleza,98.6,197.2
2870723,36977972,2019-05-20,2,Ropa,56.73,113.46
41615658,32151680,2019-05-20,2,Hogar,53.61,107.22
29502676,40818900,2019-05-20,2,Deportes,90.77,181.54
11632407,930659,2019-05-20,2,Hogar,366.13,732.26
4472535,46906330,2019-06-04,2,Hogar,186.3,372.6
21403786,31632819,2019-06-04,2,Ropa,197.85,395.7
12127619,38844979,2019-06-04,2,Deportes,291.57,583.14
1028615,3598515,2019-06-04,2,Hogar,193.18,386.36
32288305,36370973,2019-06-04,2,Libros,13.21,26.42
21784816,34586753,2019-06-04,3,Ropa,79.95,239.85000000000002
5662646,49145477,2019-06-04,2,Ropa,122.48,244.96
31245534,34321811,2019-06-04,3,Electronica,1419.61,4258.83
6188828,46234725,2019-06-04,2,Deportes,132.06,264.12
6534097,47899903,2019-06-04,2,Belleza,109.13,218.26
9738785,3032076,2019-06-04,2,Electronica,690.04,1380.08
15836687,38332270,2019-06-04,2,Libros,21.1,42.2
2992968,37236089,2019-06-04,2,Ropa,121.82,243.64
3367190,36837940,2019-06-04,3,Electronica,248.61,745.83
43213598,47325693,2019-06-04,2,Belleza,69.58,139.16
32261316,37567190,2019-06-04,2,Ropa,60.31,120.62
2126047,2948024,2019-06-04,2,Hogar,42.21,84.42
18377541,42660571,2019-06-04,2,Hogar,309.34,618.68
21712819,6743517,2019-06-04,3,Libros,45.66,136.98
21918310,31298844,2019-06-04,2,Deportes,221.46,442.92
21819629,50416733,2019-06-04,2,Ropa,159.98,319.96
12818005,48229322,2019-06-04,2,Ropa,108.95,217.9
6054069,39833031,2019-06-04,2,Belleza,110.33,220.66
43094825,31299289,2019-06-04,2,Libros,58.24,116.48
14964150,43474411,2019-06-04,2,Hogar,483.56,967.12
40555490,32607715,2019-06-04,2,Ropa,139.99,279.98
4235197,6637286,2019-06-04,2,Deportes,36.89,73.78
38803424,2772320,2019-06-04,2,Electronica,716.61,1433.22
2213390,5974359,2019-06-04,2,Hogar,230.36,460.72
10597547,48603140,2019-06-04,2,Hogar,237.99,475.98
10700511,38436759,2019-06-04,2,Ropa,196.18,392.36
29650636,34611945,2019-06-04,2,Ropa,36.46,72.92
13705186,40774716,2019-06-04,2,Deportes,282.36,564.72
42014713,4460765,2019-06-04,2,Belleza,51.23,102.46
10847061,42791747,2019-06-04,2,Electronica,792.0,1584.0
8974343,2988417,2019-06-04,2,Libros,46.93,93.86
10901889,35566644,2019-06-04,2,Belleza,23.1,46.2
15437572,37314194,2019-06-04,2,Belleza,92.81,185.62
13609426,36175960,2019-06-04,2,Ropa,23.36,46.72
10663332,40260795,2019-06-04,2,Ropa,101.83,203.66
2849873,48122220,2019-06-03,2,Ropa,150.99,301.98
3489111,1069992,2019-06-04,2,Electronica,1083.52,2167.04
14049116,31790362,2019-06-03,2,Belleza,27.14,54.28
829136,35328559,2019-06-04,2,Electronica,1167.83,2335.66
1829223,48247480,2019-06-03,2,Ropa,41.69,83.38
3154467,1128595,2019-06-03,2,Hogar,402.63,805.26
41324272,7075832,2019-06-03,2,Libros,9.32,18.64
8031732,38473211,2019-06-03,3,Electronica,729.96,2189.88
23118899,32853556,2019-06-03,2,Electronica,493.93,987.86
43040294,35883590,2019-06-03,2,Hogar,347.05,694.1
10708644,33860240,2019-06-03,2,Electronica,1380.24,2760.48
16005736,49951600,2019-06-03,2,Ropa,87.6,175.2
14926575,32554695,2019-06-03,5,Libros,17.81,89.05
15758531,36769204,2019-06-03,2,Deportes,349.52,699.04
15072256,38812247,2019-06-03,2,Ropa,40.71,81.42
489924,46313537,2019-06-03,2,Belleza,77.62,155.24
844458,49541221,2019-06-03,2,Libros,55.78,111.56
12823442,4317099,2019-06-03,2,Belleza,82.56,165.12
7534532,42485802,2019-06-03,2,Belleza,65.66,131.32
3910184,48726808,2019-06-03,2,Electronica,333.74,667.48
658792,31375665,2019-06-03,2,Belleza,22.51,45.02
7534532,46081993,2019-06-03,2,Electronica,1453.94,2907.88
2149372,45514079,2019-06-03,2,Libros,18.88,37.76
36615423,33991017,2019-06-03,3,Libros,26.53,79.59
31385317,43863929,2019-06-03,2,Deportes,232.53,465.06
11009054,36875694,2019-06-03,5,Ropa,40.24,201.20000000000002
10374356,48411284,2019-06-03,2,Hogar,401.94,803.88
23106068,39543957,2019-06-03,3,Libros,26.67,80.01
22628266,6019667,2019-06-03,2,Deportes,233.47,466.94
9171523,6896478,2019-06-03,2,Ropa,77.84,155.68
10055503,50255943,2019-06-03,2,Electronica,1407.33,2814.66
38925737,50602114,2019-06-03,2,Belleza,91.05,182.1
23441331,42033035,2019-06-03,2,Libros,58.13,116.26
13023100,678016,2019-06-03,2,Belleza,101.89,203.78
39942584,47767451,2019-06-03,2,Hogar,455.78,911.56
3505266,40985290,2019-06-03,2,Deportes,131.91,263.82
27150835,44296990,2019-06-03,2,Libros,36.56,73.12
34878264,31150014,2019-06-03,2,Hogar,170.9,341.8
7955924,48018407,2019-06-03,2,Hogar,139.62,279.24
12994690,45351135,2019-06-03,2,Ropa,125.35,250.7
4079068,35671010,2019-06-03,2,Deportes,330.84,661.68
6080612,47050963,2019-06-03,2,Libros,10.15,20.3
28473299,34876320,2019-06-03,2,Electronica,449.86,899.72
6827368,46278489,2019-06-03,2,Electronica,347.44,694.88
9246913,37309888,2019-06-03,2,Hogar,402.2,804.4
1109535,47103595,2019-06-03,2,Hogar,467.69,935.38
37882976,2344553,2019-06-03,2,Belleza,14.19,28.38
1919331,46191008,2019-06-03,2,Libros,28.23,56.46
2308764,31237293,2019-06-03,2,Deportes,164.1,328.2
13933292,38808950,2019-06-03,2,Belleza,43.32,86.64
4308283,31672169,2019-06-03,2,Libros,55.3,110.6
13883942,6038683,2019-06-03,2,Hogar,182.15,364.3
43109567,3814128,2019-06-03,2,Libros,39.46,78.92
9367872,44069191,2019-06-02,2,Belleza,86.96,173.92
14732719,43817212,2019-06-02,2,Deportes,58.25,116.5
31944331,35140433,2019-06-02,2,Electronica,55.46,110.92
1418210,44701714,2019-06-02,2,Libros,29.44,58.88
6148235,39349205,2019-06-02,2,Electronica,779.79,1559.58
11985615,33218001,2019-06-02,3,Ropa,15.0,45.0
17633071,11266059,2019-06-03,2,Belleza,92.13,184.26
43069086,47084913,2019-06-03,2,Deportes,129.75,259.5
26288400,82237,2019-06-03,2,Belleza,35.38,70.76
11388555,39543924,2019-06-02,2,Hogar,161.94,323.88
3580454,31991518,2019-06-02,2,Ropa,115.58,231.16
26134085,51149408,2019-06-03,2,Electronica,1320.21,2640.42
839455,41220766,2019-06-03,3,Hogar,418.01,1254.03
16673963,3864282,2019-06-02,2,Hogar,43.1,86.2
7380851,4408257,2019-06-02,2,Deportes,354.0,708.0
36142665,38900210,2019-06-02,3,Hogar,316.35,949.0500000000001
22051328,36845779,2019-06-02,2,Belleza,15.94,31.88
8988362,2364978,2019-06-02,2,Belleza,66.28,132.56
42105913,44132051,2019-06-02,2,Electronica,652.25,1304.5
42299897,48478178,2019-06-02,2,Hogar,386.22,772.44
2645420,41718736,2019-06-02,2,Hogar,476.63,953.26
37981614,44818576,2019-06-02,2,Deportes,50.97,101.94
22753667,39845663,2019-06-02,2,Belleza,23.18,46.36
11887056,38860047,2019-06-02,2,Ropa,81.54,163.08
41310793,42649726,2019-06-02,2,Electronica,108.58,217.16
11959093,38273186,2019-06-02,2,Belleza,42.95,85.9
41922750,1070086,2019-06-02,3,Hogar,369.01,1107.03
13249101,38456146,2019-06-02,2,Libros,33.7,67.4
8658771,34340471,2019-06-02,2,Belleza,54.96,109.92
34917758,51969961,2019-06-02,2,Hogar,217.25,434.5
18121777,33687656,2019-06-02,2,Hogar,341.45,682.9
42732162,46361416,2019-06-02,2,Hogar,409.34,818.68
33439484,50729159,2019-06-02,2,Electronica,1161.73,2323.46
31074872,40380252,2019-06-02,2,Electronica,1189.76,2379.52
9063546,51607028,2019-06-02,2,Electronica,716.6,1433.2
1085149,47177748,2019-06-02,2,Electronica,78.2,156.4
12090333,51907700,2019-06-02,2,Deportes,85.41,170.82
11281050,33341981,2019-06-02,2,Ropa,150.85,301.7
30265297,32960004,2019-06-02,2,Electronica,76.59,153.18
29690029,37726589,2019-06-02,2,Deportes,306.21,612.42
29877718,32061546,2019-06-02,3,Hogar,486.56,1459.68
16444318,46469415,2019-06-02,2,Hogar,117.47,234.94
6297187,33911247,2019-06-02,4,Deportes,92.27,369.08
9276293,32180568,2019-06-02,2,Belleza,19.14,38.28
4809855,32528925,2019-06-02,2,Libros,12.63,25.26
10975920,48003173,2019-06-02,2,Electronica,317.94,635.88
39045626,46808747,2019-06-02,2,Belleza,65.77,131.54
18855469,36517561,2019-06-02,2,Libros,28.75,57.5
3599852,4133784,2019-06-02,2,Libros,52.58,105.16
5313364,32232714,2019-06-02,2,Libros,58.64,117.28
3952674,2277201,2019-06-02,3,Belleza,72.78,218.34
5495114,33371240,2019-06-02,2,Hogar,268.5,537.0
33417336,41953821,2019-06-02,2,Electronica,1026.37,2052.74
17592366,31114328,2019-06-02,2,Belleza,13.5,27.0
23316766,1069992,2019-06-02,2,Electronica,1083.52,2167.04
32263247,34473666,2019-06-02,2,Libros,14.53,29.06
4386735,38034837,2019-06-02,2,Hogar,410.45,820.9
7877729,42749169,2019-06-02,2,Electronica,987.98,1975.96
3081835,51001390,2019-06-02,2,Ropa,42.53,85.06
42425602,31265019,2019-06-02,2,Hogar,320.9,641.8
13392381,12002709,2019-06-02,2,Deportes,246.56,493.12
1169968,34089553,2019-06-02,2,Electronica,144.04,288.08
12459151,35246911,2019-06-02,2,Belleza,35.7,71.4
11745021,37519868,2019-06-02,2,Libros,26.5,53.0
22916836,34298498,2019-06-02,2,Belleza,33.16,66.32
3370571,40173709,2019-06-02,2,Deportes,112.4,224.8
17043946,33844513,2019-06-02,2,Deportes,237.72,475.44
7502147,47636094,2019-06-03,2,Belleza,59.15,118.3
1144111,3254677,2019-06-01,2,Libros,41.7,83.4
28601229,48874232,2019-06-01,2,Electronica,1436.79,2873.58
42996882,38456961,2019-06-01,2,Hogar,335.37,670.74
13415150,36197120,2019-06-01,2,Deportes,241.2,482.4
25730757,48318213,2019-06-01,2,Deportes,342.07,684.14
16642696,4102435,2019-06-01,2,Deportes,260.19,520.38
14209280,31568979,2019-06-01,2,Libros,14.11,28.22
11164716,50040787,2019-06-01,2,Ropa,69.8,139.6
26638709,48704629,2019-06-01,2,Libros,45.33,90.66
1480813,37180734,2019-06-01,2,Electronica,1120.65,2241.3
36090280,31076815,2019-06-03,2,Electronica,1481.16,2962.32
38295109,44867178,2019-06-01,2,Electronica,959.11,1918.22
31018904,232387,2019-06-01,2,Electronica,1354.34,2708.68
35364920,48001390,2019-06-01,4,Electronica,129.14,516.56
28792278,46616286,2019-06-01,2,Belleza,70.12,140.24
5593374,48203998,2019-06-01,2,Deportes,369.54,739.08
30232674,51460312,2019-06-01,3,Libros,20.8,62.400000000000006
5462301,39925077,2019-06-01,2,Belleza,22.81,45.62
6312054,42329290,2019-06-01,2,Libros,24.28,48.56
4098966,35406479,2019-06-01,3,Hogar,61.34,184.02
4118993,49760556,2019-06-01,2,Ropa,160.52,321.04
9442795,46164951,2019-06-01,4,Hogar,56.08,224.32
15500990,48726566,2019-06-01,2,Deportes,248.13,496.26
14070773,31545827,2019-06-01,2,Ropa,35.77,71.54
8634273,49073374,2019-06-01,2,Belleza,55.09,110.18
10416769,39042548,2019-06-01,2,Hogar,483.5,967.0
6838234,47046678,2019-06-01,2,Ropa,47.08,94.16
9982302,6118101,2019-06-01,2,Libros,6.87,13.74
1386233,47855982,2019-06-01,2,Hogar,222.19,444.38
12171319,32658132,2019-06-01,2,Libros,36.77,73.54
27488432,4631019,2019-06-01,2,Ropa,66.53,133.06
22599232,42588454,2019-06-01,2,Belleza,67.3,134.6
25462676,31267715,2019-06-01,2,Libros,57.44,114.88
43012968,46005698,2019-06-01,2,Hogar,166.21,332.42
41667920,25952259,2019-06-01,2,Ropa,68.79,137.58
2857546,32138504,2019-06-01,2,Libros,31.55,63.1
14183878,49193105,2019-05-31,2,Belleza,64.26,128.52
12583794,49857113,2019-05-31,2,Deportes,20.52,41.04
12768672,46294947,2019-05-31,2,Belleza,75.83,151.66
21925845,42393188,2019-05-31,2,Belleza,119.7,239.4
11525016,1232628,2019-05-31,2,Deportes,130.96,261.92
5577712,45718368,2019-05-31,2,Belleza,77.54,155.08
3263997,46284024,2019-05-31,2,Deportes,21.76,43.52
3229885,32569832,2019-05-31,2,Deportes,249.64,499.28
15701750,32909581,2019-05-30,2,Libros,29.59,59.18
27932892,2299661,2019-05-30,3,Libros,34.17,102.51
35924348,32356499,2019-05-30,3,Deportes,226.68,680.04
20225527,4390207,2019-05-30,2,Ropa,43.62,87.24
1687316,32867607,2019-05-30,2,Hogar,388.43,776.86
4013274,5905866,2019-05-31,2,Libros,27.22,54.44
32150442,49858997,2019-05-30,2,Ropa,115.54,231.08
15157997,39595541,2019-05-30,2,Deportes,122.67,245.34
21283591,51401400,2019-05-31,2,Hogar,469.63,939.26
15072439,51743517,2019-05-31,2,Libros,5.7,11.4
12609023,37771344,2019-05-30,2,Hogar,367.08,734.16
10334185,6057175,2019-05-30,2,Deportes,164.87,329.74
36391627,3900675,2019-05-30,3,Electronica,1224.31,3672.93
12404079,32279756,2019-05-30,2,Libros,33.74,67.48
32353510,50036331,2019-05-30,4,Belleza,13.65,54.6
42841889,51168797,2019-05-30,2,Hogar,156.38,312.76
6943736,36496772,2019-05-30,2,Hogar,170.81,341.62
12010556,43524799,2019-05-30,2,Belleza,46.04,92.08
20153919,42590093,2019-05-30,2,Ropa,12.88,25.76
17783595,38512397,2019-05-30,2,Belleza,29.8,59.6
42332997,39917227,2019-05-30,2,Hogar,368.97,737.94
33396654,47103092,2019-05-30,2,Electronica,865.64,1731.28
23031841,33056893,2019-05-30,2,Deportes,370.62,741.24
33745120,2584219,2019-05-30,2,Deportes,290.1,580.2
17565828,6806240,2019-05-30,2,Electronica,998.82,1997.64
8153002,46302326,2019-05-30,2,Electronica,1323.03,2646.06
15932127,42578235,2019-05-30,2,Electronica,1356.84,2713.68
41629882,40276010,2019-05-30,2,Electronica,718.18,1436.36
19955266,43183237,2019-06-01,2,Deportes,231.45,462.9
40406649,44487276,2019-05-30,2,Electronica,1042.99,2085.98
18477398,32371882,2019-05-30,2,Ropa,12.09,24.18
27315376,43248747,2019-05-30,2,Deportes,341.61,683.22
19955266,33338385,2019-05-29,2,Libros,49.9,99.8
17982183,35410929,2019-05-29,2,Deportes,27.69,55.38
20910847,40266552,2019-05-29,2,Deportes,226.27,452.54
21008227,46719095,2019-05-29,2,Hogar,454.73,909.46
23167860,34732173,2019-05-29,2,Hogar,102.97,205.94
6652706,31586482,2019-05-30,2,Belleza,113.22,226.44
40834463,39600782,2019-05-29,3,Hogar,186.03,558.09
35041130,44131009,2019-05-29,2,Deportes,195.5,391.0
19952141,35475139,2019-05-29,2,Belleza,43.07,86.14
36960659,40145813,2019-05-29,2,Ropa,77.63,155.26
20724095,39329222,2019-05-29,2,Deportes,348.51,697.02
42208456,47765303,2019-05-29,2,Deportes,35.92,71.84
17821456,43483559,2019-05-29,2,Deportes,126.03,252.06
42294869,36825006,2019-05-29,2,Deportes,93.42,186.84
7037610,35037323,2019-05-29,3,Hogar,158.01,474.03
32701512,47163422,2019-05-29,2,Deportes,349.03,698.06
18874786,46364481,2019-05-29,2,Libros,24.37,48.74
20850782,42792315,2019-05-29,2,Deportes,189.94,379.88
16277670,2678480,2019-05-29,2,Electronica,602.07,1204.14
42819498,4921601,2019-05-29,2,Libros,11.64,23.28
1454632,51874417,2019-05-29,2,Libros,59.47,118.94
28178842,5473868,2019-05-29,2,Deportes,333.81,667.62
13885979,47864477,2019-05-29,2,Belleza,67.21,134.42
11999919,49536891,2019-05-29,2,Hogar,246.04,492.08
42174844,43849468,2019-05-29,2,Ropa,133.36,266.72
20064859,4355877,2019-05-29,2,Ropa,72.02,144.04
25122619,31614926,2019-05-29,2,Electronica,122.91,245.82
11740836,41263503,2019-05-29,2,Ropa,86.82,173.64
25631707,35243753,2019-05-29,3,Deportes,57.24,171.72
13558903,36485426,2019-05-29,2,Belleza,48.77,97.54
9012459,985508,2019-05-29,2,Ropa,196.96,393.92
10487130,46190987,2019-05-29,2,Ropa,90.83,181.66
6848446,5777155,2019-05-29,2,Hogar,103.44,206.88
16074697,34638897,2019-05-29,2,Hogar,270.94,541.88
35561491,40737063,2019-05-29,2,Belleza,5.98,11.96
28847536,2300681,2019-05-29,2,Electronica,226.95,453.9
38597649,4346749,2019-05-29,2,Ropa,121.57,243.14
34343971,46940640,2019-05-29,2,Belleza,39.2,78.4
42819474,43885627,2019-05-29,2,Electronica,1363.24,2726.48
42262734,47342392,2019-05-29,3,Libros,27.34,82.02
32069110,44609221,2019-05-29,2,Ropa,49.53,99.06
35810922,42403618,2019-05-29,3,Ropa,113.66,340.98
23520707,33623645,2019-05-29,2,Libros,27.52,55.04
41088674,42721467,2019-05-29,2,Hogar,400.56,801.12
815900,46725569,2019-05-29,2,Deportes,27.38,54.76
37240166,51423823,2019-05-29,2,Electronica,783.0,1566.0
35458235,42165365,2019-05-29,2,Electronica,234.57,469.14
9357581,33455748,2019-05-29,2,Libros,44.24,88.48
32613638,4315650,2019-05-29,2,Ropa,156.95,313.9
20915876,35461533,2019-05-29,2,Electronica,200.2,400.4
22389183,35460315,2019-05-28,2,Belleza,108.82,217.64
11840482,34535400,2019-05-29,2,Belleza,35.42,70.84
24370724,50602115,2019-05-28,2,Electronica,507.9,1015.8
18763422,5889245,2019-05-28,2,Hogar,260.25,520.5
14114016,46121123,2019-05-28,2,Deportes,84.83,169.66
33013442,46344167,2019-05-28,2,Ropa,121.96,243.92
30015976,48018578,2019-05-28,3,Hogar,99.89,299.67
13877884,3872504,2019-05-28,2,Ropa,139.14,278.28
16146606,44748008,2019-05-28,2,Electronica,760.65,1521.3
36259165,48755681,2019-05-28,2,Libros,11.05,22.1
23870040,50165041,2019-05-28,2,Belleza,109.94,219.88
20742148,49268978,2019-05-28,2,Electronica,1026.15,2052.3
40522141,315860,2019-05-28,3,Deportes,227.48,682.4399999999999
18462553,36554155,2019-05-28,2,Belleza,48.05,96.1
33402386,6652485,2019-05-28,2,Hogar,80.41,160.82
15787380,393457,2019-05-28,2,Belleza,86.36,172.72
41971939,27130109,2019-05-28,2,Libros,49.75,99.5
37036743,6426693,2019-05-28,2,Ropa,33.91,67.82
5780869,50843111,2019-05-28,2,Libros,32.2,64.4
18732677,31516269,2019-05-28,6,Deportes,127.66,765.96
12385041,36695826,2019-05-28,2,Libros,31.67,63.34
26310295,4021740,2019-05-28,2,Ropa,76.48,152.96
16684380,48286360,2019-05-28,2,Belleza,95.77,191.54
1050703,32000405,2019-05-28,2,Deportes,57.82,115.64
20742148,47646559,2019-05-28,2,Ropa,48.95,97.9
41352067,2813914,2019-05-28,2,Deportes,194.5,389.0
39801641,33732176,2019-05-28,2,Ropa,10.3,20.6
3519193,6512800,2019-05-28,2,Hogar,195.9,391.8
7456770,537005,2019-05-28,2,Belleza,38.49,76.98
23002227,46300683,2019-05-28,2,Ropa,174.73,349.46
12168994,33110214,2019-05-28,2,Deportes,303.41,606.82
5750351,50590047,2019-05-28,2,Electronica,172.48,344.96
15935212,3952085,2019-05-28,2,Belleza,90.21,180.42
997894,47169902,2019-05-28,2,Hogar,342.57,685.14
15377500,36712333,2019-05-28,2,Ropa,26.48,52.96
10783197,47139588,2019-05-28,2,Belleza,95.24,190.48
23376337,44260580,2019-05-28,2,Libros,20.49,40.98
15195098,45563329,2019-05-28,2,Ropa,12.94,25.88
36468551,42254522,2019-05-28,3,Electronica,1309.33,3927.99
17830393,46898149,2019-05-28,2,Deportes,63.76,127.52
8881825,1179941,2019-05-28,2,Belleza,33.74,67.48
41479833,48030708,2019-05-28,2,Deportes,330.32,660.64
10220948,46726424,2019-05-28,3,Deportes,196.82,590.46
32975405,34927001,2019-05-28,2,Libros,55.51,111.02
21781413,2901277,2019-05-28,4,Hogar,397.74,1590.96
40477269,33284025,2019-05-28,2,Belleza,38.02,76.04
14724192,48227217,2019-05-28,3,Libros,10.52,31.56
23167860,35104525,2019-05-28,2,Deportes,247.21,494.42
15189501,76427,2019-05-28,2,Deportes,216.78,433.56
35588061,50462278,2019-05-28,7,Ropa,170.62,1194.3400000000001
21474089,46828122,2019-05-28,2,Hogar,71.61,143.22
27042311,35009451,2019-05-28,2,Libros,58.43,116.86
16017418,49999204,2019-05-28,2,Ropa,16.86,33.72
10395500,35350402,2019-05-28,2,Electronica,932.38,1864.76
42073672,34192458,2019-05-28,2,Deportes,149.86,299.72
24058515,37473438,2019-05-28,2,Electronica,527.67,1055.34
18212035,51610235,2019-05-28,2,Deportes,281.14,562.28
27999827,31279190,2019-05-28,2,Libros,51.76,103.52
42089137,49650707,2019-05-28,2,Hogar,171.26,342.52
36791765,22733209,2019-05-28,2,Ropa,71.75,143.5
20836638,40255636,2019-05-28,4,Libros,34.36,137.44
20829231,40727695,2019-05-28,2,Ropa,134.1,268.2
6196495,40767773,2019-05-28,2,Hogar,113.41,226.82
42049567,31144648,2019-05-28,3,Belleza,109.96,329.88
25173707,35770865,2019-05-28,3,Electronica,998.9,2996.7
40744627,37376556,2019-05-28,4,Electronica,956.48,3825.92
6818987,31715286,2019-05-28,2,Ropa,181.8,363.6
22143181,36824687,2019-05-28,2,Ropa,182.38,364.76
12776793,4694599,2019-05-28,2,Ropa,35.75,71.5
15817960,1764247,2019-05-28,2,Hogar,85.36,170.72
36286523,39142909,2019-05-28,2,Belleza,92.62,185.24
25428258,45586628,2019-05-28,2,Electronica,1437.48,2874.96
38915725,44452450,2019-05-28,2,Libros,41.66,83.32
41427287,32430122,2019-05-28,3,Deportes,176.3,528.9000000000001
40596425,37129760,2019-05-28,2,Hogar,346.48,692.96
9419094,1008509,2019-05-28,2,Electronica,381.78,763.56
41801864,51278467,2019-05-28,2,Belleza,119.77,239.54
15965598,36684101,2019-05-28,2,Electronica,345.15,690.3
42145611,46456155,2019-05-28,2,Libros,37.48,74.96
3742137,4440630,2019-05-28,2,Hogar,224.08,448.16
29712232,76351,2019-05-28,2,Libros,56.24,112.48
13852150,1069137,2019-05-28,4,Electronica,674.66,2698.64
24473511,45284226,2019-05-28,2,Hogar,465.15,930.3
22472947,31977381,2019-05-28,2,Hogar,413.88,827.76
23377990,32615903,2019-05-28,2,Electronica,536.74,1073.48
15584379,35524580,2019-05-28,2,Electronica,1152.79,2305.58
12277469,32092144,2019-05-28,2,Belleza,114.37,228.74
42324068,49269012,2019-05-28,2,Deportes,265.47,530.94
15953818,3260846,2019-05-28,2,Belleza,82.92,165.84
42399093,46130148,2019-05-28,2,Deportes,74.78,149.56
3775341,51468923,2019-05-28,2,Electronica,199.19,398.38
18749606,37545401,2019-05-28,2,Hogar,245.0,490.0
12079554,41505142,2019-05-28,2,Libros,53.77,107.54
41411977,5795646,2019-05-28,2,Belleza,32.7,65.4
12792262,50149418,2019-05-28,2,Deportes,319.58,639.16
18790776,894345,2019-05-28,2,Electronica,1029.78,2059.56
31289587,39430438,2019-05-28,2,Libros,17.26,34.52
18033932,31245130,2019-05-28,3,Belleza,51.56,154.68
4158864,326928,2019-05-28,2,Belleza,37.52,75.04
14004850,43859842,2019-05-28,2,Belleza,54.17,108.34
5934061,45625692,2019-05-28,2,Belleza,19.39,38.78
17191992,42520536,2019-05-28,2,Hogar,450.27,900.54
12375575,43357211,2019-05-28,2,Belleza,110.04,220.08
12792262,35168764,2019-05-28,2,Libros,58.64,117.28
6980223,44395831,2019-05-28,2,Libros,45.66,91.32
37973739,42339440,2019-05-28,2,Hogar,192.01,384.02
42420132,44450652,2019-05-28,2,Deportes,133.87,267.74
26778106,31276737,2019-05-27,2,Deportes,282.04,564.08
36943423,1008721,2019-05-27,2,Ropa,61.91,123.82
7666005,4626738,2019-05-27,2,Electronica,665.12,1330.24
13253363,38933944,2019-05-28,2,Ropa,53.57,107.14
33745710,32203623,2019-05-27,2,Hogar,223.62,447.24
11065006,38765320,2019-05-27,4,Electronica,1313.38,5253.52
26975670,4701704,2019-05-27,2,Electronica,149.48,298.96
18775831,40275989,2019-05-27,2,Libros,28.37,56.74
1440421,34731934,2019-05-27,2,Belleza,47.36,94.72
11871010,50416441,2019-05-27,2,Ropa,192.84,385.68
30948470,31163492,2019-05-27,2,Ropa,12.82,25.64
3914946,44706660,2019-05-27,2,Hogar,446.96,893.92
12241156,36255634,2019-05-27,2,Ropa,81.22,162.44
4548130,46081993,2019-05-27,2,Electronica,1453.94,2907.88
18181418,4023192,2019-05-27,2,Ropa,119.32,238.64
5353901,42481347,2019-05-27,4,Electronica,324.8,1299.2
4878205,38516796,2019-05-27,2,Ropa,12.85,25.7
21984100,36353709,2019-05-27,2,Ropa,23.4,46.8
12956228,46457930,2019-05-27,2,Deportes,85.3,170.6
34814069,34867017,2019-05-27,2,Electronica,86.84,173.68
7341063,42647310,2019-05-27,2,Ropa,82.45,164.9
22647278,425977,2019-05-27,5,Libros,23.47,117.35
17094159,31875710,2019-05-27,2,Ropa,18.53,37.06
4020481,42660836,2019-05-27,2,Ropa,141.52,283.04
12625926,31511815,2019-05-27,3,Belleza,99.17,297.51
5240760,35133523,2019-05-27,2,Ropa,178.62,357.24
1719571,4399948,2019-05-27,2,Ropa,79.58,159.16
27871565,31317434,2019-05-27,2,Belleza,39.77,79.54
547392,45347782,2019-05-27,2,Ropa,114.33,228.66
28556867,44743862,2019-05-27,2,Deportes,379.67,759.34
27081691,6015018,2019-05-27,2,Electronica,58.19,116.38
5648037,36597197,2019-05-27,3,Hogar,80.0,240.0
3261819,7046157,2019-05-27,2,Libros,11.41,22.82
1974284,47939238,2019-05-27,2,Electronica,475.09,950.18
22856051,4188480,2019-05-27,2,Belleza,95.74,191.48
11680103,51325951,2019-05-27,2,Electronica,1333.81,2667.62
20791769,33013733,2019-05-28,2,Ropa,127.45,254.9
4558027,46223675,2019-05-27,2,Belleza,49.07,98.14
24757440,241219,2019-05-27,2,Electronica,1015.48,2030.96
6572051,1008436,2019-05-27,2,Electronica,1072.77,2145.54
12807466,6643758,2019-05-27,2,Belleza,25.8,51.6
21638428,31255558,2019-05-27,3,Libros,17.83,53.489999999999995
16472178,48082674,2019-05-27,2,Hogar,237.07,474.14
4285742,5776424,2019-05-27,2,Electronica,785.94,1571.88
11343413,33940902,2019-05-27,2,Libros,10.77,21.54
23758530,40193104,2019-05-27,2,Belleza,38.58,77.16
15104564,34837980,2019-05-27,3,Ropa,16.44,49.32000000000001
12441250,32939908,2019-05-27,3,Belleza,91.26,273.78000000000003
9928421,46386350,2019-05-27,3,Deportes,158.53,475.59000000000003
40243744,48267589,2019-05-27,2,Libros,34.41,68.82
17512293,4573153,2019-05-27,2,Libros,23.27,46.54
3467304,43826259,2019-05-27,2,Deportes,186.15,372.3
35353500,49885050,2019-05-27,2,Belleza,115.14,230.28
42534057,31361747,2019-05-27,2,Libros,26.17,52.34
27980918,46708311,2019-05-27,2,Deportes,59.32,118.64
16797959,46880604,2019-05-27,2,Libros,30.5,61.0
9234102,5793741,2019-05-27,2,Ropa,133.13,266.26
2066383,45637529,2019-05-27,2,Hogar,20.87,41.74
13971755,36945786,2019-05-27,3,Deportes,146.29,438.87
2751454,47883087,2019-05-27,3,Hogar,205.85,617.55
2549900,33419936,2019-05-27,2,Belleza,58.33,116.66
22802987,7025014,2019-05-27,3,Ropa,67.32,201.95999999999998
36170151,41866251,2019-05-27,2,Deportes,273.43,546.86
6109116,50953454,2019-05-27,2,Belleza,113.64,227.28
15236013,4056391,2019-05-27,3,Hogar,461.02,1383.06
18409255,31980330,2019-05-27,2,Belleza,40.59,81.18
4013274,1836835,2019-05-27,2,Ropa,23.88,47.76
40228257,50927625,2019-05-27,2,Libros,55.27,110.54
16034566,2046827,2019-05-27,2,Electronica,1013.37,2026.74
13859120,44745569,2019-05-27,2,Belleza,63.29,126.58
39845435,39463364,2019-05-27,2,Hogar,415.52,831.04
17576259,45523242,2019-05-27,2,Ropa,168.83,337.66
5789873,32900005,2019-05-27,2,Electronica,972.05,1944.1
8098236,82080,2019-05-27,2,Hogar,395.95,791.9
40750785,32065508,2019-05-27,2,Ropa,167.62,335.24
1558459,7064354,2019-05-27,2,Belleza,23.15,46.3
10583576,42356322,2019-05-27,2,Libros,6.4,12.8
15690085,36899802,2019-05-27,2,Electronica,1475.63,2951.26
42191620,6303673,2019-05-27,3,Hogar,480.43,1441.29
16829249,774521,2019-05-27,2,Belleza,69.9,139.8
15942149,31338939,2019-05-27,2,Belleza,119.2,238.4
42398395,33936236,2019-05-27,2,Ropa,156.4,312.8
12097496,36708920,2019-05-27,2,Hogar,265.93,531.86
7342344,1235895,2019-05-27,2,Hogar,371.95,743.9
33610632,37574690,2019-05-27,2,Electronica,614.53,1229.06
17491351,40963842,2019-05-27,2,Ropa,122.64,245.28
13475251,43510983,2019-05-27,2,Deportes,66.27,132.54
14415789,37635505,2019-05-27,2,Hogar,122.2,244.4
21941758,36684101,2019-05-27,2,Electronica,345.15,690.3
9761086,38614387,2019-05-27,2,Hogar,122.42,244.84
16132330,38319048,2019-05-27,2,Belleza,64.32,128.64
1187941,31991517,2019-05-27,2,Ropa,198.82,397.64
6036410,32700798,2019-05-27,2,Ropa,103.19,206.38
16680427,41518648,2019-05-27,2,Deportes,337.65,675.3
10110846,33112581,2019-05-27,2,Ropa,164.59,329.18
27526805,39952034,2019-05-27,3,Libros,8.93,26.79
11336643,34977263,2019-05-27,2,Deportes,213.65,427.3
4610082,6979402,2019-05-27,4,Ropa,26.53,106.12
12431243,34155107,2019-05-27,2,Libros,41.29,82.58
14291131,33934772,2019-05-27,2,Hogar,140.67,281.34
42660021,35134963,2019-05-27,2,Hogar,491.07,982.14
1734501,43417702,2019-05-27,2,Ropa,134.93,269.86
10321290,32350262,2019-05-27,2,Electronica,259.71,519.42
41002458,50004527,2019-05-27,2,Libros,26.84,53.68
1162350,38231439,2019-05-27,2,Libros,10.64,21.28
40708377,6302599,2019-05-27,4,Belleza,37.44,149.76
2665623,35627786,2019-05-27,2,Hogar,57.82,115.64
42371399,39549839,2019-05-26,2,Ropa,194.41,388.82
42378377,36908497,2019-05-27,2,Electronica,622.83,1245.66
40669674,28300109,2019-05-27,2,Belleza,108.64,217.28
1117536,39896472,2019-05-27,2,Belleza,24.82,49.64
7616253,46365911,2019-05-27,2,Electronica,736.84,1473.68
4590724,44634074,2019-05-27,2,Hogar,486.02,972.04
1385070,45192414,2019-05-27,2,Libros,55.03,110.06
9614444,1008467,2019-05-27,2,Electronica,709.69,1419.38
18638232,39190806,2019-05-27,2,Ropa,157.99,315.98
28640472,50032314,2019-05-27,2,Deportes,78.41,156.82
23480261,34913531,2019-05-27,2,Libros,57.57,115.14
15591549,6252301,2019-05-27,2,Deportes,56.04,112.08
27709115,41665875,2019-05-27,2,Hogar,440.3,880.6
25868929,6855426,2019-05-27,2,Electronica,519.98,1039.96
32032645,44717484,2019-05-27,2,Electronica,95.12,190.24
27969359,3542132,2019-05-27,2,Belleza,75.75,151.5
10723647,33511560,2019-05-26,2,Belleza,116.82,233.64
31365431,48013738,2019-05-26,2,Electronica,1024.59,2049.18
15788270,50831415,2019-05-27,2,Libros,21.96,43.92
17118861,47589203,2019-05-27,2,Libros,28.08,56.16
13357084,35500340,2019-05-27,2,Deportes,73.72,147.44
27057704,36545174,2019-05-27,2,Hogar,365.77,731.54
9558601,42671736,2019-05-27,2,Ropa,116.99,233.98
20098151,48226853,2019-05-26,2,Electronica,1081.13,2162.26
23531848,32250680,2019-05-26,2,Deportes,178.81,357.62
23283301,49762010,2019-05-26,3,Belleza,12.62,37.86
1609856,50068359,2019-05-26,2,Hogar,167.76,335.52
17535783,46922242,2019-05-27,2,Ropa,69.85,139.7
17113923,35908082,2019-05-27,2,Electronica,62.58,125.16
3316588,50810962,2019-05-27,2,Belleza,6.1,12.2
13914820,44774047,2019-05-27,2,Ropa,72.84,145.68
13833411,38299666,2019-05-27,2,Libros,52.16,104.32
15060430,3768486,2019-05-27,2,Libros,45.02,90.04
31081685,4710639,2019-05-26,2,Deportes,257.14,514.28
32257522,4780947,2019-05-26,2,Libros,18.15,36.3
24959397,44593454,2019-05-26,2,Deportes,250.66,501.32
24994660,43485592,2019-05-26,2,Deportes,249.05,498.1
31814678,38487635,2019-05-26,2,Belleza,79.45,158.9
2335947,48500662,2019-05-26,2,Libros,33.74,67.48
3180881,35458685,2019-05-26,3,Deportes,218.11,654.33
17228715,2584429,2019-05-26,2,Hogar,194.33,388.66
18037488,46068625,2019-05-26,2,Belleza,19.19,38.38
27333347,32040164,2019-05-26,2,Ropa,21.97,43.94
23320139,5218024,2019-05-26,2,Deportes,166.48,332.96
19923466,558357,2019-05-26,2,Electronica,550.73,1101.46
5958284,35891216,2019-05-26,2,Deportes,244.95,489.9
14044033,47844857,2019-05-26,2,Libros,52.09,104.18
40895994,32229572,2019-05-26,2,Libros,11.96,23.92
31611706,31269019,2019-05-27,2,Hogar,197.06,394.12
1338793,6807899,2019-05-27,2,Deportes,210.87,421.74
14817762,43351484,2019-05-27,2,Ropa,144.85,289.7
28598589,35564684,2019-05-27,2,Libros,15.53,31.06
16339578,33277797,2019-05-26,2,Ropa,164.25,328.5
2678235,32496308,2019-05-26,2,Deportes,100.47,200.94
41175556,32054991,2019-05-26,5,Ropa,181.31,906.55
41057718,241219,2019-05-26,2,Electronica,1015.48,2030.96
11533499,43786172,2019-05-26,3,Deportes,46.77,140.31
42358211,46727487,2019-05-26,2,Hogar,452.33,904.66
8842095,46377953,2019-05-26,2,Ropa,41.09,82.18
12780744,7149783,2019-05-26,2,Libros,23.54,47.08
33718323,6585316,2019-05-26,3,Libros,38.29,114.87
9785476,6858133,2019-05-26,2,Electronica,1363.24,2726.48
9943692,37106732,2019-05-26,4,Deportes,117.17,468.68
9292470,32206823,2019-05-26,2,Ropa,60.07,120.14
5172637,35135668,2019-05-26,3,Ropa,155.08,465.24
42191956,31702788,2019-05-26,2,Libros,44.07,88.14
12247921,49215734,2019-05-26,2,Hogar,92.46,184.92
1405891,35104525,2019-05-26,3,Deportes,247.21,741.63
36959501,46654673,2019-05-26,2,Hogar,247.54,495.08
10662191,3020986,2019-05-26,3,Electronica,748.18,2244.54
18709136,39550918,2019-05-26,2,Hogar,406.33,812.66
4020742,35104525,2019-05-26,2,Deportes,247.21,494.42
30469142,36470840,2019-05-26,2,Hogar,162.74,325.48
20647832,31809412,2019-05-26,2,Hogar,393.26,786.52
12230340,44706667,2019-05-26,2,Ropa,185.93,371.86
3178036,4709411,2019-05-26,2,Deportes,292.3,584.6
2030028,35406479,2019-05-26,2,Hogar,61.34,122.68
23047535,46870488,2019-05-26,2,Belleza,116.89,233.78
35389758,6364510,2019-05-26,2,Hogar,39.48,78.96
42355927,42368888,2019-05-26,2,Hogar,33.05,66.1
9083634,38910324,2019-05-26,2,Belleza,107.79,215.58
24515022,35040806,2019-05-27,2,Hogar,189.55,379.1
10676820,39209746,2019-05-27,2,Hogar,450.43,900.86
8145345,35144409,2019-05-27,2,Ropa,30.35,60.7
6387544,43226997,2019-05-27,2,Ropa,77.91,155.82
32342432,34118431,2019-05-27,2,Belleza,101.07,202.14
13712039,44053424,2019-05-26,2,Libros,12.07,24.14
12595011,3460840,2019-05-26,2,Hogar,144.7,289.4
5786209,50376678,2019-05-26,2,Libros,42.45,84.9
951380,1008396,2019-05-26,2,Hogar,491.22,982.44
14091942,34754180,2019-05-26,2,Deportes,322.91,645.82
879730,33004979,2019-05-26,2,Hogar,392.0,784.0
10345878,43859741,2019-05-26,2,Electronica,837.47,1674.94
1116793,31154851,2019-05-26,2,Ropa,75.11,150.22
11492468,410840,2019-05-26,2,Hogar,104.03,208.06
10615428,33482494,2019-05-26,2,Belleza,117.16,234.32
23398853,35134963,2019-05-26,3,Hogar,491.07,1473.21
10785340,39411009,2019-05-26,2,Electronica,1008.95,2017.9
1125138,38300463,2019-05-26,2,Electronica,213.98,427.96
36458566,40276009,2019-05-26,3,Deportes,216.44,649.3199999999999
15758531,40737077,2019-05-26,2,Electronica,1488.79,2977.58
24226922,31058980,2019-05-26,2,Deportes,119.95,239.9
3504700,6119817,2019-05-26,2,Electronica,746.85,1493.7
20591145,48261916,2019-05-26,2,Libros,40.13,80.26
38762923,42689453,2019-05-26,2,Libros,53.19,106.38
2098626,32940062,2019-05-26,2,Hogar,15.47,30.94
41075596,5047464,2019-05-26,2,Libros,58.68,117.36
8005415,47342559,2019-05-26,2,Libros,24.61,49.22
23113408,37111668,2019-05-26,2,Hogar,189.19,378.38
14618571,3191673,2019-05-26,2,Deportes,149.04,298.08
16293368,6063281,2019-05-26,2,Hogar,85.36,170.72
34271820,40276009,2019-05-26,2,Deportes,216.44,432.88
13723113,35779708,2019-05-26,2,Ropa,136.16,272.32
2928647,46231163,2019-05-26,2,Electronica,1294.37,2588.74
15147252,571577,2019-05-26,2,Belleza,105.15,210.3
20850178,45550817,2019-05-26,4,Belleza,7.3,29.2
8935558,33352650,2019-05-26,2,Ropa,20.59,41.18
3377994,49125527,2019-05-26,2,Ropa,184.48,368.96
16047162,31459411,2019-05-26,3,Hogar,74.59,223.77
34180009,47362993,2019-05-26,2,Belleza,76.41,152.82
7423850,42717473,2019-05-26,2,Hogar,241.67,483.34
876762,46463339,2019-05-26,2,Electronica,948.49,1896.98
9885515,47975800,2019-05-26,2,Libros,52.84,105.68
10247584,3891315,2019-05-26,2,Electronica,880.35,1760.7
9792012,48897353,2019-05-26,2,Electronica,679.32,1358.64
9559596,2196684,2019-05-26,2,Hogar,487.57,975.14
24683458,42510697,2019-05-26,3,Hogar,125.98,377.94
10837000,46231347,2019-05-26,2,Deportes,119.83,239.66
2769108,5217482,2019-05-26,2,Electronica,172.92,345.84
1286230,32938497,2019-05-26,2,Deportes,352.27,704.54
12807346,37770372,2019-05-26,2,Electronica,599.33,1198.66
41324922,39572823,2019-05-26,2,Electronica,1464.21,2928.42
3406165,6911641,2019-05-26,2,Hogar,357.58,715.16
11307312,5813737,2019-05-26,2,Hogar,20.87,41.74
3216992,4581106,2019-05-26,2,Deportes,287.64,575.28
13278573,4488682,2019-05-26,2,Deportes,173.57,347.14
10950679,48688801,2019-05-26,2,Ropa,193.83,387.66
11800343,47083036,2019-05-26,2,Belleza,36.9,73.8
13456910,48833859,2019-05-26,2,Belleza,61.39,122.78
4784197,41155340,2019-05-26,2,Electronica,1079.92,2159.84
20104836,44744756,2019-05-26,2,Electronica,959.78,1919.56
2014412,32798508,2019-05-26,3,Ropa,182.31,546.9300000000001
38494150,31278787,2019-05-26,2,Deportes,24.58,49.16
17947080,2816890,2019-05-26,2,Deportes,356.38,712.76
40485213,3708025,2019-05-26,2,Ropa,36.53,73.06
19853916,3990553,2019-05-26,2,Belleza,81.31,162.62
10639384,37206782,2019-05-26,2,Belleza,97.46,194.92
13726202,1200134,2019-05-26,2,Ropa,157.35,314.7
26421343,44343992,2019-05-26,2,Deportes,70.54,141.08
15542665,6744094,2019-05-26,2,Deportes,375.85,751.7
1838741,45364132,2019-05-26,2,Belleza,77.56,155.12
32388331,947624,2019-05-26,2,Libros,10.34,20.68
1946190,3282149,2019-05-26,2,Electronica,1464.01,2928.02
42129175,43887301,2019-05-26,2,Ropa,55.0,110.0
26687758,44749628,2019-05-26,2,Deportes,258.59,517.18
2637985,34739498,2019-05-26,2,Belleza,70.45,140.9
40083888,40276082,2019-05-26,2,Ropa,161.46,322.92
10378320,3227516,2019-05-26,2,Libros,56.66,113.32
3324598,33053645,2019-05-26,2,Ropa,124.76,249.52
11649578,44749703,2019-05-26,2,Electronica,425.63,851.26
922211,49045851,2019-05-26,2,Libros,51.02,102.04
4084146,36398544,2019-05-26,2,Deportes,82.02,164.04
14260601,47122520,2019-05-26,2,Deportes,28.47,56.94
21343820,47325800,2019-05-26,2,Hogar,455.45,910.9
4912577,45603295,2019-05-26,2,Libros,36.65,73.3
10867349,48727839,2019-05-25,2,Hogar,48.78,97.56
30599615,6493601,2019-05-26,2,Hogar,296.17,592.34
11804826,2813914,2019-05-26,2,Deportes,194.5,389.0
28325465,44749109,2019-05-26,2,Electronica,260.27,520.54
6354480,40804482,2019-05-26,2,Ropa,15.96,31.92
7492341,2843107,2019-05-26,2,Belleza,38.23,76.46
13477050,32113259,2019-05-26,2,Deportes,64.28,128.56
25601806,44452473,2019-05-26,2,Deportes,314.54,629.08
2468209,31061491,2019-05-26,2,Ropa,153.58,307.16
27996423,35104521,2019-05-25,2,Deportes,249.64,499.28
16632878,40276009,2019-05-26,2,Deportes,216.44,432.88
3088546,36479893,2019-05-26,2,Ropa,49.77,99.54
1521480,38411109,2019-05-26,2,Libros,28.72,57.44
12079130,46096949,2019-05-26,3,Libros,45.64,136.92000000000002
13209694,37833501,2019-05-26,2,Electronica,641.67,1283.34
6000420,48128434,2019-05-26,2,Electronica,790.59,1581.18
42356003,46210500,2019-05-25,2,Electronica,1351.58,2703.16
31253344,32871445,2019-05-25,2,Ropa,96.99,193.98
14901160,35431695,2019-05-25,2,Ropa,129.01,258.02
1795213,49230154,2019-05-25,2,Belleza,82.72,165.44
32957587,3574314,2019-05-25,2,Belleza,115.6,231.2
24594693,33182197,2019-05-25,2,Deportes,191.53,383.06
3757860,45241342,2019-05-26,2,Deportes,233.08,466.16
16292331,47094111,2019-05-26,2,Belleza,72.21,144.42
26806055,5478593,2019-05-26,2,Belleza,32.68,65.36
3757860,48385934,2019-05-26,2,Electronica,1118.54,2237.08
18259218,35351411,2019-05-26,2,Belleza,88.56,177.12
9625386,44587569,2019-05-26,2,Ropa,50.58,101.16
33008612,40197052,2019-05-26,2,Hogar,21.47,42.94
41452943,7035620,2019-05-26,2,Belleza,10.01,20.02
5569064,50376729,2019-05-26,2,Ropa,199.8,399.6
1811612,38411109,2019-05-26,2,Libros,28.72,57.44
2293857,33673901,2019-05-26,2,Libros,7.7,15.4
17476846,31273959,2019-05-26,2,Belleza,71.88,143.76
34843050,34397296,2019-05-26,2,Deportes,88.79,177.58
5606111,47021463,2019-05-26,2,Ropa,63.88,127.76
14289585,40147865,2019-05-26,2,Deportes,254.76,509.52
7084043,42553390,2019-05-26,2,Ropa,36.15,72.3
11174253,37567190,2019-05-26,2,Ropa,60.31,120.62
15465815,47215304,2019-05-26,2,Belleza,104.5,209.0
13623123,40255587,2019-05-26,2,Deportes,34.17,68.34
42257257,33642028,2019-05-25,2,Libros,48.92,97.84
9210777,38164002,2019-05-26,2,Ropa,146.01,292.02
20353158,31289095,2019-05-25,2,Deportes,137.65,275.3
34293830,49114762,2019-05-26,2,Hogar,43.37,86.74
12182081,31295048,2019-05-25,2,Electronica,755.09,1510.18
1291091,48350300,2019-05-26,2,Ropa,62.48,124.96
32318580,3429485,2019-05-25,3,Hogar,207.92,623.76
24971770,47325754,2019-05-25,2,Electronica,447.26,894.52
19863975,774886,2019-05-27,2,Ropa,43.3,86.6
22464080,33781223,2019-05-27,2,Libros,15.16,30.32
11753613,7033706,2019-05-25,2,Hogar,202.69,405.38
1614209,6033144,2019-05-25,3,Hogar,482.97,1448.91
7308660,42555395,2019-05-25,2,Libros,19.64,39.28
4805697,1387892,2019-05-25,2,Hogar,177.94,355.88
5717221,4376600,2019-05-25,2,Libros,23.11,46.22
11831309,44053055,2019-05-25,2,Belleza,60.23,120.46
2364676,6981796,2019-05-25,2,Deportes,340.53,681.06
15327475,46739289,2019-05-25,2,Electronica,633.08,1266.16
20738234,48512482,2019-05-25,2,Deportes,326.34,652.68
6111658,32575573,2019-05-25,3,Deportes,63.7,191.10000000000002
20505706,32613327,2019-05-25,2,Libros,54.22,108.44
7387435,49469695,2019-05-25,2,Deportes,90.42,180.84
33114055,4792308,2019-05-25,2,Hogar,34.01,68.02
41599904,587539,2019-05-25,3,Libros,13.71,41.13
26465260,38557587,2019-05-25,2,Ropa,49.87,99.74
10268541,4923446,2019-05-25,2,Deportes,92.48,184.96
10949651,42421202,2019-05-25,2,Libros,47.08,94.16
1015519,34071652,2019-05-25,5,Libros,32.97,164.85
6358676,35045325,2019-05-25,2,Belleza,56.74,113.48
18307736,31905665,2019-05-25,2,Ropa,178.66,357.32
18926381,41735136,2019-05-25,2,Libros,44.37,88.74
17136552,236626,2019-05-25,3,Ropa,19.68,59.04
14290134,40406757,2019-05-25,3,Hogar,256.39,769.17
4449318,42512860,2019-05-25,2,Deportes,194.29,388.58
17059654,42714808,2019-05-25,2,Electronica,532.08,1064.16
33325881,45526730,2019-05-25,3,Electronica,1404.03,4212.09
34524624,41709027,2019-05-25,2,Ropa,129.83,259.66
26415963,6349954,2019-05-25,2,Ropa,18.3,36.6
1004907,4360871,2019-05-25,2,Ropa,16.64,33.28
3578439,48196328,2019-05-25,2,Deportes,182.36,364.72
14076155,42636987,2019-05-25,2,Libros,49.62,99.24
23068535,5476666,2019-05-25,2,Libros,41.91,83.82
1955849,37302132,2019-05-25,2,Deportes,26.35,52.7
13895716,31678574,2019-05-25,2,Hogar,101.56,203.12
15021439,4709411,2019-05-25,2,Deportes,292.3,584.6
17938479,35133215,2019-05-26,2,Deportes,106.16,212.32
7267600,4065096,2019-05-25,2,Deportes,180.76,361.52
7654263,3154417,2019-05-25,3,Deportes,242.95,728.8499999999999
19058164,41661294,2019-05-25,2,Hogar,119.98,239.96
22669345,6861994,2019-05-25,2,Hogar,200.52,401.04
1114755,35910292,2019-05-25,2,Belleza,72.15,144.3
3339648,50311716,2019-05-25,2,Belleza,49.1,98.2
11378671,50379081,2019-05-25,2,Belleza,21.46,42.92
20222477,37721057,2019-05-25,5,Belleza,61.54,307.7
13292406,6652501,2019-05-25,2,Libros,22.82,45.64
9986440,4914719,2019-05-25,2,Ropa,174.2,348.4
14361718,49605564,2019-05-25,2,Ropa,157.37,314.74
3139820,43182489,2019-05-25,2,Belleza,26.88,53.76
24612686,46653459,2019-05-25,2,Electronica,1114.84,2229.68
2904668,45529369,2019-05-25,2,Belleza,22.55,45.1
10984928,5986355,2019-05-25,2,Electronica,554.13,1108.26
22104809,3339229,2019-05-25,2,Deportes,311.34,622.68
12904611,46228739,2019-05-25,2,Ropa,88.31,176.62
26386449,36364066,2019-05-25,2,Electronica,1401.43,2802.86
6147417,6109062,2019-05-25,2,Electronica,572.71,1145.42
5271087,42523040,2019-05-25,2,Electronica,487.35,974.7
2147967,961700,2019-05-25,2,Deportes,349.68,699.36
5486309,38323524,2019-05-25,2,Libros,32.79,65.58
20877880,46342640,2019-05-25,2,Hogar,444.53,889.06
26819568,31379871,2019-05-25,2,Ropa,143.37,286.74
10289026,41869479,2019-05-25,2,Belleza,86.46,172.92
5112390,33156002,2019-05-25,2,Belleza,64.66,129.32
22948466,2827452,2019-05-25,2,Hogar,422.55,845.1
274380,35420611,2019-05-25,2,Hogar,61.06,122.12
34896885,32344160,2019-05-25,4,Ropa,58.34,233.36
4433406,45983455,2019-05-25,2,Belleza,109.35,218.7
22761909,3328915,2019-05-25,2,Belleza,78.23,156.46
23400524,6911858,2019-05-25,2,Deportes,186.71,373.42
22775450,2745769,2019-05-25,2,Electronica,1474.18,2948.36
42168937,34951911,2019-05-25,3,Belleza,104.13,312.39
26347565,49601408,2019-05-24,2,Libros,47.46,94.92
12220139,8225648,2019-05-25,2,Ropa,62.04,124.08
4446010,36682210,2019-05-25,2,Libros,58.56,117.12
9327336,3160478,2019-05-25,2,Hogar,375.35,750.7
960603,36519865,2019-05-25,2,Deportes,249.98,499.96
13806512,48128638,2019-05-25,2,Ropa,185.14,370.28
11079344,47952371,2019-05-25,2,Deportes,81.63,163.26
17602359,48157863,2019-05-25,2,Electronica,251.57,503.14
166962,42208488,2019-05-25,2,Belleza,69.83,139.66
15936330,36850537,2019-05-25,2,Ropa,20.78,41.56
9680363,44492908,2019-05-25,2,Hogar,337.03,674.06
999233,40249941,2019-05-25,2,Electronica,399.07,798.14
19045177,33294247,2019-05-25,2,Electronica,222.59,445.18
6003052,929772,2019-05-25,2,Deportes,175.61,351.22
14603612,39833031,2019-05-25,2,Belleza,110.33,220.66
24139170,38893096,2019-05-25,2,Electronica,725.63,1451.26
23769996,34940833,2019-05-25,2,Ropa,38.5,77.0
13315794,47066613,2019-05-25,2,Ropa,42.39,84.78
14275045,44557135,2019-05-25,2,Deportes,35.78,71.56
17927217,50097866,2019-05-25,2,Electronica,650.38,1300.76
12303964,48771125,2019-05-25,2,Ropa,123.38,246.76
41623133,7157808,2019-05-24,2,Hogar,383.37,766.74
22519846,39316484,2019-05-24,2,Libros,53.08,106.16
1825991,50976881,2019-05-24,2,Ropa,28.53,57.06
18396067,33275065,2019-05-24,2,Electronica,50.01,100.02
10688592,43451550,2019-05-24,2,Hogar,269.47,538.94
2632159,48826811,2019-05-24,2,Hogar,142.75,285.5
10815695,34453705,2019-05-24,2,Deportes,162.36,324.72
12739398,32356314,2019-05-24,2,Belleza,112.35,224.7
4536823,37870462,2019-05-24,2,Deportes,153.79,307.58
40077348,32677146,2019-05-24,2,Ropa,79.42,158.84
25742955,40646391,2019-05-25,2,Ropa,49.79,99.58
10698013,6041617,2019-05-25,2,Deportes,384.81,769.62
16959102,44699532,2019-05-25,2,Belleza,57.5,115.0
9968566,32661612,2019-05-24,2,Deportes,236.75,473.5
30086237,35179453,2019-05-24,2,Libros,9.55,19.1
16559856,1294667,2019-05-24,2,Ropa,70.82,141.64
39886900,31616850,2019-05-24,2,Ropa,96.1,192.2
5150852,25878009,2019-05-25,2,Belleza,34.09,68.18
18093938,4587005,2019-05-25,2,Ropa,163.98,327.96
9683428,48018933,2019-05-25,2,Deportes,265.2,530.4
3303522,6901617,2019-05-25,2,Belleza,8.27,16.54
38595586,47970014,2019-05-25,2,Belleza,84.38,168.76
7210390,37680304,2019-05-25,2,Deportes,245.82,491.64
12574807,32056122,2019-05-25,2,Deportes,74.83,149.66
3121817,31222761,2019-05-25,2,Deportes,83.04,166.08
12850919,38002425,2019-05-24,2,Belleza,80.81,161.62
26179687,34443875,2019-05-24,2,Belleza,40.9,81.8
17734059,31906021,2019-05-24,2,Ropa,60.49,120.98
35047496,15206709,2019-05-24,2,Hogar,43.69,87.38
8932193,37302354,2019-05-24,3,Deportes,311.26,933.78
13898422,4530857,2019-05-24,2,Libros,53.55,107.1
15044811,34390175,2019-05-24,2,Belleza,30.75,61.5
22595294,31902551,2019-05-24,2,Ropa,165.77,331.54
1491821,6728938,2019-05-24,2,Ropa,98.55,197.1
10250331,44862239,2019-05-24,2,Electronica,824.24,1648.48
699908,5894117,2019-05-24,2,Deportes,112.06,224.12
13330074,48513366,2019-05-24,2,Ropa,42.84,85.68
1776026,37681016,2019-05-24,2,Electronica,1243.35,2486.7
12935635,48300701,2019-05-24,2,Libros,48.91,97.82
19359587,13081559,2019-05-24,2,Libros,47.75,95.5
8676335,31724835,2019-05-24,2,Hogar,165.01,330.02
25587702,2268742,2019-05-24,2,Deportes,196.08,392.16
41517154,40537728,2019-05-24,2,Belleza,104.42,208.84
39814593,34219300,2019-05-24,2,Electronica,1393.04,2786.08
12967708,46237519,2019-05-24,3,Belleza,42.76,128.28
559756,3304872,2019-05-24,3,Libros,17.36,52.08
4314375,34579566,2019-05-24,2,Libros,30.53,61.06
3558340,6571058,2019-05-24,2,Hogar,101.97,203.94
13411691,47065342,2019-05-24,2,Hogar,443.74,887.48
3296638,45542204,2019-05-24,2,Hogar,178.93,357.86
42147602,32884569,2019-05-25,3,Ropa,37.89,113.67
13260154,47570995,2019-05-24,2,Electronica,1112.17,2224.34
1672902,47047084,2019-05-24,3,Hogar,294.44,883.3199999999999
21001725,36901725,2019-05-24,2,Ropa,123.0,246.0
18093938,32147577,2019-05-24,2,Hogar,264.77,529.54
12035911,41160240,2019-05-24,2,Ropa,39.74,79.48
22197863,34978912,2019-05-24,2,Ropa,198.29,396.58
24548171,31684260,2019-05-24,2,Deportes,85.59,171.18
17450646,47748876,2019-05-24,2,Ropa,152.79,305.58
22188917,3171808,2019-05-24,2,Ropa,160.36,320.72
4440178,3503099,2019-05-24,2,Hogar,85.4,170.8
31574543,32925781,2019-05-24,2,Ropa,187.3,374.6
15192667,31272089,2019-05-24,2,Belleza,61.09,122.18
11614878,31090741,2019-05-24,2,Hogar,320.01,640.02
7414832,31632072,2019-05-24,2,Electronica,981.17,1962.34
14111029,7154277,2019-05-24,2,Hogar,259.9,519.8
7980375,36503135,2019-05-24,2,Electronica,1203.41,2406.82
5433408,2430350,2019-05-24,2,Ropa,36.98,73.96
12704370,46659635,2019-05-24,2,Belleza,91.45,182.9
2826526,6929796,2019-05-24,2,Belleza,93.93,187.86
24618453,34412816,2019-05-24,2,Belleza,62.94,125.88
32075208,36432708,2019-05-24,2,Hogar,297.17,594.34
5126817,2863624,2019-05-24,2,Belleza,18.65,37.3
30192009,32240461,2019-05-24,2,Electronica,1065.47,2130.94
10037650,33642637,2019-05-24,2,Libros,43.65,87.3
14929656,1761158,2019-05-24,2,Electronica,845.31,1690.62
21875564,38960145,2019-05-24,2,Libros,9.98,19.96
20968374,4387400,2019-05-24,2,Deportes,154.0,308.0
41763942,2035558,2019-05-24,2,Libros,7.8,15.6
20344495,45527903,2019-05-24,2,Deportes,201.49,402.98
23038260,3261372,2019-05-24,2,Hogar,454.63,909.26
18059019,38591627,2019-05-24,2,Deportes,20.86,41.72
22737586,44057599,2019-05-24,2,Belleza,35.66,71.32
17522614,3977722,2019-05-24,2,Deportes,323.95,647.9
14777030,50416619,2019-05-24,2,Belleza,6.13,12.26
12713979,4323392,2019-05-24,2,Libros,5.56,11.12
12713979,39222729,2019-05-24,2,Ropa,72.79,145.58
3665151,40782926,2019-05-24,2,Libros,38.6,77.2
1974669,34759937,2019-05-24,2,Hogar,362.05,724.1
1774593,47732279,2019-05-24,2,Libros,48.41,96.82
3725001,6085231,2019-05-24,2,Deportes,315.07,630.14
2341067,31707353,2019-05-24,2,Libros,47.88,95.76
23366643,1069246,2019-05-24,2,Deportes,157.18,314.36
22104809,33858679,2019-05-23,3,Belleza,95.99,287.96999999999997
4339123,50892686,2019-05-23,2,Deportes,355.44,710.88
6654501,39227437,2019-05-23,2,Ropa,12.44,24.88
8983685,34047319,2019-05-23,2,Ropa,69.32,138.64
23119586,4379557,2019-05-23,2,Deportes,148.13,296.26
31896986,32044554,2019-05-23,2,Belleza,24.04,48.08
31438612,35818471,2019-05-23,2,Hogar,178.07,356.14
27855842,34163775,2019-05-23,2,Electronica,899.53,1799.06
29419821,35896453,2019-05-23,2,Ropa,108.85,217.7
12603915,42778220,2019-05-23,3,Deportes,141.38,424.14
21473656,50288234,2019-05-23,2,Electronica,1136.52,2273.04
8276934,6842021,2019-05-23,8,Hogar,347.8,2782.4
38035487,32089671,2019-05-23,2,Ropa,145.81,291.62
10642300,104352,2019-05-23,2,Hogar,151.14,302.28
18443378,41030653,2019-05-23,2,Belleza,42.17,84.34
3197208,36503134,2019-05-23,2,Deportes,129.26,258.52
15787539,4408311,2019-05-23,2,Hogar,77.49,154.98
20344495,50233980,2019-05-23,3,Ropa,153.03,459.09000000000003
15294543,49371858,2019-05-23,3,Deportes,37.59,112.77000000000001
27102262,3721112,2019-05-23,2,Electronica,268.34,536.68
10736354,31151274,2019-05-23,2,Libros,10.79,21.58
7282421,44225224,2019-05-23,2,Belleza,99.91,199.82
4392443,47469809,2019-05-23,2,Ropa,18.36,36.72
30166631,45995762,2019-05-23,2,Belleza,81.43,162.86
41138764,33199931,2019-05-23,2,Deportes,36.9,73.8
26491775,31081505,2019-05-23,2,Deportes,342.05,684.1
12048062,47864498,2019-05-23,2,Libros,48.25,96.5
17009472,33623591,2019-05-23,2,Hogar,457.67,915.34
7833786,31523531,2019-05-23,2,Belleza,60.99,121.98
34533356,4902097,2019-05-23,2,Electronica,1216.59,2433.18
12728370,50891995,2019-05-23,2,Ropa,100.2,200.4
21870822,37145745,2019-05-23,2,Ropa,144.22,288.44
30246617,36510884,2019-05-23,3,Electronica,1203.67,3611.01
8137852,35631717,2019-05-23,2,Belleza,93.18,186.36
7323567,46534573,2019-05-23,2,Libros,16.3,32.6
41977208,3049753,2019-05-23,2,Hogar,257.29,514.58
41647971,6896378,2019-05-23,2,Belleza,86.31,172.62
36115179,1761630,2019-05-22,2,Hogar,480.8,961.6
1647279,43476492,2019-05-22,2,Electronica,548.12,1096.24
32495644,41188619,2019-05-22,2,Hogar,446.11,892.22
9830707,7105621,2019-05-22,2,Deportes,388.79,777.58
41276749,5861171,2019-05-22,2,Deportes,241.6,483.2
3879659,47314760,2019-05-22,2,Libros,30.39,60.78
41249610,31511824,2019-05-22,2,Belleza,72.23,144.46
26795190,41211413,2019-05-22,2,Belleza,44.47,88.94
13842559,39402513,2019-05-22,2,Hogar,334.01,668.02
33959374,46211285,2019-05-22,2,Ropa,127.98,255.96
14017560,39689144,2019-05-22,2,Electronica,1232.97,2465.94
34331701,46413072,2019-05-22,2,Electronica,621.6,1243.2
5567719,46234614,2019-05-22,2,Electronica,97.78,195.56
27145707,35412501,2019-05-22,2,Belleza,86.51,173.02
5149071,3953483,2019-05-22,2,Libros,57.59,115.18
16685888,49613896,2019-05-22,2,Electronica,466.98,933.96
33826027,32949451,2019-05-22,2,Deportes,257.49,514.98
24006477,42743720,2019-05-22,2,Deportes,73.92,147.84
40794642,46893197,2019-05-22,2,Deportes,91.6,183.2
41564242,50317557,2019-05-22,3,Belleza,33.55,100.64999999999999
29963161,48641735,2019-05-22,2,Ropa,182.85,365.7
17680022,3799297,2019-05-23,2,Belleza,6.56,13.12
31758106,50015651,2019-05-23,2,Libros,35.18,70.36
29954353,31892844,2019-05-22,2,Electronica,280.08,560.16
41170253,34885782,2019-05-22,2,Belleza,37.52,75.04
3007353,6499717,2019-05-22,2,Electronica,495.12,990.24
6225443,31511266,2019-05-22,2,Libros,17.06,34.12
3956866,40277313,2019-05-22,2,Libros,48.58,97.16
22524187,43154303,2019-05-22,2,Hogar,176.12,352.24
18422272,3869250,2019-05-22,2,Electronica,550.95,1101.9
11000203,4449389,2019-05-22,2,Deportes,192.14,384.28
10391362,31348645,2019-05-22,3,Belleza,108.76,326.28000000000003
18905306,31350381,2019-05-22,2,Deportes,92.12,184.24
11278316,27104759,2019-05-22,2,Libros,42.85,85.7
28899270,2301333,2019-05-22,2,Electronica,139.54,279.08
12148618,46287529,2019-05-22,2,Ropa,17.46,34.92
11764624,31276755,2019-05-22,2,Hogar,289.7,579.4
29512504,32151782,2019-05-21,2,Ropa,178.54,357.08
13904818,31173079,2019-05-21,2,Libros,22.78,45.56
25932578,38860047,2019-05-21,2,Ropa,81.54,163.08
35023031,35625337,2019-05-21,2,Ropa,57.08,114.16
40788704,34547779,2019-05-21,2,Ropa,185.98,371.96
13425882,6972015,2019-05-21,2,Ropa,152.16,304.32
1194176,46796520,2019-05-21,2,Hogar,307.01,614.02
12073194,6738208,2019-05-21,2,Ropa,166.54,333.08
18512468,41881968,2019-05-21,4,Hogar,289.04,1156.16
15959602,32875767,2019-05-21,2,Hogar,87.41,174.82
12366322,36765150,2019-05-21,2,Deportes,304.26,608.52
7117308,4352453,2019-05-21,2,Hogar,100.34,200.68
1623942,42555391,2019-05-21,2,Libros,14.02,28.04
14941718,34940831,2019-05-21,2,Ropa,63.54,127.08
29617256,42505130,2019-05-21,4,Deportes,98.6,394.4
11251151,6411072,2019-05-21,2,Electronica,581.18,1162.36
29137433,6581161,2019-05-21,2,Deportes,379.09,758.18
9684026,36813791,2019-05-21,2,Deportes,389.15,778.3
18524852,43141011,2019-05-21,2,Hogar,24.03,48.06
20192944,32924781,2019-05-21,2,Belleza,77.0,154.0
10596751,44343992,2019-05-21,2,Deportes,70.54,141.08
17027802,49121393,2019-05-21,2,Electronica,800.52,1601.04
25807239,42267983,2019-05-21,2,Libros,22.78,45.56
10188852,42040806,2019-05-21,2,Belleza,107.07,214.14
2119532,35248276,2019-05-21,3,Libros,41.86,125.58
9042001,25593409,2019-05-21,2,Belleza,27.21,54.42
13726970,42021141,2019-05-21,2,Belleza,119.81,239.62
3063310,35136486,2019-05-21,2,Belleza,24.4,48.8
4631818,42425865,2019-05-21,2,Ropa,145.77,291.54
10898704,40213598,2019-05-21,2,Deportes,53.39,106.78
41231423,41219532,2019-05-21,2,Electronica,252.13,504.26
13608763,36478082,2019-05-21,2,Belleza,35.97,71.94
1090917,38398993,2019-05-21,2,Hogar,217.14,434.28
7579566,76286,2019-05-21,2,Libros,18.87,37.74
31915317,34501164,2019-05-21,2,Libros,52.44,104.88
16210631,38233686,2019-05-21,2,Ropa,140.19,280.38
14718433,49995119,2019-05-21,2,Deportes,127.76,255.52
18121781,32398819,2019-05-21,2,Libros,55.34,110.68
12237175,1262921,2019-05-21,2,Hogar,239.51,479.02
14248059,48790153,2019-05-21,2,Hogar,328.83,657.66
12032674,3242327,2019-05-21,2,Belleza,35.41,70.82
3696075,36402949,2019-05-21,2,Hogar,90.67,181.34
10428591,44303812,2019-05-21,2,Electronica,1310.71,2621.42
31797629,42699430,2019-05-21,2,Hogar,68.11,136.22
13862383,7081504,2019-05-21,2,Belleza,94.01,188.02
2421788,46119444,2019-05-21,2,Libros,36.95,73.9
2093088,32446456,2019-05-21,2,Hogar,432.65,865.3
7324572,38258496,2019-05-21,2,Deportes,292.77,585.54
16396260,39833031,2019-05-21,2,Belleza,110.33,220.66
5017322,32571183,2019-05-21,2,Hogar,458.01,916.02
10210477,3236609,2019-05-21,2,Deportes,127.03,254.06
10869247,45626686,2019-05-21,2,Deportes,238.28,476.56
10360445,6619953,2019-05-21,2,Libros,20.77,41.54
11182414,46981449,2019-05-21,2,Libros,5.72,11.44
3201505,41916551,2019-05-21,2,Ropa,100.29,200.58
27494230,32721687,2019-05-21,2,Deportes,52.69,105.38
10661289,35714050,2019-05-21,2,Deportes,183.0,366.0
29908166,39201881,2019-05-21,2,Ropa,30.83,61.66
35054212,6585362,2019-05-21,2,Libros,57.55,115.1
14892103,33174664,2019-05-21,2,Deportes,218.77,437.54
10573350,35217531,2019-05-21,2,Belleza,118.33,236.66
25707684,5898566,2019-05-21,2,Belleza,110.02,220.04
13928706,27159659,2019-05-20,2,Libros,6.23,12.46
18747782,36524490,2019-05-20,2,Belleza,30.45,60.9
6633004,38578770,2019-05-21,2,Deportes,262.31,524.62
20096198,43221558,2019-05-20,2,Deportes,136.64,273.28
9811655,5791421,2019-05-23,2,Ropa,92.05,184.1
12987217,44597194,2019-05-20,2,Belleza,105.41,210.82
7122160,4396681,2019-05-20,2,Libros,58.9,117.8
40520963,32870872,2019-05-20,2,Hogar,134.55,269.1
20797583,6679010,2019-05-20,2,Electronica,1424.97,2849.94
15305247,39947159,2019-05-20,2,Belleza,84.2,168.4
11597469,4794791,2019-05-20,3,Hogar,476.44,1429.32
6167560,31063848,2019-05-20,2,Belleza,69.67,139.34
12344612,7587271,2019-05-20,2,Hogar,442.85,885.7
3956959,38642592,2019-05-20,2,Hogar,480.97,961.94
41765860,31993763,2019-05-20,2,Hogar,447.84,895.68
17112134,32249225,2019-05-20,3,Belleza,19.79,59.37
7835564,42469004,2019-05-20,2,Ropa,69.05,138.1
23389241,39491076,2019-05-20,2,Belleza,32.95,65.9
11296700,1894477,2019-05-20,2,Belleza,70.79,141.58
3518978,34639136,2019-05-20,3,Hogar,404.36,1213.08
15823837,41695274,2019-05-20,2,Electronica,1151.15,2302.3
2355485,35264897,2019-05-20,2,Hogar,367.47,734.94
41293595,43739902,2019-05-20,2,Deportes,162.6,325.2
5259564,47210841,2019-05-20,2,Belleza,21.06,42.12
29640741,32256496,2019-05-20,2,Libros,16.58,33.16
15266656,36290087,2019-05-20,2,Belleza,90.29,180.58
15278766,6120421,2019-05-20,3,Electronica,1371.05,4113.15
40410876,34394187,2019-05-20,2,Ropa,38.03,76.06
11533214,39833031,2019-05-20,2,Belleza,110.33,220.66
877903,6767785,2019-05-20,2,Libros,17.26,34.52
28615243,39833031,2019-05-20,2,Belleza,110.33,220.66
28018483,42758936,2019-05-20,2,Hogar,220.91,441.82
41128776,5617002,2019-05-20,2,Ropa,23.7,47.4
8519727,39424218,2019-05-20,2,Belleza,29.46,58.92
41379518,32605160,2019-05-20,2,Hogar,87.64,175.28
13783453,31575827,2019-05-20,2,Hogar,476.39,952.78
3565427,42720782,2019-05-20,2,Deportes,92.78,185.56
14471527,5049430,2019-05-20,2,Deportes,347.47,694.94
1607825,42936393,2019-05-20,2,Electronica,216.46,432.92
11491965,44720835,2019-05-20,2,Deportes,350.48,700.96
32052902,45220018,2019-05-20,2,Ropa,22.46,44.92
23106258,31903980,2019-05-20,2,Libros,37.97,75.94
7492085,4785589,2019-05-20,2,Hogar,427.11,854.22
36220649,48125526,2019-05-20,2,Deportes,349.59,699.18
4781028,2570847,2019-05-20,2,Electronica,914.74,1829.48
6370314,40186177,2019-05-20,2,Belleza,110.53,221.06
9853442,1069705,2019-05-20,2,Libros,57.73,115.46
8951518,6484484,2019-05-20,2,Libros,37.2,74.4
13045281,39638075,2019-05-20,3,Deportes,290.77,872.31
10587248,40267399,2019-05-20,2,Hogar,216.8,433.6
6224666,32769748,2019-05-20,2,Belleza,110.12,220.24
16049446,33667781,2019-05-20,2,Hogar,414.72,829.44
3736524,47172637,2019-05-20,2,Belleza,24.17,48.34
16898467,41996285,2019-05-20,2,Libros,36.7,73.4
26819568,42325963,2019-05-20,2,Hogar,449.96,899.92
11986273,3612686,2019-05-20,2,Deportes,321.36,642.72
7173043,39447347,2019-05-20,2,Deportes,385.77,771.54
37941106,50476967,2019-05-20,2,Electronica,385.39,770.78
24715437,6041617,2019-05-20,2,Deportes,384.81,769.62
3027176,46122621,2019-05-20,2,Belleza,47.26,94.52
11736001,49565150,2019-05-20,2,Electronica,785.43,1570.86
14450436,2612053,2019-05-20,2,Ropa,54.21,108.42
34667012,38630059,2019-05-20,2,Deportes,169.74,339.48
33100150,4464640,2019-05-22,2,Belleza,66.82,133.64
1477284,2332579,2019-06-01,2,Libros,15.52,31.04
32485988,41141416,2019-06-01,2,Electronica,422.2,844.4
10629563,47864502,2019-06-01,2,Libros,11.87,23.74
3079829,49710787,2019-06-01,2,Libros,44.24,88.48
5508993,32707617,2019-06-01,2,Libros,24.89,49.78
18077463,47641652,2019-06-01,2,Electronica,369.39,738.78
23151154,2053666,2019-06-01,2,Ropa,106.39,212.78
5001665,33039212,2019-06-01,2,Ropa,141.14,282.28
26874608,36974571,2019-06-01,2,Electronica,148.96,297.92
16034170,37619163,2019-06-01,2,Hogar,462.85,925.7
14045686,32254146,2019-06-01,2,Deportes,131.9,263.8
2134802,46750361,2019-06-01,2,Electronica,1335.37,2670.74
22025907,43703465,2019-06-01,2,Electronica,771.55,1543.1
18505999,31081477,2019-06-01,2,Ropa,171.53,343.06
5464640,40918187,2019-06-01,2,Hogar,134.83,269.66
21093713,34728846,2019-06-01,2,Electronica,304.14,608.28
10100619,38268876,2019-06-01,2,Belleza,56.13,112.26
3530559,2280088,2019-05-31,2,Deportes,342.78,685.56
18287146,26982059,2019-06-01,2,Deportes,100.91,201.82
12686122,37834579,2019-06-01,2,Electronica,1131.98,2263.96
4364206,40275989,2019-06-01,3,Libros,28.37,85.11
17145156,42355679,2019-06-01,2,Libros,23.95,47.9
12747139,51063567,2019-06-01,2,Libros,46.15,92.3
17390448,28211409,2019-06-01,2,Hogar,455.21,910.42
38322444,34936362,2019-05-31,2,Belleza,88.62,177.24
1939649,42740627,2019-06-01,2,Deportes,393.02,786.04
15035496,37864509,2019-06-01,2,Libros,24.79,49.58
42088292,32217809,2019-05-31,2,Deportes,159.66,319.32
10725392,51065860,2019-05-31,2,Hogar,490.97,981.94
27523208,48137530,2019-05-31,2,Hogar,432.84,865.68
42366895,1069523,2019-05-31,2,Libros,7.48,14.96
14403553,33083994,2019-05-31,2,Electronica,881.5,1763.0
13364706,45741102,2019-06-01,2,Belleza,25.84,51.68
16592857,48228949,2019-05-31,2,Electronica,284.43,568.86
21903035,38330333,2019-05-31,2,Belleza,85.09,170.18
1619813,33656473,2019-05-31,2,Ropa,198.86,397.72
20499435,39366759,2019-05-31,2,Belleza,20.98,41.96
23321786,34806596,2019-05-31,2,Ropa,197.52,395.04
6629782,36410398,2019-05-31,2,Belleza,69.32,138.64
1826995,41181578,2019-05-31,2,Deportes,272.78,545.56
16798175,44696372,2019-05-31,3,Hogar,469.48,1408.44
26122546,4801788,2019-05-31,2,Deportes,341.96,683.92
1552362,3895977,2019-05-31,2,Libros,18.52,37.04
10393421,3745733,2019-05-31,2,Ropa,118.8,237.6
42217364,5016678,2019-05-31,2,Libros,57.45,114.9
18730672,35319864,2019-05-31,2,Electronica,1116.79,2233.58
12563016,48276708,2019-05-31,2,Ropa,140.78,281.56
2768342,4753992,2019-05-31,2,Deportes,306.86,613.72
22394309,44044121,2019-05-31,2,Ropa,127.89,255.78
14973081,408948,2019-05-31,2,Deportes,142.55,285.1
42113422,42041073,2019-05-31,2,Libros,45.11,90.22
25752914,35137165,2019-05-31,2,Deportes,108.48,216.96
767270,4251233,2019-05-31,2,Deportes,182.68,365.36
2848927,34732115,2019-05-31,2,Electronica,96.11,192.22
24257394,46052315,2019-05-31,2,Belleza,107.34,214.68
41782767,7826891,2019-05-31,2,Electronica,77.51,155.02
18231550,47410340,2019-05-31,2,Belleza,52.65,105.3
9505273,5912429,2019-05-31,2,Deportes,121.39,242.78
1190520,6133072,2019-05-31,2,Hogar,111.32,222.64
12113064,36765067,2019-05-31,2,Belleza,101.44,202.88
3900130,35778821,2019-05-31,2,Deportes,284.67,569.34
36458566,40275998,2019-05-31,2,Hogar,486.66,973.32
10979741,4938701,2019-05-31,2,Deportes,62.8,125.6
5209583,31558909,2019-05-31,2,Electronica,766.97,1533.94
16439448,1207170,2019-05-31,2,Libros,30.68,61.36
9414285,39845723,2019-05-31,2,Ropa,37.08,74.16
4000848,3296165,2019-05-31,2,Belleza,96.97,193.94
9026716,2925596,2019-05-31,2,Belleza,47.17,94.34
5644687,46254769,2019-05-31,2,Belleza,92.62,185.24
26226376,45568445,2019-05-31,2,Deportes,92.98,185.96
35640321,42198588,2019-05-31,2,Electronica,506.86,1013.72
11055064,46850603,2019-05-31,2,Deportes,56.16,112.32
20886661,36315496,2019-05-31,2,Belleza,54.56,109.12
7100207,43173824,2019-05-31,2,Deportes,74.52,149.04
25173744,48919233,2019-05-31,2,Libros,53.58,107.16
4497616,47346853,2019-05-31,2,Hogar,67.92,135.84
14135117,45279533,2019-05-31,2,Electronica,188.81,377.62
34065232,43524799,2019-05-30,4,Belleza,46.04,184.16
9189955,34430405,2019-05-31,2,Belleza,113.14,226.28
6929222,47160629,2019-05-30,2,Ropa,132.72,265.44
2689554,1388500,2019-05-30,2,Belleza,16.61,33.22
30230384,42712641,2019-05-30,2,Deportes,389.25,778.5
21491503,43248852,2019-05-30,2,Electronica,263.3,526.6
40170685,34764196,2019-05-30,3,Ropa,185.26,555.78
14373489,43258705,2019-05-30,2,Electronica,1161.2,2322.4
24095812,2422769,2019-05-30,2,Electronica,100.53,201.06
10848692,4567104,2019-05-31,2,Hogar,317.9,635.8
29324974,42764346,2019-05-30,2,Belleza,67.87,135.74
19860890,39639080,2019-05-30,2,Hogar,105.25,210.5
28621605,46506432,2019-05-30,2,Electronica,406.69,813.38
4676906,46909102,2019-05-30,2,Hogar,115.88,231.76
17295014,46828110,2019-05-30,3,Libros,40.37,121.10999999999999
34316815,34225442,2019-05-30,3,Ropa,127.24,381.71999999999997
1501497,34200673,2019-05-30,2,Hogar,355.99,711.98
24757464,42635533,2019-05-30,2,Libros,48.91,97.82
35353500,31163638,2019-05-30,2,Deportes,352.83,705.66
40420125,45611627,2019-05-30,2,Hogar,262.4,524.8
22410884,4643727,2019-05-30,2,Hogar,252.79,505.58
1794871,47337277,2019-05-30,2,Libros,39.19,78.38
38082289,48958041,2019-05-30,2,Deportes,297.1,594.2
12679715,31679663,2019-05-30,2,Electronica,566.45,1132.9
16767490,31360659,2019-05-30,4,Deportes,211.76,847.04
13994540,32151680,2019-05-30,2,Hogar,53.61,107.22
13272529,39591805,2019-05-30,3,Belleza,72.29,216.87
11827492,33061423,2019-05-30,2,Deportes,304.14,608.28
2506554,2486041,2019-05-30,2,Electronica,829.22,1658.44
33695110,40812353,2019-05-30,2,Libros,59.36,118.72
25438160,41724469,2019-05-30,2,Deportes,243.33,486.66
4845845,32524892,2019-05-30,2,Electronica,375.07,750.14
29681408,50532685,2019-05-30,2,Deportes,243.44,486.88
28652887,35606440,2019-05-30,2,Hogar,412.46,824.92
25165160,42449410,2019-05-30,2,Ropa,36.3,72.6
25576769,2036590,2019-05-30,2,Ropa,172.91,345.82
27500511,48319549,2019-06-01,2,Hogar,403.12,806.24
12404127,33215802,2019-06-01,2,Belleza,85.83,171.66
4909508,4826512,2019-06-01,2,Ropa,178.76,357.52
40569770,3031005,2019-06-01,2,Deportes,147.21,294.42
43030541,48727149,2019-06-01,2,Belleza,63.37,126.74
9823678,31809109,2019-05-30,2,Deportes,316.24,632.48
32516857,31877667,2019-05-30,2,Electronica,433.45,866.9
10871751,37748601,2019-05-29,3,Deportes,161.2,483.59999999999997
27682645,6410257,2019-05-29,2,Ropa,167.92,335.84
9841786,46481494,2019-05-31,2,Electronica,291.01,582.02
1993070,41775102,2019-05-29,2,Hogar,396.26,792.52
26981441,38637535,2019-05-29,2,Hogar,388.49,776.98
18868537,40532157,2019-05-29,2,Belleza,116.69,233.38
40174249,42622025,2019-05-29,2,Deportes,398.47,796.94
41919766,40459288,2019-05-29,5,Deportes,111.48,557.4
24268025,42326728,2019-05-29,2,Hogar,451.72,903.44
27049824,39833425,2019-05-29,2,Belleza,15.87,31.74
5768123,36287318,2019-05-29,2,Deportes,300.06,600.12
26455075,41188619,2019-05-29,2,Hogar,446.11,892.22
29470501,6119807,2019-05-29,2,Libros,44.04,88.08
15969212,977311,2019-05-29,2,Deportes,103.64,207.28
18282382,50350531,2019-05-29,2,Deportes,134.12,268.24
18599299,46358751,2019-05-29,2,Electronica,109.29,218.58
21536227,42566053,2019-05-29,2,Electronica,876.85,1753.7
15748844,35879503,2019-05-29,2,Libros,57.05,114.1
35635728,47075761,2019-05-29,2,Ropa,60.0,120.0
13940221,48323986,2019-05-29,2,Ropa,137.9,275.8
16691706,43728623,2019-05-29,2,Electronica,308.29,616.58
31258021,51880368,2019-05-29,4,Hogar,60.29,241.16
5325759,1068795,2019-05-29,2,Belleza,44.02,88.04
15310682,42378821,2019-05-29,2,Deportes,257.19,514.38
21344288,39242207,2019-05-29,2,Deportes,114.22,228.44
19066278,43223915,2019-05-29,3,Electronica,485.24,1455.72
16220815,7155332,2019-05-29,2,Deportes,289.32,578.64
13263642,47409835,2019-05-29,2,Hogar,64.86,129.72
13503586,2280078,2019-05-29,2,Electronica,698.01,1396.02
22652310,49821616,2019-05-29,2,Hogar,471.74,943.48
23502076,3177357,2019-05-30,2,Electronica,625.61,1251.22
12851479,32567018,2019-05-29,2,Deportes,185.0,370.0
18000040,3262873,2019-05-29,2,Electronica,1120.4,2240.8
5489084,5895015,2019-05-29,2,Ropa,158.01,316.02
18127754,31612003,2019-05-29,2,Belleza,93.5,187.0
20980355,31819050,2019-05-29,2,Deportes,399.19,798.38
4713702,7160795,2019-05-29,2,Libros,8.93,17.86
15711228,3969270,2019-05-29,2,Belleza,117.96,235.92
40411008,37546770,2019-05-29,4,Deportes,381.07,1524.28
25850044,36813763,2019-05-29,2,Belleza,103.0,206.0
12218866,38897749,2019-05-29,2,Ropa,96.28,192.56
23193708,46687192,2019-05-29,2,Belleza,105.15,210.3
2451756,42365075,2019-05-29,2,Electronica,370.21,740.42
11268041,50907412,2019-05-29,2,Ropa,182.8,365.6
11328861,35603629,2019-05-29,2,Belleza,96.04,192.08
41945984,40205687,2019-05-29,2,Deportes,90.39,180.78
9256247,48726771,2019-05-29,2,Libros,49.84,99.68
27821901,35004971,2019-05-29,2,Libros,38.8,77.6
25916587,44062440,2019-05-29,2,Hogar,62.55,125.1
33840020,44060173,2019-05-29,3,Belleza,107.96,323.88
26203091,31511818,2019-05-29,3,Hogar,46.96,140.88
16332299,4903605,2019-05-29,2,Hogar,46.24,92.48
35618462,4445642,2019-05-28,4,Ropa,94.42,377.68
19849126,37781849,2019-05-28,2,Libros,36.79,73.58
42031530,6461301,2019-05-28,2,Belleza,80.47,160.94
15498873,34345317,2019-05-28,2,Libros,20.59,41.18
16368558,51325961,2019-05-28,2,Belleza,105.24,210.48
37918381,38036371,2019-05-28,3,Hogar,62.86,188.57999999999998
40515728,34913531,2019-05-28,2,Libros,57.57,115.14
42270063,46788053,2019-05-28,2,Deportes,227.18,454.36
20944368,45585516,2019-05-28,2,Belleza,53.43,106.86
33315860,35584907,2019-05-28,3,Deportes,223.03,669.09
35172243,6696828,2019-05-28,3,Deportes,287.26,861.78
24339806,36835312,2019-05-28,2,Hogar,352.1,704.2
16487795,33270492,2019-05-28,3,Libros,24.67,74.01
40481431,35013357,2019-05-28,2,Electronica,608.62,1217.24
42801989,51601677,2019-05-28,3,Deportes,233.65,700.95
35593857,50311618,2019-05-28,3,Libros,55.84,167.52
14816421,3967527,2019-05-28,2,Ropa,151.63,303.26
35591952,39695528,2019-05-28,2,Belleza,49.9,99.8
29459861,48147200,2019-05-28,2,Ropa,74.04,148.08
5433192,18363309,2019-05-28,2,Belleza,9.63,19.26
42048316,39833031,2019-05-28,2,Belleza,110.33,220.66
7819584,33113487,2019-05-28,2,Libros,43.57,87.14
24547145,42712499,2019-05-28,2,Deportes,54.71,109.42
18440655,4180104,2019-05-28,3,Belleza,65.22,195.66
18580875,31781543,2019-05-28,2,Hogar,436.95,873.9
16146606,46702774,2019-05-28,3,Deportes,23.3,69.9
13532864,3969024,2019-05-28,3,Ropa,35.61,106.83
13270651,32444788,2019-05-28,2,Ropa,40.47,80.94
35871520,6620688,2019-05-28,2,Libros,16.35,32.7
29458044,31245053,2019-05-28,2,Electronica,1080.2,2160.4
25266594,6308607,2019-05-28,2,Deportes,131.91,263.82
13525698,33005638,2019-05-28,2,Libros,7.61,15.22
10933777,40995148,2019-05-28,2,Belleza,28.97,57.94
40900590,34728502,2019-05-29,2,Electronica,67.6,135.2
16747383,33061423,2019-05-28,2,Deportes,304.14,608.28
9436076,36253934,2019-05-28,2,Deportes,360.7,721.4
22479400,47047309,2019-05-28,2,Electronica,1372.76,2745.52
41755568,47050575,2019-05-28,2,Electronica,1467.34,2934.68
7830207,42777202,2019-05-28,2,Belleza,12.06,24.12
41422153,34818562,2019-05-28,2,Hogar,268.08,536.16
10145316,42538096,2019-05-28,4,Hogar,89.0,356.0
6365793,33868798,2019-05-28,2,Deportes,308.3,616.6
18712043,46559860,2019-05-28,2,Ropa,189.46,378.92
25122619,49608235,2019-05-28,2,Ropa,136.42,272.84
20264617,49604147,2019-05-28,2,Belleza,39.17,78.34
39262866,6391779,2019-05-28,2,Deportes,64.44,128.88
42344333,6669476,2019-05-28,2,Deportes,335.86,671.72
2064653,4353661,2019-05-28,2,Hogar,342.01,684.02
11507063,86593,2019-05-28,2,Ropa,90.45,180.9
25068898,36904365,2019-05-28,2,Electronica,59.89,119.78
39027175,37177269,2019-05-28,3,Belleza,77.21,231.63
35652895,44745631,2019-05-28,2,Electronica,1224.93,2449.86
23518621,6652486,2019-05-28,2,Libros,37.49,74.98
1477457,48778774,2019-05-28,2,Libros,28.36,56.72
8989755,46833622,2019-05-28,2,Belleza,72.15,144.3
38749980,40275993,2019-05-28,2,Belleza,17.23,34.46
10640869,5939067,2019-05-28,2,Ropa,127.75,255.5
17765806,42763261,2019-05-28,2,Libros,40.2,80.4
42577204,3426139,2019-05-28,3,Hogar,484.02,1452.06
13015401,34575989,2019-05-28,2,Ropa,43.94,87.88
3336619,44587808,2019-05-28,2,Belleza,21.2,42.4
5426967,47136029,2019-05-28,2,Deportes,256.78,513.56
22960888,33456854,2019-05-28,2,Libros,15.34,30.68
17409811,38317597,2019-05-28,2,Hogar,116.83,233.66
41621716,42651259,2019-05-28,2,Deportes,274.32,548.64
23748528,42555784,2019-05-28,2,Ropa,62.96,125.92
32217650,47210215,2019-05-28,2,Libros,24.82,49.64
19173779,47452506,2019-05-28,2,Ropa,184.03,368.06
9381148,32963702,2019-05-28,2,Belleza,23.29,46.58
25854510,579438,2019-05-28,8,Deportes,395.89,3167.12
25854510,46068889,2019-05-28,4,Deportes,385.74,1542.96
3953151,31978090,2019-05-28,2,Electronica,513.09,1026.18
11499970,34967102,2019-05-28,2,Belleza,50.0,100.0
27852199,7025236,2019-05-28,2,Belleza,22.67,45.34
32212223,46163707,2019-05-28,2,Ropa,127.01,254.02
1887095,6053236,2019-05-28,3,Ropa,123.32,369.96
28653724,41181578,2019-05-28,2,Deportes,272.78,545.56
13891336,41695585,2019-05-28,2,Hogar,229.5,459.0
35559440,47555362,2019-05-28,3,Hogar,245.9,737.7
22386183,49576953,2019-05-28,2,Belleza,109.43,218.86
17589956,39594891,2019-05-28,2,Libros,22.86,45.72
4103088,192990,2019-05-28,2,Electronica,953.32,1906.64
3908251,38100148,2019-05-28,2,Belleza,72.1,144.2
3577343,33482000,2019-05-28,2,Electronica,592.68,1185.36
34847693,48791387,2019-05-28,2,Electronica,1331.97,2663.94
19048159,42402929,2019-05-28,3,Ropa,136.86,410.58000000000004
1442177,6969538,2019-05-28,2,Electronica,347.84,695.68
27527764,32095571,2019-05-28,2,Electronica,513.86,1027.72
2612250,41655152,2019-05-28,2,Deportes,319.39,638.78
18614423,50079976,2019-05-28,2,Hogar,65.69,131.38
10103076,31144738,2019-05-28,2,Hogar,378.86,757.72
29530825,47742851,2019-05-28,2,Belleza,46.27,92.54
23149845,40276034,2019-05-28,2,Belleza,90.45,180.9
37936895,49931573,2019-05-28,2,Hogar,282.57,565.14
6076821,31299279,2019-05-28,2,Libros,20.43,40.86
13250116,2913071,2019-05-28,2,Belleza,118.44,236.88
14433107,36327772,2019-05-28,2,Electronica,1225.85,2451.7
41825611,35802105,2019-05-28,2,Belleza,107.08,214.16
3611772,44154879,2019-05-28,3,Deportes,364.22,1092.66
25915412,33868798,2019-05-28,2,Deportes,308.3,616.6
14724192,32405499,2019-05-28,2,Hogar,465.3,930.6
15988967,43524799,2019-05-28,3,Belleza,46.04,138.12
11337214,2824725,2019-05-28,2,Deportes,90.21,180.42
40269676,3251211,2019-05-28,5,Hogar,423.22,2116.1000000000004
25768686,2901269,2019-05-28,2,Hogar,274.67,549.34
12472173,34440185,2019-05-28,2,Electronica,158.26,316.52
35703021,47958215,2019-05-28,2,Deportes,288.99,577.98
42246945,42566053,2019-05-28,3,Electronica,876.85,2630.55
828627,42033035,2019-05-28,2,Libros,58.13,116.26
12618937,38824996,2019-05-28,2,Electronica,365.38,730.76
22743130,47173126,2019-05-28,2,Electronica,1082.38,2164.76
27290724,36547394,2019-05-28,2,Libros,54.77,109.54
16653942,37557929,2019-05-28,3,Electronica,1375.69,4127.07
20674301,32140237,2019-05-28,2,Libros,19.71,39.42
17589697,329658,2019-05-28,3,Electronica,388.37,1165.1100000000001
30053442,43679582,2019-05-28,2,Hogar,65.64,131.28
21968387,36485426,2019-05-28,3,Belleza,48.77,146.31
3616248,39699087,2019-05-28,2,Electronica,133.89,267.78
21635941,4572981,2019-05-28,2,Ropa,60.69,121.38
1961181,6794059,2019-05-28,2,Deportes,223.6,447.2
17831364,2053561,2019-05-28,2,Electronica,1252.52,2505.04
21734820,51401462,2019-05-28,2,Ropa,168.22,336.44
38904948,34004660,2019-05-29,2,Libros,20.33,40.66
3914668,34925363,2019-05-28,2,Ropa,128.02,256.04
5950731,1232014,2019-05-28,2,Belleza,60.15,120.3
14416763,44534864,2019-05-27,2,Ropa,63.74,127.48
39770825,2798497,2019-05-27,2,Electronica,468.44,936.88
13473417,34325708,2019-05-27,3,Hogar,282.05,846.1500000000001
25902173,46130148,2019-05-27,2,Deportes,74.78,149.56
10198505,46259312,2019-05-27,2,Libros,33.07,66.14
10954695,41003859,2019-05-27,2,Hogar,96.46,192.92
965460,40078597,2019-05-28,2,Electronica,977.39,1954.78
6059840,47571181,2019-05-28,2,Belleza,74.18,148.36
3960770,6624405,2019-05-28,2,Ropa,16.56,33.12
10559451,35564684,2019-05-27,2,Libros,15.53,31.06
14221291,46008794,2019-05-27,2,Electronica,217.71,435.42
42608791,32056112,2019-05-27,3,Ropa,148.89,446.66999999999996
17540525,48228537,2019-05-27,2,Belleza,25.44,50.88
35169304,37629370,2019-05-27,2,Electronica,1497.33,2994.66
17608131,36867303,2019-05-27,2,Deportes,333.0,666.0
34535154,32689066,2019-05-27,2,Deportes,150.66,301.32
15185649,39349822,2019-05-27,2,Electronica,668.0,1336.0
5882647,48410272,2019-05-27,2,Ropa,59.25,118.5
42401544,32942278,2019-05-27,2,Ropa,155.75,311.5
18240320,31161394,2019-05-27,2,Belleza,82.94,165.88
1936064,49639487,2019-05-27,2,Hogar,199.65,399.3
41728853,33122462,2019-05-27,2,Libros,46.54,93.08
13018063,6867934,2019-05-27,3,Libros,6.01,18.03
9033189,46106064,2019-05-27,2,Libros,12.46,24.92
4846572,46660068,2019-05-27,2,Belleza,46.97,93.94
23775179,32165562,2019-05-27,4,Ropa,30.69,122.76
4846572,47498437,2019-05-27,2,Libros,50.06,100.12
15762379,2947018,2019-05-27,2,Hogar,306.55,613.1
3879458,35636018,2019-05-27,2,Deportes,39.32,78.64
41326938,35878820,2019-05-27,2,Libros,52.29,104.58
27451582,44744383,2019-05-27,2,Deportes,309.3,618.6
14821193,48764126,2019-05-27,2,Deportes,102.18,204.36
14832633,34827027,2019-05-27,3,Electronica,751.5,2254.5
1580345,38767955,2019-05-27,2,Belleza,56.96,113.92
24092109,34428916,2019-05-27,2,Hogar,366.56,733.12
4148125,40141849,2019-05-27,2,Belleza,51.17,102.34
22715425,50416149,2019-05-27,3,Electronica,97.76,293.28000000000003
3848113,5776457,2019-05-27,2,Hogar,147.76,295.52
16138603,46422689,2019-05-27,3,Hogar,241.1,723.3
27756591,46427613,2019-05-27,2,Ropa,195.15,390.3
25891814,34371264,2019-05-27,2,Belleza,106.33,212.66
32592258,32360838,2019-05-27,2,Belleza,25.86,51.72
11946820,44849427,2019-05-27,2,Ropa,147.42,294.84
1920162,4919746,2019-05-27,2,Ropa,93.21,186.42
35208169,31267177,2019-05-27,2,Libros,26.78,53.56
37983923,31170383,2019-05-27,2,Deportes,375.99,751.98
40743612,36972800,2019-05-27,2,Electronica,328.78,657.56
16593356,32385288,2019-05-27,2,Electronica,62.75,125.5
23665314,3239090,2019-05-27,2,Belleza,87.91,175.82
17550335,44597093,2019-05-27,2,Ropa,97.27,194.54
24563289,35431947,2019-05-27,2,Hogar,344.91,689.82
10082024,46369517,2019-05-27,2,Libros,38.31,76.62
855338,35627510,2019-05-27,2,Libros,33.81,67.62
34847161,50454341,2019-05-27,3,Ropa,197.09,591.27
6060037,3688317,2019-05-27,2,Libros,20.88,41.76
12490270,31992095,2019-05-27,2,Deportes,318.73,637.46
21806664,31322457,2019-05-27,2,Electronica,390.23,780.46
34774612,3712942,2019-05-27,2,Electronica,1020.22,2040.44
2839360,4730740,2019-05-28,2,Libros,28.96,57.92
20846737,6531633,2019-05-27,2,Deportes,390.64,781.28
10969410,32398214,2019-05-27,2,Libros,47.14,94.28
5631885,14269309,2019-05-27,2,Hogar,168.17,336.34
10552778,35527064,2019-05-27,2,Hogar,315.39,630.78
5908881,1263126,2019-05-27,2,Hogar,39.1,78.2
20066577,36520293,2019-05-27,2,Hogar,144.2,288.4
8705988,31884792,2019-05-27,4,Ropa,146.49,585.96
40816054,106037,2019-05-27,2,Hogar,291.5,583.0
18366078,25458659,2019-05-27,2,Electronica,1006.2,2012.4
30738231,5904360,2019-05-27,2,Hogar,242.79,485.58
36094745,6531471,2019-05-27,2,Ropa,141.27,282.54
12972213,45335219,2019-05-27,2,Hogar,208.25,416.5
18036534,33264816,2019-05-27,2,Deportes,29.94,59.88
13480685,2172871,2019-05-27,2,Deportes,187.59,375.18
14968765,5904656,2019-05-27,2,Belleza,108.74,217.48
8238919,4923446,2019-05-27,2,Deportes,92.48,184.96
28396195,46353474,2019-05-27,3,Deportes,345.51,1036.53
13866782,42164286,2019-05-27,2,Electronica,643.05,1286.1
25948069,41931632,2019-05-27,4,Electronica,82.22,328.88
12511407,7063328,2019-05-27,2,Electronica,972.65,1945.3
2351145,34764196,2019-05-27,5,Ropa,185.26,926.3
4633785,32193727,2019-05-27,2,Electronica,1290.81,2581.62
10616115,4419619,2019-05-27,2,Ropa,150.83,301.66
4650209,37758601,2019-05-27,3,Libros,58.53,175.59
27173924,36520256,2019-05-27,2,Deportes,131.81,263.62
29977023,48887309,2019-05-27,3,Electronica,741.16,2223.48
1018450,41045389,2019-05-27,2,Belleza,119.06,238.12
22921067,46799801,2019-05-27,2,Ropa,119.51,239.02
25791545,44184888,2019-05-27,2,Belleza,45.37,90.74
36631443,12591809,2019-05-27,2,Deportes,258.45,516.9
42150235,37828756,2019-05-27,3,Hogar,102.31,306.93
14143207,39118761,2019-05-27,2,Ropa,23.19,46.38
15404902,41675620,2019-05-27,2,Belleza,27.91,55.82
15195098,48801409,2019-05-27,2,Hogar,463.59,927.18
9862156,40276928,2019-05-27,2,Ropa,55.45,110.9
22441366,43382439,2019-05-27,2,Belleza,40.74,81.48
25105423,42588784,2019-05-27,5,Belleza,67.53,337.65
30677632,48237653,2019-05-27,2,Libros,54.48,108.96
1695134,26038359,2019-05-27,2,Belleza,50.81,101.62
14215352,35136977,2019-05-27,3,Ropa,158.48,475.43999999999994
17646978,51007010,2019-05-27,2,Ropa,18.32,36.64
14496193,42238923,2019-05-27,3,Electronica,1054.89,3164.67
12260079,39218101,2019-05-27,2,Deportes,211.54,423.08
12124578,38893096,2019-05-27,2,Electronica,725.63,1451.26
18897493,33453530,2019-05-27,2,Belleza,59.69,119.38
24713850,46164308,2019-05-27,2,Belleza,84.53,169.06
14849245,6531626,2019-05-27,2,Ropa,47.28,94.56
18878598,32040148,2019-05-27,2,Ropa,196.48,392.96
9796555,47354509,2019-05-27,3,Deportes,265.22,795.6600000000001
15555923,24754259,2019-05-27,2,Ropa,79.47,158.94
42470642,41688490,2019-05-27,2,Hogar,306.1,612.2
42555676,32699421,2019-05-27,5,Deportes,133.66,668.3
13338554,4366812,2019-05-27,2,Hogar,119.99,239.98
1612005,42237841,2019-05-27,2,Libros,39.86,79.72
15827738,6797963,2019-05-27,2,Hogar,28.69,57.38
38322444,4335490,2019-05-27,2,Hogar,180.47,360.94
37599071,106072,2019-05-27,2,Deportes,304.06,608.12
1586207,38828712,2019-05-27,2,Belleza,97.92,195.84
3795116,45598895,2019-05-27,2,Hogar,137.67,275.34
6105260,47026154,2019-05-27,2,Belleza,24.01,48.02
4877291,44744331,2019-05-27,2,Libros,34.67,69.34
17477779,44691771,2019-05-27,2,Ropa,110.41,220.82
21432740,4580936,2019-05-27,2,Hogar,219.41,438.82
27841975,104326,2019-05-27,2,Libros,17.56,35.12
23170687,31516269,2019-05-27,2,Deportes,127.66,255.32
34814096,35832036,2019-05-27,2,Deportes,287.23,574.46
7295941,46237941,2019-05-27,2,Ropa,57.95,115.9
11535756,3968630,2019-05-27,2,Libros,55.11,110.22
10292143,32020124,2019-05-27,2,Hogar,271.32,542.64
21037642,35049437,2019-05-27,2,Ropa,98.66,197.32
26907327,50602114,2019-05-27,2,Belleza,91.05,182.1
448901,47042201,2019-05-27,2,Belleza,105.11,210.22
3951456,48503098,2019-05-27,2,Ropa,65.24,130.48
6586134,50416317,2019-05-27,2,Ropa,163.35,326.7
42319618,50953769,2019-05-27,3,Belleza,18.07,54.21
13735618,6739977,2019-05-26,2,Ropa,155.7,311.4
8789930,49150895,2019-05-27,2,Hogar,202.67,405.34
11712370,46386350,2019-05-27,2,Deportes,158.53,317.06
41670924,3236516,2019-05-27,2,Ropa,99.3,198.6
17103113,48047797,2019-05-27,2,Hogar,95.9,191.8
42556595,5938721,2019-05-27,2,Belleza,7.14,14.28
38023168,42929860,2019-05-27,2,Electronica,1015.99,2031.98
36394798,5808197,2019-05-27,2,Belleza,72.59,145.18
25214316,2765744,2019-05-27,2,Hogar,316.88,633.76
20632871,46356302,2019-05-27,2,Deportes,116.9,233.8
10734196,46745557,2019-05-27,2,Ropa,64.25,128.5
38108047,33991739,2019-05-27,2,Electronica,722.23,1444.46
28198813,31499224,2019-05-26,2,Belleza,32.52,65.04
16395039,12591809,2019-05-26,2,Deportes,258.45,516.9
3101537,35168766,2019-05-27,2,Ropa,52.63,105.26
22749301,36404495,2019-05-27,2,Deportes,335.51,671.02
1066073,37339420,2019-05-27,2,Deportes,261.54,523.08
18990225,43813210,2019-05-27,2,Deportes,309.28,618.56
36837968,33866988,2019-05-27,2,Hogar,178.34,356.68
14817893,2505885,2019-05-27,2,Hogar,324.34,648.68
3032414,32919889,2019-05-27,2,Electronica,856.01,1712.02
12820221,39881042,2019-05-27,2,Electronica,1250.82,2501.64
1142422,35429262,2019-05-27,2,Libros,53.89,107.78
27106295,1069187,2019-05-27,2,Ropa,11.1,22.2
18678994,5214872,2019-05-26,2,Belleza,98.55,197.1
34572107,6010743,2019-05-26,3,Hogar,184.94,554.8199999999999
4076869,713804,2019-05-26,2,Belleza,87.61,175.22
14434848,42307103,2019-05-26,2,Libros,25.43,50.86
12959845,38540511,2019-05-26,3,Libros,38.34,115.02000000000001
40694218,34212432,2019-05-27,2,Deportes,265.78,531.56
11063503,32591693,2019-05-27,2,Ropa,86.95,173.9
11361297,31716946,2019-05-27,2,Electronica,793.54,1587.08
14904145,34764196,2019-05-27,2,Ropa,185.26,370.52
30159294,40570013,2019-05-27,2,Deportes,164.07,328.14
23813544,49841618,2019-05-27,2,Belleza,88.53,177.06
18338640,46658337,2019-05-26,2,Ropa,100.5,201.0
1675540,44490777,2019-05-26,2,Electronica,70.27,140.54
42514496,5904669,2019-05-26,2,Belleza,6.48,12.96
14580591,36684101,2019-05-26,2,Electronica,345.15,690.3
28411144,50331038,2019-05-26,2,Ropa,135.65,271.3
25168874,32370205,2019-05-26,2,Hogar,425.91,851.82
14753728,34937242,2019-05-26,2,Belleza,95.31,190.62
21438317,46470719,2019-05-27,2,Ropa,68.98,137.96
9425890,35329910,2019-05-26,3,Libros,30.91,92.73
27163087,37574683,2019-05-26,2,Electronica,389.53,779.06
34420558,2947819,2019-05-26,2,Ropa,197.94,395.88
3519212,6531571,2019-05-26,2,Hogar,141.35,282.7
32555744,40967282,2019-05-26,2,Belleza,52.87,105.74
40230803,38401352,2019-05-26,2,Belleza,83.33,166.66
40419438,4469429,2019-05-27,2,Belleza,105.74,211.48
11737579,46626448,2019-05-27,2,Electronica,1208.41,2416.82
14453758,6904337,2019-05-27,2,Deportes,388.62,777.24
11588379,40193624,2019-05-27,2,Hogar,39.97,79.94
25555802,45795649,2019-05-26,2,Electronica,486.48,972.96
27362757,42715690,2019-05-26,3,Belleza,70.43,211.29000000000002
10730798,37119528,2019-05-26,3,Electronica,946.55,2839.6499999999996
15037460,32221256,2019-05-26,2,Ropa,23.31,46.62
36454092,35358343,2019-05-26,2,Libros,41.52,83.04
6829708,34748161,2019-05-26,2,Libros,34.04,68.08
24996804,40066398,2019-05-26,2,Electronica,1250.06,2500.12
9649763,3777199,2019-05-26,2,Libros,46.32,92.64
20042089,48493829,2019-05-26,2,Electronica,372.17,744.34
5715175,36979505,2019-05-26,2,Libros,15.73,31.46
10862459,48479902,2019-05-26,4,Belleza,96.23,384.92
16620611,45733109,2019-05-26,2,Deportes,287.47,574.94
11524140,32448268,2019-05-26,2,Electronica,345.9,691.8
14043510,50416733,2019-05-26,2,Ropa,159.98,319.96
10905712,32193653,2019-05-26,2,Deportes,320.84,641.68
1584638,47766565,2019-05-26,2,Hogar,394.24,788.48
11193250,49512658,2019-05-26,2,Libros,10.72,21.44
31825528,46283258,2019-05-26,2,Electronica,778.13,1556.26
24249270,43263796,2019-05-26,2,Libros,20.32,40.64
22428568,34451963,2019-05-26,2,Hogar,141.14,282.28
11542303,47733401,2019-05-26,2,Deportes,375.14,750.28
13986549,37519932,2019-05-26,3,Ropa,102.62,307.86
20053366,48191554,2019-05-26,4,Belleza,17.77,71.08
17772500,46104469,2019-05-26,2,Ropa,40.47,80.94
11270669,5045444,2019-05-26,2,Belleza,38.3,76.6
24767994,47780959,2019-05-26,2,Ropa,175.66,351.32
814911,45998215,2019-05-27,2,Ropa,170.94,341.88
7528369,40271466,2019-05-27,2,Deportes,362.13,724.26
12337035,35174122,2019-05-27,2,Hogar,203.44,406.88
21141233,42486180,2019-05-27,2,Ropa,131.85,263.7
10493536,40569657,2019-05-27,2,Hogar,149.91,299.82
18181568,46420695,2019-05-26,2,Electronica,312.2,624.4
25257194,46026960,2019-05-26,2,Belleza,7.52,15.04
27188252,35274574,2019-05-26,4,Deportes,104.91,419.64
23093482,38632058,2019-05-26,3,Belleza,74.5,223.5
16941817,6977819,2019-05-26,2,Ropa,25.22,50.44
8387908,5476665,2019-05-26,2,Electronica,222.31,444.62
9683228,46466724,2019-05-26,2,Deportes,363.6,727.2
15570161,32242160,2019-05-26,3,Deportes,140.9,422.70000000000005
28490071,743447,2019-05-26,3,Electronica,243.46,730.38
10754980,6391369,2019-05-26,2,Belleza,110.57,221.14
3871122,35546160,2019-05-26,2,Electronica,550.81,1101.62
4322707,2505299,2019-05-26,2,Deportes,182.19,364.38
6663580,44822873,2019-05-26,2,Ropa,79.35,158.7
3339421,34350036,2019-05-26,2,Belleza,51.99,103.98
27258415,2581204,2019-05-26,2,Ropa,197.35,394.7
16200345,47045098,2019-05-26,2,Electronica,425.83,851.66
18215871,31249293,2019-05-26,2,Electronica,256.71,513.42
16409604,37780851,2019-05-26,2,Libros,43.42,86.84
1591519,39637259,2019-05-26,2,Belleza,92.19,184.38
1544813,35298459,2019-05-26,2,Belleza,99.66,199.32
32354478,41687891,2019-05-26,3,Belleza,44.25,132.75
1942869,6508426,2019-05-26,3,Hogar,385.84,1157.52
41801384,32657037,2019-05-26,4,Electronica,974.63,3898.52
27410117,40160594,2019-05-26,3,Electronica,1438.98,4316.9400000000005
14423874,34277937,2019-05-26,2,Deportes,116.7,233.4
10511529,6192154,2019-05-26,2,Belleza,53.85,107.7
42160665,4231184,2019-05-26,2,Ropa,198.54,397.08
16470889,48559699,2019-05-26,2,Belleza,90.15,180.3
6530468,49016514,2019-05-26,2,Hogar,391.49,782.98
26017064,32604348,2019-05-26,2,Deportes,29.77,59.54
42451678,46411638,2019-05-26,2,Hogar,256.24,512.48
12059341,112054,2019-05-26,2,Ropa,110.38,220.76
301995,36803911,2019-05-26,2,Belleza,9.67,19.34
10606855,50602118,2019-05-26,2,Deportes,307.31,614.62
730901,48976552,2019-05-26,2,Electronica,502.59,1005.18
24001086,37238925,2019-05-26,2,Libros,57.56,115.12
32246880,31243569,2019-05-26,2,Belleza,31.96,63.92
5191799,6782021,2019-05-26,2,Belleza,54.0,108.0
14985306,32360786,2019-05-26,2,Ropa,45.47,90.94
317694,40803916,2019-05-26,2,Electronica,794.34,1588.68
10421405,49891654,2019-05-26,2,Hogar,31.38,62.76
7070617,31843261,2019-05-26,3,Electronica,1488.58,4465.74
7689478,3735903,2019-05-26,2,Hogar,318.1,636.2
20069676,75824,2019-05-26,3,Deportes,216.08,648.24
18327857,36945937,2019-05-26,2,Deportes,245.82,491.64
20602191,46303397,2019-05-26,2,Belleza,46.13,92.26
13441349,42568651,2019-05-26,2,Hogar,384.85,769.7
35754507,3632762,2019-05-26,2,Deportes,46.64,93.28
26645009,38845053,2019-05-26,2,Libros,12.46,24.92
9452702,43162327,2019-05-26,2,Libros,53.3,106.6
12707370,2585334,2019-05-26,2,Ropa,26.67,53.34
26379203,46476033,2019-05-26,2,Ropa,191.53,383.06
3309103,35832371,2019-05-26,3,Deportes,20.47,61.41
2719296,37044624,2019-05-26,2,Hogar,423.72,847.44
3508128,3671339,2019-05-26,2,Ropa,163.16,326.32
9683428,9076610,2019-05-26,3,Belleza,118.98,356.94
6717031,34759915,2019-05-26,2,Belleza,63.2,126.4
39917958,41048976,2019-05-26,2,Electronica,719.04,1438.08
26612664,50996664,2019-05-26,2,Belleza,32.45,64.9
21080482,31623598,2019-05-26,2,Belleza,56.44,112.88
12747124,4387006,2019-05-26,2,Hogar,166.56,333.12
3434443,32926041,2019-05-26,2,Hogar,475.96,951.92
2925098,46084608,2019-05-26,2,Deportes,100.1,200.2
11040084,7081379,2019-05-26,2,Hogar,101.84,203.68
12888384,5213523,2019-05-26,2,Electronica,400.75,801.5
2468899,31298095,2019-05-26,2,Libros,49.53,99.06
12066558,44295837,2019-05-26,2,Deportes,36.54,73.08
8336862,50977318,2019-05-26,2,Hogar,282.64,565.28
9500785,43862061,2019-05-26,2,Ropa,186.76,373.52
22787344,6041664,2019-05-26,2,Belleza,71.0,142.0
8221263,3597369,2019-05-26,2,Deportes,112.52,225.04
4912577,46646893,2019-05-26,2,Libros,29.22,58.44
